============================================================
  Generated by:           Genus(TM) Synthesis Solution 23.10-p004_1
  Generated on:           Oct 08 2026  09:33:03 pm
  Module:                 fir_serial
  Operating conditions:   PVT_0P9V_125C 
  Interconnect mode:      global
  Area mode:              physical library
============================================================


Path 1: VIOLATED (-104 ps) Setup Check with Pin data_out_reg_reg[14]/clk->d
          Group: clock
     Startpoint: (R) shift_reg_reg[4][2]/clk
          Clock: (R) clock
       Endpoint: (R) data_out_reg_reg[14]/d
          Clock: (R) clock

                     Capture       Launch     
        Clock Edge:+    1800            0     
       Src Latency:+       0            0     
       Net Latency:+       0 (I)        0 (I) 
           Arrival:=    1800            0     
                                              
             Setup:-      69                  
     Required Time:=    1731                  
      Launch Clock:-       0                  
         Data Path:-    1834                  
             Slack:=    -104                  

#-----------------------------------------------------------------------------------------------------------------------
#            Timing Point              Flags    Arc    Edge       Cell         Fanout Load Trans Delay Arrival Instance 
#                                                                                     (fF)  (ps)  (ps)   (ps)  Location 
#-----------------------------------------------------------------------------------------------------------------------
  shift_reg_reg[4][2]/clk              -       -       R     (arrival)             80    -     0     0       0    (-,-) 
  shift_reg_reg[4][2]/q                (u)     clk->q  R     unmapped_d_flop        9  4.5     0   231     231    (-,-) 
  csa_tree_ADD_TC_OP_13_groupi/g1799/z (u)     in_0->z R     unmapped_complex2      1  0.5     0    52     283    (-,-) 
  csa_tree_ADD_TC_OP_13_groupi/g3262/z (u)     in_0->z F     unmapped_nand2         1  0.5     0    52     336    (-,-) 
  csa_tree_ADD_TC_OP_13_groupi/g3108/z (u)     in_0->z R     unmapped_nand2         3  1.5     0    63     398    (-,-) 
  csa_tree_ADD_TC_OP_13_groupi/g3062/z (u)     in_0->z F     unmapped_complex2      1  0.5     0    52     451    (-,-) 
  csa_tree_ADD_TC_OP_13_groupi/g3063/z (u)     in_1->z R     unmapped_nand2         2  1.0     0    58     509    (-,-) 
  csa_tree_ADD_TC_OP_13_groupi/g2929/z (u)     in_0->z R     unmapped_complex2      1  0.5     0    52     561    (-,-) 
  csa_tree_ADD_TC_OP_13_groupi/g2930/z (u)     in_1->z F     unmapped_nand2         4  2.0     0    68     629    (-,-) 
  csa_tree_ADD_TC_OP_13_groupi/g2841/z (u)     in_1->z R     unmapped_complex2      1  0.5     0    52     681    (-,-) 
  csa_tree_ADD_TC_OP_13_groupi/g2842/z (u)     in_1->z F     unmapped_nand2         2  1.0     0    58     739    (-,-) 
  csa_tree_ADD_TC_OP_13_groupi/g2755/z (u)     in_0->z F     unmapped_complex2      1  0.5     0    52     791    (-,-) 
  csa_tree_ADD_TC_OP_13_groupi/g2756/z (u)     in_1->z R     unmapped_nand2         3  1.5     0    63     854    (-,-) 
  csa_tree_ADD_TC_OP_13_groupi/g2702/z (u)     in_0->z F     unmapped_complex2      1  0.5     0    52     906    (-,-) 
  csa_tree_ADD_TC_OP_13_groupi/g2703/z (u)     in_1->z R     unmapped_nand2         2  1.0     0    58     965    (-,-) 
  csa_tree_ADD_TC_OP_13_groupi/g2654/z (u)     in_0->z R     unmapped_complex2      1  0.5     0    52    1017    (-,-) 
  csa_tree_ADD_TC_OP_13_groupi/g2655/z (u)     in_1->z F     unmapped_nand2         2  1.0     0    58    1075    (-,-) 
  csa_tree_ADD_TC_OP_13_groupi/g1801/z (u)     in_0->z F     unmapped_or2           2  1.0     0    58    1133    (-,-) 
  csa_tree_ADD_TC_OP_13_groupi/g2587/z (u)     in_0->z R     unmapped_nand2         1  0.5     0    52    1186    (-,-) 
  csa_tree_ADD_TC_OP_13_groupi/g2572/z (u)     in_0->z F     unmapped_nand2         3  1.5     0    63    1248    (-,-) 
  csa_tree_ADD_TC_OP_13_groupi/g2555/z (u)     in_1->z R     unmapped_nand2         2  1.0     0    58    1307    (-,-) 
  csa_tree_ADD_TC_OP_13_groupi/g2532/z (u)     in_1->z F     unmapped_nand2         3  1.5     0    63    1370    (-,-) 
  csa_tree_ADD_TC_OP_13_groupi/g2524/z (u)     in_0->z R     unmapped_nand2         1  0.5     0    52    1422    (-,-) 
  csa_tree_ADD_TC_OP_13_groupi/g2516/z (u)     in_0->z F     unmapped_nand2         5  2.5     0    72    1494    (-,-) 
  csa_tree_ADD_TC_OP_13_groupi/g2492/z (u)     in_1->z R     unmapped_complex2      1  0.5     0    52    1546    (-,-) 
  csa_tree_ADD_TC_OP_13_groupi/g2490/z (u)     in_0->z F     unmapped_complex2      4  2.0     0    68    1614    (-,-) 
  csa_tree_ADD_TC_OP_13_groupi/g2483/z (u)     in_0->z R     unmapped_complex2      2  1.0     0    58    1672    (-,-) 
  csa_tree_ADD_TC_OP_13_groupi/g2480/z (u)     in_0->z F     unmapped_complex2      2  1.0     0    58    1730    (-,-) 
  csa_tree_ADD_TC_OP_13_groupi/g2476/z (u)     in_0->z F     unmapped_or2           1  0.5     0    52    1782    (-,-) 
  csa_tree_ADD_TC_OP_13_groupi/g2477/z (u)     in_1->z R     unmapped_nand2         1  0.5     0    52    1834    (-,-) 
  data_out_reg_reg[14]/d               -       -       R     unmapped_d_flop        1    -     -     0    1834    (-,-) 
#-----------------------------------------------------------------------------------------------------------------------

(u) : Net has unmapped pin(s).



Path 2: VIOLATED (-98 ps) Setup Check with Pin data_out_reg_reg[13]/clk->d
          Group: clock
     Startpoint: (R) shift_reg_reg[4][2]/clk
          Clock: (R) clock
       Endpoint: (R) data_out_reg_reg[13]/d
          Clock: (R) clock

                     Capture       Launch     
        Clock Edge:+    1800            0     
       Src Latency:+       0            0     
       Net Latency:+       0 (I)        0 (I) 
           Arrival:=    1800            0     
                                              
             Setup:-      69                  
     Required Time:=    1731                  
      Launch Clock:-       0                  
         Data Path:-    1828                  
             Slack:=     -98                  

#-----------------------------------------------------------------------------------------------------------------------
#            Timing Point              Flags    Arc    Edge       Cell         Fanout Load Trans Delay Arrival Instance 
#                                                                                     (fF)  (ps)  (ps)   (ps)  Location 
#-----------------------------------------------------------------------------------------------------------------------
  shift_reg_reg[4][2]/clk              -       -       R     (arrival)             80    -     0     0       0    (-,-) 
  shift_reg_reg[4][2]/q                (u)     clk->q  R     unmapped_d_flop        9  4.5     0   231     231    (-,-) 
  csa_tree_ADD_TC_OP_13_groupi/g1799/z (u)     in_0->z R     unmapped_complex2      1  0.5     0    52     283    (-,-) 
  csa_tree_ADD_TC_OP_13_groupi/g3262/z (u)     in_0->z F     unmapped_nand2         1  0.5     0    52     336    (-,-) 
  csa_tree_ADD_TC_OP_13_groupi/g3108/z (u)     in_0->z R     unmapped_nand2         3  1.5     0    63     398    (-,-) 
  csa_tree_ADD_TC_OP_13_groupi/g3062/z (u)     in_0->z F     unmapped_complex2      1  0.5     0    52     451    (-,-) 
  csa_tree_ADD_TC_OP_13_groupi/g3063/z (u)     in_1->z R     unmapped_nand2         2  1.0     0    58     509    (-,-) 
  csa_tree_ADD_TC_OP_13_groupi/g2929/z (u)     in_0->z R     unmapped_complex2      1  0.5     0    52     561    (-,-) 
  csa_tree_ADD_TC_OP_13_groupi/g2930/z (u)     in_1->z F     unmapped_nand2         4  2.0     0    68     629    (-,-) 
  csa_tree_ADD_TC_OP_13_groupi/g2841/z (u)     in_1->z R     unmapped_complex2      1  0.5     0    52     681    (-,-) 
  csa_tree_ADD_TC_OP_13_groupi/g2842/z (u)     in_1->z F     unmapped_nand2         2  1.0     0    58     739    (-,-) 
  csa_tree_ADD_TC_OP_13_groupi/g2755/z (u)     in_0->z F     unmapped_complex2      1  0.5     0    52     791    (-,-) 
  csa_tree_ADD_TC_OP_13_groupi/g2756/z (u)     in_1->z R     unmapped_nand2         3  1.5     0    63     854    (-,-) 
  csa_tree_ADD_TC_OP_13_groupi/g2702/z (u)     in_0->z F     unmapped_complex2      1  0.5     0    52     906    (-,-) 
  csa_tree_ADD_TC_OP_13_groupi/g2703/z (u)     in_1->z R     unmapped_nand2         2  1.0     0    58     965    (-,-) 
  csa_tree_ADD_TC_OP_13_groupi/g2654/z (u)     in_0->z R     unmapped_complex2      1  0.5     0    52    1017    (-,-) 
  csa_tree_ADD_TC_OP_13_groupi/g2655/z (u)     in_1->z F     unmapped_nand2         2  1.0     0    58    1075    (-,-) 
  csa_tree_ADD_TC_OP_13_groupi/g1801/z (u)     in_0->z F     unmapped_or2           2  1.0     0    58    1133    (-,-) 
  csa_tree_ADD_TC_OP_13_groupi/g2587/z (u)     in_0->z R     unmapped_nand2         1  0.5     0    52    1186    (-,-) 
  csa_tree_ADD_TC_OP_13_groupi/g2572/z (u)     in_0->z F     unmapped_nand2         3  1.5     0    63    1248    (-,-) 
  csa_tree_ADD_TC_OP_13_groupi/g2555/z (u)     in_1->z R     unmapped_nand2         2  1.0     0    58    1307    (-,-) 
  csa_tree_ADD_TC_OP_13_groupi/g2532/z (u)     in_1->z F     unmapped_nand2         3  1.5     0    63    1370    (-,-) 
  csa_tree_ADD_TC_OP_13_groupi/g2524/z (u)     in_0->z R     unmapped_nand2         1  0.5     0    52    1422    (-,-) 
  csa_tree_ADD_TC_OP_13_groupi/g2516/z (u)     in_0->z F     unmapped_nand2         5  2.5     0    72    1494    (-,-) 
  csa_tree_ADD_TC_OP_13_groupi/g2492/z (u)     in_1->z R     unmapped_complex2      1  0.5     0    52    1546    (-,-) 
  csa_tree_ADD_TC_OP_13_groupi/g2490/z (u)     in_0->z F     unmapped_complex2      4  2.0     0    68    1614    (-,-) 
  csa_tree_ADD_TC_OP_13_groupi/g2482/z (u)     in_1->z R     unmapped_nand2         1  0.5     0    52    1666    (-,-) 
  csa_tree_ADD_TC_OP_13_groupi/g2481/z (u)     in_1->z F     unmapped_nand2         2  1.0     0    58    1724    (-,-) 
  csa_tree_ADD_TC_OP_13_groupi/g2473/z (u)     in_0->z F     unmapped_or2           1  0.5     0    52    1776    (-,-) 
  csa_tree_ADD_TC_OP_13_groupi/g2474/z (u)     in_1->z R     unmapped_nand2         1  0.5     0    52    1828    (-,-) 
  data_out_reg_reg[13]/d               -       -       R     unmapped_d_flop        1    -     -     0    1828    (-,-) 
#-----------------------------------------------------------------------------------------------------------------------

(u) : Net has unmapped pin(s).



Path 3: VIOLATED (-93 ps) Setup Check with Pin data_out_reg_reg[11]/clk->d
          Group: clock
     Startpoint: (R) shift_reg_reg[4][2]/clk
          Clock: (R) clock
       Endpoint: (R) data_out_reg_reg[11]/d
          Clock: (R) clock

                     Capture       Launch     
        Clock Edge:+    1800            0     
       Src Latency:+       0            0     
       Net Latency:+       0 (I)        0 (I) 
           Arrival:=    1800            0     
                                              
             Setup:-      69                  
     Required Time:=    1731                  
      Launch Clock:-       0                  
         Data Path:-    1824                  
             Slack:=     -93                  

#-----------------------------------------------------------------------------------------------------------------------
#            Timing Point              Flags    Arc    Edge       Cell         Fanout Load Trans Delay Arrival Instance 
#                                                                                     (fF)  (ps)  (ps)   (ps)  Location 
#-----------------------------------------------------------------------------------------------------------------------
  shift_reg_reg[4][2]/clk              -       -       R     (arrival)             80    -     0     0       0    (-,-) 
  shift_reg_reg[4][2]/q                (u)     clk->q  R     unmapped_d_flop        9  4.5     0   231     231    (-,-) 
  csa_tree_ADD_TC_OP_13_groupi/g1799/z (u)     in_0->z R     unmapped_complex2      1  0.5     0    52     283    (-,-) 
  csa_tree_ADD_TC_OP_13_groupi/g3262/z (u)     in_0->z F     unmapped_nand2         1  0.5     0    52     336    (-,-) 
  csa_tree_ADD_TC_OP_13_groupi/g3108/z (u)     in_0->z R     unmapped_nand2         3  1.5     0    63     398    (-,-) 
  csa_tree_ADD_TC_OP_13_groupi/g3062/z (u)     in_0->z F     unmapped_complex2      1  0.5     0    52     451    (-,-) 
  csa_tree_ADD_TC_OP_13_groupi/g3063/z (u)     in_1->z R     unmapped_nand2         2  1.0     0    58     509    (-,-) 
  csa_tree_ADD_TC_OP_13_groupi/g2929/z (u)     in_0->z R     unmapped_complex2      1  0.5     0    52     561    (-,-) 
  csa_tree_ADD_TC_OP_13_groupi/g2930/z (u)     in_1->z F     unmapped_nand2         4  2.0     0    68     629    (-,-) 
  csa_tree_ADD_TC_OP_13_groupi/g2841/z (u)     in_1->z R     unmapped_complex2      1  0.5     0    52     681    (-,-) 
  csa_tree_ADD_TC_OP_13_groupi/g2842/z (u)     in_1->z F     unmapped_nand2         2  1.0     0    58     739    (-,-) 
  csa_tree_ADD_TC_OP_13_groupi/g2755/z (u)     in_0->z F     unmapped_complex2      1  0.5     0    52     791    (-,-) 
  csa_tree_ADD_TC_OP_13_groupi/g2756/z (u)     in_1->z R     unmapped_nand2         3  1.5     0    63     854    (-,-) 
  csa_tree_ADD_TC_OP_13_groupi/g2702/z (u)     in_0->z F     unmapped_complex2      1  0.5     0    52     906    (-,-) 
  csa_tree_ADD_TC_OP_13_groupi/g2703/z (u)     in_1->z R     unmapped_nand2         2  1.0     0    58     965    (-,-) 
  csa_tree_ADD_TC_OP_13_groupi/g2654/z (u)     in_0->z R     unmapped_complex2      1  0.5     0    52    1017    (-,-) 
  csa_tree_ADD_TC_OP_13_groupi/g2655/z (u)     in_1->z F     unmapped_nand2         2  1.0     0    58    1075    (-,-) 
  csa_tree_ADD_TC_OP_13_groupi/g1801/z (u)     in_0->z F     unmapped_or2           2  1.0     0    58    1133    (-,-) 
  csa_tree_ADD_TC_OP_13_groupi/g2587/z (u)     in_0->z R     unmapped_nand2         1  0.5     0    52    1186    (-,-) 
  csa_tree_ADD_TC_OP_13_groupi/g2572/z (u)     in_0->z F     unmapped_nand2         3  1.5     0    63    1248    (-,-) 
  csa_tree_ADD_TC_OP_13_groupi/g2555/z (u)     in_1->z R     unmapped_nand2         2  1.0     0    58    1307    (-,-) 
  csa_tree_ADD_TC_OP_13_groupi/g2532/z (u)     in_1->z F     unmapped_nand2         3  1.5     0    63    1370    (-,-) 
  csa_tree_ADD_TC_OP_13_groupi/g2524/z (u)     in_0->z R     unmapped_nand2         1  0.5     0    52    1422    (-,-) 
  csa_tree_ADD_TC_OP_13_groupi/g2516/z (u)     in_0->z F     unmapped_nand2         5  2.5     0    72    1494    (-,-) 
  csa_tree_ADD_TC_OP_13_groupi/g2510/z (u)     in_0->z R     unmapped_complex2      1  0.5     0    52    1546    (-,-) 
  csa_tree_ADD_TC_OP_13_groupi/g2504/z (u)     in_1->z F     unmapped_nand2         3  1.5     0    63    1609    (-,-) 
  csa_tree_ADD_TC_OP_13_groupi/g2500/z (u)     in_1->z R     unmapped_nand2         1  0.5     0    52    1661    (-,-) 
  csa_tree_ADD_TC_OP_13_groupi/g2491/z (u)     in_1->z F     unmapped_nand2         2  1.0     0    58    1720    (-,-) 
  csa_tree_ADD_TC_OP_13_groupi/g2485/z (u)     in_0->z F     unmapped_or2           1  0.5     0    52    1772    (-,-) 
  csa_tree_ADD_TC_OP_13_groupi/g2486/z (u)     in_1->z R     unmapped_nand2         1  0.5     0    52    1824    (-,-) 
  data_out_reg_reg[11]/d               -       -       R     unmapped_d_flop        1    -     -     0    1824    (-,-) 
#-----------------------------------------------------------------------------------------------------------------------

(u) : Net has unmapped pin(s).



Path 4: VIOLATED (-46 ps) Setup Check with Pin data_out_reg_reg[15]/clk->d
          Group: clock
     Startpoint: (R) shift_reg_reg[4][2]/clk
          Clock: (R) clock
       Endpoint: (R) data_out_reg_reg[15]/d
          Clock: (R) clock

                     Capture       Launch     
        Clock Edge:+    1800            0     
       Src Latency:+       0            0     
       Net Latency:+       0 (I)        0 (I) 
           Arrival:=    1800            0     
                                              
             Setup:-      69                  
     Required Time:=    1731                  
      Launch Clock:-       0                  
         Data Path:-    1776                  
             Slack:=     -46                  

#-----------------------------------------------------------------------------------------------------------------------
#            Timing Point              Flags    Arc    Edge       Cell         Fanout Load Trans Delay Arrival Instance 
#                                                                                     (fF)  (ps)  (ps)   (ps)  Location 
#-----------------------------------------------------------------------------------------------------------------------
  shift_reg_reg[4][2]/clk              -       -       R     (arrival)             80    -     0     0       0    (-,-) 
  shift_reg_reg[4][2]/q                (u)     clk->q  R     unmapped_d_flop        9  4.5     0   231     231    (-,-) 
  csa_tree_ADD_TC_OP_13_groupi/g1799/z (u)     in_0->z R     unmapped_complex2      1  0.5     0    52     283    (-,-) 
  csa_tree_ADD_TC_OP_13_groupi/g3262/z (u)     in_0->z F     unmapped_nand2         1  0.5     0    52     336    (-,-) 
  csa_tree_ADD_TC_OP_13_groupi/g3108/z (u)     in_0->z R     unmapped_nand2         3  1.5     0    63     398    (-,-) 
  csa_tree_ADD_TC_OP_13_groupi/g3062/z (u)     in_0->z F     unmapped_complex2      1  0.5     0    52     451    (-,-) 
  csa_tree_ADD_TC_OP_13_groupi/g3063/z (u)     in_1->z R     unmapped_nand2         2  1.0     0    58     509    (-,-) 
  csa_tree_ADD_TC_OP_13_groupi/g2929/z (u)     in_0->z R     unmapped_complex2      1  0.5     0    52     561    (-,-) 
  csa_tree_ADD_TC_OP_13_groupi/g2930/z (u)     in_1->z F     unmapped_nand2         4  2.0     0    68     629    (-,-) 
  csa_tree_ADD_TC_OP_13_groupi/g2841/z (u)     in_1->z R     unmapped_complex2      1  0.5     0    52     681    (-,-) 
  csa_tree_ADD_TC_OP_13_groupi/g2842/z (u)     in_1->z F     unmapped_nand2         2  1.0     0    58     739    (-,-) 
  csa_tree_ADD_TC_OP_13_groupi/g2755/z (u)     in_0->z F     unmapped_complex2      1  0.5     0    52     791    (-,-) 
  csa_tree_ADD_TC_OP_13_groupi/g2756/z (u)     in_1->z R     unmapped_nand2         3  1.5     0    63     854    (-,-) 
  csa_tree_ADD_TC_OP_13_groupi/g2702/z (u)     in_0->z F     unmapped_complex2      1  0.5     0    52     906    (-,-) 
  csa_tree_ADD_TC_OP_13_groupi/g2703/z (u)     in_1->z R     unmapped_nand2         2  1.0     0    58     965    (-,-) 
  csa_tree_ADD_TC_OP_13_groupi/g2654/z (u)     in_0->z R     unmapped_complex2      1  0.5     0    52    1017    (-,-) 
  csa_tree_ADD_TC_OP_13_groupi/g2655/z (u)     in_1->z F     unmapped_nand2         2  1.0     0    58    1075    (-,-) 
  csa_tree_ADD_TC_OP_13_groupi/g1801/z (u)     in_0->z F     unmapped_or2           2  1.0     0    58    1133    (-,-) 
  csa_tree_ADD_TC_OP_13_groupi/g2587/z (u)     in_0->z R     unmapped_nand2         1  0.5     0    52    1186    (-,-) 
  csa_tree_ADD_TC_OP_13_groupi/g2572/z (u)     in_0->z F     unmapped_nand2         3  1.5     0    63    1248    (-,-) 
  csa_tree_ADD_TC_OP_13_groupi/g2555/z (u)     in_1->z R     unmapped_nand2         2  1.0     0    58    1307    (-,-) 
  csa_tree_ADD_TC_OP_13_groupi/g2532/z (u)     in_1->z F     unmapped_nand2         3  1.5     0    63    1370    (-,-) 
  csa_tree_ADD_TC_OP_13_groupi/g2524/z (u)     in_0->z R     unmapped_nand2         1  0.5     0    52    1422    (-,-) 
  csa_tree_ADD_TC_OP_13_groupi/g2516/z (u)     in_0->z F     unmapped_nand2         5  2.5     0    72    1494    (-,-) 
  csa_tree_ADD_TC_OP_13_groupi/g2492/z (u)     in_1->z R     unmapped_complex2      1  0.5     0    52    1546    (-,-) 
  csa_tree_ADD_TC_OP_13_groupi/g2490/z (u)     in_0->z F     unmapped_complex2      4  2.0     0    68    1614    (-,-) 
  csa_tree_ADD_TC_OP_13_groupi/g2483/z (u)     in_0->z R     unmapped_complex2      2  1.0     0    58    1672    (-,-) 
  csa_tree_ADD_TC_OP_13_groupi/g2479/z (u)     in_0->z F     unmapped_complex2      1  0.5     0    52    1724    (-,-) 
  csa_tree_ADD_TC_OP_13_groupi/g2478/z (u)     in_1->z R     unmapped_nand2         1  0.5     0    52    1776    (-,-) 
  data_out_reg_reg[15]/d               -       -       R     unmapped_d_flop        1    -     -     0    1776    (-,-) 
#-----------------------------------------------------------------------------------------------------------------------

(u) : Net has unmapped pin(s).



Path 5: MET (12 ps) Setup Check with Pin data_out_reg_reg[12]/clk->d
          Group: clock
     Startpoint: (R) shift_reg_reg[4][2]/clk
          Clock: (R) clock
       Endpoint: (R) data_out_reg_reg[12]/d
          Clock: (R) clock

                     Capture       Launch     
        Clock Edge:+    1800            0     
       Src Latency:+       0            0     
       Net Latency:+       0 (I)        0 (I) 
           Arrival:=    1800            0     
                                              
             Setup:-      69                  
     Required Time:=    1731                  
      Launch Clock:-       0                  
         Data Path:-    1718                  
             Slack:=      12                  

#-----------------------------------------------------------------------------------------------------------------------
#            Timing Point              Flags    Arc    Edge       Cell         Fanout Load Trans Delay Arrival Instance 
#                                                                                     (fF)  (ps)  (ps)   (ps)  Location 
#-----------------------------------------------------------------------------------------------------------------------
  shift_reg_reg[4][2]/clk              -       -       R     (arrival)             80    -     0     0       0    (-,-) 
  shift_reg_reg[4][2]/q                (u)     clk->q  R     unmapped_d_flop        9  4.5     0   231     231    (-,-) 
  csa_tree_ADD_TC_OP_13_groupi/g1799/z (u)     in_0->z R     unmapped_complex2      1  0.5     0    52     283    (-,-) 
  csa_tree_ADD_TC_OP_13_groupi/g3262/z (u)     in_0->z F     unmapped_nand2         1  0.5     0    52     336    (-,-) 
  csa_tree_ADD_TC_OP_13_groupi/g3108/z (u)     in_0->z R     unmapped_nand2         3  1.5     0    63     398    (-,-) 
  csa_tree_ADD_TC_OP_13_groupi/g3062/z (u)     in_0->z F     unmapped_complex2      1  0.5     0    52     451    (-,-) 
  csa_tree_ADD_TC_OP_13_groupi/g3063/z (u)     in_1->z R     unmapped_nand2         2  1.0     0    58     509    (-,-) 
  csa_tree_ADD_TC_OP_13_groupi/g2929/z (u)     in_0->z R     unmapped_complex2      1  0.5     0    52     561    (-,-) 
  csa_tree_ADD_TC_OP_13_groupi/g2930/z (u)     in_1->z F     unmapped_nand2         4  2.0     0    68     629    (-,-) 
  csa_tree_ADD_TC_OP_13_groupi/g2841/z (u)     in_1->z R     unmapped_complex2      1  0.5     0    52     681    (-,-) 
  csa_tree_ADD_TC_OP_13_groupi/g2842/z (u)     in_1->z F     unmapped_nand2         2  1.0     0    58     739    (-,-) 
  csa_tree_ADD_TC_OP_13_groupi/g2755/z (u)     in_0->z F     unmapped_complex2      1  0.5     0    52     791    (-,-) 
  csa_tree_ADD_TC_OP_13_groupi/g2756/z (u)     in_1->z R     unmapped_nand2         3  1.5     0    63     854    (-,-) 
  csa_tree_ADD_TC_OP_13_groupi/g2702/z (u)     in_0->z F     unmapped_complex2      1  0.5     0    52     906    (-,-) 
  csa_tree_ADD_TC_OP_13_groupi/g2703/z (u)     in_1->z R     unmapped_nand2         2  1.0     0    58     965    (-,-) 
  csa_tree_ADD_TC_OP_13_groupi/g2654/z (u)     in_0->z R     unmapped_complex2      1  0.5     0    52    1017    (-,-) 
  csa_tree_ADD_TC_OP_13_groupi/g2655/z (u)     in_1->z F     unmapped_nand2         2  1.0     0    58    1075    (-,-) 
  csa_tree_ADD_TC_OP_13_groupi/g1801/z (u)     in_0->z F     unmapped_or2           2  1.0     0    58    1133    (-,-) 
  csa_tree_ADD_TC_OP_13_groupi/g2587/z (u)     in_0->z R     unmapped_nand2         1  0.5     0    52    1186    (-,-) 
  csa_tree_ADD_TC_OP_13_groupi/g2572/z (u)     in_0->z F     unmapped_nand2         3  1.5     0    63    1248    (-,-) 
  csa_tree_ADD_TC_OP_13_groupi/g2555/z (u)     in_1->z R     unmapped_nand2         2  1.0     0    58    1307    (-,-) 
  csa_tree_ADD_TC_OP_13_groupi/g2532/z (u)     in_1->z F     unmapped_nand2         3  1.5     0    63    1370    (-,-) 
  csa_tree_ADD_TC_OP_13_groupi/g2524/z (u)     in_0->z R     unmapped_nand2         1  0.5     0    52    1422    (-,-) 
  csa_tree_ADD_TC_OP_13_groupi/g2516/z (u)     in_0->z F     unmapped_nand2         5  2.5     0    72    1494    (-,-) 
  csa_tree_ADD_TC_OP_13_groupi/g2492/z (u)     in_1->z R     unmapped_complex2      1  0.5     0    52    1546    (-,-) 
  csa_tree_ADD_TC_OP_13_groupi/g2490/z (u)     in_0->z F     unmapped_complex2      4  2.0     0    68    1614    (-,-) 
  csa_tree_ADD_TC_OP_13_groupi/g2488/z (u)     in_0->z F     unmapped_or2           1  0.5     0    52    1666    (-,-) 
  csa_tree_ADD_TC_OP_13_groupi/g2489/z (u)     in_1->z R     unmapped_nand2         1  0.5     0    52    1718    (-,-) 
  data_out_reg_reg[12]/d               -       -       R     unmapped_d_flop        1    -     -     0    1718    (-,-) 
#-----------------------------------------------------------------------------------------------------------------------

(u) : Net has unmapped pin(s).



Path 6: MET (17 ps) Setup Check with Pin data_out_reg_reg[10]/clk->d
          Group: clock
     Startpoint: (R) shift_reg_reg[4][2]/clk
          Clock: (R) clock
       Endpoint: (R) data_out_reg_reg[10]/d
          Clock: (R) clock

                     Capture       Launch     
        Clock Edge:+    1800            0     
       Src Latency:+       0            0     
       Net Latency:+       0 (I)        0 (I) 
           Arrival:=    1800            0     
                                              
             Setup:-      69                  
     Required Time:=    1731                  
      Launch Clock:-       0                  
         Data Path:-    1714                  
             Slack:=      17                  

#-----------------------------------------------------------------------------------------------------------------------
#            Timing Point              Flags    Arc    Edge       Cell         Fanout Load Trans Delay Arrival Instance 
#                                                                                     (fF)  (ps)  (ps)   (ps)  Location 
#-----------------------------------------------------------------------------------------------------------------------
  shift_reg_reg[4][2]/clk              -       -       R     (arrival)             80    -     0     0       0    (-,-) 
  shift_reg_reg[4][2]/q                (u)     clk->q  R     unmapped_d_flop        9  4.5     0   231     231    (-,-) 
  csa_tree_ADD_TC_OP_13_groupi/g1799/z (u)     in_0->z R     unmapped_complex2      1  0.5     0    52     283    (-,-) 
  csa_tree_ADD_TC_OP_13_groupi/g3262/z (u)     in_0->z F     unmapped_nand2         1  0.5     0    52     336    (-,-) 
  csa_tree_ADD_TC_OP_13_groupi/g3108/z (u)     in_0->z R     unmapped_nand2         3  1.5     0    63     398    (-,-) 
  csa_tree_ADD_TC_OP_13_groupi/g3062/z (u)     in_0->z F     unmapped_complex2      1  0.5     0    52     451    (-,-) 
  csa_tree_ADD_TC_OP_13_groupi/g3063/z (u)     in_1->z R     unmapped_nand2         2  1.0     0    58     509    (-,-) 
  csa_tree_ADD_TC_OP_13_groupi/g2929/z (u)     in_0->z R     unmapped_complex2      1  0.5     0    52     561    (-,-) 
  csa_tree_ADD_TC_OP_13_groupi/g2930/z (u)     in_1->z F     unmapped_nand2         4  2.0     0    68     629    (-,-) 
  csa_tree_ADD_TC_OP_13_groupi/g2841/z (u)     in_1->z R     unmapped_complex2      1  0.5     0    52     681    (-,-) 
  csa_tree_ADD_TC_OP_13_groupi/g2842/z (u)     in_1->z F     unmapped_nand2         2  1.0     0    58     739    (-,-) 
  csa_tree_ADD_TC_OP_13_groupi/g2755/z (u)     in_0->z F     unmapped_complex2      1  0.5     0    52     791    (-,-) 
  csa_tree_ADD_TC_OP_13_groupi/g2756/z (u)     in_1->z R     unmapped_nand2         3  1.5     0    63     854    (-,-) 
  csa_tree_ADD_TC_OP_13_groupi/g2702/z (u)     in_0->z F     unmapped_complex2      1  0.5     0    52     906    (-,-) 
  csa_tree_ADD_TC_OP_13_groupi/g2703/z (u)     in_1->z R     unmapped_nand2         2  1.0     0    58     965    (-,-) 
  csa_tree_ADD_TC_OP_13_groupi/g2654/z (u)     in_0->z R     unmapped_complex2      1  0.5     0    52    1017    (-,-) 
  csa_tree_ADD_TC_OP_13_groupi/g2655/z (u)     in_1->z F     unmapped_nand2         2  1.0     0    58    1075    (-,-) 
  csa_tree_ADD_TC_OP_13_groupi/g1801/z (u)     in_0->z F     unmapped_or2           2  1.0     0    58    1133    (-,-) 
  csa_tree_ADD_TC_OP_13_groupi/g2587/z (u)     in_0->z R     unmapped_nand2         1  0.5     0    52    1186    (-,-) 
  csa_tree_ADD_TC_OP_13_groupi/g2572/z (u)     in_0->z F     unmapped_nand2         3  1.5     0    63    1248    (-,-) 
  csa_tree_ADD_TC_OP_13_groupi/g2555/z (u)     in_1->z R     unmapped_nand2         2  1.0     0    58    1307    (-,-) 
  csa_tree_ADD_TC_OP_13_groupi/g2532/z (u)     in_1->z F     unmapped_nand2         3  1.5     0    63    1370    (-,-) 
  csa_tree_ADD_TC_OP_13_groupi/g2524/z (u)     in_0->z R     unmapped_nand2         1  0.5     0    52    1422    (-,-) 
  csa_tree_ADD_TC_OP_13_groupi/g2516/z (u)     in_0->z F     unmapped_nand2         5  2.5     0    72    1494    (-,-) 
  csa_tree_ADD_TC_OP_13_groupi/g2510/z (u)     in_0->z R     unmapped_complex2      1  0.5     0    52    1546    (-,-) 
  csa_tree_ADD_TC_OP_13_groupi/g2504/z (u)     in_1->z F     unmapped_nand2         3  1.5     0    63    1609    (-,-) 
  csa_tree_ADD_TC_OP_13_groupi/g2498/z (u)     in_0->z F     unmapped_or2           1  0.5     0    52    1661    (-,-) 
  csa_tree_ADD_TC_OP_13_groupi/g2499/z (u)     in_1->z R     unmapped_nand2         1  0.5     0    52    1714    (-,-) 
  data_out_reg_reg[10]/d               -       -       R     unmapped_d_flop        1    -     -     0    1714    (-,-) 
#-----------------------------------------------------------------------------------------------------------------------

(u) : Net has unmapped pin(s).



Path 7: MET (22 ps) Setup Check with Pin data_out_reg_reg[9]/clk->d
          Group: clock
     Startpoint: (R) shift_reg_reg[4][2]/clk
          Clock: (R) clock
       Endpoint: (R) data_out_reg_reg[9]/d
          Clock: (R) clock

                     Capture       Launch     
        Clock Edge:+    1800            0     
       Src Latency:+       0            0     
       Net Latency:+       0 (I)        0 (I) 
           Arrival:=    1800            0     
                                              
             Setup:-      69                  
     Required Time:=    1731                  
      Launch Clock:-       0                  
         Data Path:-    1709                  
             Slack:=      22                  

#-----------------------------------------------------------------------------------------------------------------------
#            Timing Point              Flags    Arc    Edge       Cell         Fanout Load Trans Delay Arrival Instance 
#                                                                                     (fF)  (ps)  (ps)   (ps)  Location 
#-----------------------------------------------------------------------------------------------------------------------
  shift_reg_reg[4][2]/clk              -       -       R     (arrival)             80    -     0     0       0    (-,-) 
  shift_reg_reg[4][2]/q                (u)     clk->q  R     unmapped_d_flop        9  4.5     0   231     231    (-,-) 
  csa_tree_ADD_TC_OP_13_groupi/g1799/z (u)     in_0->z R     unmapped_complex2      1  0.5     0    52     283    (-,-) 
  csa_tree_ADD_TC_OP_13_groupi/g3262/z (u)     in_0->z F     unmapped_nand2         1  0.5     0    52     336    (-,-) 
  csa_tree_ADD_TC_OP_13_groupi/g3108/z (u)     in_0->z R     unmapped_nand2         3  1.5     0    63     398    (-,-) 
  csa_tree_ADD_TC_OP_13_groupi/g3062/z (u)     in_0->z F     unmapped_complex2      1  0.5     0    52     451    (-,-) 
  csa_tree_ADD_TC_OP_13_groupi/g3063/z (u)     in_1->z R     unmapped_nand2         2  1.0     0    58     509    (-,-) 
  csa_tree_ADD_TC_OP_13_groupi/g2929/z (u)     in_0->z R     unmapped_complex2      1  0.5     0    52     561    (-,-) 
  csa_tree_ADD_TC_OP_13_groupi/g2930/z (u)     in_1->z F     unmapped_nand2         4  2.0     0    68     629    (-,-) 
  csa_tree_ADD_TC_OP_13_groupi/g2841/z (u)     in_1->z R     unmapped_complex2      1  0.5     0    52     681    (-,-) 
  csa_tree_ADD_TC_OP_13_groupi/g2842/z (u)     in_1->z F     unmapped_nand2         2  1.0     0    58     739    (-,-) 
  csa_tree_ADD_TC_OP_13_groupi/g2755/z (u)     in_0->z F     unmapped_complex2      1  0.5     0    52     791    (-,-) 
  csa_tree_ADD_TC_OP_13_groupi/g2756/z (u)     in_1->z R     unmapped_nand2         3  1.5     0    63     854    (-,-) 
  csa_tree_ADD_TC_OP_13_groupi/g2702/z (u)     in_0->z F     unmapped_complex2      1  0.5     0    52     906    (-,-) 
  csa_tree_ADD_TC_OP_13_groupi/g2703/z (u)     in_1->z R     unmapped_nand2         2  1.0     0    58     965    (-,-) 
  csa_tree_ADD_TC_OP_13_groupi/g2654/z (u)     in_0->z R     unmapped_complex2      1  0.5     0    52    1017    (-,-) 
  csa_tree_ADD_TC_OP_13_groupi/g2655/z (u)     in_1->z F     unmapped_nand2         2  1.0     0    58    1075    (-,-) 
  csa_tree_ADD_TC_OP_13_groupi/g1801/z (u)     in_0->z F     unmapped_or2           2  1.0     0    58    1133    (-,-) 
  csa_tree_ADD_TC_OP_13_groupi/g2587/z (u)     in_0->z R     unmapped_nand2         1  0.5     0    52    1186    (-,-) 
  csa_tree_ADD_TC_OP_13_groupi/g2572/z (u)     in_0->z F     unmapped_nand2         3  1.5     0    63    1248    (-,-) 
  csa_tree_ADD_TC_OP_13_groupi/g2555/z (u)     in_1->z R     unmapped_nand2         2  1.0     0    58    1307    (-,-) 
  csa_tree_ADD_TC_OP_13_groupi/g2532/z (u)     in_1->z F     unmapped_nand2         3  1.5     0    63    1370    (-,-) 
  csa_tree_ADD_TC_OP_13_groupi/g2524/z (u)     in_0->z R     unmapped_nand2         1  0.5     0    52    1422    (-,-) 
  csa_tree_ADD_TC_OP_13_groupi/g2516/z (u)     in_0->z F     unmapped_nand2         5  2.5     0    72    1494    (-,-) 
  csa_tree_ADD_TC_OP_13_groupi/g2512/z (u)     in_1->z R     unmapped_nand2         1  0.5     0    52    1546    (-,-) 
  csa_tree_ADD_TC_OP_13_groupi/g2501/z (u)     in_1->z F     unmapped_nand2         2  1.0     0    58    1604    (-,-) 
  csa_tree_ADD_TC_OP_13_groupi/g2495/z (u)     in_0->z F     unmapped_or2           1  0.5     0    52    1656    (-,-) 
  csa_tree_ADD_TC_OP_13_groupi/g2496/z (u)     in_1->z R     unmapped_nand2         1  0.5     0    52    1709    (-,-) 
  data_out_reg_reg[9]/d                -       -       R     unmapped_d_flop        1    -     -     0    1709    (-,-) 
#-----------------------------------------------------------------------------------------------------------------------

(u) : Net has unmapped pin(s).



Path 8: MET (132 ps) Setup Check with Pin data_out_reg_reg[8]/clk->d
          Group: clock
     Startpoint: (R) shift_reg_reg[4][2]/clk
          Clock: (R) clock
       Endpoint: (R) data_out_reg_reg[8]/d
          Clock: (R) clock

                     Capture       Launch     
        Clock Edge:+    1800            0     
       Src Latency:+       0            0     
       Net Latency:+       0 (I)        0 (I) 
           Arrival:=    1800            0     
                                              
             Setup:-      69                  
     Required Time:=    1731                  
      Launch Clock:-       0                  
         Data Path:-    1598                  
             Slack:=     132                  

#-----------------------------------------------------------------------------------------------------------------------
#            Timing Point              Flags    Arc    Edge       Cell         Fanout Load Trans Delay Arrival Instance 
#                                                                                     (fF)  (ps)  (ps)   (ps)  Location 
#-----------------------------------------------------------------------------------------------------------------------
  shift_reg_reg[4][2]/clk              -       -       R     (arrival)             80    -     0     0       0    (-,-) 
  shift_reg_reg[4][2]/q                (u)     clk->q  R     unmapped_d_flop        9  4.5     0   231     231    (-,-) 
  csa_tree_ADD_TC_OP_13_groupi/g1799/z (u)     in_0->z R     unmapped_complex2      1  0.5     0    52     283    (-,-) 
  csa_tree_ADD_TC_OP_13_groupi/g3262/z (u)     in_0->z F     unmapped_nand2         1  0.5     0    52     336    (-,-) 
  csa_tree_ADD_TC_OP_13_groupi/g3108/z (u)     in_0->z R     unmapped_nand2         3  1.5     0    63     398    (-,-) 
  csa_tree_ADD_TC_OP_13_groupi/g3062/z (u)     in_0->z F     unmapped_complex2      1  0.5     0    52     451    (-,-) 
  csa_tree_ADD_TC_OP_13_groupi/g3063/z (u)     in_1->z R     unmapped_nand2         2  1.0     0    58     509    (-,-) 
  csa_tree_ADD_TC_OP_13_groupi/g2929/z (u)     in_0->z R     unmapped_complex2      1  0.5     0    52     561    (-,-) 
  csa_tree_ADD_TC_OP_13_groupi/g2930/z (u)     in_1->z F     unmapped_nand2         4  2.0     0    68     629    (-,-) 
  csa_tree_ADD_TC_OP_13_groupi/g2841/z (u)     in_1->z R     unmapped_complex2      1  0.5     0    52     681    (-,-) 
  csa_tree_ADD_TC_OP_13_groupi/g2842/z (u)     in_1->z F     unmapped_nand2         2  1.0     0    58     739    (-,-) 
  csa_tree_ADD_TC_OP_13_groupi/g2755/z (u)     in_0->z F     unmapped_complex2      1  0.5     0    52     791    (-,-) 
  csa_tree_ADD_TC_OP_13_groupi/g2756/z (u)     in_1->z R     unmapped_nand2         3  1.5     0    63     854    (-,-) 
  csa_tree_ADD_TC_OP_13_groupi/g2702/z (u)     in_0->z F     unmapped_complex2      1  0.5     0    52     906    (-,-) 
  csa_tree_ADD_TC_OP_13_groupi/g2703/z (u)     in_1->z R     unmapped_nand2         2  1.0     0    58     965    (-,-) 
  csa_tree_ADD_TC_OP_13_groupi/g2654/z (u)     in_0->z R     unmapped_complex2      1  0.5     0    52    1017    (-,-) 
  csa_tree_ADD_TC_OP_13_groupi/g2655/z (u)     in_1->z F     unmapped_nand2         2  1.0     0    58    1075    (-,-) 
  csa_tree_ADD_TC_OP_13_groupi/g1801/z (u)     in_0->z F     unmapped_or2           2  1.0     0    58    1133    (-,-) 
  csa_tree_ADD_TC_OP_13_groupi/g2587/z (u)     in_0->z R     unmapped_nand2         1  0.5     0    52    1186    (-,-) 
  csa_tree_ADD_TC_OP_13_groupi/g2572/z (u)     in_0->z F     unmapped_nand2         3  1.5     0    63    1248    (-,-) 
  csa_tree_ADD_TC_OP_13_groupi/g2555/z (u)     in_1->z R     unmapped_nand2         2  1.0     0    58    1307    (-,-) 
  csa_tree_ADD_TC_OP_13_groupi/g2532/z (u)     in_1->z F     unmapped_nand2         3  1.5     0    63    1370    (-,-) 
  csa_tree_ADD_TC_OP_13_groupi/g2524/z (u)     in_0->z R     unmapped_nand2         1  0.5     0    52    1422    (-,-) 
  csa_tree_ADD_TC_OP_13_groupi/g2516/z (u)     in_0->z F     unmapped_nand2         5  2.5     0    72    1494    (-,-) 
  csa_tree_ADD_TC_OP_13_groupi/g2508/z (u)     in_0->z F     unmapped_or2           1  0.5     0    52    1546    (-,-) 
  csa_tree_ADD_TC_OP_13_groupi/g2509/z (u)     in_1->z R     unmapped_nand2         1  0.5     0    52    1598    (-,-) 
  data_out_reg_reg[8]/d                -       -       R     unmapped_d_flop        1    -     -     0    1598    (-,-) 
#-----------------------------------------------------------------------------------------------------------------------

(u) : Net has unmapped pin(s).



Path 9: MET (256 ps) Setup Check with Pin data_out_reg_reg[7]/clk->d
          Group: clock
     Startpoint: (R) shift_reg_reg[4][2]/clk
          Clock: (R) clock
       Endpoint: (R) data_out_reg_reg[7]/d
          Clock: (R) clock

                     Capture       Launch     
        Clock Edge:+    1800            0     
       Src Latency:+       0            0     
       Net Latency:+       0 (I)        0 (I) 
           Arrival:=    1800            0     
                                              
             Setup:-      69                  
     Required Time:=    1731                  
      Launch Clock:-       0                  
         Data Path:-    1474                  
             Slack:=     256                  

#-----------------------------------------------------------------------------------------------------------------------
#            Timing Point              Flags    Arc    Edge       Cell         Fanout Load Trans Delay Arrival Instance 
#                                                                                     (fF)  (ps)  (ps)   (ps)  Location 
#-----------------------------------------------------------------------------------------------------------------------
  shift_reg_reg[4][2]/clk              -       -       R     (arrival)             80    -     0     0       0    (-,-) 
  shift_reg_reg[4][2]/q                (u)     clk->q  R     unmapped_d_flop        9  4.5     0   231     231    (-,-) 
  csa_tree_ADD_TC_OP_13_groupi/g1799/z (u)     in_0->z R     unmapped_complex2      1  0.5     0    52     283    (-,-) 
  csa_tree_ADD_TC_OP_13_groupi/g3262/z (u)     in_0->z F     unmapped_nand2         1  0.5     0    52     336    (-,-) 
  csa_tree_ADD_TC_OP_13_groupi/g3108/z (u)     in_0->z R     unmapped_nand2         3  1.5     0    63     398    (-,-) 
  csa_tree_ADD_TC_OP_13_groupi/g3062/z (u)     in_0->z F     unmapped_complex2      1  0.5     0    52     451    (-,-) 
  csa_tree_ADD_TC_OP_13_groupi/g3063/z (u)     in_1->z R     unmapped_nand2         2  1.0     0    58     509    (-,-) 
  csa_tree_ADD_TC_OP_13_groupi/g2929/z (u)     in_0->z R     unmapped_complex2      1  0.5     0    52     561    (-,-) 
  csa_tree_ADD_TC_OP_13_groupi/g2930/z (u)     in_1->z F     unmapped_nand2         4  2.0     0    68     629    (-,-) 
  csa_tree_ADD_TC_OP_13_groupi/g2841/z (u)     in_1->z R     unmapped_complex2      1  0.5     0    52     681    (-,-) 
  csa_tree_ADD_TC_OP_13_groupi/g2842/z (u)     in_1->z F     unmapped_nand2         2  1.0     0    58     739    (-,-) 
  csa_tree_ADD_TC_OP_13_groupi/g2755/z (u)     in_0->z F     unmapped_complex2      1  0.5     0    52     791    (-,-) 
  csa_tree_ADD_TC_OP_13_groupi/g2756/z (u)     in_1->z R     unmapped_nand2         3  1.5     0    63     854    (-,-) 
  csa_tree_ADD_TC_OP_13_groupi/g2702/z (u)     in_0->z F     unmapped_complex2      1  0.5     0    52     906    (-,-) 
  csa_tree_ADD_TC_OP_13_groupi/g2703/z (u)     in_1->z R     unmapped_nand2         2  1.0     0    58     965    (-,-) 
  csa_tree_ADD_TC_OP_13_groupi/g2654/z (u)     in_0->z R     unmapped_complex2      1  0.5     0    52    1017    (-,-) 
  csa_tree_ADD_TC_OP_13_groupi/g2655/z (u)     in_1->z F     unmapped_nand2         2  1.0     0    58    1075    (-,-) 
  csa_tree_ADD_TC_OP_13_groupi/g1801/z (u)     in_0->z F     unmapped_or2           2  1.0     0    58    1133    (-,-) 
  csa_tree_ADD_TC_OP_13_groupi/g2587/z (u)     in_0->z R     unmapped_nand2         1  0.5     0    52    1186    (-,-) 
  csa_tree_ADD_TC_OP_13_groupi/g2572/z (u)     in_0->z F     unmapped_nand2         3  1.5     0    63    1248    (-,-) 
  csa_tree_ADD_TC_OP_13_groupi/g2555/z (u)     in_1->z R     unmapped_nand2         2  1.0     0    58    1307    (-,-) 
  csa_tree_ADD_TC_OP_13_groupi/g2532/z (u)     in_1->z F     unmapped_nand2         3  1.5     0    63    1370    (-,-) 
  csa_tree_ADD_TC_OP_13_groupi/g2522/z (u)     in_0->z F     unmapped_or2           1  0.5     0    52    1422    (-,-) 
  csa_tree_ADD_TC_OP_13_groupi/g2523/z (u)     in_1->z R     unmapped_nand2         1  0.5     0    52    1474    (-,-) 
  data_out_reg_reg[7]/d                -       -       R     unmapped_d_flop        1    -     -     0    1474    (-,-) 
#-----------------------------------------------------------------------------------------------------------------------

(u) : Net has unmapped pin(s).



Path 10: MET (373 ps) Setup Check with Pin data_out_reg_reg[6]/clk->d
          Group: clock
     Startpoint: (R) shift_reg_reg[1][0]/clk
          Clock: (R) clock
       Endpoint: (R) data_out_reg_reg[6]/d
          Clock: (R) clock

                     Capture       Launch     
        Clock Edge:+    1800            0     
       Src Latency:+       0            0     
       Net Latency:+       0 (I)        0 (I) 
           Arrival:=    1800            0     
                                              
             Setup:-      69                  
     Required Time:=    1731                  
      Launch Clock:-       0                  
         Data Path:-    1358                  
             Slack:=     373                  

#-----------------------------------------------------------------------------------------------------------------------
#            Timing Point              Flags    Arc    Edge       Cell         Fanout Load Trans Delay Arrival Instance 
#                                                                                     (fF)  (ps)  (ps)   (ps)  Location 
#-----------------------------------------------------------------------------------------------------------------------
  shift_reg_reg[1][0]/clk              -       -       R     (arrival)             80    -     0     0       0    (-,-) 
  shift_reg_reg[1][0]/q                (u)     clk->q  F     unmapped_d_flop        9  4.5     0   231     231    (-,-) 
  csa_tree_ADD_TC_OP_13_groupi/g1831/z (u)     in_1->z F     unmapped_or2           1  0.5     0    52     283    (-,-) 
  csa_tree_ADD_TC_OP_13_groupi/g3243/z (u)     in_0->z R     unmapped_nand2         1  0.5     0    52     336    (-,-) 
  csa_tree_ADD_TC_OP_13_groupi/g3106/z (u)     in_0->z F     unmapped_nand2         4  2.0     0    68     403    (-,-) 
  csa_tree_ADD_TC_OP_13_groupi/g1833/z (u)     in_1->z F     unmapped_or2           1  0.5     0    52     455    (-,-) 
  csa_tree_ADD_TC_OP_13_groupi/g2939/z (u)     in_0->z R     unmapped_nand2         1  0.5     0    52     508    (-,-) 
  csa_tree_ADD_TC_OP_13_groupi/g2890/z (u)     in_0->z F     unmapped_nand2         3  1.5     0    63     570    (-,-) 
  csa_tree_ADD_TC_OP_13_groupi/g2851/z (u)     in_0->z R     unmapped_complex2      1  0.5     0    52     623    (-,-) 
  csa_tree_ADD_TC_OP_13_groupi/g2852/z (u)     in_1->z F     unmapped_nand2         2  1.0     0    58     681    (-,-) 
  csa_tree_ADD_TC_OP_13_groupi/g2768/z (u)     in_0->z F     unmapped_complex2      1  0.5     0    52     733    (-,-) 
  csa_tree_ADD_TC_OP_13_groupi/g2769/z (u)     in_1->z R     unmapped_nand2         3  1.5     0    63     796    (-,-) 
  csa_tree_ADD_TC_OP_13_groupi/g2708/z (u)     in_0->z F     unmapped_complex2      1  0.5     0    52     848    (-,-) 
  csa_tree_ADD_TC_OP_13_groupi/g2709/z (u)     in_1->z R     unmapped_nand2         2  1.0     0    58     906    (-,-) 
  csa_tree_ADD_TC_OP_13_groupi/g2660/z (u)     in_0->z R     unmapped_complex2      1  0.5     0    52     959    (-,-) 
  csa_tree_ADD_TC_OP_13_groupi/g2661/z (u)     in_1->z F     unmapped_nand2         3  1.5     0    63    1022    (-,-) 
  csa_tree_ADD_TC_OP_13_groupi/g2642/z (u)     in_0->z R     unmapped_complex2      1  0.5     0    52    1074    (-,-) 
  csa_tree_ADD_TC_OP_13_groupi/g2643/z (u)     in_1->z F     unmapped_nand2         2  1.0     0    58    1132    (-,-) 
  csa_tree_ADD_TC_OP_13_groupi/g793/z  (u)     in_1->z R     unmapped_nand2         3  1.5     0    63    1195    (-,-) 
  csa_tree_ADD_TC_OP_13_groupi/g2376/z (u)     in_0->z F     unmapped_nand2         2  1.0     0    58    1253    (-,-) 
  csa_tree_ADD_TC_OP_13_groupi/g2558/z (u)     in_1->z F     unmapped_or2           1  0.5     0    52    1306    (-,-) 
  csa_tree_ADD_TC_OP_13_groupi/g2559/z (u)     in_1->z R     unmapped_nand2         1  0.5     0    52    1358    (-,-) 
  data_out_reg_reg[6]/d                -       -       R     unmapped_d_flop        1    -     -     0    1358    (-,-) 
#-----------------------------------------------------------------------------------------------------------------------

(u) : Net has unmapped pin(s).



Path 11: MET (435 ps) Setup Check with Pin data_out_reg_reg[5]/clk->d
          Group: clock
     Startpoint: (R) shift_reg_reg[4][2]/clk
          Clock: (R) clock
       Endpoint: (R) data_out_reg_reg[5]/d
          Clock: (R) clock

                     Capture       Launch     
        Clock Edge:+    1800            0     
       Src Latency:+       0            0     
       Net Latency:+       0 (I)        0 (I) 
           Arrival:=    1800            0     
                                              
             Setup:-      69                  
     Required Time:=    1731                  
      Launch Clock:-       0                  
         Data Path:-    1296                  
             Slack:=     435                  

#-----------------------------------------------------------------------------------------------------------------------
#            Timing Point              Flags    Arc    Edge       Cell         Fanout Load Trans Delay Arrival Instance 
#                                                                                     (fF)  (ps)  (ps)   (ps)  Location 
#-----------------------------------------------------------------------------------------------------------------------
  shift_reg_reg[4][2]/clk              -       -       R     (arrival)             80    -     0     0       0    (-,-) 
  shift_reg_reg[4][2]/q                (u)     clk->q  F     unmapped_d_flop        9  4.5     0   231     231    (-,-) 
  csa_tree_ADD_TC_OP_13_groupi/g1799/z (u)     in_0->z F     unmapped_complex2      1  0.5     0    52     283    (-,-) 
  csa_tree_ADD_TC_OP_13_groupi/g3262/z (u)     in_0->z R     unmapped_nand2         1  0.5     0    52     336    (-,-) 
  csa_tree_ADD_TC_OP_13_groupi/g3108/z (u)     in_0->z F     unmapped_nand2         3  1.5     0    63     398    (-,-) 
  csa_tree_ADD_TC_OP_13_groupi/g3062/z (u)     in_0->z R     unmapped_complex2      1  0.5     0    52     451    (-,-) 
  csa_tree_ADD_TC_OP_13_groupi/g3063/z (u)     in_1->z F     unmapped_nand2         2  1.0     0    58     509    (-,-) 
  csa_tree_ADD_TC_OP_13_groupi/g2929/z (u)     in_0->z F     unmapped_complex2      1  0.5     0    52     561    (-,-) 
  csa_tree_ADD_TC_OP_13_groupi/g2930/z (u)     in_1->z R     unmapped_nand2         4  2.0     0    68     629    (-,-) 
  csa_tree_ADD_TC_OP_13_groupi/g2841/z (u)     in_1->z F     unmapped_complex2      1  0.5     0    52     681    (-,-) 
  csa_tree_ADD_TC_OP_13_groupi/g2842/z (u)     in_1->z R     unmapped_nand2         2  1.0     0    58     739    (-,-) 
  csa_tree_ADD_TC_OP_13_groupi/g2755/z (u)     in_0->z R     unmapped_complex2      1  0.5     0    52     791    (-,-) 
  csa_tree_ADD_TC_OP_13_groupi/g2756/z (u)     in_1->z F     unmapped_nand2         3  1.5     0    63     854    (-,-) 
  csa_tree_ADD_TC_OP_13_groupi/g2702/z (u)     in_0->z R     unmapped_complex2      1  0.5     0    52     906    (-,-) 
  csa_tree_ADD_TC_OP_13_groupi/g2703/z (u)     in_1->z F     unmapped_nand2         2  1.0     0    58     965    (-,-) 
  csa_tree_ADD_TC_OP_13_groupi/g2654/z (u)     in_0->z F     unmapped_complex2      1  0.5     0    52    1017    (-,-) 
  csa_tree_ADD_TC_OP_13_groupi/g2655/z (u)     in_1->z R     unmapped_nand2         2  1.0     0    58    1075    (-,-) 
  csa_tree_ADD_TC_OP_13_groupi/g1801/z (u)     in_0->z R     unmapped_or2           2  1.0     0    58    1133    (-,-) 
  csa_tree_ADD_TC_OP_13_groupi/g2652/z (u)     in_1->z F     unmapped_nand2         2  1.0     0    58    1192    (-,-) 
  csa_tree_ADD_TC_OP_13_groupi/g2610/z (u)     in_1->z F     unmapped_or2           1  0.5     0    52    1244    (-,-) 
  csa_tree_ADD_TC_OP_13_groupi/g2611/z (u)     in_1->z R     unmapped_nand2         1  0.5     0    52    1296    (-,-) 
  data_out_reg_reg[5]/d                -       -       R     unmapped_d_flop        1    -     -     0    1296    (-,-) 
#-----------------------------------------------------------------------------------------------------------------------

(u) : Net has unmapped pin(s).



Path 12: MET (600 ps) Setup Check with Pin data_out_reg_reg[4]/clk->d
          Group: clock
     Startpoint: (R) shift_reg_reg[6][1]/clk
          Clock: (R) clock
       Endpoint: (R) data_out_reg_reg[4]/d
          Clock: (R) clock

                     Capture       Launch     
        Clock Edge:+    1800            0     
       Src Latency:+       0            0     
       Net Latency:+       0 (I)        0 (I) 
           Arrival:=    1800            0     
                                              
             Setup:-      69                  
     Required Time:=    1731                  
      Launch Clock:-       0                  
         Data Path:-    1130                  
             Slack:=     600                  

#-----------------------------------------------------------------------------------------------------------------------
#            Timing Point              Flags    Arc    Edge       Cell         Fanout Load Trans Delay Arrival Instance 
#                                                                                     (fF)  (ps)  (ps)   (ps)  Location 
#-----------------------------------------------------------------------------------------------------------------------
  shift_reg_reg[6][1]/clk              -       -       R     (arrival)             80    -     0     0       0    (-,-) 
  shift_reg_reg[6][1]/q                (u)     clk->q  F     unmapped_d_flop        8  4.0     0   228     228    (-,-) 
  csa_tree_ADD_TC_OP_13_groupi/g3439/z (u)     in_1->z F     unmapped_or2           1  0.5     0    52     280    (-,-) 
  csa_tree_ADD_TC_OP_13_groupi/g3440/z (u)     in_1->z R     unmapped_nand2         2  1.0     0    58     339    (-,-) 
  csa_tree_ADD_TC_OP_13_groupi/g3315/z (u)     in_0->z R     unmapped_or2           1  0.5     0    52     391    (-,-) 
  csa_tree_ADD_TC_OP_13_groupi/g3316/z (u)     in_1->z F     unmapped_nand2         4  2.0     0    68     458    (-,-) 
  csa_tree_ADD_TC_OP_13_groupi/g3148/z (u)     in_0->z F     unmapped_complex2      1  0.5     0    52     511    (-,-) 
  csa_tree_ADD_TC_OP_13_groupi/g3149/z (u)     in_1->z R     unmapped_nand2         2  1.0     0    58     569    (-,-) 
  csa_tree_ADD_TC_OP_13_groupi/g2985/z (u)     in_0->z R     unmapped_complex2      1  0.5     0    52     621    (-,-) 
  csa_tree_ADD_TC_OP_13_groupi/g2986/z (u)     in_1->z F     unmapped_nand2         4  2.0     0    68     689    (-,-) 
  csa_tree_ADD_TC_OP_13_groupi/g2866/z (u)     in_1->z R     unmapped_complex2      1  0.5     0    52     741    (-,-) 
  csa_tree_ADD_TC_OP_13_groupi/g2867/z (u)     in_1->z F     unmapped_nand2         2  1.0     0    58     799    (-,-) 
  csa_tree_ADD_TC_OP_13_groupi/g2781/z (u)     in_1->z F     unmapped_complex2      1  0.5     0    52     851    (-,-) 
  csa_tree_ADD_TC_OP_13_groupi/g2782/z (u)     in_1->z R     unmapped_nand2         2  1.0     0    58     909    (-,-) 
  csa_tree_ADD_TC_OP_13_groupi/g1835/z (u)     in_1->z R     unmapped_or2           2  1.0     0    58     968    (-,-) 
  csa_tree_ADD_TC_OP_13_groupi/g2337/z (u)     in_1->z F     unmapped_nand2         2  1.0     0    58    1026    (-,-) 
  csa_tree_ADD_TC_OP_13_groupi/g2626/z (u)     in_1->z F     unmapped_or2           1  0.5     0    52    1078    (-,-) 
  csa_tree_ADD_TC_OP_13_groupi/g2627/z (u)     in_1->z R     unmapped_nand2         1  0.5     0    52    1130    (-,-) 
  data_out_reg_reg[4]/d                -       -       R     unmapped_d_flop        1    -     -     0    1130    (-,-) 
#-----------------------------------------------------------------------------------------------------------------------

(u) : Net has unmapped pin(s).



Path 13: MET (825 ps) Setup Check with Pin data_out_reg_reg[3]/clk->d
          Group: clock
     Startpoint: (R) shift_reg_reg[0][2]/clk
          Clock: (R) clock
       Endpoint: (R) data_out_reg_reg[3]/d
          Clock: (R) clock

                     Capture       Launch     
        Clock Edge:+    1800            0     
       Src Latency:+       0            0     
       Net Latency:+       0 (I)        0 (I) 
           Arrival:=    1800            0     
                                              
             Setup:-      69                  
     Required Time:=    1731                  
      Launch Clock:-       0                  
         Data Path:-     906                  
             Slack:=     825                  

#-----------------------------------------------------------------------------------------------------------------------
#            Timing Point              Flags    Arc    Edge       Cell         Fanout Load Trans Delay Arrival Instance 
#                                                                                     (fF)  (ps)  (ps)   (ps)  Location 
#-----------------------------------------------------------------------------------------------------------------------
  shift_reg_reg[0][2]/clk              -       -       R     (arrival)             80    -     0     0       0    (-,-) 
  shift_reg_reg[0][2]/q                (u)     clk->q  R     unmapped_d_flop        5  2.5     0   216     216    (-,-) 
  csa_tree_ADD_TC_OP_13_groupi/g3394/z (u)     in_1->z R     unmapped_or2           1  0.5     0    52     268    (-,-) 
  csa_tree_ADD_TC_OP_13_groupi/g3395/z (u)     in_1->z F     unmapped_nand2         6  3.0     0    76     344    (-,-) 
  csa_tree_ADD_TC_OP_13_groupi/g3288/z (u)     in_0->z F     unmapped_complex2      1  0.5     0    52     397    (-,-) 
  csa_tree_ADD_TC_OP_13_groupi/g3289/z (u)     in_1->z R     unmapped_nand2         4  2.0     0    68     464    (-,-) 
  csa_tree_ADD_TC_OP_13_groupi/g3140/z (u)     in_0->z R     unmapped_complex2      1  0.5     0    52     516    (-,-) 
  csa_tree_ADD_TC_OP_13_groupi/g3141/z (u)     in_1->z F     unmapped_nand2         2  1.0     0    58     575    (-,-) 
  csa_tree_ADD_TC_OP_13_groupi/g2898/z (u)     in_1->z F     unmapped_complex2      1  0.5     0    52     627    (-,-) 
  csa_tree_ADD_TC_OP_13_groupi/g2899/z (u)     in_1->z R     unmapped_nand2         2  1.0     0    58     685    (-,-) 
  csa_tree_ADD_TC_OP_13_groupi/g1953/z (u)     in_1->z R     unmapped_or2           2  1.0     0    58     743    (-,-) 
  csa_tree_ADD_TC_OP_13_groupi/g2810/z (u)     in_1->z F     unmapped_nand2         2  1.0     0    58     802    (-,-) 
  csa_tree_ADD_TC_OP_13_groupi/g2778/z (u)     in_1->z F     unmapped_or2           1  0.5     0    52     854    (-,-) 
  csa_tree_ADD_TC_OP_13_groupi/g2779/z (u)     in_1->z R     unmapped_nand2         1  0.5     0    52     906    (-,-) 
  data_out_reg_reg[3]/d                -       -       R     unmapped_d_flop        1    -     -     0     906    (-,-) 
#-----------------------------------------------------------------------------------------------------------------------

(u) : Net has unmapped pin(s).



Path 14: MET (941 ps) Setup Check with Pin data_out_reg_reg[2]/clk->d
          Group: clock
     Startpoint: (R) shift_reg_reg[5][1]/clk
          Clock: (R) clock
       Endpoint: (R) data_out_reg_reg[2]/d
          Clock: (R) clock

                     Capture       Launch     
        Clock Edge:+    1800            0     
       Src Latency:+       0            0     
       Net Latency:+       0 (I)        0 (I) 
           Arrival:=    1800            0     
                                              
             Setup:-      69                  
     Required Time:=    1731                  
      Launch Clock:-       0                  
         Data Path:-     790                  
             Slack:=     941                  

#-----------------------------------------------------------------------------------------------------------------------
#            Timing Point              Flags    Arc    Edge       Cell         Fanout Load Trans Delay Arrival Instance 
#                                                                                     (fF)  (ps)  (ps)   (ps)  Location 
#-----------------------------------------------------------------------------------------------------------------------
  shift_reg_reg[5][1]/clk              -       -       R     (arrival)             80    -     0     0       0    (-,-) 
  shift_reg_reg[5][1]/q                (u)     clk->q  F     unmapped_d_flop        8  4.0     0   228     228    (-,-) 
  csa_tree_ADD_TC_OP_13_groupi/g3457/z (u)     in_1->z R     unmapped_complex2      1  0.5     0    52     280    (-,-) 
  csa_tree_ADD_TC_OP_13_groupi/g3458/z (u)     in_1->z F     unmapped_nand2         4  2.0     0    68     348    (-,-) 
  csa_tree_ADD_TC_OP_13_groupi/g3231/z (u)     in_0->z R     unmapped_complex2      1  0.5     0    52     400    (-,-) 
  csa_tree_ADD_TC_OP_13_groupi/g3232/z (u)     in_1->z F     unmapped_nand2         2  1.0     0    58     458    (-,-) 
  csa_tree_ADD_TC_OP_13_groupi/g2991/z (u)     in_1->z F     unmapped_complex2      1  0.5     0    52     511    (-,-) 
  csa_tree_ADD_TC_OP_13_groupi/g2992/z (u)     in_1->z R     unmapped_nand2         2  1.0     0    58     569    (-,-) 
  csa_tree_ADD_TC_OP_13_groupi/g1959/z (u)     in_1->z R     unmapped_or2           2  1.0     0    58     627    (-,-) 
  csa_tree_ADD_TC_OP_13_groupi/g2964/z (u)     in_1->z F     unmapped_nand2         2  1.0     0    58     685    (-,-) 
  csa_tree_ADD_TC_OP_13_groupi/g2902/z (u)     in_1->z F     unmapped_or2           1  0.5     0    52     737    (-,-) 
  csa_tree_ADD_TC_OP_13_groupi/g2903/z (u)     in_1->z R     unmapped_nand2         1  0.5     0    52     790    (-,-) 
  data_out_reg_reg[2]/d                -       -       R     unmapped_d_flop        1    -     -     0     790    (-,-) 
#-----------------------------------------------------------------------------------------------------------------------

(u) : Net has unmapped pin(s).



Path 15: MET (1062 ps) Setup Check with Pin data_out_reg_reg[1]/clk->d
          Group: clock
     Startpoint: (R) shift_reg_reg[6][1]/clk
          Clock: (R) clock
       Endpoint: (R) data_out_reg_reg[1]/d
          Clock: (R) clock

                     Capture       Launch     
        Clock Edge:+    1800            0     
       Src Latency:+       0            0     
       Net Latency:+       0 (I)        0 (I) 
           Arrival:=    1800            0     
                                              
             Setup:-      69                  
     Required Time:=    1731                  
      Launch Clock:-       0                  
         Data Path:-     669                  
             Slack:=    1062                  

#-----------------------------------------------------------------------------------------------------------------------
#            Timing Point              Flags    Arc    Edge       Cell         Fanout Load Trans Delay Arrival Instance 
#                                                                                     (fF)  (ps)  (ps)   (ps)  Location 
#-----------------------------------------------------------------------------------------------------------------------
  shift_reg_reg[6][1]/clk              -       -       R     (arrival)             80    -     0     0       0    (-,-) 
  shift_reg_reg[6][1]/q                (u)     clk->q  F     unmapped_d_flop        8  4.0     0   228     228    (-,-) 
  csa_tree_ADD_TC_OP_13_groupi/g3450/z (u)     in_0->z F     unmapped_complex2      1  0.5     0    52     280    (-,-) 
  csa_tree_ADD_TC_OP_13_groupi/g3451/z (u)     in_1->z R     unmapped_nand2         2  1.0     0    58     339    (-,-) 
  csa_tree_ADD_TC_OP_13_groupi/g3175/z (u)     in_0->z R     unmapped_complex2      1  0.5     0    52     391    (-,-) 
  csa_tree_ADD_TC_OP_13_groupi/g3176/z (u)     in_1->z F     unmapped_nand2         3  1.5     0    63     454    (-,-) 
  csa_tree_ADD_TC_OP_13_groupi/g3166/z (u)     in_0->z F     unmapped_or2           1  0.5     0    52     506    (-,-) 
  csa_tree_ADD_TC_OP_13_groupi/g3167/z (u)     in_1->z R     unmapped_nand2         2  1.0     0    58     564    (-,-) 
  csa_tree_ADD_TC_OP_13_groupi/g3078/z (u)     in_1->z F     unmapped_complex2      1  0.5     0    52     616    (-,-) 
  csa_tree_ADD_TC_OP_13_groupi/g3079/z (u)     in_1->z R     unmapped_nand2         1  0.5     0    52     669    (-,-) 
  data_out_reg_reg[1]/d                -       -       R     unmapped_d_flop        1    -     -     0     669    (-,-) 
#-----------------------------------------------------------------------------------------------------------------------

(u) : Net has unmapped pin(s).



Path 16: MET (1122 ps) Late External Delay Assertion at pin o_data[0]
          Group: clock
     Startpoint: (R) data_out_reg_reg[0]/clk
          Clock: (R) clock
       Endpoint: (R) o_data[0]
          Clock: (R) clock

                     Capture       Launch     
        Clock Edge:+    1800            0     
       Src Latency:+       0            0     
       Net Latency:+       0 (I)        0 (I) 
           Arrival:=    1800            0     
                                              
      Output Delay:-     500                  
     Required Time:=    1300                  
      Launch Clock:-       0                  
         Data Path:-     178                  
             Slack:=    1122                  

Exceptions/Constraints:
  output_delay             500             fir_serial.sdc_line_3_24_1 

#-------------------------------------------------------------------------------------------------------
#      Timing Point       Flags    Arc   Edge      Cell        Fanout Load Trans Delay Arrival Instance 
#                                                                     (fF)  (ps)  (ps)   (ps)  Location 
#-------------------------------------------------------------------------------------------------------
  data_out_reg_reg[0]/clk -       -      R     (arrival)           80    -     0     0       0    (-,-) 
  data_out_reg_reg[0]/q   (u)     clk->q R     unmapped_d_flop      1  2.9     0   178     178    (-,-) 
  o_data[0]               -       -      R     (port)               -    -     -     0     178    (-,-) 
#-------------------------------------------------------------------------------------------------------

(u) : Net has unmapped pin(s).



Path 17: MET (1122 ps) Late External Delay Assertion at pin o_data[1]
          Group: clock
     Startpoint: (R) data_out_reg_reg[1]/clk
          Clock: (R) clock
       Endpoint: (R) o_data[1]
          Clock: (R) clock

                     Capture       Launch     
        Clock Edge:+    1800            0     
       Src Latency:+       0            0     
       Net Latency:+       0 (I)        0 (I) 
           Arrival:=    1800            0     
                                              
      Output Delay:-     500                  
     Required Time:=    1300                  
      Launch Clock:-       0                  
         Data Path:-     178                  
             Slack:=    1122                  

Exceptions/Constraints:
  output_delay             500             fir_serial.sdc_line_3_23_1 

#-------------------------------------------------------------------------------------------------------
#      Timing Point       Flags    Arc   Edge      Cell        Fanout Load Trans Delay Arrival Instance 
#                                                                     (fF)  (ps)  (ps)   (ps)  Location 
#-------------------------------------------------------------------------------------------------------
  data_out_reg_reg[1]/clk -       -      R     (arrival)           80    -     0     0       0    (-,-) 
  data_out_reg_reg[1]/q   (u)     clk->q R     unmapped_d_flop      1  2.9     0   178     178    (-,-) 
  o_data[1]               -       -      R     (port)               -    -     -     0     178    (-,-) 
#-------------------------------------------------------------------------------------------------------

(u) : Net has unmapped pin(s).



Path 18: MET (1122 ps) Late External Delay Assertion at pin o_data[2]
          Group: clock
     Startpoint: (R) data_out_reg_reg[2]/clk
          Clock: (R) clock
       Endpoint: (R) o_data[2]
          Clock: (R) clock

                     Capture       Launch     
        Clock Edge:+    1800            0     
       Src Latency:+       0            0     
       Net Latency:+       0 (I)        0 (I) 
           Arrival:=    1800            0     
                                              
      Output Delay:-     500                  
     Required Time:=    1300                  
      Launch Clock:-       0                  
         Data Path:-     178                  
             Slack:=    1122                  

Exceptions/Constraints:
  output_delay             500             fir_serial.sdc_line_3_22_1 

#-------------------------------------------------------------------------------------------------------
#      Timing Point       Flags    Arc   Edge      Cell        Fanout Load Trans Delay Arrival Instance 
#                                                                     (fF)  (ps)  (ps)   (ps)  Location 
#-------------------------------------------------------------------------------------------------------
  data_out_reg_reg[2]/clk -       -      R     (arrival)           80    -     0     0       0    (-,-) 
  data_out_reg_reg[2]/q   (u)     clk->q R     unmapped_d_flop      1  2.9     0   178     178    (-,-) 
  o_data[2]               -       -      R     (port)               -    -     -     0     178    (-,-) 
#-------------------------------------------------------------------------------------------------------

(u) : Net has unmapped pin(s).



Path 19: MET (1122 ps) Late External Delay Assertion at pin o_data[3]
          Group: clock
     Startpoint: (R) data_out_reg_reg[3]/clk
          Clock: (R) clock
       Endpoint: (R) o_data[3]
          Clock: (R) clock

                     Capture       Launch     
        Clock Edge:+    1800            0     
       Src Latency:+       0            0     
       Net Latency:+       0 (I)        0 (I) 
           Arrival:=    1800            0     
                                              
      Output Delay:-     500                  
     Required Time:=    1300                  
      Launch Clock:-       0                  
         Data Path:-     178                  
             Slack:=    1122                  

Exceptions/Constraints:
  output_delay             500             fir_serial.sdc_line_3_21_1 

#-------------------------------------------------------------------------------------------------------
#      Timing Point       Flags    Arc   Edge      Cell        Fanout Load Trans Delay Arrival Instance 
#                                                                     (fF)  (ps)  (ps)   (ps)  Location 
#-------------------------------------------------------------------------------------------------------
  data_out_reg_reg[3]/clk -       -      R     (arrival)           80    -     0     0       0    (-,-) 
  data_out_reg_reg[3]/q   (u)     clk->q R     unmapped_d_flop      1  2.9     0   178     178    (-,-) 
  o_data[3]               -       -      R     (port)               -    -     -     0     178    (-,-) 
#-------------------------------------------------------------------------------------------------------

(u) : Net has unmapped pin(s).



Path 20: MET (1122 ps) Late External Delay Assertion at pin o_data[4]
          Group: clock
     Startpoint: (R) data_out_reg_reg[4]/clk
          Clock: (R) clock
       Endpoint: (R) o_data[4]
          Clock: (R) clock

                     Capture       Launch     
        Clock Edge:+    1800            0     
       Src Latency:+       0            0     
       Net Latency:+       0 (I)        0 (I) 
           Arrival:=    1800            0     
                                              
      Output Delay:-     500                  
     Required Time:=    1300                  
      Launch Clock:-       0                  
         Data Path:-     178                  
             Slack:=    1122                  

Exceptions/Constraints:
  output_delay             500             fir_serial.sdc_line_3_20_1 

#-------------------------------------------------------------------------------------------------------
#      Timing Point       Flags    Arc   Edge      Cell        Fanout Load Trans Delay Arrival Instance 
#                                                                     (fF)  (ps)  (ps)   (ps)  Location 
#-------------------------------------------------------------------------------------------------------
  data_out_reg_reg[4]/clk -       -      R     (arrival)           80    -     0     0       0    (-,-) 
  data_out_reg_reg[4]/q   (u)     clk->q R     unmapped_d_flop      1  2.9     0   178     178    (-,-) 
  o_data[4]               -       -      R     (port)               -    -     -     0     178    (-,-) 
#-------------------------------------------------------------------------------------------------------

(u) : Net has unmapped pin(s).



Path 21: MET (1122 ps) Late External Delay Assertion at pin o_data[5]
          Group: clock
     Startpoint: (R) data_out_reg_reg[5]/clk
          Clock: (R) clock
       Endpoint: (R) o_data[5]
          Clock: (R) clock

                     Capture       Launch     
        Clock Edge:+    1800            0     
       Src Latency:+       0            0     
       Net Latency:+       0 (I)        0 (I) 
           Arrival:=    1800            0     
                                              
      Output Delay:-     500                  
     Required Time:=    1300                  
      Launch Clock:-       0                  
         Data Path:-     178                  
             Slack:=    1122                  

Exceptions/Constraints:
  output_delay             500             fir_serial.sdc_line_3_19_1 

#-------------------------------------------------------------------------------------------------------
#      Timing Point       Flags    Arc   Edge      Cell        Fanout Load Trans Delay Arrival Instance 
#                                                                     (fF)  (ps)  (ps)   (ps)  Location 
#-------------------------------------------------------------------------------------------------------
  data_out_reg_reg[5]/clk -       -      R     (arrival)           80    -     0     0       0    (-,-) 
  data_out_reg_reg[5]/q   (u)     clk->q R     unmapped_d_flop      1  2.9     0   178     178    (-,-) 
  o_data[5]               -       -      R     (port)               -    -     -     0     178    (-,-) 
#-------------------------------------------------------------------------------------------------------

(u) : Net has unmapped pin(s).



Path 22: MET (1122 ps) Late External Delay Assertion at pin o_data[6]
          Group: clock
     Startpoint: (R) data_out_reg_reg[6]/clk
          Clock: (R) clock
       Endpoint: (R) o_data[6]
          Clock: (R) clock

                     Capture       Launch     
        Clock Edge:+    1800            0     
       Src Latency:+       0            0     
       Net Latency:+       0 (I)        0 (I) 
           Arrival:=    1800            0     
                                              
      Output Delay:-     500                  
     Required Time:=    1300                  
      Launch Clock:-       0                  
         Data Path:-     178                  
             Slack:=    1122                  

Exceptions/Constraints:
  output_delay             500             fir_serial.sdc_line_3_18_1 

#-------------------------------------------------------------------------------------------------------
#      Timing Point       Flags    Arc   Edge      Cell        Fanout Load Trans Delay Arrival Instance 
#                                                                     (fF)  (ps)  (ps)   (ps)  Location 
#-------------------------------------------------------------------------------------------------------
  data_out_reg_reg[6]/clk -       -      R     (arrival)           80    -     0     0       0    (-,-) 
  data_out_reg_reg[6]/q   (u)     clk->q R     unmapped_d_flop      1  2.9     0   178     178    (-,-) 
  o_data[6]               -       -      R     (port)               -    -     -     0     178    (-,-) 
#-------------------------------------------------------------------------------------------------------

(u) : Net has unmapped pin(s).



Path 23: MET (1122 ps) Late External Delay Assertion at pin o_data[7]
          Group: clock
     Startpoint: (R) data_out_reg_reg[7]/clk
          Clock: (R) clock
       Endpoint: (R) o_data[7]
          Clock: (R) clock

                     Capture       Launch     
        Clock Edge:+    1800            0     
       Src Latency:+       0            0     
       Net Latency:+       0 (I)        0 (I) 
           Arrival:=    1800            0     
                                              
      Output Delay:-     500                  
     Required Time:=    1300                  
      Launch Clock:-       0                  
         Data Path:-     178                  
             Slack:=    1122                  

Exceptions/Constraints:
  output_delay             500             fir_serial.sdc_line_3_17_1 

#-------------------------------------------------------------------------------------------------------
#      Timing Point       Flags    Arc   Edge      Cell        Fanout Load Trans Delay Arrival Instance 
#                                                                     (fF)  (ps)  (ps)   (ps)  Location 
#-------------------------------------------------------------------------------------------------------
  data_out_reg_reg[7]/clk -       -      R     (arrival)           80    -     0     0       0    (-,-) 
  data_out_reg_reg[7]/q   (u)     clk->q R     unmapped_d_flop      1  2.9     0   178     178    (-,-) 
  o_data[7]               -       -      R     (port)               -    -     -     0     178    (-,-) 
#-------------------------------------------------------------------------------------------------------

(u) : Net has unmapped pin(s).



Path 24: MET (1122 ps) Late External Delay Assertion at pin o_data[8]
          Group: clock
     Startpoint: (R) data_out_reg_reg[8]/clk
          Clock: (R) clock
       Endpoint: (R) o_data[8]
          Clock: (R) clock

                     Capture       Launch     
        Clock Edge:+    1800            0     
       Src Latency:+       0            0     
       Net Latency:+       0 (I)        0 (I) 
           Arrival:=    1800            0     
                                              
      Output Delay:-     500                  
     Required Time:=    1300                  
      Launch Clock:-       0                  
         Data Path:-     178                  
             Slack:=    1122                  

Exceptions/Constraints:
  output_delay             500             fir_serial.sdc_line_3_16_1 

#-------------------------------------------------------------------------------------------------------
#      Timing Point       Flags    Arc   Edge      Cell        Fanout Load Trans Delay Arrival Instance 
#                                                                     (fF)  (ps)  (ps)   (ps)  Location 
#-------------------------------------------------------------------------------------------------------
  data_out_reg_reg[8]/clk -       -      R     (arrival)           80    -     0     0       0    (-,-) 
  data_out_reg_reg[8]/q   (u)     clk->q R     unmapped_d_flop      1  2.9     0   178     178    (-,-) 
  o_data[8]               -       -      R     (port)               -    -     -     0     178    (-,-) 
#-------------------------------------------------------------------------------------------------------

(u) : Net has unmapped pin(s).



Path 25: MET (1122 ps) Late External Delay Assertion at pin o_data[9]
          Group: clock
     Startpoint: (R) data_out_reg_reg[9]/clk
          Clock: (R) clock
       Endpoint: (R) o_data[9]
          Clock: (R) clock

                     Capture       Launch     
        Clock Edge:+    1800            0     
       Src Latency:+       0            0     
       Net Latency:+       0 (I)        0 (I) 
           Arrival:=    1800            0     
                                              
      Output Delay:-     500                  
     Required Time:=    1300                  
      Launch Clock:-       0                  
         Data Path:-     178                  
             Slack:=    1122                  

Exceptions/Constraints:
  output_delay             500             fir_serial.sdc_line_3_15_1 

#-------------------------------------------------------------------------------------------------------
#      Timing Point       Flags    Arc   Edge      Cell        Fanout Load Trans Delay Arrival Instance 
#                                                                     (fF)  (ps)  (ps)   (ps)  Location 
#-------------------------------------------------------------------------------------------------------
  data_out_reg_reg[9]/clk -       -      R     (arrival)           80    -     0     0       0    (-,-) 
  data_out_reg_reg[9]/q   (u)     clk->q R     unmapped_d_flop      1  2.9     0   178     178    (-,-) 
  o_data[9]               -       -      R     (port)               -    -     -     0     178    (-,-) 
#-------------------------------------------------------------------------------------------------------

(u) : Net has unmapped pin(s).



Path 26: MET (1122 ps) Late External Delay Assertion at pin o_data[10]
          Group: clock
     Startpoint: (R) data_out_reg_reg[10]/clk
          Clock: (R) clock
       Endpoint: (R) o_data[10]
          Clock: (R) clock

                     Capture       Launch     
        Clock Edge:+    1800            0     
       Src Latency:+       0            0     
       Net Latency:+       0 (I)        0 (I) 
           Arrival:=    1800            0     
                                              
      Output Delay:-     500                  
     Required Time:=    1300                  
      Launch Clock:-       0                  
         Data Path:-     178                  
             Slack:=    1122                  

Exceptions/Constraints:
  output_delay             500             fir_serial.sdc_line_3_14_1 

#--------------------------------------------------------------------------------------------------------
#      Timing Point        Flags    Arc   Edge      Cell        Fanout Load Trans Delay Arrival Instance 
#                                                                      (fF)  (ps)  (ps)   (ps)  Location 
#--------------------------------------------------------------------------------------------------------
  data_out_reg_reg[10]/clk -       -      R     (arrival)           80    -     0     0       0    (-,-) 
  data_out_reg_reg[10]/q   (u)     clk->q R     unmapped_d_flop      1  2.9     0   178     178    (-,-) 
  o_data[10]               -       -      R     (port)               -    -     -     0     178    (-,-) 
#--------------------------------------------------------------------------------------------------------

(u) : Net has unmapped pin(s).



Path 27: MET (1122 ps) Late External Delay Assertion at pin o_data[11]
          Group: clock
     Startpoint: (R) data_out_reg_reg[11]/clk
          Clock: (R) clock
       Endpoint: (R) o_data[11]
          Clock: (R) clock

                     Capture       Launch     
        Clock Edge:+    1800            0     
       Src Latency:+       0            0     
       Net Latency:+       0 (I)        0 (I) 
           Arrival:=    1800            0     
                                              
      Output Delay:-     500                  
     Required Time:=    1300                  
      Launch Clock:-       0                  
         Data Path:-     178                  
             Slack:=    1122                  

Exceptions/Constraints:
  output_delay             500             fir_serial.sdc_line_3_13_1 

#--------------------------------------------------------------------------------------------------------
#      Timing Point        Flags    Arc   Edge      Cell        Fanout Load Trans Delay Arrival Instance 
#                                                                      (fF)  (ps)  (ps)   (ps)  Location 
#--------------------------------------------------------------------------------------------------------
  data_out_reg_reg[11]/clk -       -      R     (arrival)           80    -     0     0       0    (-,-) 
  data_out_reg_reg[11]/q   (u)     clk->q R     unmapped_d_flop      1  2.9     0   178     178    (-,-) 
  o_data[11]               -       -      R     (port)               -    -     -     0     178    (-,-) 
#--------------------------------------------------------------------------------------------------------

(u) : Net has unmapped pin(s).



Path 28: MET (1122 ps) Late External Delay Assertion at pin o_data[12]
          Group: clock
     Startpoint: (R) data_out_reg_reg[12]/clk
          Clock: (R) clock
       Endpoint: (R) o_data[12]
          Clock: (R) clock

                     Capture       Launch     
        Clock Edge:+    1800            0     
       Src Latency:+       0            0     
       Net Latency:+       0 (I)        0 (I) 
           Arrival:=    1800            0     
                                              
      Output Delay:-     500                  
     Required Time:=    1300                  
      Launch Clock:-       0                  
         Data Path:-     178                  
             Slack:=    1122                  

Exceptions/Constraints:
  output_delay             500             fir_serial.sdc_line_3_12_1 

#--------------------------------------------------------------------------------------------------------
#      Timing Point        Flags    Arc   Edge      Cell        Fanout Load Trans Delay Arrival Instance 
#                                                                      (fF)  (ps)  (ps)   (ps)  Location 
#--------------------------------------------------------------------------------------------------------
  data_out_reg_reg[12]/clk -       -      R     (arrival)           80    -     0     0       0    (-,-) 
  data_out_reg_reg[12]/q   (u)     clk->q R     unmapped_d_flop      1  2.9     0   178     178    (-,-) 
  o_data[12]               -       -      R     (port)               -    -     -     0     178    (-,-) 
#--------------------------------------------------------------------------------------------------------

(u) : Net has unmapped pin(s).



Path 29: MET (1122 ps) Late External Delay Assertion at pin o_data[13]
          Group: clock
     Startpoint: (R) data_out_reg_reg[13]/clk
          Clock: (R) clock
       Endpoint: (R) o_data[13]
          Clock: (R) clock

                     Capture       Launch     
        Clock Edge:+    1800            0     
       Src Latency:+       0            0     
       Net Latency:+       0 (I)        0 (I) 
           Arrival:=    1800            0     
                                              
      Output Delay:-     500                  
     Required Time:=    1300                  
      Launch Clock:-       0                  
         Data Path:-     178                  
             Slack:=    1122                  

Exceptions/Constraints:
  output_delay             500             fir_serial.sdc_line_3_11_1 

#--------------------------------------------------------------------------------------------------------
#      Timing Point        Flags    Arc   Edge      Cell        Fanout Load Trans Delay Arrival Instance 
#                                                                      (fF)  (ps)  (ps)   (ps)  Location 
#--------------------------------------------------------------------------------------------------------
  data_out_reg_reg[13]/clk -       -      R     (arrival)           80    -     0     0       0    (-,-) 
  data_out_reg_reg[13]/q   (u)     clk->q R     unmapped_d_flop      1  2.9     0   178     178    (-,-) 
  o_data[13]               -       -      R     (port)               -    -     -     0     178    (-,-) 
#--------------------------------------------------------------------------------------------------------

(u) : Net has unmapped pin(s).



Path 30: MET (1122 ps) Late External Delay Assertion at pin o_data[14]
          Group: clock
     Startpoint: (R) data_out_reg_reg[14]/clk
          Clock: (R) clock
       Endpoint: (R) o_data[14]
          Clock: (R) clock

                     Capture       Launch     
        Clock Edge:+    1800            0     
       Src Latency:+       0            0     
       Net Latency:+       0 (I)        0 (I) 
           Arrival:=    1800            0     
                                              
      Output Delay:-     500                  
     Required Time:=    1300                  
      Launch Clock:-       0                  
         Data Path:-     178                  
             Slack:=    1122                  

Exceptions/Constraints:
  output_delay             500             fir_serial.sdc_line_3_10_1 

#--------------------------------------------------------------------------------------------------------
#      Timing Point        Flags    Arc   Edge      Cell        Fanout Load Trans Delay Arrival Instance 
#                                                                      (fF)  (ps)  (ps)   (ps)  Location 
#--------------------------------------------------------------------------------------------------------
  data_out_reg_reg[14]/clk -       -      R     (arrival)           80    -     0     0       0    (-,-) 
  data_out_reg_reg[14]/q   (u)     clk->q R     unmapped_d_flop      1  2.9     0   178     178    (-,-) 
  o_data[14]               -       -      R     (port)               -    -     -     0     178    (-,-) 
#--------------------------------------------------------------------------------------------------------

(u) : Net has unmapped pin(s).



Path 31: MET (1122 ps) Late External Delay Assertion at pin o_data[15]
          Group: clock
     Startpoint: (R) data_out_reg_reg[15]/clk
          Clock: (R) clock
       Endpoint: (R) o_data[15]
          Clock: (R) clock

                     Capture       Launch     
        Clock Edge:+    1800            0     
       Src Latency:+       0            0     
       Net Latency:+       0 (I)        0 (I) 
           Arrival:=    1800            0     
                                              
      Output Delay:-     500                  
     Required Time:=    1300                  
      Launch Clock:-       0                  
         Data Path:-     178                  
             Slack:=    1122                  

Exceptions/Constraints:
  output_delay             500             fir_serial.sdc_line_3_9_1 

#--------------------------------------------------------------------------------------------------------
#      Timing Point        Flags    Arc   Edge      Cell        Fanout Load Trans Delay Arrival Instance 
#                                                                      (fF)  (ps)  (ps)   (ps)  Location 
#--------------------------------------------------------------------------------------------------------
  data_out_reg_reg[15]/clk -       -      R     (arrival)           80    -     0     0       0    (-,-) 
  data_out_reg_reg[15]/q   (u)     clk->q R     unmapped_d_flop      4  7.2     0   178     178    (-,-) 
  o_data[15]               -       -      R     (port)               -    -     -     0     178    (-,-) 
#--------------------------------------------------------------------------------------------------------

(u) : Net has unmapped pin(s).



Path 32: MET (1122 ps) Late External Delay Assertion at pin o_data[16]
          Group: clock
     Startpoint: (R) data_out_reg_reg[15]/clk
          Clock: (R) clock
       Endpoint: (R) o_data[16]
          Clock: (R) clock

                     Capture       Launch     
        Clock Edge:+    1800            0     
       Src Latency:+       0            0     
       Net Latency:+       0 (I)        0 (I) 
           Arrival:=    1800            0     
                                              
      Output Delay:-     500                  
     Required Time:=    1300                  
      Launch Clock:-       0                  
         Data Path:-     178                  
             Slack:=    1122                  

Exceptions/Constraints:
  output_delay             500             fir_serial.sdc_line_3_8_1 

#--------------------------------------------------------------------------------------------------------
#      Timing Point        Flags    Arc   Edge      Cell        Fanout Load Trans Delay Arrival Instance 
#                                                                      (fF)  (ps)  (ps)   (ps)  Location 
#--------------------------------------------------------------------------------------------------------
  data_out_reg_reg[15]/clk -       -      R     (arrival)           80    -     0     0       0    (-,-) 
  data_out_reg_reg[15]/q   (u)     clk->q R     unmapped_d_flop      4  7.2     0   178     178    (-,-) 
  o_data[16]               -       -      R     (port)               -    -     -     0     178    (-,-) 
#--------------------------------------------------------------------------------------------------------

(u) : Net has unmapped pin(s).



Path 33: MET (1122 ps) Late External Delay Assertion at pin o_data[17]
          Group: clock
     Startpoint: (R) data_out_reg_reg[15]/clk
          Clock: (R) clock
       Endpoint: (R) o_data[17]
          Clock: (R) clock

                     Capture       Launch     
        Clock Edge:+    1800            0     
       Src Latency:+       0            0     
       Net Latency:+       0 (I)        0 (I) 
           Arrival:=    1800            0     
                                              
      Output Delay:-     500                  
     Required Time:=    1300                  
      Launch Clock:-       0                  
         Data Path:-     178                  
             Slack:=    1122                  

Exceptions/Constraints:
  output_delay             500             fir_serial.sdc_line_3_7_1 

#--------------------------------------------------------------------------------------------------------
#      Timing Point        Flags    Arc   Edge      Cell        Fanout Load Trans Delay Arrival Instance 
#                                                                      (fF)  (ps)  (ps)   (ps)  Location 
#--------------------------------------------------------------------------------------------------------
  data_out_reg_reg[15]/clk -       -      R     (arrival)           80    -     0     0       0    (-,-) 
  data_out_reg_reg[15]/q   (u)     clk->q R     unmapped_d_flop      4  7.2     0   178     178    (-,-) 
  o_data[17]               -       -      R     (port)               -    -     -     0     178    (-,-) 
#--------------------------------------------------------------------------------------------------------

(u) : Net has unmapped pin(s).



Path 34: MET (1122 ps) Late External Delay Assertion at pin o_data[18]
          Group: clock
     Startpoint: (R) data_out_reg_reg[15]/clk
          Clock: (R) clock
       Endpoint: (R) o_data[18]
          Clock: (R) clock

                     Capture       Launch     
        Clock Edge:+    1800            0     
       Src Latency:+       0            0     
       Net Latency:+       0 (I)        0 (I) 
           Arrival:=    1800            0     
                                              
      Output Delay:-     500                  
     Required Time:=    1300                  
      Launch Clock:-       0                  
         Data Path:-     178                  
             Slack:=    1122                  

Exceptions/Constraints:
  output_delay             500             fir_serial.sdc_line_3 

#--------------------------------------------------------------------------------------------------------
#      Timing Point        Flags    Arc   Edge      Cell        Fanout Load Trans Delay Arrival Instance 
#                                                                      (fF)  (ps)  (ps)   (ps)  Location 
#--------------------------------------------------------------------------------------------------------
  data_out_reg_reg[15]/clk -       -      R     (arrival)           80    -     0     0       0    (-,-) 
  data_out_reg_reg[15]/q   (u)     clk->q R     unmapped_d_flop      4  7.2     0   178     178    (-,-) 
  o_data[18]               -       -      R     (port)               -    -     -     0     178    (-,-) 
#--------------------------------------------------------------------------------------------------------

(u) : Net has unmapped pin(s).



Path 35: MET (1231 ps) Setup Check with Pin data_in_reg_reg[7]/clk->d
          Group: clock
     Startpoint: (R) i_data[7]
          Clock: (R) clock
       Endpoint: (R) data_in_reg_reg[7]/d
          Clock: (R) clock

                     Capture       Launch     
        Clock Edge:+    1800            0     
        Drv Adjust:+       0            0     
       Src Latency:+       0            0     
       Net Latency:+       0 (I)        0 (I) 
           Arrival:=    1800            0     
                                              
             Setup:-      69                  
     Required Time:=    1731                  
      Launch Clock:-       0                  
       Input Delay:-     500                  
         Data Path:-       0                  
             Slack:=    1231                  

Exceptions/Constraints:
  input_delay             500             fir_serial.sdc_line_2 

#---------------------------------------------------------------------------------------------------
#    Timing Point      Flags   Arc   Edge      Cell        Fanout Load Trans Delay Arrival Instance 
#                                                                 (fF)  (ps)  (ps)   (ps)  Location 
#---------------------------------------------------------------------------------------------------
  i_data[7]            (u)     -     R     (arrival)            1  0.5     0     0     500    (-,-) 
  data_in_reg_reg[7]/d -       -     R     unmapped_d_flop      1    -     -     0     500    (-,-) 
#---------------------------------------------------------------------------------------------------

(u) : Net has unmapped pin(s).



Path 36: MET (1231 ps) Setup Check with Pin data_in_reg_reg[6]/clk->d
          Group: clock
     Startpoint: (R) i_data[6]
          Clock: (R) clock
       Endpoint: (R) data_in_reg_reg[6]/d
          Clock: (R) clock

                     Capture       Launch     
        Clock Edge:+    1800            0     
        Drv Adjust:+       0            0     
       Src Latency:+       0            0     
       Net Latency:+       0 (I)        0 (I) 
           Arrival:=    1800            0     
                                              
             Setup:-      69                  
     Required Time:=    1731                  
      Launch Clock:-       0                  
       Input Delay:-     500                  
         Data Path:-       0                  
             Slack:=    1231                  

Exceptions/Constraints:
  input_delay             500             fir_serial.sdc_line_2_1_1 

#---------------------------------------------------------------------------------------------------
#    Timing Point      Flags   Arc   Edge      Cell        Fanout Load Trans Delay Arrival Instance 
#                                                                 (fF)  (ps)  (ps)   (ps)  Location 
#---------------------------------------------------------------------------------------------------
  i_data[6]            (u)     -     R     (arrival)            1  0.5     0     0     500    (-,-) 
  data_in_reg_reg[6]/d -       -     R     unmapped_d_flop      1    -     -     0     500    (-,-) 
#---------------------------------------------------------------------------------------------------

(u) : Net has unmapped pin(s).



Path 37: MET (1231 ps) Setup Check with Pin data_in_reg_reg[5]/clk->d
          Group: clock
     Startpoint: (R) i_data[5]
          Clock: (R) clock
       Endpoint: (R) data_in_reg_reg[5]/d
          Clock: (R) clock

                     Capture       Launch     
        Clock Edge:+    1800            0     
        Drv Adjust:+       0            0     
       Src Latency:+       0            0     
       Net Latency:+       0 (I)        0 (I) 
           Arrival:=    1800            0     
                                              
             Setup:-      69                  
     Required Time:=    1731                  
      Launch Clock:-       0                  
       Input Delay:-     500                  
         Data Path:-       0                  
             Slack:=    1231                  

Exceptions/Constraints:
  input_delay             500             fir_serial.sdc_line_2_2_1 

#---------------------------------------------------------------------------------------------------
#    Timing Point      Flags   Arc   Edge      Cell        Fanout Load Trans Delay Arrival Instance 
#                                                                 (fF)  (ps)  (ps)   (ps)  Location 
#---------------------------------------------------------------------------------------------------
  i_data[5]            (u)     -     R     (arrival)            1  0.5     0     0     500    (-,-) 
  data_in_reg_reg[5]/d -       -     R     unmapped_d_flop      1    -     -     0     500    (-,-) 
#---------------------------------------------------------------------------------------------------

(u) : Net has unmapped pin(s).



Path 38: MET (1231 ps) Setup Check with Pin data_in_reg_reg[4]/clk->d
          Group: clock
     Startpoint: (R) i_data[4]
          Clock: (R) clock
       Endpoint: (R) data_in_reg_reg[4]/d
          Clock: (R) clock

                     Capture       Launch     
        Clock Edge:+    1800            0     
        Drv Adjust:+       0            0     
       Src Latency:+       0            0     
       Net Latency:+       0 (I)        0 (I) 
           Arrival:=    1800            0     
                                              
             Setup:-      69                  
     Required Time:=    1731                  
      Launch Clock:-       0                  
       Input Delay:-     500                  
         Data Path:-       0                  
             Slack:=    1231                  

Exceptions/Constraints:
  input_delay             500             fir_serial.sdc_line_2_3_1 

#---------------------------------------------------------------------------------------------------
#    Timing Point      Flags   Arc   Edge      Cell        Fanout Load Trans Delay Arrival Instance 
#                                                                 (fF)  (ps)  (ps)   (ps)  Location 
#---------------------------------------------------------------------------------------------------
  i_data[4]            (u)     -     R     (arrival)            1  0.5     0     0     500    (-,-) 
  data_in_reg_reg[4]/d -       -     R     unmapped_d_flop      1    -     -     0     500    (-,-) 
#---------------------------------------------------------------------------------------------------

(u) : Net has unmapped pin(s).



Path 39: MET (1231 ps) Setup Check with Pin data_in_reg_reg[3]/clk->d
          Group: clock
     Startpoint: (R) i_data[3]
          Clock: (R) clock
       Endpoint: (R) data_in_reg_reg[3]/d
          Clock: (R) clock

                     Capture       Launch     
        Clock Edge:+    1800            0     
        Drv Adjust:+       0            0     
       Src Latency:+       0            0     
       Net Latency:+       0 (I)        0 (I) 
           Arrival:=    1800            0     
                                              
             Setup:-      69                  
     Required Time:=    1731                  
      Launch Clock:-       0                  
       Input Delay:-     500                  
         Data Path:-       0                  
             Slack:=    1231                  

Exceptions/Constraints:
  input_delay             500             fir_serial.sdc_line_2_4_1 

#---------------------------------------------------------------------------------------------------
#    Timing Point      Flags   Arc   Edge      Cell        Fanout Load Trans Delay Arrival Instance 
#                                                                 (fF)  (ps)  (ps)   (ps)  Location 
#---------------------------------------------------------------------------------------------------
  i_data[3]            (u)     -     R     (arrival)            1  0.5     0     0     500    (-,-) 
  data_in_reg_reg[3]/d -       -     R     unmapped_d_flop      1    -     -     0     500    (-,-) 
#---------------------------------------------------------------------------------------------------

(u) : Net has unmapped pin(s).



Path 40: MET (1231 ps) Setup Check with Pin data_in_reg_reg[2]/clk->d
          Group: clock
     Startpoint: (R) i_data[2]
          Clock: (R) clock
       Endpoint: (R) data_in_reg_reg[2]/d
          Clock: (R) clock

                     Capture       Launch     
        Clock Edge:+    1800            0     
        Drv Adjust:+       0            0     
       Src Latency:+       0            0     
       Net Latency:+       0 (I)        0 (I) 
           Arrival:=    1800            0     
                                              
             Setup:-      69                  
     Required Time:=    1731                  
      Launch Clock:-       0                  
       Input Delay:-     500                  
         Data Path:-       0                  
             Slack:=    1231                  

Exceptions/Constraints:
  input_delay             500             fir_serial.sdc_line_2_5_1 

#---------------------------------------------------------------------------------------------------
#    Timing Point      Flags   Arc   Edge      Cell        Fanout Load Trans Delay Arrival Instance 
#                                                                 (fF)  (ps)  (ps)   (ps)  Location 
#---------------------------------------------------------------------------------------------------
  i_data[2]            (u)     -     R     (arrival)            1  0.5     0     0     500    (-,-) 
  data_in_reg_reg[2]/d -       -     R     unmapped_d_flop      1    -     -     0     500    (-,-) 
#---------------------------------------------------------------------------------------------------

(u) : Net has unmapped pin(s).



Path 41: MET (1231 ps) Setup Check with Pin data_in_reg_reg[1]/clk->d
          Group: clock
     Startpoint: (R) i_data[1]
          Clock: (R) clock
       Endpoint: (R) data_in_reg_reg[1]/d
          Clock: (R) clock

                     Capture       Launch     
        Clock Edge:+    1800            0     
        Drv Adjust:+       0            0     
       Src Latency:+       0            0     
       Net Latency:+       0 (I)        0 (I) 
           Arrival:=    1800            0     
                                              
             Setup:-      69                  
     Required Time:=    1731                  
      Launch Clock:-       0                  
       Input Delay:-     500                  
         Data Path:-       0                  
             Slack:=    1231                  

Exceptions/Constraints:
  input_delay             500             fir_serial.sdc_line_2_6_1 

#---------------------------------------------------------------------------------------------------
#    Timing Point      Flags   Arc   Edge      Cell        Fanout Load Trans Delay Arrival Instance 
#                                                                 (fF)  (ps)  (ps)   (ps)  Location 
#---------------------------------------------------------------------------------------------------
  i_data[1]            (u)     -     R     (arrival)            1  0.5     0     0     500    (-,-) 
  data_in_reg_reg[1]/d -       -     R     unmapped_d_flop      1    -     -     0     500    (-,-) 
#---------------------------------------------------------------------------------------------------

(u) : Net has unmapped pin(s).



Path 42: MET (1231 ps) Setup Check with Pin data_in_reg_reg[0]/clk->d
          Group: clock
     Startpoint: (R) i_data[0]
          Clock: (R) clock
       Endpoint: (R) data_in_reg_reg[0]/d
          Clock: (R) clock

                     Capture       Launch     
        Clock Edge:+    1800            0     
        Drv Adjust:+       0            0     
       Src Latency:+       0            0     
       Net Latency:+       0 (I)        0 (I) 
           Arrival:=    1800            0     
                                              
             Setup:-      69                  
     Required Time:=    1731                  
      Launch Clock:-       0                  
       Input Delay:-     500                  
         Data Path:-       0                  
             Slack:=    1231                  

Exceptions/Constraints:
  input_delay             500             fir_serial.sdc_line_2_7_1 

#---------------------------------------------------------------------------------------------------
#    Timing Point      Flags   Arc   Edge      Cell        Fanout Load Trans Delay Arrival Instance 
#                                                                 (fF)  (ps)  (ps)   (ps)  Location 
#---------------------------------------------------------------------------------------------------
  i_data[0]            (u)     -     R     (arrival)            1  0.5     0     0     500    (-,-) 
  data_in_reg_reg[0]/d -       -     R     unmapped_d_flop      1    -     -     0     500    (-,-) 
#---------------------------------------------------------------------------------------------------

(u) : Net has unmapped pin(s).



Path 43: MET (1402 ps) Setup Check with Pin data_out_reg_reg[0]/clk->d
          Group: clock
     Startpoint: (R) data_in_reg_reg[0]/clk
          Clock: (R) clock
       Endpoint: (R) data_out_reg_reg[0]/d
          Clock: (R) clock

                     Capture       Launch     
        Clock Edge:+    1800            0     
       Src Latency:+       0            0     
       Net Latency:+       0 (I)        0 (I) 
           Arrival:=    1800            0     
                                              
             Setup:-      69                  
     Required Time:=    1731                  
      Launch Clock:-       0                  
         Data Path:-     329                  
             Slack:=    1402                  

#-----------------------------------------------------------------------------------------------------------------------
#            Timing Point              Flags    Arc    Edge       Cell         Fanout Load Trans Delay Arrival Instance 
#                                                                                     (fF)  (ps)  (ps)   (ps)  Location 
#-----------------------------------------------------------------------------------------------------------------------
  data_in_reg_reg[0]/clk               -       -       R     (arrival)             80    -     0     0       0    (-,-) 
  data_in_reg_reg[0]/q                 (u)     clk->q  R     unmapped_d_flop        7  3.5     0   224     224    (-,-) 
  csa_tree_ADD_TC_OP_13_groupi/g3504/z (u)     in_1->z F     unmapped_complex2      1  0.5     0    52     276    (-,-) 
  csa_tree_ADD_TC_OP_13_groupi/g3505/z (u)     in_1->z R     unmapped_nand2         1  0.5     0    52     329    (-,-) 
  data_out_reg_reg[0]/d                -       -       R     unmapped_d_flop        1    -     -     0     329    (-,-) 
#-----------------------------------------------------------------------------------------------------------------------

(u) : Net has unmapped pin(s).



Path 44: MET (1500 ps) Setup Check with Pin shift_reg_reg[6][6]/clk->d
          Group: clock
     Startpoint: (R) shift_reg_reg[5][6]/clk
          Clock: (R) clock
       Endpoint: (R) shift_reg_reg[6][6]/d
          Clock: (R) clock

                     Capture       Launch     
        Clock Edge:+    1800            0     
       Src Latency:+       0            0     
       Net Latency:+       0 (I)        0 (I) 
           Arrival:=    1800            0     
                                              
             Setup:-      69                  
     Required Time:=    1731                  
      Launch Clock:-       0                  
         Data Path:-     231                  
             Slack:=    1500                  

#-------------------------------------------------------------------------------------------------------
#      Timing Point       Flags    Arc   Edge      Cell        Fanout Load Trans Delay Arrival Instance 
#                                                                     (fF)  (ps)  (ps)   (ps)  Location 
#-------------------------------------------------------------------------------------------------------
  shift_reg_reg[5][6]/clk -       -      R     (arrival)           80    -     0     0       0    (-,-) 
  shift_reg_reg[5][6]/q   (u)     clk->q R     unmapped_d_flop      9  4.5     0   231     231    (-,-) 
  shift_reg_reg[6][6]/d   -       -      R     unmapped_d_flop      9    -     -     0     231    (-,-) 
#-------------------------------------------------------------------------------------------------------

(u) : Net has unmapped pin(s).



Path 45: MET (1500 ps) Setup Check with Pin shift_reg_reg[6][5]/clk->d
          Group: clock
     Startpoint: (R) shift_reg_reg[5][5]/clk
          Clock: (R) clock
       Endpoint: (R) shift_reg_reg[6][5]/d
          Clock: (R) clock

                     Capture       Launch     
        Clock Edge:+    1800            0     
       Src Latency:+       0            0     
       Net Latency:+       0 (I)        0 (I) 
           Arrival:=    1800            0     
                                              
             Setup:-      69                  
     Required Time:=    1731                  
      Launch Clock:-       0                  
         Data Path:-     231                  
             Slack:=    1500                  

#-------------------------------------------------------------------------------------------------------
#      Timing Point       Flags    Arc   Edge      Cell        Fanout Load Trans Delay Arrival Instance 
#                                                                     (fF)  (ps)  (ps)   (ps)  Location 
#-------------------------------------------------------------------------------------------------------
  shift_reg_reg[5][5]/clk -       -      R     (arrival)           80    -     0     0       0    (-,-) 
  shift_reg_reg[5][5]/q   (u)     clk->q R     unmapped_d_flop      9  4.5     0   231     231    (-,-) 
  shift_reg_reg[6][5]/d   -       -      R     unmapped_d_flop      9    -     -     0     231    (-,-) 
#-------------------------------------------------------------------------------------------------------

(u) : Net has unmapped pin(s).



Path 46: MET (1500 ps) Setup Check with Pin shift_reg_reg[6][4]/clk->d
          Group: clock
     Startpoint: (R) shift_reg_reg[5][4]/clk
          Clock: (R) clock
       Endpoint: (R) shift_reg_reg[6][4]/d
          Clock: (R) clock

                     Capture       Launch     
        Clock Edge:+    1800            0     
       Src Latency:+       0            0     
       Net Latency:+       0 (I)        0 (I) 
           Arrival:=    1800            0     
                                              
             Setup:-      69                  
     Required Time:=    1731                  
      Launch Clock:-       0                  
         Data Path:-     231                  
             Slack:=    1500                  

#-------------------------------------------------------------------------------------------------------
#      Timing Point       Flags    Arc   Edge      Cell        Fanout Load Trans Delay Arrival Instance 
#                                                                     (fF)  (ps)  (ps)   (ps)  Location 
#-------------------------------------------------------------------------------------------------------
  shift_reg_reg[5][4]/clk -       -      R     (arrival)           80    -     0     0       0    (-,-) 
  shift_reg_reg[5][4]/q   (u)     clk->q R     unmapped_d_flop      9  4.5     0   231     231    (-,-) 
  shift_reg_reg[6][4]/d   -       -      R     unmapped_d_flop      9    -     -     0     231    (-,-) 
#-------------------------------------------------------------------------------------------------------

(u) : Net has unmapped pin(s).



Path 47: MET (1500 ps) Setup Check with Pin shift_reg_reg[6][3]/clk->d
          Group: clock
     Startpoint: (R) shift_reg_reg[5][3]/clk
          Clock: (R) clock
       Endpoint: (R) shift_reg_reg[6][3]/d
          Clock: (R) clock

                     Capture       Launch     
        Clock Edge:+    1800            0     
       Src Latency:+       0            0     
       Net Latency:+       0 (I)        0 (I) 
           Arrival:=    1800            0     
                                              
             Setup:-      69                  
     Required Time:=    1731                  
      Launch Clock:-       0                  
         Data Path:-     231                  
             Slack:=    1500                  

#-------------------------------------------------------------------------------------------------------
#      Timing Point       Flags    Arc   Edge      Cell        Fanout Load Trans Delay Arrival Instance 
#                                                                     (fF)  (ps)  (ps)   (ps)  Location 
#-------------------------------------------------------------------------------------------------------
  shift_reg_reg[5][3]/clk -       -      R     (arrival)           80    -     0     0       0    (-,-) 
  shift_reg_reg[5][3]/q   (u)     clk->q R     unmapped_d_flop      9  4.5     0   231     231    (-,-) 
  shift_reg_reg[6][3]/d   -       -      R     unmapped_d_flop      9    -     -     0     231    (-,-) 
#-------------------------------------------------------------------------------------------------------

(u) : Net has unmapped pin(s).



Path 48: MET (1500 ps) Setup Check with Pin shift_reg_reg[5][6]/clk->d
          Group: clock
     Startpoint: (R) shift_reg_reg[4][6]/clk
          Clock: (R) clock
       Endpoint: (R) shift_reg_reg[5][6]/d
          Clock: (R) clock

                     Capture       Launch     
        Clock Edge:+    1800            0     
       Src Latency:+       0            0     
       Net Latency:+       0 (I)        0 (I) 
           Arrival:=    1800            0     
                                              
             Setup:-      69                  
     Required Time:=    1731                  
      Launch Clock:-       0                  
         Data Path:-     231                  
             Slack:=    1500                  

#-------------------------------------------------------------------------------------------------------
#      Timing Point       Flags    Arc   Edge      Cell        Fanout Load Trans Delay Arrival Instance 
#                                                                     (fF)  (ps)  (ps)   (ps)  Location 
#-------------------------------------------------------------------------------------------------------
  shift_reg_reg[4][6]/clk -       -      R     (arrival)           80    -     0     0       0    (-,-) 
  shift_reg_reg[4][6]/q   (u)     clk->q R     unmapped_d_flop      9  4.5     0   231     231    (-,-) 
  shift_reg_reg[5][6]/d   -       -      R     unmapped_d_flop      9    -     -     0     231    (-,-) 
#-------------------------------------------------------------------------------------------------------

(u) : Net has unmapped pin(s).



Path 49: MET (1500 ps) Setup Check with Pin shift_reg_reg[5][4]/clk->d
          Group: clock
     Startpoint: (R) shift_reg_reg[4][4]/clk
          Clock: (R) clock
       Endpoint: (R) shift_reg_reg[5][4]/d
          Clock: (R) clock

                     Capture       Launch     
        Clock Edge:+    1800            0     
       Src Latency:+       0            0     
       Net Latency:+       0 (I)        0 (I) 
           Arrival:=    1800            0     
                                              
             Setup:-      69                  
     Required Time:=    1731                  
      Launch Clock:-       0                  
         Data Path:-     231                  
             Slack:=    1500                  

#-------------------------------------------------------------------------------------------------------
#      Timing Point       Flags    Arc   Edge      Cell        Fanout Load Trans Delay Arrival Instance 
#                                                                     (fF)  (ps)  (ps)   (ps)  Location 
#-------------------------------------------------------------------------------------------------------
  shift_reg_reg[4][4]/clk -       -      R     (arrival)           80    -     0     0       0    (-,-) 
  shift_reg_reg[4][4]/q   (u)     clk->q R     unmapped_d_flop      9  4.5     0   231     231    (-,-) 
  shift_reg_reg[5][4]/d   -       -      R     unmapped_d_flop      9    -     -     0     231    (-,-) 
#-------------------------------------------------------------------------------------------------------

(u) : Net has unmapped pin(s).



Path 50: MET (1500 ps) Setup Check with Pin shift_reg_reg[5][3]/clk->d
          Group: clock
     Startpoint: (R) shift_reg_reg[4][3]/clk
          Clock: (R) clock
       Endpoint: (R) shift_reg_reg[5][3]/d
          Clock: (R) clock

                     Capture       Launch     
        Clock Edge:+    1800            0     
       Src Latency:+       0            0     
       Net Latency:+       0 (I)        0 (I) 
           Arrival:=    1800            0     
                                              
             Setup:-      69                  
     Required Time:=    1731                  
      Launch Clock:-       0                  
         Data Path:-     231                  
             Slack:=    1500                  

#-------------------------------------------------------------------------------------------------------
#      Timing Point       Flags    Arc   Edge      Cell        Fanout Load Trans Delay Arrival Instance 
#                                                                     (fF)  (ps)  (ps)   (ps)  Location 
#-------------------------------------------------------------------------------------------------------
  shift_reg_reg[4][3]/clk -       -      R     (arrival)           80    -     0     0       0    (-,-) 
  shift_reg_reg[4][3]/q   (u)     clk->q R     unmapped_d_flop      9  4.5     0   231     231    (-,-) 
  shift_reg_reg[5][3]/d   -       -      R     unmapped_d_flop      9    -     -     0     231    (-,-) 
#-------------------------------------------------------------------------------------------------------

(u) : Net has unmapped pin(s).

