============================================================
  Generated by:           Genus(TM) Synthesis Solution 23.10-p004_1
  Generated on:           Oct 08 2026  09:33:20 pm
  Module:                 fir_serial
  Operating conditions:   PVT_0P9V_125C 
  Interconnect mode:      global
  Area mode:              physical library
============================================================


Path 1: MET (0 ps) Setup Check with Pin data_out_reg_reg[12]/CK->D
          Group: clock
     Startpoint: (R) shift_reg_reg[5][3]/CK
          Clock: (R) clock
       Endpoint: (R) data_out_reg_reg[12]/D
          Clock: (R) clock

                     Capture       Launch     
        Clock Edge:+    1800            0     
       Src Latency:+       0            0     
       Net Latency:+       0 (I)        0 (I) 
           Arrival:=    1800            0     
                                              
             Setup:-      83                  
     Required Time:=    1717                  
      Launch Clock:-       0                  
         Data Path:-    1717                  
             Slack:=       0                  

#--------------------------------------------------------------------------------------------------------------------------------
#                    Timing Point                     Flags    Arc   Edge     Cell      Fanout Load Trans Delay Arrival Instance 
#                                                                                              (fF)  (ps)  (ps)   (ps)  Location 
#--------------------------------------------------------------------------------------------------------------------------------
  shift_reg_reg[5][3]/CK                              -       -      R     (arrival)        80    -     0     0       0    (-,-) 
  shift_reg_reg[5][3]/QN                              -       CK->QN R     DFFX1LVT          1  3.8    61   177     177    (-,-) 
  csa_tree_ADD_TC_OP_13_groupi_cdnfadd_007_0__5122/CO -       A->CO  R     ADDFX1LVT         1  3.8    71   165     341    (-,-) 
  csa_tree_ADD_TC_OP_13_groupi_cdnfadd_008_5__5107/S  -       B->S   F     ADDFX1LVT         1  3.5    73   228     569    (-,-) 
  csa_tree_ADD_TC_OP_13_groupi_cdnfadd_008_8__8428/S  -       CI->S  R     ADDFX1LVT         1  4.3    80   227     796    (-,-) 
  csa_tree_ADD_TC_OP_13_groupi_cdnfadd_008_11__3680/S -       A->S   F     ADDFHX1LVT        1  3.8    76   217    1013    (-,-) 
  csa_tree_ADD_TC_OP_13_groupi_cdnfadd_008_12__1617/S -       CI->S  R     ADDFHX2LVT        2  7.3    80   240    1253    (-,-) 
  csa_tree_ADD_TC_OP_13_groupi_g2059__6417/Y          -       B->Y   R     CLKAND2X6LVT      3  8.2    34    83    1336    (-,-) 
  csa_tree_ADD_TC_OP_13_groupi_g2038__2802/Y          -       A0->Y  F     AOI21X4LVT        2  8.4   102    87    1424    (-,-) 
  csa_tree_ADD_TC_OP_13_groupi_g2037/Y                -       A->Y   R     INVX2LVT          1  4.7    54    67    1491    (-,-) 
  csa_tree_ADD_TC_OP_13_groupi_g2023__7410/Y          -       A1->Y  F     AOI221X4LVT       1  3.3    88    86    1576    (-,-) 
  csa_tree_ADD_TC_OP_13_groupi_g2017__6161/Y          -       B->Y   R     XNOR2X1LVT        1  3.2    57   141    1717    (-,-) 
  data_out_reg_reg[12]/D                              -       -      R     DFFHQX1LVT        1    -     -     0    1717    (-,-) 
#--------------------------------------------------------------------------------------------------------------------------------



Path 2: MET (0 ps) Setup Check with Pin data_out_reg_reg[11]/CK->D
          Group: clock
     Startpoint: (R) shift_reg_reg[2][3]/CK
          Clock: (R) clock
       Endpoint: (R) data_out_reg_reg[11]/D
          Clock: (R) clock

                     Capture       Launch     
        Clock Edge:+    1800            0     
       Src Latency:+       0            0     
       Net Latency:+       0 (I)        0 (I) 
           Arrival:=    1800            0     
                                              
             Setup:-      83                  
     Required Time:=    1717                  
      Launch Clock:-       0                  
         Data Path:-    1717                  
             Slack:=       0                  

#---------------------------------------------------------------------------------------------------------------------------------
#                    Timing Point                      Flags    Arc   Edge     Cell      Fanout Load Trans Delay Arrival Instance 
#                                                                                               (fF)  (ps)  (ps)   (ps)  Location 
#---------------------------------------------------------------------------------------------------------------------------------
  shift_reg_reg[2][3]/CK                               -       -      R     (arrival)        80    -     0     0       0    (-,-) 
  shift_reg_reg[2][3]/QN                               -       CK->QN R     DFFX2LVT          1  3.8    37   184     184    (-,-) 
  csa_tree_ADD_TC_OP_13_groupi_cdnfadd_006_2__2398/CO  -       CI->CO R     ADDFHX1LVT        1  4.3    75   138     321    (-,-) 
  csa_tree_ADD_TC_OP_13_groupi_cdnfadd_007_5__5115/S   -       A->S   F     ADDFHX1LVT        1  3.8    76   215     536    (-,-) 
  csa_tree_ADD_TC_OP_13_groupi_cdnfadd_007_9__9315/CO  -       CI->CO F     ADDFHX1LVT        1  3.8    76   146     682    (-,-) 
  csa_tree_ADD_TC_OP_13_groupi_cdnfadd_008_10__6783/CO -       CI->CO F     ADDFHX2LVT        1  3.8    55   144     826    (-,-) 
  csa_tree_ADD_TC_OP_13_groupi_cdnfadd_009_10__6161/S  -       CI->S  R     ADDFHX1LVT        1  3.8    69   196    1022    (-,-) 
  csa_tree_ADD_TC_OP_13_groupi_cdnfadd_009_11__9315/S  -       CI->S  F     ADDFHX2LVT        2  7.4    85   230    1252    (-,-) 
  csa_tree_ADD_TC_OP_13_groupi_g2070__5526/Y           -       B->Y   R     NOR2X6LVT         2  8.9    70    65    1317    (-,-) 
  csa_tree_ADD_TC_OP_13_groupi_g2064/Y                 -       A->Y   F     CLKINVX6LVT       2  6.2    36    42    1358    (-,-) 
  csa_tree_ADD_TC_OP_13_groupi_g2038__2802/Y           -       A1->Y  R     AOI21X4LVT        2  8.9    86    71    1429    (-,-) 
  csa_tree_ADD_TC_OP_13_groupi_g2029__6260/Y           -       A->Y   F     NAND2X8LVT        2  8.4    65    76    1505    (-,-) 
  csa_tree_ADD_TC_OP_13_groupi_g2028/Y                 -       A->Y   R     CLKINVX6LVT       3  9.9    40    41    1545    (-,-) 
  csa_tree_ADD_TC_OP_13_groupi_g2022__1666/Y           -       A1->Y  F     OAI21X4LVT        1  3.3    65    56    1601    (-,-) 
  csa_tree_ADD_TC_OP_13_groupi_g2018__9315/Y           -       B->Y   R     CLKXOR2X1LVT      1  3.2    57   116    1717    (-,-) 
  data_out_reg_reg[11]/D                               -       -      R     DFFHQX1LVT        1    -     -     0    1717    (-,-) 
#---------------------------------------------------------------------------------------------------------------------------------



Path 3: MET (0 ps) Setup Check with Pin data_out_reg_reg[13]/CK->D
          Group: clock
     Startpoint: (R) shift_reg_reg[0][7]/CK
          Clock: (R) clock
       Endpoint: (R) data_out_reg_reg[13]/D
          Clock: (R) clock

                     Capture       Launch     
        Clock Edge:+    1800            0     
       Src Latency:+       0            0     
       Net Latency:+       0 (I)        0 (I) 
           Arrival:=    1800            0     
                                              
             Setup:-      83                  
     Required Time:=    1717                  
      Launch Clock:-       0                  
         Data Path:-    1717                  
             Slack:=       0                  

#--------------------------------------------------------------------------------------------------------------------------------
#                    Timing Point                     Flags    Arc   Edge     Cell      Fanout Load Trans Delay Arrival Instance 
#                                                                                              (fF)  (ps)  (ps)   (ps)  Location 
#--------------------------------------------------------------------------------------------------------------------------------
  shift_reg_reg[0][7]/CK                              -       -      R     (arrival)        80    -     0     0       0    (-,-) 
  shift_reg_reg[0][7]/Q                               -       CK->Q  F     DFFQX4LVT         2  7.0    39   158     158    (-,-) 
  csa_tree_ADD_TC_OP_13_groupi_g2153/Y                -       A->Y   R     CLKINVX6LVT       2  6.2    26    28     186    (-,-) 
  csa_tree_ADD_TC_OP_13_groupi_cdnfadd_008_3__5477/CO -       A->CO  R     ADDFHX2LVT        1  4.2    54   140     327    (-,-) 
  csa_tree_ADD_TC_OP_13_groupi_cdnfadd_009_4__7098/S  -       B->S   F     ADDFHX1LVT        1  3.8    76   204     531    (-,-) 
  csa_tree_ADD_TC_OP_13_groupi_cdnfadd_009_7__5115/CO -       CI->CO F     ADDFHX2LVT        1  4.1    57   145     676    (-,-) 
  csa_tree_ADD_TC_OP_13_groupi_cdnfadd_010_7__2398/S  -       B->S   R     ADDFHX1LVT        1  3.8    69   201     876    (-,-) 
  csa_tree_ADD_TC_OP_13_groupi_cdnfadd_010_8__5107/S  -       CI->S  F     ADDFHX1LVT        1  3.8    76   195    1071    (-,-) 
  csa_tree_ADD_TC_OP_13_groupi_cdnfadd_010_9__6260/S  -       CI->S  R     ADDFHX2LVT        3 12.4   116   260    1331    (-,-) 
  csa_tree_ADD_TC_OP_13_groupi_g2061__2398/Y          -       B->Y   F     NOR2X6LVT         3 10.2    60    65    1397    (-,-) 
  csa_tree_ADD_TC_OP_13_groupi_g2055/Y                -       A->Y   R     INVX3LVT          2  6.6    46    46    1443    (-,-) 
  csa_tree_ADD_TC_OP_13_groupi_g2041__8246/Y          -       B->Y   F     NAND2X2LVT        1  4.5    96    78    1522    (-,-) 
  csa_tree_ADD_TC_OP_13_groupi_g2020__2883/Y          -       A0->Y  R     OAI21X4LVT        1  3.4    53    76    1597    (-,-) 
  csa_tree_ADD_TC_OP_13_groupi_g2014__5115/Y          -       B->Y   R     CLKXOR2X1LVT      1  3.2    57   120    1717    (-,-) 
  data_out_reg_reg[13]/D                              -       -      R     DFFHQX1LVT        1    -     -     0    1717    (-,-) 
#--------------------------------------------------------------------------------------------------------------------------------



Path 4: MET (0 ps) Setup Check with Pin data_out_reg_reg[14]/CK->D
          Group: clock
     Startpoint: (R) shift_reg_reg[0][7]/CK
          Clock: (R) clock
       Endpoint: (R) data_out_reg_reg[14]/D
          Clock: (R) clock

                     Capture       Launch     
        Clock Edge:+    1800            0     
       Src Latency:+       0            0     
       Net Latency:+       0 (I)        0 (I) 
           Arrival:=    1800            0     
                                              
             Setup:-      83                  
     Required Time:=    1717                  
      Launch Clock:-       0                  
         Data Path:-    1717                  
             Slack:=       0                  

#--------------------------------------------------------------------------------------------------------------------------------
#                    Timing Point                     Flags    Arc   Edge     Cell      Fanout Load Trans Delay Arrival Instance 
#                                                                                              (fF)  (ps)  (ps)   (ps)  Location 
#--------------------------------------------------------------------------------------------------------------------------------
  shift_reg_reg[0][7]/CK                              -       -      R     (arrival)        80    -     0     0       0    (-,-) 
  shift_reg_reg[0][7]/Q                               -       CK->Q  F     DFFQX4LVT         2  7.0    39   158     158    (-,-) 
  csa_tree_ADD_TC_OP_13_groupi_g2153/Y                -       A->Y   R     CLKINVX6LVT       2  6.2    26    28     186    (-,-) 
  csa_tree_ADD_TC_OP_13_groupi_cdnfadd_008_3__5477/CO -       A->CO  R     ADDFHX2LVT        1  4.2    54   140     327    (-,-) 
  csa_tree_ADD_TC_OP_13_groupi_cdnfadd_009_4__7098/S  -       B->S   F     ADDFHX1LVT        1  3.8    76   204     531    (-,-) 
  csa_tree_ADD_TC_OP_13_groupi_cdnfadd_009_7__5115/CO -       CI->CO F     ADDFHX2LVT        1  4.1    57   145     676    (-,-) 
  csa_tree_ADD_TC_OP_13_groupi_cdnfadd_010_7__2398/S  -       B->S   R     ADDFHX1LVT        1  3.8    69   201     876    (-,-) 
  csa_tree_ADD_TC_OP_13_groupi_cdnfadd_010_8__5107/S  -       CI->S  F     ADDFHX1LVT        1  3.8    76   195    1071    (-,-) 
  csa_tree_ADD_TC_OP_13_groupi_cdnfadd_010_9__6260/S  -       CI->S  R     ADDFHX2LVT        3 12.4   116   260    1331    (-,-) 
  csa_tree_ADD_TC_OP_13_groupi_g2040__5122/Y          -       B->Y   F     NAND3X8LVT        1  6.0    90   108    1439    (-,-) 
  csa_tree_ADD_TC_OP_13_groupi_g2031__8428/Y          -       B->Y   R     NAND2X8LVT        3 11.2    46    48    1488    (-,-) 
  csa_tree_ADD_TC_OP_13_groupi_g2024__6417/Y          -       A1->Y  F     AOI21X4LVT        1  6.0    83    76    1564    (-,-) 
  csa_tree_ADD_TC_OP_13_groupi_g2019__9945/Y          -       B->Y   R     NAND2X8LVT        2  5.8    34    41    1604    (-,-) 
  csa_tree_ADD_TC_OP_13_groupi_g2016__4733/Y          -       B->Y   R     CLKXOR2X1LVT      1  3.2    57   112    1717    (-,-) 
  data_out_reg_reg[14]/D                              -       -      R     DFFHQX1LVT        1    -     -     0    1717    (-,-) 
#--------------------------------------------------------------------------------------------------------------------------------



Path 5: MET (4 ps) Setup Check with Pin data_out_reg_reg[10]/CK->D
          Group: clock
     Startpoint: (R) shift_reg_reg[5][3]/CK
          Clock: (R) clock
       Endpoint: (R) data_out_reg_reg[10]/D
          Clock: (R) clock

                     Capture       Launch     
        Clock Edge:+    1800            0     
       Src Latency:+       0            0     
       Net Latency:+       0 (I)        0 (I) 
           Arrival:=    1800            0     
                                              
             Setup:-      83                  
     Required Time:=    1717                  
      Launch Clock:-       0                  
         Data Path:-    1713                  
             Slack:=       4                  

#------------------------------------------------------------------------------------------------------------------------------
#                    Timing Point                     Flags    Arc   Edge    Cell     Fanout Load Trans Delay Arrival Instance 
#                                                                                            (fF)  (ps)  (ps)   (ps)  Location 
#------------------------------------------------------------------------------------------------------------------------------
  shift_reg_reg[5][3]/CK                              -       -      R     (arrival)      80    -     0     0       0    (-,-) 
  shift_reg_reg[5][3]/QN                              -       CK->QN R     DFFX1LVT        1  3.8    61   177     177    (-,-) 
  csa_tree_ADD_TC_OP_13_groupi_cdnfadd_007_0__5122/CO -       A->CO  R     ADDFX1LVT       1  3.8    71   165     341    (-,-) 
  csa_tree_ADD_TC_OP_13_groupi_cdnfadd_008_5__5107/CO -       B->CO  R     ADDFX1LVT       1  4.2    77   171     512    (-,-) 
  csa_tree_ADD_TC_OP_13_groupi_cdnfadd_009_7__5115/CO -       B->CO  R     ADDFHX2LVT      1  4.2    54   161     673    (-,-) 
  csa_tree_ADD_TC_OP_13_groupi_cdnfadd_010_7__2398/S  -       B->S   F     ADDFHX1LVT      1  3.8    76   204     877    (-,-) 
  csa_tree_ADD_TC_OP_13_groupi_cdnfadd_010_8__5107/S  -       CI->S  R     ADDFHX1LVT      1  3.8    69   203    1081    (-,-) 
  csa_tree_ADD_TC_OP_13_groupi_cdnfadd_010_9__6260/S  -       CI->S  F     ADDFHX2LVT      3 11.7   119   249    1330    (-,-) 
  csa_tree_ADD_TC_OP_13_groupi_g2061__2398/Y          -       B->Y   R     NOR2X6LVT       3 10.7    84    80    1410    (-,-) 
  csa_tree_ADD_TC_OP_13_groupi_g2055/Y                -       A->Y   F     INVX3LVT        2  6.4    55    60    1470    (-,-) 
  csa_tree_ADD_TC_OP_13_groupi_g2054/Y                -       A->Y   R     INVX3LVT        2  7.1    48    46    1516    (-,-) 
  csa_tree_ADD_TC_OP_13_groupi_g2051__2883/Y          -       A->Y   F     NOR2X2LVT       1  3.1    42    47    1564    (-,-) 
  csa_tree_ADD_TC_OP_13_groupi_g2025__5477/Y          -       A->Y   R     XNOR2X1LVT      1  3.2    57   149    1713    (-,-) 
  data_out_reg_reg[10]/D                              -       -      R     DFFHQX1LVT      1    -     -     0    1713    (-,-) 
#------------------------------------------------------------------------------------------------------------------------------



Path 6: MET (30 ps) Setup Check with Pin data_out_reg_reg[9]/CK->D
          Group: clock
     Startpoint: (R) shift_reg_reg[6][5]/CK
          Clock: (R) clock
       Endpoint: (R) data_out_reg_reg[9]/D
          Clock: (R) clock

                     Capture       Launch     
        Clock Edge:+    1800            0     
       Src Latency:+       0            0     
       Net Latency:+       0 (I)        0 (I) 
           Arrival:=    1800            0     
                                              
             Setup:-      83                  
     Required Time:=    1717                  
      Launch Clock:-       0                  
         Data Path:-    1687                  
             Slack:=      30                  

#-------------------------------------------------------------------------------------------------------------------------------
#                    Timing Point                     Flags   Arc   Edge     Cell      Fanout Load Trans Delay Arrival Instance 
#                                                                                             (fF)  (ps)  (ps)   (ps)  Location 
#-------------------------------------------------------------------------------------------------------------------------------
  shift_reg_reg[6][5]/CK                              -       -     R     (arrival)        80    -     0     0       0    (-,-) 
  shift_reg_reg[6][5]/Q                               -       CK->Q F     DFFQX2LVT         1  4.5    45   147     147    (-,-) 
  csa_tree_ADD_TC_OP_13_groupi_g2159/Y                -       A->Y  R     CLKINVX4LVT       2  6.1    34    34     181    (-,-) 
  csa_tree_ADD_TC_OP_13_groupi_g2158/Y                -       A->Y  R     BUFX3LVT          2  7.1    43    70     251    (-,-) 
  csa_tree_ADD_TC_OP_13_groupi_g2106__6783/Y          -       B->Y  F     NOR2X4LVT         2  5.8    48    38     289    (-,-) 
  csa_tree_ADD_TC_OP_13_groupi_g2104__8428/Y          -       B0->Y R     AOI21X2LVT        1  3.8    79    69     358    (-,-) 
  csa_tree_ADD_TC_OP_13_groupi_cdnfadd_005_4__9945/CO -       A->CO R     ADDFX1LVT         1  4.2    77   175     533    (-,-) 
  csa_tree_ADD_TC_OP_13_groupi_cdnfadd_006_9__3680/S  -       B->S  F     ADDFHX1LVT        1  4.1    80   216     748    (-,-) 
  csa_tree_ADD_TC_OP_13_groupi_cdnfadd_006_11__2802/S -       B->S  R     ADDFHX1LVT        1  3.8    69   209     958    (-,-) 
  csa_tree_ADD_TC_OP_13_groupi_cdnfadd_006_12__1705/S -       CI->S F     ADDFHX2LVT        2  7.2    83   230    1187    (-,-) 
  csa_tree_ADD_TC_OP_13_groupi_g2091__6161/Y          -       B->Y  F     CLKAND2X6LVT      3  8.0    36    86    1273    (-,-) 
  csa_tree_ADD_TC_OP_13_groupi_g2080__5122/Y          -       A0->Y R     AOI21X4LVT        1  6.5    72    66    1339    (-,-) 
  csa_tree_ADD_TC_OP_13_groupi_g2076__1617/Y          -       A->Y  F     NAND2X8LVT        3  9.7    69    74    1413    (-,-) 
  csa_tree_ADD_TC_OP_13_groupi_g2075/Y                -       A->Y  R     INVX1LVT          1  3.8    68    68    1481    (-,-) 
  csa_tree_ADD_TC_OP_13_groupi_g2036__1617/Y          -       A1->Y F     OAI21X2LVT        1  3.3    92    83    1563    (-,-) 
  csa_tree_ADD_TC_OP_13_groupi_g2027__5107/Y          -       B->Y  R     CLKXOR2X1LVT      1  3.2    57   123    1687    (-,-) 
  data_out_reg_reg[9]/D                               -       -     R     DFFHQX1LVT        1    -     -     0    1687    (-,-) 
#-------------------------------------------------------------------------------------------------------------------------------



Path 7: MET (38 ps) Setup Check with Pin data_out_reg_reg[15]/CK->D
          Group: clock
     Startpoint: (R) shift_reg_reg[2][3]/CK
          Clock: (R) clock
       Endpoint: (R) data_out_reg_reg[15]/D
          Clock: (R) clock

                     Capture       Launch     
        Clock Edge:+    1800            0     
       Src Latency:+       0            0     
       Net Latency:+       0 (I)        0 (I) 
           Arrival:=    1800            0     
                                              
             Setup:-      90                  
     Required Time:=    1710                  
      Launch Clock:-       0                  
         Data Path:-    1672                  
             Slack:=      38                  

#--------------------------------------------------------------------------------------------------------------------------------
#                    Timing Point                      Flags    Arc   Edge    Cell      Fanout Load Trans Delay Arrival Instance 
#                                                                                              (fF)  (ps)  (ps)   (ps)  Location 
#--------------------------------------------------------------------------------------------------------------------------------
  shift_reg_reg[2][3]/CK                               -       -      R     (arrival)       80    -     0     0       0    (-,-) 
  shift_reg_reg[2][3]/QN                               -       CK->QN R     DFFX2LVT         1  3.8    37   184     184    (-,-) 
  csa_tree_ADD_TC_OP_13_groupi_cdnfadd_006_2__2398/CO  -       CI->CO R     ADDFHX1LVT       1  4.3    75   138     321    (-,-) 
  csa_tree_ADD_TC_OP_13_groupi_cdnfadd_007_5__5115/S   -       A->S   F     ADDFHX1LVT       1  3.8    76   215     536    (-,-) 
  csa_tree_ADD_TC_OP_13_groupi_cdnfadd_007_9__9315/CO  -       CI->CO F     ADDFHX1LVT       1  3.8    76   146     682    (-,-) 
  csa_tree_ADD_TC_OP_13_groupi_cdnfadd_008_10__6783/CO -       CI->CO F     ADDFHX2LVT       1  3.8    55   144     826    (-,-) 
  csa_tree_ADD_TC_OP_13_groupi_cdnfadd_009_10__6161/S  -       CI->S  R     ADDFHX1LVT       1  3.8    69   196    1022    (-,-) 
  csa_tree_ADD_TC_OP_13_groupi_cdnfadd_009_11__9315/S  -       CI->S  F     ADDFHX2LVT       2  7.4    85   230    1252    (-,-) 
  csa_tree_ADD_TC_OP_13_groupi_g2070__5526/Y           -       B->Y   R     NOR2X6LVT        2  8.9    70    65    1317    (-,-) 
  csa_tree_ADD_TC_OP_13_groupi_g2064/Y                 -       A->Y   F     CLKINVX6LVT      2  6.2    36    42    1358    (-,-) 
  csa_tree_ADD_TC_OP_13_groupi_g2038__2802/Y           -       A1->Y  R     AOI21X4LVT       2  8.9    86    71    1429    (-,-) 
  csa_tree_ADD_TC_OP_13_groupi_g2029__6260/Y           -       A->Y   F     NAND2X8LVT       2  8.4    65    76    1505    (-,-) 
  csa_tree_ADD_TC_OP_13_groupi_g2026__2398/Y           -       B->Y   R     NAND2X4LVT       1  6.5    42    44    1549    (-,-) 
  csa_tree_ADD_TC_OP_13_groupi_g2019__9945/Y           -       A->Y   F     NAND2X8LVT       2  5.6    57    53    1602    (-,-) 
  csa_tree_ADD_TC_OP_13_groupi_g2015__7482/Y           -       A1->Y  R     AOI21X2LVT       1  3.2    76    71    1672    (-,-) 
  data_out_reg_reg[15]/D                               -       -      R     DFFHQX1LVT       1    -     -     0    1672    (-,-) 
#--------------------------------------------------------------------------------------------------------------------------------



Path 8: MET (124 ps) Setup Check with Pin data_out_reg_reg[8]/CK->D
          Group: clock
     Startpoint: (R) shift_reg_reg[6][4]/CK
          Clock: (R) clock
       Endpoint: (R) data_out_reg_reg[8]/D
          Clock: (R) clock

                     Capture       Launch     
        Clock Edge:+    1800            0     
       Src Latency:+       0            0     
       Net Latency:+       0 (I)        0 (I) 
           Arrival:=    1800            0     
                                              
             Setup:-      83                  
     Required Time:=    1717                  
      Launch Clock:-       0                  
         Data Path:-    1593                  
             Slack:=     124                  

#---------------------------------------------------------------------------------------------------------------------------------
#                    Timing Point                      Flags    Arc   Edge     Cell      Fanout Load Trans Delay Arrival Instance 
#                                                                                               (fF)  (ps)  (ps)   (ps)  Location 
#---------------------------------------------------------------------------------------------------------------------------------
  shift_reg_reg[6][4]/CK                               -       -      R     (arrival)        80    -     0     0       0    (-,-) 
  shift_reg_reg[6][4]/QN                               -       CK->QN F     DFFX4LVT          1  5.3    34   186     186    (-,-) 
  csa_tree_ADD_TC_OP_13_groupi_g2107__3680/Y           -       A->Y   R     NOR2X6LVT         1  5.6    45    46     233    (-,-) 
  csa_tree_ADD_TC_OP_13_groupi_g2102__6260/Y           -       A->Y   F     NOR2X6LVT         1  3.8    33    36     269    (-,-) 
  csa_tree_ADD_TC_OP_13_groupi_cdnfadd_007_4__1881/S   -       CI->S  R     ADDFHX2LVT        1  4.3    59   212     481    (-,-) 
  csa_tree_ADD_TC_OP_13_groupi_cdnfadd_007_8__6161/S   -       A->S   F     ADDFHX1LVT        1  3.8    76   208     690    (-,-) 
  csa_tree_ADD_TC_OP_13_groupi_cdnfadd_007_10__9945/CO -       CI->CO F     ADDFHX2LVT        1  3.8    55   143     833    (-,-) 
  csa_tree_ADD_TC_OP_13_groupi_cdnfadd_008_11__3680/S  -       CI->S  R     ADDFHX1LVT        1  3.8    69   196    1029    (-,-) 
  csa_tree_ADD_TC_OP_13_groupi_cdnfadd_008_12__1617/S  -       CI->S  F     ADDFHX2LVT        2  7.2    83   230    1258    (-,-) 
  csa_tree_ADD_TC_OP_13_groupi_g2059__6417/Y           -       B->Y   F     CLKAND2X6LVT      3  7.9    36    86    1344    (-,-) 
  csa_tree_ADD_TC_OP_13_groupi_g2043__6131/Y           -       B->Y   F     OR2X1LVT          1  3.1    59    94    1439    (-,-) 
  csa_tree_ADD_TC_OP_13_groupi_g2032__5526/Y           -       A->Y   R     XNOR2X1LVT        1  3.2    57   155    1593    (-,-) 
  data_out_reg_reg[8]/D                                -       -      R     DFFHQX1LVT        1    -     -     0    1593    (-,-) 
#---------------------------------------------------------------------------------------------------------------------------------



Path 9: MET (161 ps) Setup Check with Pin data_out_reg_reg[7]/CK->D
          Group: clock
     Startpoint: (R) shift_reg_reg[3][3]/CK
          Clock: (R) clock
       Endpoint: (R) data_out_reg_reg[7]/D
          Clock: (R) clock

                     Capture       Launch     
        Clock Edge:+    1800            0     
       Src Latency:+       0            0     
       Net Latency:+       0 (I)        0 (I) 
           Arrival:=    1800            0     
                                              
             Setup:-      83                  
     Required Time:=    1717                  
      Launch Clock:-       0                  
         Data Path:-    1557                  
             Slack:=     161                  

#---------------------------------------------------------------------------------------------------------------------------------
#                    Timing Point                      Flags    Arc   Edge     Cell      Fanout Load Trans Delay Arrival Instance 
#                                                                                               (fF)  (ps)  (ps)   (ps)  Location 
#---------------------------------------------------------------------------------------------------------------------------------
  shift_reg_reg[3][3]/CK                               -       -      R     (arrival)        80    -     0     0       0    (-,-) 
  shift_reg_reg[3][3]/QN                               -       CK->QN F     DFFX2LVT          1  3.8    40   171     171    (-,-) 
  csa_tree_ADD_TC_OP_13_groupi_cdnfadd_006_4__6260/S   -       CI->S  R     ADDFHX1LVT        1  4.3    76   195     365    (-,-) 
  csa_tree_ADD_TC_OP_13_groupi_cdnfadd_006_8__6783/S   -       A->S   F     ADDFHX2LVT        1  3.8    56   234     600    (-,-) 
  csa_tree_ADD_TC_OP_13_groupi_cdnfadd_006_10__1617/CO -       CI->CO F     ADDFHX2LVT        1  4.1    57   137     737    (-,-) 
  csa_tree_ADD_TC_OP_13_groupi_cdnfadd_007_11__2883/S  -       B->S   R     ADDFHX1LVT        1  3.8    69   201     938    (-,-) 
  csa_tree_ADD_TC_OP_13_groupi_cdnfadd_007_12__2346/S  -       CI->S  F     ADDFHX1LVT        2  5.5   102   210    1148    (-,-) 
  csa_tree_ADD_TC_OP_13_groupi_g2089__4733/Y           -       B->Y   F     CLKAND2X2LVT      2  6.2    60   114    1262    (-,-) 
  csa_tree_ADD_TC_OP_13_groupi_g2083__7098/Y           -       AN->Y  F     NAND2BX1LVT       1  3.1   124   120    1382    (-,-) 
  csa_tree_ADD_TC_OP_13_groupi_g2074__3680/Y           -       A->Y   R     XNOR2X1LVT        1  3.2    57   175    1557    (-,-) 
  data_out_reg_reg[7]/D                                -       -      R     DFFHQX1LVT        1    -     -     0    1557    (-,-) 
#---------------------------------------------------------------------------------------------------------------------------------



Path 10: MET (215 ps) Setup Check with Pin data_out_reg_reg[6]/CK->D
          Group: clock
     Startpoint: (R) shift_reg_reg[6][5]/CK
          Clock: (R) clock
       Endpoint: (R) data_out_reg_reg[6]/D
          Clock: (R) clock

                     Capture       Launch     
        Clock Edge:+    1800            0     
       Src Latency:+       0            0     
       Net Latency:+       0 (I)        0 (I) 
           Arrival:=    1800            0     
                                              
             Setup:-      83                  
     Required Time:=    1717                  
      Launch Clock:-       0                  
         Data Path:-    1502                  
             Slack:=     215                  

#-------------------------------------------------------------------------------------------------------------------------------
#                    Timing Point                     Flags   Arc   Edge     Cell      Fanout Load Trans Delay Arrival Instance 
#                                                                                             (fF)  (ps)  (ps)   (ps)  Location 
#-------------------------------------------------------------------------------------------------------------------------------
  shift_reg_reg[6][5]/CK                              -       -     R     (arrival)        80    -     0     0       0    (-,-) 
  shift_reg_reg[6][5]/Q                               -       CK->Q F     DFFQX2LVT         1  4.5    45   147     147    (-,-) 
  csa_tree_ADD_TC_OP_13_groupi_g2159/Y                -       A->Y  R     CLKINVX4LVT       2  6.1    34    34     181    (-,-) 
  csa_tree_ADD_TC_OP_13_groupi_g2158/Y                -       A->Y  R     BUFX3LVT          2  7.1    43    70     251    (-,-) 
  csa_tree_ADD_TC_OP_13_groupi_g2106__6783/Y          -       B->Y  F     NOR2X4LVT         2  5.8    48    38     289    (-,-) 
  csa_tree_ADD_TC_OP_13_groupi_g2104__8428/Y          -       B0->Y R     AOI21X2LVT        1  3.8    79    69     358    (-,-) 
  csa_tree_ADD_TC_OP_13_groupi_cdnfadd_005_4__9945/CO -       A->CO R     ADDFX1LVT         1  4.2    77   175     533    (-,-) 
  csa_tree_ADD_TC_OP_13_groupi_cdnfadd_006_9__3680/S  -       B->S  F     ADDFHX1LVT        1  4.1    80   216     748    (-,-) 
  csa_tree_ADD_TC_OP_13_groupi_cdnfadd_006_11__2802/S -       B->S  R     ADDFHX1LVT        1  3.8    69   209     958    (-,-) 
  csa_tree_ADD_TC_OP_13_groupi_cdnfadd_006_12__1705/S -       CI->S F     ADDFHX2LVT        2  7.2    83   230    1187    (-,-) 
  csa_tree_ADD_TC_OP_13_groupi_g2091__6161/Y          -       B->Y  F     CLKAND2X6LVT      3  8.0    36    86    1273    (-,-) 
  csa_tree_ADD_TC_OP_13_groupi_g2084__6131/Y          -       B->Y  R     NOR2X1LVT         1  3.4   116    85    1358    (-,-) 
  csa_tree_ADD_TC_OP_13_groupi_g2077__2802/Y          -       B->Y  R     CLKXOR2X1LVT      1  3.2    57   144    1502    (-,-) 
  data_out_reg_reg[6]/D                               -       -     R     DFFHQX1LVT        1    -     -     0    1502    (-,-) 
#-------------------------------------------------------------------------------------------------------------------------------



Path 11: MET (442 ps) Setup Check with Pin data_out_reg_reg[5]/CK->D
          Group: clock
     Startpoint: (R) shift_reg_reg[1][1]/CK
          Clock: (R) clock
       Endpoint: (R) data_out_reg_reg[5]/D
          Clock: (R) clock

                     Capture       Launch     
        Clock Edge:+    1800            0     
       Src Latency:+       0            0     
       Net Latency:+       0 (I)        0 (I) 
           Arrival:=    1800            0     
                                              
             Setup:-      80                  
     Required Time:=    1720                  
      Launch Clock:-       0                  
         Data Path:-    1278                  
             Slack:=     442                  

#----------------------------------------------------------------------------------------------------------------------------
#                   Timing Point                     Flags   Arc   Edge    Cell     Fanout Load Trans Delay Arrival Instance 
#                                                                                          (fF)  (ps)  (ps)   (ps)  Location 
#----------------------------------------------------------------------------------------------------------------------------
  shift_reg_reg[1][1]/CK                             -       -     R     (arrival)      80    -     0     0       0    (-,-) 
  shift_reg_reg[1][1]/Q                              -       CK->Q F     DFFQX2LVT       3  7.6    69   160     160    (-,-) 
  csa_tree_ADD_TC_OP_13_groupi_cdnfadd_005_1__4733/S -       B->S  R     ADDFX1LVT       1  3.8    73   225     385    (-,-) 
  csa_tree_ADD_TC_OP_13_groupi_cdnfadd_005_6__2346/S -       B->S  F     ADDFX1LVT       1  3.5    73   229     614    (-,-) 
  csa_tree_ADD_TC_OP_13_groupi_cdnfadd_005_8__7410/S -       CI->S R     ADDFX1LVT       1  4.2    79   226     840    (-,-) 
  csa_tree_ADD_TC_OP_13_groupi_cdnfadd_005_9__6417/S -       B->S  F     ADDFHX1LVT      1  3.8    76   214    1054    (-,-) 
  csa_tree_ADD_TC_OP_13_groupi_g2087__5115/S         -       CI->S R     ADDFHX2LVT      1  3.2    51   224    1278    (-,-) 
  data_out_reg_reg[5]/D                              -       -     R     DFFHQX1LVT      1    -     -     0    1278    (-,-) 
#----------------------------------------------------------------------------------------------------------------------------



Path 12: MET (596 ps) Setup Check with Pin data_out_reg_reg[4]/CK->D
          Group: clock
     Startpoint: (R) shift_reg_reg[0][0]/CK
          Clock: (R) clock
       Endpoint: (R) data_out_reg_reg[4]/D
          Clock: (R) clock

                     Capture       Launch     
        Clock Edge:+    1800            0     
       Src Latency:+       0            0     
       Net Latency:+       0 (I)        0 (I) 
           Arrival:=    1800            0     
                                              
             Setup:-      80                  
     Required Time:=    1720                  
      Launch Clock:-       0                  
         Data Path:-    1123                  
             Slack:=     596                  

#----------------------------------------------------------------------------------------------------------------------------
#                   Timing Point                     Flags   Arc   Edge    Cell     Fanout Load Trans Delay Arrival Instance 
#                                                                                          (fF)  (ps)  (ps)   (ps)  Location 
#----------------------------------------------------------------------------------------------------------------------------
  shift_reg_reg[0][0]/CK                             -       -     R     (arrival)      80    -     0     0       0    (-,-) 
  shift_reg_reg[0][0]/Q                              -       CK->Q F     DFFQX2LVT       3  7.7    70   160     160    (-,-) 
  csa_tree_ADD_TC_OP_13_groupi_g2148/Y               -       A->Y  R     INVX2LVT        1  3.8    43    50     211    (-,-) 
  csa_tree_ADD_TC_OP_13_groupi_cdnfadd_004_3__5122/S -       A->S  F     ADDFX1LVT       1  3.7    76   221     432    (-,-) 
  csa_tree_ADD_TC_OP_13_groupi_cdnfadd_004_6__6131/S -       B->S  R     ADDFX1LVT       1  3.8    73   228     660    (-,-) 
  csa_tree_ADD_TC_OP_13_groupi_cdnfadd_004_8__5115/S -       B->S  F     ADDFX1LVT       1  4.1    83   234     894    (-,-) 
  csa_tree_ADD_TC_OP_13_groupi_g2095__2346/S         -       B->S  R     ADDFHX2LVT      1  3.2    51   230    1123    (-,-) 
  data_out_reg_reg[4]/D                              -       -     R     DFFHQX1LVT      1    -     -     0    1123    (-,-) 
#----------------------------------------------------------------------------------------------------------------------------



Path 13: MET (768 ps) Setup Check with Pin data_out_reg_reg[3]/CK->D
          Group: clock
     Startpoint: (R) shift_reg_reg[6][3]/CK
          Clock: (R) clock
       Endpoint: (R) data_out_reg_reg[3]/D
          Clock: (R) clock

                     Capture       Launch     
        Clock Edge:+    1800            0     
       Src Latency:+       0            0     
       Net Latency:+       0 (I)        0 (I) 
           Arrival:=    1800            0     
                                              
             Setup:-      86                  
     Required Time:=    1714                  
      Launch Clock:-       0                  
         Data Path:-     947                  
             Slack:=     768                  

#------------------------------------------------------------------------------------------------------------------------------
#                   Timing Point                     Flags   Arc   Edge     Cell      Fanout Load Trans Delay Arrival Instance 
#                                                                                            (fF)  (ps)  (ps)   (ps)  Location 
#------------------------------------------------------------------------------------------------------------------------------
  shift_reg_reg[6][3]/CK                             -       -     R     (arrival)        80    -     0     0       0    (-,-) 
  shift_reg_reg[6][3]/Q                              -       CK->Q R     DFFQX4LVT         2  6.6    34   144     144    (-,-) 
  csa_tree_ADD_TC_OP_13_groupi_g2134/Y               -       A->Y  F     CLKINVX4LVT       2  7.2    41    37     181    (-,-) 
  csa_tree_ADD_TC_OP_13_groupi_g2108__1617/Y         -       A->Y  R     NOR2X4LVT         2  6.8    67    61     242    (-,-) 
  csa_tree_ADD_TC_OP_13_groupi_g2103__4319/Y         -       B0->Y F     AOI2BB1X4LVT      1  3.5    38    48     289    (-,-) 
  csa_tree_ADD_TC_OP_13_groupi_cdnfadd_003_2__5526/S -       CI->S R     ADDFX1LVT         1  3.8    73   210     500    (-,-) 
  csa_tree_ADD_TC_OP_13_groupi_cdnfadd_003_4__3680/S -       B->S  F     ADDFX1LVT         1  3.5    73   229     728    (-,-) 
  csa_tree_ADD_TC_OP_13_groupi_g2096__1666/S         -       CI->S R     ADDFX1LVT         1  3.2    65   218     947    (-,-) 
  data_out_reg_reg[3]/D                              -       -     R     DFFHQX1LVT        1    -     -     0     947    (-,-) 
#------------------------------------------------------------------------------------------------------------------------------



Path 14: MET (954 ps) Setup Check with Pin data_out_reg_reg[2]/CK->D
          Group: clock
     Startpoint: (R) shift_reg_reg[5][1]/CK
          Clock: (R) clock
       Endpoint: (R) data_out_reg_reg[2]/D
          Clock: (R) clock

                     Capture       Launch     
        Clock Edge:+    1800            0     
       Src Latency:+       0            0     
       Net Latency:+       0 (I)        0 (I) 
           Arrival:=    1800            0     
                                              
             Setup:-      86                  
     Required Time:=    1714                  
      Launch Clock:-       0                  
         Data Path:-     761                  
             Slack:=     954                  

#----------------------------------------------------------------------------------------------------------------------------
#                   Timing Point                     Flags   Arc   Edge    Cell     Fanout Load Trans Delay Arrival Instance 
#                                                                                          (fF)  (ps)  (ps)   (ps)  Location 
#----------------------------------------------------------------------------------------------------------------------------
  shift_reg_reg[5][1]/CK                             -       -     R     (arrival)      80    -     0     0       0    (-,-) 
  shift_reg_reg[5][1]/Q                              -       CK->Q F     DFFQX4LVT       3  8.8    47   162     162    (-,-) 
  csa_tree_ADD_TC_OP_13_groupi_g2099__5477/S         -       A->S  R     ADDHX1LVT       1  3.8    66   154     317    (-,-) 
  csa_tree_ADD_TC_OP_13_groupi_cdnfadd_002_1__6260/S -       B->S  F     ADDFX1LVT       1  3.5    73   226     542    (-,-) 
  csa_tree_ADD_TC_OP_13_groupi_g2097__7410/S         -       CI->S R     ADDFX1LVT       1  3.2    65   218     761    (-,-) 
  data_out_reg_reg[2]/D                              -       -     R     DFFHQX1LVT      1    -     -     0     761    (-,-) 
#----------------------------------------------------------------------------------------------------------------------------



Path 15: MET (1116 ps) Late External Delay Assertion at pin o_data[15]
          Group: clock
     Startpoint: (R) data_out_reg_reg[15]/CK
          Clock: (R) clock
       Endpoint: (F) o_data[15]
          Clock: (R) clock

                     Capture       Launch     
        Clock Edge:+    1800            0     
       Src Latency:+       0            0     
       Net Latency:+       0 (I)        0 (I) 
           Arrival:=    1800            0     
                                              
      Output Delay:-     500                  
     Required Time:=    1300                  
      Launch Clock:-       0                  
         Data Path:-     184                  
             Slack:=    1116                  

Exceptions/Constraints:
  output_delay             500             fir_serial.sdc_line_3_9_1 

#-------------------------------------------------------------------------------------------------
#      Timing Point       Flags   Arc   Edge    Cell     Fanout Load Trans Delay Arrival Instance 
#                                                               (fF)  (ps)  (ps)   (ps)  Location 
#-------------------------------------------------------------------------------------------------
  data_out_reg_reg[15]/CK -       -     R     (arrival)      80    -     0     0       0    (-,-) 
  data_out_reg_reg[15]/Q  -       CK->Q F     DFFHQX1LVT      4  7.2   122   184     184    (-,-) 
  o_data[15]              -       -     F     (port)          -    -     -     0     184    (-,-) 
#-------------------------------------------------------------------------------------------------



Path 16: MET (1116 ps) Late External Delay Assertion at pin o_data[16]
          Group: clock
     Startpoint: (R) data_out_reg_reg[15]/CK
          Clock: (R) clock
       Endpoint: (F) o_data[16]
          Clock: (R) clock

                     Capture       Launch     
        Clock Edge:+    1800            0     
       Src Latency:+       0            0     
       Net Latency:+       0 (I)        0 (I) 
           Arrival:=    1800            0     
                                              
      Output Delay:-     500                  
     Required Time:=    1300                  
      Launch Clock:-       0                  
         Data Path:-     184                  
             Slack:=    1116                  

Exceptions/Constraints:
  output_delay             500             fir_serial.sdc_line_3_8_1 

#-------------------------------------------------------------------------------------------------
#      Timing Point       Flags   Arc   Edge    Cell     Fanout Load Trans Delay Arrival Instance 
#                                                               (fF)  (ps)  (ps)   (ps)  Location 
#-------------------------------------------------------------------------------------------------
  data_out_reg_reg[15]/CK -       -     R     (arrival)      80    -     0     0       0    (-,-) 
  data_out_reg_reg[15]/Q  -       CK->Q F     DFFHQX1LVT      4  7.2   122   184     184    (-,-) 
  o_data[16]              -       -     F     (port)          -    -     -     0     184    (-,-) 
#-------------------------------------------------------------------------------------------------



Path 17: MET (1116 ps) Late External Delay Assertion at pin o_data[17]
          Group: clock
     Startpoint: (R) data_out_reg_reg[15]/CK
          Clock: (R) clock
       Endpoint: (F) o_data[17]
          Clock: (R) clock

                     Capture       Launch     
        Clock Edge:+    1800            0     
       Src Latency:+       0            0     
       Net Latency:+       0 (I)        0 (I) 
           Arrival:=    1800            0     
                                              
      Output Delay:-     500                  
     Required Time:=    1300                  
      Launch Clock:-       0                  
         Data Path:-     184                  
             Slack:=    1116                  

Exceptions/Constraints:
  output_delay             500             fir_serial.sdc_line_3_7_1 

#-------------------------------------------------------------------------------------------------
#      Timing Point       Flags   Arc   Edge    Cell     Fanout Load Trans Delay Arrival Instance 
#                                                               (fF)  (ps)  (ps)   (ps)  Location 
#-------------------------------------------------------------------------------------------------
  data_out_reg_reg[15]/CK -       -     R     (arrival)      80    -     0     0       0    (-,-) 
  data_out_reg_reg[15]/Q  -       CK->Q F     DFFHQX1LVT      4  7.2   122   184     184    (-,-) 
  o_data[17]              -       -     F     (port)          -    -     -     0     184    (-,-) 
#-------------------------------------------------------------------------------------------------



Path 18: MET (1116 ps) Late External Delay Assertion at pin o_data[18]
          Group: clock
     Startpoint: (R) data_out_reg_reg[15]/CK
          Clock: (R) clock
       Endpoint: (F) o_data[18]
          Clock: (R) clock

                     Capture       Launch     
        Clock Edge:+    1800            0     
       Src Latency:+       0            0     
       Net Latency:+       0 (I)        0 (I) 
           Arrival:=    1800            0     
                                              
      Output Delay:-     500                  
     Required Time:=    1300                  
      Launch Clock:-       0                  
         Data Path:-     184                  
             Slack:=    1116                  

Exceptions/Constraints:
  output_delay             500             fir_serial.sdc_line_3 

#-------------------------------------------------------------------------------------------------
#      Timing Point       Flags   Arc   Edge    Cell     Fanout Load Trans Delay Arrival Instance 
#                                                               (fF)  (ps)  (ps)   (ps)  Location 
#-------------------------------------------------------------------------------------------------
  data_out_reg_reg[15]/CK -       -     R     (arrival)      80    -     0     0       0    (-,-) 
  data_out_reg_reg[15]/Q  -       CK->Q F     DFFHQX1LVT      4  7.2   122   184     184    (-,-) 
  o_data[18]              -       -     F     (port)          -    -     -     0     184    (-,-) 
#-------------------------------------------------------------------------------------------------



Path 19: MET (1119 ps) Setup Check with Pin data_out_reg_reg[1]/CK->D
          Group: clock
     Startpoint: (R) data_in_reg_reg[1]/CK
          Clock: (R) clock
       Endpoint: (R) data_out_reg_reg[1]/D
          Clock: (R) clock

                     Capture       Launch     
        Clock Edge:+    1800            0     
       Src Latency:+       0            0     
       Net Latency:+       0 (I)        0 (I) 
           Arrival:=    1800            0     
                                              
             Setup:-      86                  
     Required Time:=    1714                  
      Launch Clock:-       0                  
         Data Path:-     595                  
             Slack:=    1119                  

#----------------------------------------------------------------------------------------------------------------------------
#                   Timing Point                     Flags   Arc   Edge    Cell     Fanout Load Trans Delay Arrival Instance 
#                                                                                          (fF)  (ps)  (ps)   (ps)  Location 
#----------------------------------------------------------------------------------------------------------------------------
  data_in_reg_reg[1]/CK                              -       -     R     (arrival)      80    -     0     0       0    (-,-) 
  data_in_reg_reg[1]/Q                               -       CK->Q F     DFFX1LVT        2  5.2    91   172     172    (-,-) 
  csa_tree_ADD_TC_OP_13_groupi_cdnfadd_001_0__2398/S -       CI->S R     ADDFX1LVT       1  3.5    69   227     399    (-,-) 
  csa_tree_ADD_TC_OP_13_groupi_g2098__6417/S         -       CI->S R     ADDFX1LVT       1  3.2    65   196     595    (-,-) 
  data_out_reg_reg[1]/D                              -       -     R     DFFHQX1LVT      1    -     -     0     595    (-,-) 
#----------------------------------------------------------------------------------------------------------------------------



Path 20: MET (1153 ps) Late External Delay Assertion at pin o_data[0]
          Group: clock
     Startpoint: (R) data_out_reg_reg[0]/CK
          Clock: (R) clock
       Endpoint: (F) o_data[0]
          Clock: (R) clock

                     Capture       Launch     
        Clock Edge:+    1800            0     
       Src Latency:+       0            0     
       Net Latency:+       0 (I)        0 (I) 
           Arrival:=    1800            0     
                                              
      Output Delay:-     500                  
     Required Time:=    1300                  
      Launch Clock:-       0                  
         Data Path:-     147                  
             Slack:=    1153                  

Exceptions/Constraints:
  output_delay             500             fir_serial.sdc_line_3_24_1 

#------------------------------------------------------------------------------------------------
#     Timing Point       Flags   Arc   Edge    Cell     Fanout Load Trans Delay Arrival Instance 
#                                                              (fF)  (ps)  (ps)   (ps)  Location 
#------------------------------------------------------------------------------------------------
  data_out_reg_reg[0]/CK -       -     R     (arrival)      80    -     0     0       0    (-,-) 
  data_out_reg_reg[0]/Q  -       CK->Q F     DFFHQX1LVT      1  2.9    53   147     147    (-,-) 
  o_data[0]              -       -     F     (port)          -    -     -     0     147    (-,-) 
#------------------------------------------------------------------------------------------------



Path 21: MET (1153 ps) Late External Delay Assertion at pin o_data[1]
          Group: clock
     Startpoint: (R) data_out_reg_reg[1]/CK
          Clock: (R) clock
       Endpoint: (F) o_data[1]
          Clock: (R) clock

                     Capture       Launch     
        Clock Edge:+    1800            0     
       Src Latency:+       0            0     
       Net Latency:+       0 (I)        0 (I) 
           Arrival:=    1800            0     
                                              
      Output Delay:-     500                  
     Required Time:=    1300                  
      Launch Clock:-       0                  
         Data Path:-     147                  
             Slack:=    1153                  

Exceptions/Constraints:
  output_delay             500             fir_serial.sdc_line_3_23_1 

#------------------------------------------------------------------------------------------------
#     Timing Point       Flags   Arc   Edge    Cell     Fanout Load Trans Delay Arrival Instance 
#                                                              (fF)  (ps)  (ps)   (ps)  Location 
#------------------------------------------------------------------------------------------------
  data_out_reg_reg[1]/CK -       -     R     (arrival)      80    -     0     0       0    (-,-) 
  data_out_reg_reg[1]/Q  -       CK->Q F     DFFHQX1LVT      1  2.9    53   147     147    (-,-) 
  o_data[1]              -       -     F     (port)          -    -     -     0     147    (-,-) 
#------------------------------------------------------------------------------------------------



Path 22: MET (1153 ps) Late External Delay Assertion at pin o_data[2]
          Group: clock
     Startpoint: (R) data_out_reg_reg[2]/CK
          Clock: (R) clock
       Endpoint: (F) o_data[2]
          Clock: (R) clock

                     Capture       Launch     
        Clock Edge:+    1800            0     
       Src Latency:+       0            0     
       Net Latency:+       0 (I)        0 (I) 
           Arrival:=    1800            0     
                                              
      Output Delay:-     500                  
     Required Time:=    1300                  
      Launch Clock:-       0                  
         Data Path:-     147                  
             Slack:=    1153                  

Exceptions/Constraints:
  output_delay             500             fir_serial.sdc_line_3_22_1 

#------------------------------------------------------------------------------------------------
#     Timing Point       Flags   Arc   Edge    Cell     Fanout Load Trans Delay Arrival Instance 
#                                                              (fF)  (ps)  (ps)   (ps)  Location 
#------------------------------------------------------------------------------------------------
  data_out_reg_reg[2]/CK -       -     R     (arrival)      80    -     0     0       0    (-,-) 
  data_out_reg_reg[2]/Q  -       CK->Q F     DFFHQX1LVT      1  2.9    53   147     147    (-,-) 
  o_data[2]              -       -     F     (port)          -    -     -     0     147    (-,-) 
#------------------------------------------------------------------------------------------------



Path 23: MET (1153 ps) Late External Delay Assertion at pin o_data[3]
          Group: clock
     Startpoint: (R) data_out_reg_reg[3]/CK
          Clock: (R) clock
       Endpoint: (F) o_data[3]
          Clock: (R) clock

                     Capture       Launch     
        Clock Edge:+    1800            0     
       Src Latency:+       0            0     
       Net Latency:+       0 (I)        0 (I) 
           Arrival:=    1800            0     
                                              
      Output Delay:-     500                  
     Required Time:=    1300                  
      Launch Clock:-       0                  
         Data Path:-     147                  
             Slack:=    1153                  

Exceptions/Constraints:
  output_delay             500             fir_serial.sdc_line_3_21_1 

#------------------------------------------------------------------------------------------------
#     Timing Point       Flags   Arc   Edge    Cell     Fanout Load Trans Delay Arrival Instance 
#                                                              (fF)  (ps)  (ps)   (ps)  Location 
#------------------------------------------------------------------------------------------------
  data_out_reg_reg[3]/CK -       -     R     (arrival)      80    -     0     0       0    (-,-) 
  data_out_reg_reg[3]/Q  -       CK->Q F     DFFHQX1LVT      1  2.9    53   147     147    (-,-) 
  o_data[3]              -       -     F     (port)          -    -     -     0     147    (-,-) 
#------------------------------------------------------------------------------------------------



Path 24: MET (1153 ps) Late External Delay Assertion at pin o_data[4]
          Group: clock
     Startpoint: (R) data_out_reg_reg[4]/CK
          Clock: (R) clock
       Endpoint: (F) o_data[4]
          Clock: (R) clock

                     Capture       Launch     
        Clock Edge:+    1800            0     
       Src Latency:+       0            0     
       Net Latency:+       0 (I)        0 (I) 
           Arrival:=    1800            0     
                                              
      Output Delay:-     500                  
     Required Time:=    1300                  
      Launch Clock:-       0                  
         Data Path:-     147                  
             Slack:=    1153                  

Exceptions/Constraints:
  output_delay             500             fir_serial.sdc_line_3_20_1 

#------------------------------------------------------------------------------------------------
#     Timing Point       Flags   Arc   Edge    Cell     Fanout Load Trans Delay Arrival Instance 
#                                                              (fF)  (ps)  (ps)   (ps)  Location 
#------------------------------------------------------------------------------------------------
  data_out_reg_reg[4]/CK -       -     R     (arrival)      80    -     0     0       0    (-,-) 
  data_out_reg_reg[4]/Q  -       CK->Q F     DFFHQX1LVT      1  2.9    53   147     147    (-,-) 
  o_data[4]              -       -     F     (port)          -    -     -     0     147    (-,-) 
#------------------------------------------------------------------------------------------------



Path 25: MET (1153 ps) Late External Delay Assertion at pin o_data[5]
          Group: clock
     Startpoint: (R) data_out_reg_reg[5]/CK
          Clock: (R) clock
       Endpoint: (F) o_data[5]
          Clock: (R) clock

                     Capture       Launch     
        Clock Edge:+    1800            0     
       Src Latency:+       0            0     
       Net Latency:+       0 (I)        0 (I) 
           Arrival:=    1800            0     
                                              
      Output Delay:-     500                  
     Required Time:=    1300                  
      Launch Clock:-       0                  
         Data Path:-     147                  
             Slack:=    1153                  

Exceptions/Constraints:
  output_delay             500             fir_serial.sdc_line_3_19_1 

#------------------------------------------------------------------------------------------------
#     Timing Point       Flags   Arc   Edge    Cell     Fanout Load Trans Delay Arrival Instance 
#                                                              (fF)  (ps)  (ps)   (ps)  Location 
#------------------------------------------------------------------------------------------------
  data_out_reg_reg[5]/CK -       -     R     (arrival)      80    -     0     0       0    (-,-) 
  data_out_reg_reg[5]/Q  -       CK->Q F     DFFHQX1LVT      1  2.9    53   147     147    (-,-) 
  o_data[5]              -       -     F     (port)          -    -     -     0     147    (-,-) 
#------------------------------------------------------------------------------------------------



Path 26: MET (1153 ps) Late External Delay Assertion at pin o_data[6]
          Group: clock
     Startpoint: (R) data_out_reg_reg[6]/CK
          Clock: (R) clock
       Endpoint: (F) o_data[6]
          Clock: (R) clock

                     Capture       Launch     
        Clock Edge:+    1800            0     
       Src Latency:+       0            0     
       Net Latency:+       0 (I)        0 (I) 
           Arrival:=    1800            0     
                                              
      Output Delay:-     500                  
     Required Time:=    1300                  
      Launch Clock:-       0                  
         Data Path:-     147                  
             Slack:=    1153                  

Exceptions/Constraints:
  output_delay             500             fir_serial.sdc_line_3_18_1 

#------------------------------------------------------------------------------------------------
#     Timing Point       Flags   Arc   Edge    Cell     Fanout Load Trans Delay Arrival Instance 
#                                                              (fF)  (ps)  (ps)   (ps)  Location 
#------------------------------------------------------------------------------------------------
  data_out_reg_reg[6]/CK -       -     R     (arrival)      80    -     0     0       0    (-,-) 
  data_out_reg_reg[6]/Q  -       CK->Q F     DFFHQX1LVT      1  2.9    53   147     147    (-,-) 
  o_data[6]              -       -     F     (port)          -    -     -     0     147    (-,-) 
#------------------------------------------------------------------------------------------------



Path 27: MET (1153 ps) Late External Delay Assertion at pin o_data[7]
          Group: clock
     Startpoint: (R) data_out_reg_reg[7]/CK
          Clock: (R) clock
       Endpoint: (F) o_data[7]
          Clock: (R) clock

                     Capture       Launch     
        Clock Edge:+    1800            0     
       Src Latency:+       0            0     
       Net Latency:+       0 (I)        0 (I) 
           Arrival:=    1800            0     
                                              
      Output Delay:-     500                  
     Required Time:=    1300                  
      Launch Clock:-       0                  
         Data Path:-     147                  
             Slack:=    1153                  

Exceptions/Constraints:
  output_delay             500             fir_serial.sdc_line_3_17_1 

#------------------------------------------------------------------------------------------------
#     Timing Point       Flags   Arc   Edge    Cell     Fanout Load Trans Delay Arrival Instance 
#                                                              (fF)  (ps)  (ps)   (ps)  Location 
#------------------------------------------------------------------------------------------------
  data_out_reg_reg[7]/CK -       -     R     (arrival)      80    -     0     0       0    (-,-) 
  data_out_reg_reg[7]/Q  -       CK->Q F     DFFHQX1LVT      1  2.9    53   147     147    (-,-) 
  o_data[7]              -       -     F     (port)          -    -     -     0     147    (-,-) 
#------------------------------------------------------------------------------------------------



Path 28: MET (1153 ps) Late External Delay Assertion at pin o_data[8]
          Group: clock
     Startpoint: (R) data_out_reg_reg[8]/CK
          Clock: (R) clock
       Endpoint: (F) o_data[8]
          Clock: (R) clock

                     Capture       Launch     
        Clock Edge:+    1800            0     
       Src Latency:+       0            0     
       Net Latency:+       0 (I)        0 (I) 
           Arrival:=    1800            0     
                                              
      Output Delay:-     500                  
     Required Time:=    1300                  
      Launch Clock:-       0                  
         Data Path:-     147                  
             Slack:=    1153                  

Exceptions/Constraints:
  output_delay             500             fir_serial.sdc_line_3_16_1 

#------------------------------------------------------------------------------------------------
#     Timing Point       Flags   Arc   Edge    Cell     Fanout Load Trans Delay Arrival Instance 
#                                                              (fF)  (ps)  (ps)   (ps)  Location 
#------------------------------------------------------------------------------------------------
  data_out_reg_reg[8]/CK -       -     R     (arrival)      80    -     0     0       0    (-,-) 
  data_out_reg_reg[8]/Q  -       CK->Q F     DFFHQX1LVT      1  2.9    53   147     147    (-,-) 
  o_data[8]              -       -     F     (port)          -    -     -     0     147    (-,-) 
#------------------------------------------------------------------------------------------------



Path 29: MET (1153 ps) Late External Delay Assertion at pin o_data[9]
          Group: clock
     Startpoint: (R) data_out_reg_reg[9]/CK
          Clock: (R) clock
       Endpoint: (F) o_data[9]
          Clock: (R) clock

                     Capture       Launch     
        Clock Edge:+    1800            0     
       Src Latency:+       0            0     
       Net Latency:+       0 (I)        0 (I) 
           Arrival:=    1800            0     
                                              
      Output Delay:-     500                  
     Required Time:=    1300                  
      Launch Clock:-       0                  
         Data Path:-     147                  
             Slack:=    1153                  

Exceptions/Constraints:
  output_delay             500             fir_serial.sdc_line_3_15_1 

#------------------------------------------------------------------------------------------------
#     Timing Point       Flags   Arc   Edge    Cell     Fanout Load Trans Delay Arrival Instance 
#                                                              (fF)  (ps)  (ps)   (ps)  Location 
#------------------------------------------------------------------------------------------------
  data_out_reg_reg[9]/CK -       -     R     (arrival)      80    -     0     0       0    (-,-) 
  data_out_reg_reg[9]/Q  -       CK->Q F     DFFHQX1LVT      1  2.9    53   147     147    (-,-) 
  o_data[9]              -       -     F     (port)          -    -     -     0     147    (-,-) 
#------------------------------------------------------------------------------------------------



Path 30: MET (1153 ps) Late External Delay Assertion at pin o_data[10]
          Group: clock
     Startpoint: (R) data_out_reg_reg[10]/CK
          Clock: (R) clock
       Endpoint: (F) o_data[10]
          Clock: (R) clock

                     Capture       Launch     
        Clock Edge:+    1800            0     
       Src Latency:+       0            0     
       Net Latency:+       0 (I)        0 (I) 
           Arrival:=    1800            0     
                                              
      Output Delay:-     500                  
     Required Time:=    1300                  
      Launch Clock:-       0                  
         Data Path:-     147                  
             Slack:=    1153                  

Exceptions/Constraints:
  output_delay             500             fir_serial.sdc_line_3_14_1 

#-------------------------------------------------------------------------------------------------
#      Timing Point       Flags   Arc   Edge    Cell     Fanout Load Trans Delay Arrival Instance 
#                                                               (fF)  (ps)  (ps)   (ps)  Location 
#-------------------------------------------------------------------------------------------------
  data_out_reg_reg[10]/CK -       -     R     (arrival)      80    -     0     0       0    (-,-) 
  data_out_reg_reg[10]/Q  -       CK->Q F     DFFHQX1LVT      1  2.9    53   147     147    (-,-) 
  o_data[10]              -       -     F     (port)          -    -     -     0     147    (-,-) 
#-------------------------------------------------------------------------------------------------



Path 31: MET (1153 ps) Late External Delay Assertion at pin o_data[11]
          Group: clock
     Startpoint: (R) data_out_reg_reg[11]/CK
          Clock: (R) clock
       Endpoint: (F) o_data[11]
          Clock: (R) clock

                     Capture       Launch     
        Clock Edge:+    1800            0     
       Src Latency:+       0            0     
       Net Latency:+       0 (I)        0 (I) 
           Arrival:=    1800            0     
                                              
      Output Delay:-     500                  
     Required Time:=    1300                  
      Launch Clock:-       0                  
         Data Path:-     147                  
             Slack:=    1153                  

Exceptions/Constraints:
  output_delay             500             fir_serial.sdc_line_3_13_1 

#-------------------------------------------------------------------------------------------------
#      Timing Point       Flags   Arc   Edge    Cell     Fanout Load Trans Delay Arrival Instance 
#                                                               (fF)  (ps)  (ps)   (ps)  Location 
#-------------------------------------------------------------------------------------------------
  data_out_reg_reg[11]/CK -       -     R     (arrival)      80    -     0     0       0    (-,-) 
  data_out_reg_reg[11]/Q  -       CK->Q F     DFFHQX1LVT      1  2.9    53   147     147    (-,-) 
  o_data[11]              -       -     F     (port)          -    -     -     0     147    (-,-) 
#-------------------------------------------------------------------------------------------------



Path 32: MET (1153 ps) Late External Delay Assertion at pin o_data[12]
          Group: clock
     Startpoint: (R) data_out_reg_reg[12]/CK
          Clock: (R) clock
       Endpoint: (F) o_data[12]
          Clock: (R) clock

                     Capture       Launch     
        Clock Edge:+    1800            0     
       Src Latency:+       0            0     
       Net Latency:+       0 (I)        0 (I) 
           Arrival:=    1800            0     
                                              
      Output Delay:-     500                  
     Required Time:=    1300                  
      Launch Clock:-       0                  
         Data Path:-     147                  
             Slack:=    1153                  

Exceptions/Constraints:
  output_delay             500             fir_serial.sdc_line_3_12_1 

#-------------------------------------------------------------------------------------------------
#      Timing Point       Flags   Arc   Edge    Cell     Fanout Load Trans Delay Arrival Instance 
#                                                               (fF)  (ps)  (ps)   (ps)  Location 
#-------------------------------------------------------------------------------------------------
  data_out_reg_reg[12]/CK -       -     R     (arrival)      80    -     0     0       0    (-,-) 
  data_out_reg_reg[12]/Q  -       CK->Q F     DFFHQX1LVT      1  2.9    53   147     147    (-,-) 
  o_data[12]              -       -     F     (port)          -    -     -     0     147    (-,-) 
#-------------------------------------------------------------------------------------------------



Path 33: MET (1153 ps) Late External Delay Assertion at pin o_data[13]
          Group: clock
     Startpoint: (R) data_out_reg_reg[13]/CK
          Clock: (R) clock
       Endpoint: (F) o_data[13]
          Clock: (R) clock

                     Capture       Launch     
        Clock Edge:+    1800            0     
       Src Latency:+       0            0     
       Net Latency:+       0 (I)        0 (I) 
           Arrival:=    1800            0     
                                              
      Output Delay:-     500                  
     Required Time:=    1300                  
      Launch Clock:-       0                  
         Data Path:-     147                  
             Slack:=    1153                  

Exceptions/Constraints:
  output_delay             500             fir_serial.sdc_line_3_11_1 

#-------------------------------------------------------------------------------------------------
#      Timing Point       Flags   Arc   Edge    Cell     Fanout Load Trans Delay Arrival Instance 
#                                                               (fF)  (ps)  (ps)   (ps)  Location 
#-------------------------------------------------------------------------------------------------
  data_out_reg_reg[13]/CK -       -     R     (arrival)      80    -     0     0       0    (-,-) 
  data_out_reg_reg[13]/Q  -       CK->Q F     DFFHQX1LVT      1  2.9    53   147     147    (-,-) 
  o_data[13]              -       -     F     (port)          -    -     -     0     147    (-,-) 
#-------------------------------------------------------------------------------------------------



Path 34: MET (1153 ps) Late External Delay Assertion at pin o_data[14]
          Group: clock
     Startpoint: (R) data_out_reg_reg[14]/CK
          Clock: (R) clock
       Endpoint: (F) o_data[14]
          Clock: (R) clock

                     Capture       Launch     
        Clock Edge:+    1800            0     
       Src Latency:+       0            0     
       Net Latency:+       0 (I)        0 (I) 
           Arrival:=    1800            0     
                                              
      Output Delay:-     500                  
     Required Time:=    1300                  
      Launch Clock:-       0                  
         Data Path:-     147                  
             Slack:=    1153                  

Exceptions/Constraints:
  output_delay             500             fir_serial.sdc_line_3_10_1 

#-------------------------------------------------------------------------------------------------
#      Timing Point       Flags   Arc   Edge    Cell     Fanout Load Trans Delay Arrival Instance 
#                                                               (fF)  (ps)  (ps)   (ps)  Location 
#-------------------------------------------------------------------------------------------------
  data_out_reg_reg[14]/CK -       -     R     (arrival)      80    -     0     0       0    (-,-) 
  data_out_reg_reg[14]/Q  -       CK->Q F     DFFHQX1LVT      1  2.9    53   147     147    (-,-) 
  o_data[14]              -       -     F     (port)          -    -     -     0     147    (-,-) 
#-------------------------------------------------------------------------------------------------



Path 35: MET (1233 ps) Setup Check with Pin data_in_reg_reg[5]/CK->D
          Group: clock
     Startpoint: (R) i_data[5]
          Clock: (R) clock
       Endpoint: (R) data_in_reg_reg[5]/D
          Clock: (R) clock

                     Capture       Launch     
        Clock Edge:+    1800            0     
        Drv Adjust:+       0            0     
       Src Latency:+       0            0     
       Net Latency:+       0 (I)        0 (I) 
           Arrival:=    1800            0     
                                              
             Setup:-      67                  
     Required Time:=    1733                  
      Launch Clock:-       0                  
       Input Delay:-     500                  
         Data Path:-       0                  
             Slack:=    1233                  

Exceptions/Constraints:
  input_delay             500             fir_serial.sdc_line_2_2_1 

#---------------------------------------------------------------------------------------------
#    Timing Point      Flags   Arc   Edge   Cell     Fanout Load Trans Delay Arrival Instance 
#                                                           (fF)  (ps)  (ps)   (ps)  Location 
#---------------------------------------------------------------------------------------------
  i_data[5]            -       -     R     (arrival)      1  3.1     0     0     500    (-,-) 
  data_in_reg_reg[5]/D -       -     R     DFFX4LVT       1    -     -     0     500    (-,-) 
#---------------------------------------------------------------------------------------------



Path 36: MET (1234 ps) Setup Check with Pin data_in_reg_reg[6]/CK->D
          Group: clock
     Startpoint: (R) i_data[6]
          Clock: (R) clock
       Endpoint: (R) data_in_reg_reg[6]/D
          Clock: (R) clock

                     Capture       Launch     
        Clock Edge:+    1800            0     
        Drv Adjust:+       0            0     
       Src Latency:+       0            0     
       Net Latency:+       0 (I)        0 (I) 
           Arrival:=    1800            0     
                                              
             Setup:-      66                  
     Required Time:=    1734                  
      Launch Clock:-       0                  
       Input Delay:-     500                  
         Data Path:-       0                  
             Slack:=    1234                  

Exceptions/Constraints:
  input_delay             500             fir_serial.sdc_line_2_1_1 

#---------------------------------------------------------------------------------------------
#    Timing Point      Flags   Arc   Edge   Cell     Fanout Load Trans Delay Arrival Instance 
#                                                           (fF)  (ps)  (ps)   (ps)  Location 
#---------------------------------------------------------------------------------------------
  i_data[6]            -       -     R     (arrival)      1  3.1     0     0     500    (-,-) 
  data_in_reg_reg[6]/D -       -     R     DFFX2LVT       1    -     -     0     500    (-,-) 
#---------------------------------------------------------------------------------------------



Path 37: MET (1236 ps) Setup Check with Pin data_in_reg_reg[0]/CK->D
          Group: clock
     Startpoint: (R) i_data[0]
          Clock: (R) clock
       Endpoint: (R) data_in_reg_reg[0]/D
          Clock: (R) clock

                     Capture       Launch     
        Clock Edge:+    1800            0     
        Drv Adjust:+       0            0     
       Src Latency:+       0            0     
       Net Latency:+       0 (I)        0 (I) 
           Arrival:=    1800            0     
                                              
             Setup:-      64                  
     Required Time:=    1736                  
      Launch Clock:-       0                  
       Input Delay:-     500                  
         Data Path:-       0                  
             Slack:=    1236                  

Exceptions/Constraints:
  input_delay             500             fir_serial.sdc_line_2_7_1 

#---------------------------------------------------------------------------------------------
#    Timing Point      Flags   Arc   Edge   Cell     Fanout Load Trans Delay Arrival Instance 
#                                                           (fF)  (ps)  (ps)   (ps)  Location 
#---------------------------------------------------------------------------------------------
  i_data[0]            -       -     R     (arrival)      1  3.1     0     0     500    (-,-) 
  data_in_reg_reg[0]/D -       -     R     DFFQX1LVT      1    -     -     0     500    (-,-) 
#---------------------------------------------------------------------------------------------



Path 38: MET (1236 ps) Setup Check with Pin data_in_reg_reg[7]/CK->D
          Group: clock
     Startpoint: (R) i_data[7]
          Clock: (R) clock
       Endpoint: (R) data_in_reg_reg[7]/D
          Clock: (R) clock

                     Capture       Launch     
        Clock Edge:+    1800            0     
        Drv Adjust:+       0            0     
       Src Latency:+       0            0     
       Net Latency:+       0 (I)        0 (I) 
           Arrival:=    1800            0     
                                              
             Setup:-      64                  
     Required Time:=    1736                  
      Launch Clock:-       0                  
       Input Delay:-     500                  
         Data Path:-       0                  
             Slack:=    1236                  

Exceptions/Constraints:
  input_delay             500             fir_serial.sdc_line_2 

#---------------------------------------------------------------------------------------------
#    Timing Point      Flags   Arc   Edge   Cell     Fanout Load Trans Delay Arrival Instance 
#                                                           (fF)  (ps)  (ps)   (ps)  Location 
#---------------------------------------------------------------------------------------------
  i_data[7]            -       -     R     (arrival)      1  3.1     0     0     500    (-,-) 
  data_in_reg_reg[7]/D -       -     R     DFFX1LVT       1    -     -     0     500    (-,-) 
#---------------------------------------------------------------------------------------------



Path 39: MET (1236 ps) Setup Check with Pin data_in_reg_reg[1]/CK->D
          Group: clock
     Startpoint: (R) i_data[1]
          Clock: (R) clock
       Endpoint: (R) data_in_reg_reg[1]/D
          Clock: (R) clock

                     Capture       Launch     
        Clock Edge:+    1800            0     
        Drv Adjust:+       0            0     
       Src Latency:+       0            0     
       Net Latency:+       0 (I)        0 (I) 
           Arrival:=    1800            0     
                                              
             Setup:-      64                  
     Required Time:=    1736                  
      Launch Clock:-       0                  
       Input Delay:-     500                  
         Data Path:-       0                  
             Slack:=    1236                  

Exceptions/Constraints:
  input_delay             500             fir_serial.sdc_line_2_6_1 

#---------------------------------------------------------------------------------------------
#    Timing Point      Flags   Arc   Edge   Cell     Fanout Load Trans Delay Arrival Instance 
#                                                           (fF)  (ps)  (ps)   (ps)  Location 
#---------------------------------------------------------------------------------------------
  i_data[1]            -       -     R     (arrival)      1  3.1     0     0     500    (-,-) 
  data_in_reg_reg[1]/D -       -     R     DFFX1LVT       1    -     -     0     500    (-,-) 
#---------------------------------------------------------------------------------------------



Path 40: MET (1236 ps) Setup Check with Pin data_in_reg_reg[2]/CK->D
          Group: clock
     Startpoint: (R) i_data[2]
          Clock: (R) clock
       Endpoint: (R) data_in_reg_reg[2]/D
          Clock: (R) clock

                     Capture       Launch     
        Clock Edge:+    1800            0     
        Drv Adjust:+       0            0     
       Src Latency:+       0            0     
       Net Latency:+       0 (I)        0 (I) 
           Arrival:=    1800            0     
                                              
             Setup:-      64                  
     Required Time:=    1736                  
      Launch Clock:-       0                  
       Input Delay:-     500                  
         Data Path:-       0                  
             Slack:=    1236                  

Exceptions/Constraints:
  input_delay             500             fir_serial.sdc_line_2_5_1 

#---------------------------------------------------------------------------------------------
#    Timing Point      Flags   Arc   Edge   Cell     Fanout Load Trans Delay Arrival Instance 
#                                                           (fF)  (ps)  (ps)   (ps)  Location 
#---------------------------------------------------------------------------------------------
  i_data[2]            -       -     R     (arrival)      1  3.1     0     0     500    (-,-) 
  data_in_reg_reg[2]/D -       -     R     DFFX1LVT       1    -     -     0     500    (-,-) 
#---------------------------------------------------------------------------------------------



Path 41: MET (1236 ps) Setup Check with Pin data_in_reg_reg[4]/CK->D
          Group: clock
     Startpoint: (R) i_data[4]
          Clock: (R) clock
       Endpoint: (R) data_in_reg_reg[4]/D
          Clock: (R) clock

                     Capture       Launch     
        Clock Edge:+    1800            0     
        Drv Adjust:+       0            0     
       Src Latency:+       0            0     
       Net Latency:+       0 (I)        0 (I) 
           Arrival:=    1800            0     
                                              
             Setup:-      64                  
     Required Time:=    1736                  
      Launch Clock:-       0                  
       Input Delay:-     500                  
         Data Path:-       0                  
             Slack:=    1236                  

Exceptions/Constraints:
  input_delay             500             fir_serial.sdc_line_2_3_1 

#---------------------------------------------------------------------------------------------
#    Timing Point      Flags   Arc   Edge   Cell     Fanout Load Trans Delay Arrival Instance 
#                                                           (fF)  (ps)  (ps)   (ps)  Location 
#---------------------------------------------------------------------------------------------
  i_data[4]            -       -     R     (arrival)      1  3.1     0     0     500    (-,-) 
  data_in_reg_reg[4]/D -       -     R     DFFX1LVT       1    -     -     0     500    (-,-) 
#---------------------------------------------------------------------------------------------



Path 42: MET (1239 ps) Setup Check with Pin data_in_reg_reg[3]/CK->D
          Group: clock
     Startpoint: (R) i_data[3]
          Clock: (R) clock
       Endpoint: (R) data_in_reg_reg[3]/D
          Clock: (R) clock

                     Capture       Launch     
        Clock Edge:+    1800            0     
        Drv Adjust:+       0            0     
       Src Latency:+       0            0     
       Net Latency:+       0 (I)        0 (I) 
           Arrival:=    1800            0     
                                              
             Setup:-      61                  
     Required Time:=    1739                  
      Launch Clock:-       0                  
       Input Delay:-     500                  
         Data Path:-       0                  
             Slack:=    1239                  

Exceptions/Constraints:
  input_delay             500             fir_serial.sdc_line_2_4_1 

#----------------------------------------------------------------------------------------------
#    Timing Point      Flags   Arc   Edge    Cell     Fanout Load Trans Delay Arrival Instance 
#                                                            (fF)  (ps)  (ps)   (ps)  Location 
#----------------------------------------------------------------------------------------------
  i_data[3]            -       -     R     (arrival)       1  3.2     0     0     500    (-,-) 
  data_in_reg_reg[3]/D -       -     R     DFFHQX1LVT      1    -     -     0     500    (-,-) 
#----------------------------------------------------------------------------------------------



Path 43: MET (1368 ps) Setup Check with Pin data_out_reg_reg[0]/CK->D
          Group: clock
     Startpoint: (R) data_in_reg_reg[0]/CK
          Clock: (R) clock
       Endpoint: (R) data_out_reg_reg[0]/D
          Clock: (R) clock

                     Capture       Launch     
        Clock Edge:+    1800            0     
       Src Latency:+       0            0     
       Net Latency:+       0 (I)        0 (I) 
           Arrival:=    1800            0     
                                              
             Setup:-      83                  
     Required Time:=    1717                  
      Launch Clock:-       0                  
         Data Path:-     349                  
             Slack:=    1368                  

#--------------------------------------------------------------------------------------------------------------------
#               Timing Point                 Flags   Arc   Edge    Cell     Fanout Load Trans Delay Arrival Instance 
#                                                                                  (fF)  (ps)  (ps)   (ps)  Location 
#--------------------------------------------------------------------------------------------------------------------
  data_in_reg_reg[0]/CK                      -       -     R     (arrival)      80    -     0     0       0    (-,-) 
  data_in_reg_reg[0]/Q                       -       CK->Q F     DFFQX1LVT       3  6.8   116   177     177    (-,-) 
  csa_tree_ADD_TC_OP_13_groupi_g2100__2398/S -       A->S  R     ADDHX1LVT       1  3.2    57   172     349    (-,-) 
  data_out_reg_reg[0]/D                      -       -     R     DFFHQX1LVT      1    -     -     0     349    (-,-) 
#--------------------------------------------------------------------------------------------------------------------



Path 44: MET (1489 ps) Setup Check with Pin shift_reg_reg[6][7]/CK->D
          Group: clock
     Startpoint: (R) shift_reg_reg[5][7]/CK
          Clock: (R) clock
       Endpoint: (R) shift_reg_reg[6][7]/D
          Clock: (R) clock

                     Capture       Launch     
        Clock Edge:+    1800            0     
       Src Latency:+       0            0     
       Net Latency:+       0 (I)        0 (I) 
           Arrival:=    1800            0     
                                              
             Setup:-     126                  
     Required Time:=    1674                  
      Launch Clock:-       0                  
         Data Path:-     185                  
             Slack:=    1489                  

#------------------------------------------------------------------------------------------------
#     Timing Point       Flags   Arc   Edge    Cell     Fanout Load Trans Delay Arrival Instance 
#                                                              (fF)  (ps)  (ps)   (ps)  Location 
#------------------------------------------------------------------------------------------------
  shift_reg_reg[5][7]/CK -       -     R     (arrival)      80    -     0     0       0    (-,-) 
  shift_reg_reg[5][7]/Q  -       CK->Q R     DFFHQX1LVT      4 10.1   150   185     185    (-,-) 
  shift_reg_reg[6][7]/D  -       -     R     DFFX4LVT        4    -     -     0     185    (-,-) 
#------------------------------------------------------------------------------------------------



Path 45: MET (1520 ps) Setup Check with Pin shift_reg_reg[2][0]/CK->D
          Group: clock
     Startpoint: (R) shift_reg_reg[1][0]/CK
          Clock: (R) clock
       Endpoint: (R) shift_reg_reg[2][0]/D
          Clock: (R) clock

                     Capture       Launch     
        Clock Edge:+    1800            0     
       Src Latency:+       0            0     
       Net Latency:+       0 (I)        0 (I) 
           Arrival:=    1800            0     
                                              
             Setup:-     112                  
     Required Time:=    1688                  
      Launch Clock:-       0                  
         Data Path:-     167                  
             Slack:=    1520                  

#------------------------------------------------------------------------------------------------
#     Timing Point       Flags   Arc   Edge    Cell     Fanout Load Trans Delay Arrival Instance 
#                                                              (fF)  (ps)  (ps)   (ps)  Location 
#------------------------------------------------------------------------------------------------
  shift_reg_reg[1][0]/CK -       -     R     (arrival)      80    -     0     0       0    (-,-) 
  shift_reg_reg[1][0]/Q  -       CK->Q R     DFFHQX1LVT      3  7.8   117   167     167    (-,-) 
  shift_reg_reg[2][0]/D  -       -     R     DFFX2LVT        3    -     -     0     167    (-,-) 
#------------------------------------------------------------------------------------------------



Path 46: MET (1530 ps) Setup Check with Pin shift_reg_reg[0][3]/CK->D
          Group: clock
     Startpoint: (R) data_in_reg_reg[3]/CK
          Clock: (R) clock
       Endpoint: (R) shift_reg_reg[0][3]/D
          Clock: (R) clock

                     Capture       Launch     
        Clock Edge:+    1800            0     
       Src Latency:+       0            0     
       Net Latency:+       0 (I)        0 (I) 
           Arrival:=    1800            0     
                                              
             Setup:-     107                  
     Required Time:=    1693                  
      Launch Clock:-       0                  
         Data Path:-     163                  
             Slack:=    1530                  

#-----------------------------------------------------------------------------------------------
#     Timing Point      Flags   Arc   Edge    Cell     Fanout Load Trans Delay Arrival Instance 
#                                                             (fF)  (ps)  (ps)   (ps)  Location 
#-----------------------------------------------------------------------------------------------
  data_in_reg_reg[3]/CK -       -     R     (arrival)      80    -     0     0       0    (-,-) 
  data_in_reg_reg[3]/Q  -       CK->Q R     DFFHQX1LVT      3  7.3   110   163     163    (-,-) 
  shift_reg_reg[0][3]/D -       -     R     DFFX1LVT        3    -     -     0     163    (-,-) 
#-----------------------------------------------------------------------------------------------



Path 47: MET (1531 ps) Setup Check with Pin shift_reg_reg[0][0]/CK->D
          Group: clock
     Startpoint: (R) data_in_reg_reg[0]/CK
          Clock: (R) clock
       Endpoint: (R) shift_reg_reg[0][0]/D
          Clock: (R) clock

                     Capture       Launch     
        Clock Edge:+    1800            0     
       Src Latency:+       0            0     
       Net Latency:+       0 (I)        0 (I) 
           Arrival:=    1800            0     
                                              
             Setup:-     108                  
     Required Time:=    1692                  
      Launch Clock:-       0                  
         Data Path:-     161                  
             Slack:=    1531                  

#----------------------------------------------------------------------------------------------
#     Timing Point      Flags   Arc   Edge   Cell     Fanout Load Trans Delay Arrival Instance 
#                                                            (fF)  (ps)  (ps)   (ps)  Location 
#----------------------------------------------------------------------------------------------
  data_in_reg_reg[0]/CK -       -     R     (arrival)     80    -     0     0       0    (-,-) 
  data_in_reg_reg[0]/Q  -       CK->Q R     DFFQX1LVT      3  6.9   105   161     161    (-,-) 
  shift_reg_reg[0][0]/D -       -     R     DFFQX2LVT      3    -     -     0     161    (-,-) 
#----------------------------------------------------------------------------------------------



Path 48: MET (1534 ps) Setup Check with Pin shift_reg_reg[4][7]/CK->D
          Group: clock
     Startpoint: (R) shift_reg_reg[3][7]/CK
          Clock: (R) clock
       Endpoint: (R) shift_reg_reg[4][7]/D
          Clock: (R) clock

                     Capture       Launch     
        Clock Edge:+    1800            0     
       Src Latency:+       0            0     
       Net Latency:+       0 (I)        0 (I) 
           Arrival:=    1800            0     
                                              
             Setup:-     106                  
     Required Time:=    1694                  
      Launch Clock:-       0                  
         Data Path:-     161                  
             Slack:=    1534                  

#------------------------------------------------------------------------------------------------
#     Timing Point       Flags   Arc   Edge    Cell     Fanout Load Trans Delay Arrival Instance 
#                                                              (fF)  (ps)  (ps)   (ps)  Location 
#------------------------------------------------------------------------------------------------
  shift_reg_reg[3][7]/CK -       -     R     (arrival)      80    -     0     0       0    (-,-) 
  shift_reg_reg[3][7]/Q  -       CK->Q R     DFFHQX1LVT      3  7.0   106   161     161    (-,-) 
  shift_reg_reg[4][7]/D  -       -     R     DFFX1LVT        3    -     -     0     161    (-,-) 
#------------------------------------------------------------------------------------------------



Path 49: MET (1534 ps) Setup Check with Pin shift_reg_reg[1][6]/CK->D
          Group: clock
     Startpoint: (R) shift_reg_reg[0][6]/CK
          Clock: (R) clock
       Endpoint: (R) shift_reg_reg[1][6]/D
          Clock: (R) clock

                     Capture       Launch     
        Clock Edge:+    1800            0     
       Src Latency:+       0            0     
       Net Latency:+       0 (I)        0 (I) 
           Arrival:=    1800            0     
                                              
             Setup:-     103                  
     Required Time:=    1697                  
      Launch Clock:-       0                  
         Data Path:-     163                  
             Slack:=    1534                  

#-----------------------------------------------------------------------------------------------
#     Timing Point       Flags   Arc   Edge   Cell     Fanout Load Trans Delay Arrival Instance 
#                                                             (fF)  (ps)  (ps)   (ps)  Location 
#-----------------------------------------------------------------------------------------------
  shift_reg_reg[0][6]/CK -       -     R     (arrival)     80    -     0     0       0    (-,-) 
  shift_reg_reg[0][6]/Q  -       CK->Q R     DFFX1LVT       2  5.9    91   163     163    (-,-) 
  shift_reg_reg[1][6]/D  -       -     R     DFFQX4LVT      2    -     -     0     163    (-,-) 
#-----------------------------------------------------------------------------------------------



Path 50: MET (1537 ps) Setup Check with Pin shift_reg_reg[3][7]/CK->D
          Group: clock
     Startpoint: (R) shift_reg_reg[2][7]/CK
          Clock: (R) clock
       Endpoint: (R) shift_reg_reg[3][7]/D
          Clock: (R) clock

                     Capture       Launch     
        Clock Edge:+    1800            0     
       Src Latency:+       0            0     
       Net Latency:+       0 (I)        0 (I) 
           Arrival:=    1800            0     
                                              
             Setup:-     102                  
     Required Time:=    1698                  
      Launch Clock:-       0                  
         Data Path:-     162                  
             Slack:=    1537                  

#------------------------------------------------------------------------------------------------
#     Timing Point       Flags   Arc   Edge    Cell     Fanout Load Trans Delay Arrival Instance 
#                                                              (fF)  (ps)  (ps)   (ps)  Location 
#------------------------------------------------------------------------------------------------
  shift_reg_reg[2][7]/CK -       -     R     (arrival)      80    -     0     0       0    (-,-) 
  shift_reg_reg[2][7]/Q  -       CK->Q R     DFFHQX1LVT      3  7.1   107   162     162    (-,-) 
  shift_reg_reg[3][7]/D  -       -     R     DFFHQX1LVT      3    -     -     0     162    (-,-) 
#------------------------------------------------------------------------------------------------

