============================================================
  Generated by:           Genus(TM) Synthesis Solution 23.10-p004_1
  Generated on:           Oct 08 2026  09:15:28 pm
  Module:                 fir_serial
  Operating conditions:   PVT_0P9V_125C 
  Interconnect mode:      global
  Area mode:              physical library
============================================================


Path 1: VIOLATED (-304 ps) Setup Check with Pin data_out_reg_reg[14]/clk->d
          Group: clock
     Startpoint: (R) shift_reg_reg[4][2]/clk
          Clock: (R) clock
       Endpoint: (R) data_out_reg_reg[14]/d
          Clock: (R) clock

                     Capture       Launch     
        Clock Edge:+    1600            0     
       Src Latency:+       0            0     
       Net Latency:+       0 (I)        0 (I) 
           Arrival:=    1600            0     
                                              
             Setup:-      69                  
     Required Time:=    1531                  
      Launch Clock:-       0                  
         Data Path:-    1834                  
             Slack:=    -304                  

#-----------------------------------------------------------------------------------------------------------------------
#            Timing Point              Flags    Arc    Edge       Cell         Fanout Load Trans Delay Arrival Instance 
#                                                                                     (fF)  (ps)  (ps)   (ps)  Location 
#-----------------------------------------------------------------------------------------------------------------------
  shift_reg_reg[4][2]/clk              -       -       R     (arrival)             80    -     0     0       0    (-,-) 
  shift_reg_reg[4][2]/q                (u)     clk->q  R     unmapped_d_flop        9  4.5     0   231     231    (-,-) 
  csa_tree_ADD_TC_OP_13_groupi/g1816/z (u)     in_0->z R     unmapped_complex2      1  0.5     0    52     283    (-,-) 
  csa_tree_ADD_TC_OP_13_groupi/g3271/z (u)     in_0->z F     unmapped_nand2         1  0.5     0    52     336    (-,-) 
  csa_tree_ADD_TC_OP_13_groupi/g3122/z (u)     in_0->z R     unmapped_nand2         3  1.5     0    63     398    (-,-) 
  csa_tree_ADD_TC_OP_13_groupi/g3028/z (u)     in_0->z F     unmapped_complex2      1  0.5     0    52     451    (-,-) 
  csa_tree_ADD_TC_OP_13_groupi/g3029/z (u)     in_1->z R     unmapped_nand2         2  1.0     0    58     509    (-,-) 
  csa_tree_ADD_TC_OP_13_groupi/g2986/z (u)     in_0->z R     unmapped_complex2      1  0.5     0    52     561    (-,-) 
  csa_tree_ADD_TC_OP_13_groupi/g2987/z (u)     in_1->z F     unmapped_nand2         4  2.0     0    68     629    (-,-) 
  csa_tree_ADD_TC_OP_13_groupi/g2838/z (u)     in_1->z R     unmapped_complex2      1  0.5     0    52     681    (-,-) 
  csa_tree_ADD_TC_OP_13_groupi/g2839/z (u)     in_1->z F     unmapped_nand2         2  1.0     0    58     739    (-,-) 
  csa_tree_ADD_TC_OP_13_groupi/g2793/z (u)     in_0->z F     unmapped_complex2      1  0.5     0    52     791    (-,-) 
  csa_tree_ADD_TC_OP_13_groupi/g2794/z (u)     in_1->z R     unmapped_nand2         3  1.5     0    63     854    (-,-) 
  csa_tree_ADD_TC_OP_13_groupi/g2742/z (u)     in_0->z F     unmapped_complex2      1  0.5     0    52     906    (-,-) 
  csa_tree_ADD_TC_OP_13_groupi/g2743/z (u)     in_1->z R     unmapped_nand2         2  1.0     0    58     965    (-,-) 
  csa_tree_ADD_TC_OP_13_groupi/g2678/z (u)     in_0->z R     unmapped_complex2      1  0.5     0    52    1017    (-,-) 
  csa_tree_ADD_TC_OP_13_groupi/g2679/z (u)     in_1->z F     unmapped_nand2         2  1.0     0    58    1075    (-,-) 
  csa_tree_ADD_TC_OP_13_groupi/g1820/z (u)     in_0->z F     unmapped_or2           2  1.0     0    58    1133    (-,-) 
  csa_tree_ADD_TC_OP_13_groupi/g2626/z (u)     in_0->z R     unmapped_nand2         1  0.5     0    52    1186    (-,-) 
  csa_tree_ADD_TC_OP_13_groupi/g2595/z (u)     in_0->z F     unmapped_nand2         3  1.5     0    63    1248    (-,-) 
  csa_tree_ADD_TC_OP_13_groupi/g2567/z (u)     in_1->z R     unmapped_nand2         2  1.0     0    58    1307    (-,-) 
  csa_tree_ADD_TC_OP_13_groupi/g2560/z (u)     in_1->z F     unmapped_nand2         3  1.5     0    63    1370    (-,-) 
  csa_tree_ADD_TC_OP_13_groupi/g2548/z (u)     in_0->z R     unmapped_nand2         1  0.5     0    52    1422    (-,-) 
  csa_tree_ADD_TC_OP_13_groupi/g2533/z (u)     in_0->z F     unmapped_nand2         5  2.5     0    72    1494    (-,-) 
  csa_tree_ADD_TC_OP_13_groupi/g2517/z (u)     in_1->z R     unmapped_complex2      1  0.5     0    52    1546    (-,-) 
  csa_tree_ADD_TC_OP_13_groupi/g2508/z (u)     in_1->z F     unmapped_complex2      4  2.0     0    68    1614    (-,-) 
  csa_tree_ADD_TC_OP_13_groupi/g2506/z (u)     in_0->z R     unmapped_complex2      2  1.0     0    58    1672    (-,-) 
  csa_tree_ADD_TC_OP_13_groupi/g2496/z (u)     in_0->z F     unmapped_complex2      2  1.0     0    58    1730    (-,-) 
  csa_tree_ADD_TC_OP_13_groupi/g2494/z (u)     in_0->z F     unmapped_or2           1  0.5     0    52    1782    (-,-) 
  csa_tree_ADD_TC_OP_13_groupi/g2495/z (u)     in_1->z R     unmapped_nand2         1  0.5     0    52    1834    (-,-) 
  data_out_reg_reg[14]/d               -       -       R     unmapped_d_flop        1    -     -     0    1834    (-,-) 
#-----------------------------------------------------------------------------------------------------------------------

(u) : Net has unmapped pin(s).



Path 2: VIOLATED (-298 ps) Setup Check with Pin data_out_reg_reg[13]/clk->d
          Group: clock
     Startpoint: (R) shift_reg_reg[4][2]/clk
          Clock: (R) clock
       Endpoint: (R) data_out_reg_reg[13]/d
          Clock: (R) clock

                     Capture       Launch     
        Clock Edge:+    1600            0     
       Src Latency:+       0            0     
       Net Latency:+       0 (I)        0 (I) 
           Arrival:=    1600            0     
                                              
             Setup:-      69                  
     Required Time:=    1531                  
      Launch Clock:-       0                  
         Data Path:-    1828                  
             Slack:=    -298                  

#-----------------------------------------------------------------------------------------------------------------------
#            Timing Point              Flags    Arc    Edge       Cell         Fanout Load Trans Delay Arrival Instance 
#                                                                                     (fF)  (ps)  (ps)   (ps)  Location 
#-----------------------------------------------------------------------------------------------------------------------
  shift_reg_reg[4][2]/clk              -       -       R     (arrival)             80    -     0     0       0    (-,-) 
  shift_reg_reg[4][2]/q                (u)     clk->q  R     unmapped_d_flop        9  4.5     0   231     231    (-,-) 
  csa_tree_ADD_TC_OP_13_groupi/g1816/z (u)     in_0->z R     unmapped_complex2      1  0.5     0    52     283    (-,-) 
  csa_tree_ADD_TC_OP_13_groupi/g3271/z (u)     in_0->z F     unmapped_nand2         1  0.5     0    52     336    (-,-) 
  csa_tree_ADD_TC_OP_13_groupi/g3122/z (u)     in_0->z R     unmapped_nand2         3  1.5     0    63     398    (-,-) 
  csa_tree_ADD_TC_OP_13_groupi/g3028/z (u)     in_0->z F     unmapped_complex2      1  0.5     0    52     451    (-,-) 
  csa_tree_ADD_TC_OP_13_groupi/g3029/z (u)     in_1->z R     unmapped_nand2         2  1.0     0    58     509    (-,-) 
  csa_tree_ADD_TC_OP_13_groupi/g2986/z (u)     in_0->z R     unmapped_complex2      1  0.5     0    52     561    (-,-) 
  csa_tree_ADD_TC_OP_13_groupi/g2987/z (u)     in_1->z F     unmapped_nand2         4  2.0     0    68     629    (-,-) 
  csa_tree_ADD_TC_OP_13_groupi/g2838/z (u)     in_1->z R     unmapped_complex2      1  0.5     0    52     681    (-,-) 
  csa_tree_ADD_TC_OP_13_groupi/g2839/z (u)     in_1->z F     unmapped_nand2         2  1.0     0    58     739    (-,-) 
  csa_tree_ADD_TC_OP_13_groupi/g2793/z (u)     in_0->z F     unmapped_complex2      1  0.5     0    52     791    (-,-) 
  csa_tree_ADD_TC_OP_13_groupi/g2794/z (u)     in_1->z R     unmapped_nand2         3  1.5     0    63     854    (-,-) 
  csa_tree_ADD_TC_OP_13_groupi/g2742/z (u)     in_0->z F     unmapped_complex2      1  0.5     0    52     906    (-,-) 
  csa_tree_ADD_TC_OP_13_groupi/g2743/z (u)     in_1->z R     unmapped_nand2         2  1.0     0    58     965    (-,-) 
  csa_tree_ADD_TC_OP_13_groupi/g2678/z (u)     in_0->z R     unmapped_complex2      1  0.5     0    52    1017    (-,-) 
  csa_tree_ADD_TC_OP_13_groupi/g2679/z (u)     in_1->z F     unmapped_nand2         2  1.0     0    58    1075    (-,-) 
  csa_tree_ADD_TC_OP_13_groupi/g1820/z (u)     in_0->z F     unmapped_or2           2  1.0     0    58    1133    (-,-) 
  csa_tree_ADD_TC_OP_13_groupi/g2626/z (u)     in_0->z R     unmapped_nand2         1  0.5     0    52    1186    (-,-) 
  csa_tree_ADD_TC_OP_13_groupi/g2595/z (u)     in_0->z F     unmapped_nand2         3  1.5     0    63    1248    (-,-) 
  csa_tree_ADD_TC_OP_13_groupi/g2567/z (u)     in_1->z R     unmapped_nand2         2  1.0     0    58    1307    (-,-) 
  csa_tree_ADD_TC_OP_13_groupi/g2560/z (u)     in_1->z F     unmapped_nand2         3  1.5     0    63    1370    (-,-) 
  csa_tree_ADD_TC_OP_13_groupi/g2548/z (u)     in_0->z R     unmapped_nand2         1  0.5     0    52    1422    (-,-) 
  csa_tree_ADD_TC_OP_13_groupi/g2533/z (u)     in_0->z F     unmapped_nand2         5  2.5     0    72    1494    (-,-) 
  csa_tree_ADD_TC_OP_13_groupi/g2517/z (u)     in_1->z R     unmapped_complex2      1  0.5     0    52    1546    (-,-) 
  csa_tree_ADD_TC_OP_13_groupi/g2508/z (u)     in_1->z F     unmapped_complex2      4  2.0     0    68    1614    (-,-) 
  csa_tree_ADD_TC_OP_13_groupi/g2502/z (u)     in_1->z R     unmapped_nand2         1  0.5     0    52    1666    (-,-) 
  csa_tree_ADD_TC_OP_13_groupi/g2497/z (u)     in_1->z F     unmapped_nand2         2  1.0     0    58    1724    (-,-) 
  csa_tree_ADD_TC_OP_13_groupi/g2491/z (u)     in_0->z F     unmapped_or2           1  0.5     0    52    1776    (-,-) 
  csa_tree_ADD_TC_OP_13_groupi/g2492/z (u)     in_1->z R     unmapped_nand2         1  0.5     0    52    1828    (-,-) 
  data_out_reg_reg[13]/d               -       -       R     unmapped_d_flop        1    -     -     0    1828    (-,-) 
#-----------------------------------------------------------------------------------------------------------------------

(u) : Net has unmapped pin(s).



Path 3: VIOLATED (-293 ps) Setup Check with Pin data_out_reg_reg[11]/clk->d
          Group: clock
     Startpoint: (R) shift_reg_reg[4][2]/clk
          Clock: (R) clock
       Endpoint: (R) data_out_reg_reg[11]/d
          Clock: (R) clock

                     Capture       Launch     
        Clock Edge:+    1600            0     
       Src Latency:+       0            0     
       Net Latency:+       0 (I)        0 (I) 
           Arrival:=    1600            0     
                                              
             Setup:-      69                  
     Required Time:=    1531                  
      Launch Clock:-       0                  
         Data Path:-    1824                  
             Slack:=    -293                  

#-----------------------------------------------------------------------------------------------------------------------
#            Timing Point              Flags    Arc    Edge       Cell         Fanout Load Trans Delay Arrival Instance 
#                                                                                     (fF)  (ps)  (ps)   (ps)  Location 
#-----------------------------------------------------------------------------------------------------------------------
  shift_reg_reg[4][2]/clk              -       -       R     (arrival)             80    -     0     0       0    (-,-) 
  shift_reg_reg[4][2]/q                (u)     clk->q  R     unmapped_d_flop        9  4.5     0   231     231    (-,-) 
  csa_tree_ADD_TC_OP_13_groupi/g1816/z (u)     in_0->z R     unmapped_complex2      1  0.5     0    52     283    (-,-) 
  csa_tree_ADD_TC_OP_13_groupi/g3271/z (u)     in_0->z F     unmapped_nand2         1  0.5     0    52     336    (-,-) 
  csa_tree_ADD_TC_OP_13_groupi/g3122/z (u)     in_0->z R     unmapped_nand2         3  1.5     0    63     398    (-,-) 
  csa_tree_ADD_TC_OP_13_groupi/g3028/z (u)     in_0->z F     unmapped_complex2      1  0.5     0    52     451    (-,-) 
  csa_tree_ADD_TC_OP_13_groupi/g3029/z (u)     in_1->z R     unmapped_nand2         2  1.0     0    58     509    (-,-) 
  csa_tree_ADD_TC_OP_13_groupi/g2986/z (u)     in_0->z R     unmapped_complex2      1  0.5     0    52     561    (-,-) 
  csa_tree_ADD_TC_OP_13_groupi/g2987/z (u)     in_1->z F     unmapped_nand2         4  2.0     0    68     629    (-,-) 
  csa_tree_ADD_TC_OP_13_groupi/g2838/z (u)     in_1->z R     unmapped_complex2      1  0.5     0    52     681    (-,-) 
  csa_tree_ADD_TC_OP_13_groupi/g2839/z (u)     in_1->z F     unmapped_nand2         2  1.0     0    58     739    (-,-) 
  csa_tree_ADD_TC_OP_13_groupi/g2793/z (u)     in_0->z F     unmapped_complex2      1  0.5     0    52     791    (-,-) 
  csa_tree_ADD_TC_OP_13_groupi/g2794/z (u)     in_1->z R     unmapped_nand2         3  1.5     0    63     854    (-,-) 
  csa_tree_ADD_TC_OP_13_groupi/g2742/z (u)     in_0->z F     unmapped_complex2      1  0.5     0    52     906    (-,-) 
  csa_tree_ADD_TC_OP_13_groupi/g2743/z (u)     in_1->z R     unmapped_nand2         2  1.0     0    58     965    (-,-) 
  csa_tree_ADD_TC_OP_13_groupi/g2678/z (u)     in_0->z R     unmapped_complex2      1  0.5     0    52    1017    (-,-) 
  csa_tree_ADD_TC_OP_13_groupi/g2679/z (u)     in_1->z F     unmapped_nand2         2  1.0     0    58    1075    (-,-) 
  csa_tree_ADD_TC_OP_13_groupi/g1820/z (u)     in_0->z F     unmapped_or2           2  1.0     0    58    1133    (-,-) 
  csa_tree_ADD_TC_OP_13_groupi/g2626/z (u)     in_0->z R     unmapped_nand2         1  0.5     0    52    1186    (-,-) 
  csa_tree_ADD_TC_OP_13_groupi/g2595/z (u)     in_0->z F     unmapped_nand2         3  1.5     0    63    1248    (-,-) 
  csa_tree_ADD_TC_OP_13_groupi/g2567/z (u)     in_1->z R     unmapped_nand2         2  1.0     0    58    1307    (-,-) 
  csa_tree_ADD_TC_OP_13_groupi/g2560/z (u)     in_1->z F     unmapped_nand2         3  1.5     0    63    1370    (-,-) 
  csa_tree_ADD_TC_OP_13_groupi/g2548/z (u)     in_0->z R     unmapped_nand2         1  0.5     0    52    1422    (-,-) 
  csa_tree_ADD_TC_OP_13_groupi/g2533/z (u)     in_0->z F     unmapped_nand2         5  2.5     0    72    1494    (-,-) 
  csa_tree_ADD_TC_OP_13_groupi/g2523/z (u)     in_0->z R     unmapped_complex2      1  0.5     0    52    1546    (-,-) 
  csa_tree_ADD_TC_OP_13_groupi/g2520/z (u)     in_1->z F     unmapped_nand2         3  1.5     0    63    1609    (-,-) 
  csa_tree_ADD_TC_OP_13_groupi/g2513/z (u)     in_1->z R     unmapped_nand2         1  0.5     0    52    1661    (-,-) 
  csa_tree_ADD_TC_OP_13_groupi/g2507/z (u)     in_1->z F     unmapped_nand2         2  1.0     0    58    1720    (-,-) 
  csa_tree_ADD_TC_OP_13_groupi/g2500/z (u)     in_0->z F     unmapped_or2           1  0.5     0    52    1772    (-,-) 
  csa_tree_ADD_TC_OP_13_groupi/g2501/z (u)     in_1->z R     unmapped_nand2         1  0.5     0    52    1824    (-,-) 
  data_out_reg_reg[11]/d               -       -       R     unmapped_d_flop        1    -     -     0    1824    (-,-) 
#-----------------------------------------------------------------------------------------------------------------------

(u) : Net has unmapped pin(s).



Path 4: VIOLATED (-246 ps) Setup Check with Pin data_out_reg_reg[15]/clk->d
          Group: clock
     Startpoint: (R) shift_reg_reg[4][2]/clk
          Clock: (R) clock
       Endpoint: (R) data_out_reg_reg[15]/d
          Clock: (R) clock

                     Capture       Launch     
        Clock Edge:+    1600            0     
       Src Latency:+       0            0     
       Net Latency:+       0 (I)        0 (I) 
           Arrival:=    1600            0     
                                              
             Setup:-      69                  
     Required Time:=    1531                  
      Launch Clock:-       0                  
         Data Path:-    1776                  
             Slack:=    -246                  

#-----------------------------------------------------------------------------------------------------------------------
#            Timing Point              Flags    Arc    Edge       Cell         Fanout Load Trans Delay Arrival Instance 
#                                                                                     (fF)  (ps)  (ps)   (ps)  Location 
#-----------------------------------------------------------------------------------------------------------------------
  shift_reg_reg[4][2]/clk              -       -       R     (arrival)             80    -     0     0       0    (-,-) 
  shift_reg_reg[4][2]/q                (u)     clk->q  R     unmapped_d_flop        9  4.5     0   231     231    (-,-) 
  csa_tree_ADD_TC_OP_13_groupi/g1816/z (u)     in_0->z R     unmapped_complex2      1  0.5     0    52     283    (-,-) 
  csa_tree_ADD_TC_OP_13_groupi/g3271/z (u)     in_0->z F     unmapped_nand2         1  0.5     0    52     336    (-,-) 
  csa_tree_ADD_TC_OP_13_groupi/g3122/z (u)     in_0->z R     unmapped_nand2         3  1.5     0    63     398    (-,-) 
  csa_tree_ADD_TC_OP_13_groupi/g3028/z (u)     in_0->z F     unmapped_complex2      1  0.5     0    52     451    (-,-) 
  csa_tree_ADD_TC_OP_13_groupi/g3029/z (u)     in_1->z R     unmapped_nand2         2  1.0     0    58     509    (-,-) 
  csa_tree_ADD_TC_OP_13_groupi/g2986/z (u)     in_0->z R     unmapped_complex2      1  0.5     0    52     561    (-,-) 
  csa_tree_ADD_TC_OP_13_groupi/g2987/z (u)     in_1->z F     unmapped_nand2         4  2.0     0    68     629    (-,-) 
  csa_tree_ADD_TC_OP_13_groupi/g2838/z (u)     in_1->z R     unmapped_complex2      1  0.5     0    52     681    (-,-) 
  csa_tree_ADD_TC_OP_13_groupi/g2839/z (u)     in_1->z F     unmapped_nand2         2  1.0     0    58     739    (-,-) 
  csa_tree_ADD_TC_OP_13_groupi/g2793/z (u)     in_0->z F     unmapped_complex2      1  0.5     0    52     791    (-,-) 
  csa_tree_ADD_TC_OP_13_groupi/g2794/z (u)     in_1->z R     unmapped_nand2         3  1.5     0    63     854    (-,-) 
  csa_tree_ADD_TC_OP_13_groupi/g2742/z (u)     in_0->z F     unmapped_complex2      1  0.5     0    52     906    (-,-) 
  csa_tree_ADD_TC_OP_13_groupi/g2743/z (u)     in_1->z R     unmapped_nand2         2  1.0     0    58     965    (-,-) 
  csa_tree_ADD_TC_OP_13_groupi/g2678/z (u)     in_0->z R     unmapped_complex2      1  0.5     0    52    1017    (-,-) 
  csa_tree_ADD_TC_OP_13_groupi/g2679/z (u)     in_1->z F     unmapped_nand2         2  1.0     0    58    1075    (-,-) 
  csa_tree_ADD_TC_OP_13_groupi/g1820/z (u)     in_0->z F     unmapped_or2           2  1.0     0    58    1133    (-,-) 
  csa_tree_ADD_TC_OP_13_groupi/g2626/z (u)     in_0->z R     unmapped_nand2         1  0.5     0    52    1186    (-,-) 
  csa_tree_ADD_TC_OP_13_groupi/g2595/z (u)     in_0->z F     unmapped_nand2         3  1.5     0    63    1248    (-,-) 
  csa_tree_ADD_TC_OP_13_groupi/g2567/z (u)     in_1->z R     unmapped_nand2         2  1.0     0    58    1307    (-,-) 
  csa_tree_ADD_TC_OP_13_groupi/g2560/z (u)     in_1->z F     unmapped_nand2         3  1.5     0    63    1370    (-,-) 
  csa_tree_ADD_TC_OP_13_groupi/g2548/z (u)     in_0->z R     unmapped_nand2         1  0.5     0    52    1422    (-,-) 
  csa_tree_ADD_TC_OP_13_groupi/g2533/z (u)     in_0->z F     unmapped_nand2         5  2.5     0    72    1494    (-,-) 
  csa_tree_ADD_TC_OP_13_groupi/g2517/z (u)     in_1->z R     unmapped_complex2      1  0.5     0    52    1546    (-,-) 
  csa_tree_ADD_TC_OP_13_groupi/g2508/z (u)     in_1->z F     unmapped_complex2      4  2.0     0    68    1614    (-,-) 
  csa_tree_ADD_TC_OP_13_groupi/g2506/z (u)     in_0->z R     unmapped_complex2      2  1.0     0    58    1672    (-,-) 
  csa_tree_ADD_TC_OP_13_groupi/g2498/z (u)     in_0->z F     unmapped_complex2      1  0.5     0    52    1724    (-,-) 
  csa_tree_ADD_TC_OP_13_groupi/g2489/z (u)     in_1->z R     unmapped_nand2         1  0.5     0    52    1776    (-,-) 
  data_out_reg_reg[15]/d               -       -       R     unmapped_d_flop        1    -     -     0    1776    (-,-) 
#-----------------------------------------------------------------------------------------------------------------------

(u) : Net has unmapped pin(s).



Path 5: VIOLATED (-188 ps) Setup Check with Pin data_out_reg_reg[12]/clk->d
          Group: clock
     Startpoint: (R) shift_reg_reg[4][2]/clk
          Clock: (R) clock
       Endpoint: (R) data_out_reg_reg[12]/d
          Clock: (R) clock

                     Capture       Launch     
        Clock Edge:+    1600            0     
       Src Latency:+       0            0     
       Net Latency:+       0 (I)        0 (I) 
           Arrival:=    1600            0     
                                              
             Setup:-      69                  
     Required Time:=    1531                  
      Launch Clock:-       0                  
         Data Path:-    1718                  
             Slack:=    -188                  

#-----------------------------------------------------------------------------------------------------------------------
#            Timing Point              Flags    Arc    Edge       Cell         Fanout Load Trans Delay Arrival Instance 
#                                                                                     (fF)  (ps)  (ps)   (ps)  Location 
#-----------------------------------------------------------------------------------------------------------------------
  shift_reg_reg[4][2]/clk              -       -       R     (arrival)             80    -     0     0       0    (-,-) 
  shift_reg_reg[4][2]/q                (u)     clk->q  R     unmapped_d_flop        9  4.5     0   231     231    (-,-) 
  csa_tree_ADD_TC_OP_13_groupi/g1816/z (u)     in_0->z R     unmapped_complex2      1  0.5     0    52     283    (-,-) 
  csa_tree_ADD_TC_OP_13_groupi/g3271/z (u)     in_0->z F     unmapped_nand2         1  0.5     0    52     336    (-,-) 
  csa_tree_ADD_TC_OP_13_groupi/g3122/z (u)     in_0->z R     unmapped_nand2         3  1.5     0    63     398    (-,-) 
  csa_tree_ADD_TC_OP_13_groupi/g3028/z (u)     in_0->z F     unmapped_complex2      1  0.5     0    52     451    (-,-) 
  csa_tree_ADD_TC_OP_13_groupi/g3029/z (u)     in_1->z R     unmapped_nand2         2  1.0     0    58     509    (-,-) 
  csa_tree_ADD_TC_OP_13_groupi/g2986/z (u)     in_0->z R     unmapped_complex2      1  0.5     0    52     561    (-,-) 
  csa_tree_ADD_TC_OP_13_groupi/g2987/z (u)     in_1->z F     unmapped_nand2         4  2.0     0    68     629    (-,-) 
  csa_tree_ADD_TC_OP_13_groupi/g2838/z (u)     in_1->z R     unmapped_complex2      1  0.5     0    52     681    (-,-) 
  csa_tree_ADD_TC_OP_13_groupi/g2839/z (u)     in_1->z F     unmapped_nand2         2  1.0     0    58     739    (-,-) 
  csa_tree_ADD_TC_OP_13_groupi/g2793/z (u)     in_0->z F     unmapped_complex2      1  0.5     0    52     791    (-,-) 
  csa_tree_ADD_TC_OP_13_groupi/g2794/z (u)     in_1->z R     unmapped_nand2         3  1.5     0    63     854    (-,-) 
  csa_tree_ADD_TC_OP_13_groupi/g2742/z (u)     in_0->z F     unmapped_complex2      1  0.5     0    52     906    (-,-) 
  csa_tree_ADD_TC_OP_13_groupi/g2743/z (u)     in_1->z R     unmapped_nand2         2  1.0     0    58     965    (-,-) 
  csa_tree_ADD_TC_OP_13_groupi/g2678/z (u)     in_0->z R     unmapped_complex2      1  0.5     0    52    1017    (-,-) 
  csa_tree_ADD_TC_OP_13_groupi/g2679/z (u)     in_1->z F     unmapped_nand2         2  1.0     0    58    1075    (-,-) 
  csa_tree_ADD_TC_OP_13_groupi/g1820/z (u)     in_0->z F     unmapped_or2           2  1.0     0    58    1133    (-,-) 
  csa_tree_ADD_TC_OP_13_groupi/g2626/z (u)     in_0->z R     unmapped_nand2         1  0.5     0    52    1186    (-,-) 
  csa_tree_ADD_TC_OP_13_groupi/g2595/z (u)     in_0->z F     unmapped_nand2         3  1.5     0    63    1248    (-,-) 
  csa_tree_ADD_TC_OP_13_groupi/g2567/z (u)     in_1->z R     unmapped_nand2         2  1.0     0    58    1307    (-,-) 
  csa_tree_ADD_TC_OP_13_groupi/g2560/z (u)     in_1->z F     unmapped_nand2         3  1.5     0    63    1370    (-,-) 
  csa_tree_ADD_TC_OP_13_groupi/g2548/z (u)     in_0->z R     unmapped_nand2         1  0.5     0    52    1422    (-,-) 
  csa_tree_ADD_TC_OP_13_groupi/g2533/z (u)     in_0->z F     unmapped_nand2         5  2.5     0    72    1494    (-,-) 
  csa_tree_ADD_TC_OP_13_groupi/g2517/z (u)     in_1->z R     unmapped_complex2      1  0.5     0    52    1546    (-,-) 
  csa_tree_ADD_TC_OP_13_groupi/g2508/z (u)     in_1->z F     unmapped_complex2      4  2.0     0    68    1614    (-,-) 
  csa_tree_ADD_TC_OP_13_groupi/g2504/z (u)     in_0->z F     unmapped_or2           1  0.5     0    52    1666    (-,-) 
  csa_tree_ADD_TC_OP_13_groupi/g2505/z (u)     in_1->z R     unmapped_nand2         1  0.5     0    52    1718    (-,-) 
  data_out_reg_reg[12]/d               -       -       R     unmapped_d_flop        1    -     -     0    1718    (-,-) 
#-----------------------------------------------------------------------------------------------------------------------

(u) : Net has unmapped pin(s).



Path 6: VIOLATED (-183 ps) Setup Check with Pin data_out_reg_reg[10]/clk->d
          Group: clock
     Startpoint: (R) shift_reg_reg[4][2]/clk
          Clock: (R) clock
       Endpoint: (R) data_out_reg_reg[10]/d
          Clock: (R) clock

                     Capture       Launch     
        Clock Edge:+    1600            0     
       Src Latency:+       0            0     
       Net Latency:+       0 (I)        0 (I) 
           Arrival:=    1600            0     
                                              
             Setup:-      69                  
     Required Time:=    1531                  
      Launch Clock:-       0                  
         Data Path:-    1714                  
             Slack:=    -183                  

#-----------------------------------------------------------------------------------------------------------------------
#            Timing Point              Flags    Arc    Edge       Cell         Fanout Load Trans Delay Arrival Instance 
#                                                                                     (fF)  (ps)  (ps)   (ps)  Location 
#-----------------------------------------------------------------------------------------------------------------------
  shift_reg_reg[4][2]/clk              -       -       R     (arrival)             80    -     0     0       0    (-,-) 
  shift_reg_reg[4][2]/q                (u)     clk->q  R     unmapped_d_flop        9  4.5     0   231     231    (-,-) 
  csa_tree_ADD_TC_OP_13_groupi/g1816/z (u)     in_0->z R     unmapped_complex2      1  0.5     0    52     283    (-,-) 
  csa_tree_ADD_TC_OP_13_groupi/g3271/z (u)     in_0->z F     unmapped_nand2         1  0.5     0    52     336    (-,-) 
  csa_tree_ADD_TC_OP_13_groupi/g3122/z (u)     in_0->z R     unmapped_nand2         3  1.5     0    63     398    (-,-) 
  csa_tree_ADD_TC_OP_13_groupi/g3028/z (u)     in_0->z F     unmapped_complex2      1  0.5     0    52     451    (-,-) 
  csa_tree_ADD_TC_OP_13_groupi/g3029/z (u)     in_1->z R     unmapped_nand2         2  1.0     0    58     509    (-,-) 
  csa_tree_ADD_TC_OP_13_groupi/g2986/z (u)     in_0->z R     unmapped_complex2      1  0.5     0    52     561    (-,-) 
  csa_tree_ADD_TC_OP_13_groupi/g2987/z (u)     in_1->z F     unmapped_nand2         4  2.0     0    68     629    (-,-) 
  csa_tree_ADD_TC_OP_13_groupi/g2838/z (u)     in_1->z R     unmapped_complex2      1  0.5     0    52     681    (-,-) 
  csa_tree_ADD_TC_OP_13_groupi/g2839/z (u)     in_1->z F     unmapped_nand2         2  1.0     0    58     739    (-,-) 
  csa_tree_ADD_TC_OP_13_groupi/g2793/z (u)     in_0->z F     unmapped_complex2      1  0.5     0    52     791    (-,-) 
  csa_tree_ADD_TC_OP_13_groupi/g2794/z (u)     in_1->z R     unmapped_nand2         3  1.5     0    63     854    (-,-) 
  csa_tree_ADD_TC_OP_13_groupi/g2742/z (u)     in_0->z F     unmapped_complex2      1  0.5     0    52     906    (-,-) 
  csa_tree_ADD_TC_OP_13_groupi/g2743/z (u)     in_1->z R     unmapped_nand2         2  1.0     0    58     965    (-,-) 
  csa_tree_ADD_TC_OP_13_groupi/g2678/z (u)     in_0->z R     unmapped_complex2      1  0.5     0    52    1017    (-,-) 
  csa_tree_ADD_TC_OP_13_groupi/g2679/z (u)     in_1->z F     unmapped_nand2         2  1.0     0    58    1075    (-,-) 
  csa_tree_ADD_TC_OP_13_groupi/g1820/z (u)     in_0->z F     unmapped_or2           2  1.0     0    58    1133    (-,-) 
  csa_tree_ADD_TC_OP_13_groupi/g2626/z (u)     in_0->z R     unmapped_nand2         1  0.5     0    52    1186    (-,-) 
  csa_tree_ADD_TC_OP_13_groupi/g2595/z (u)     in_0->z F     unmapped_nand2         3  1.5     0    63    1248    (-,-) 
  csa_tree_ADD_TC_OP_13_groupi/g2567/z (u)     in_1->z R     unmapped_nand2         2  1.0     0    58    1307    (-,-) 
  csa_tree_ADD_TC_OP_13_groupi/g2560/z (u)     in_1->z F     unmapped_nand2         3  1.5     0    63    1370    (-,-) 
  csa_tree_ADD_TC_OP_13_groupi/g2548/z (u)     in_0->z R     unmapped_nand2         1  0.5     0    52    1422    (-,-) 
  csa_tree_ADD_TC_OP_13_groupi/g2533/z (u)     in_0->z F     unmapped_nand2         5  2.5     0    72    1494    (-,-) 
  csa_tree_ADD_TC_OP_13_groupi/g2523/z (u)     in_0->z R     unmapped_complex2      1  0.5     0    52    1546    (-,-) 
  csa_tree_ADD_TC_OP_13_groupi/g2520/z (u)     in_1->z F     unmapped_nand2         3  1.5     0    63    1609    (-,-) 
  csa_tree_ADD_TC_OP_13_groupi/g2515/z (u)     in_0->z F     unmapped_or2           1  0.5     0    52    1661    (-,-) 
  csa_tree_ADD_TC_OP_13_groupi/g2516/z (u)     in_1->z R     unmapped_nand2         1  0.5     0    52    1714    (-,-) 
  data_out_reg_reg[10]/d               -       -       R     unmapped_d_flop        1    -     -     0    1714    (-,-) 
#-----------------------------------------------------------------------------------------------------------------------

(u) : Net has unmapped pin(s).



Path 7: VIOLATED (-178 ps) Setup Check with Pin data_out_reg_reg[9]/clk->d
          Group: clock
     Startpoint: (R) shift_reg_reg[4][2]/clk
          Clock: (R) clock
       Endpoint: (R) data_out_reg_reg[9]/d
          Clock: (R) clock

                     Capture       Launch     
        Clock Edge:+    1600            0     
       Src Latency:+       0            0     
       Net Latency:+       0 (I)        0 (I) 
           Arrival:=    1600            0     
                                              
             Setup:-      69                  
     Required Time:=    1531                  
      Launch Clock:-       0                  
         Data Path:-    1709                  
             Slack:=    -178                  

#-----------------------------------------------------------------------------------------------------------------------
#            Timing Point              Flags    Arc    Edge       Cell         Fanout Load Trans Delay Arrival Instance 
#                                                                                     (fF)  (ps)  (ps)   (ps)  Location 
#-----------------------------------------------------------------------------------------------------------------------
  shift_reg_reg[4][2]/clk              -       -       R     (arrival)             80    -     0     0       0    (-,-) 
  shift_reg_reg[4][2]/q                (u)     clk->q  R     unmapped_d_flop        9  4.5     0   231     231    (-,-) 
  csa_tree_ADD_TC_OP_13_groupi/g1816/z (u)     in_0->z R     unmapped_complex2      1  0.5     0    52     283    (-,-) 
  csa_tree_ADD_TC_OP_13_groupi/g3271/z (u)     in_0->z F     unmapped_nand2         1  0.5     0    52     336    (-,-) 
  csa_tree_ADD_TC_OP_13_groupi/g3122/z (u)     in_0->z R     unmapped_nand2         3  1.5     0    63     398    (-,-) 
  csa_tree_ADD_TC_OP_13_groupi/g3028/z (u)     in_0->z F     unmapped_complex2      1  0.5     0    52     451    (-,-) 
  csa_tree_ADD_TC_OP_13_groupi/g3029/z (u)     in_1->z R     unmapped_nand2         2  1.0     0    58     509    (-,-) 
  csa_tree_ADD_TC_OP_13_groupi/g2986/z (u)     in_0->z R     unmapped_complex2      1  0.5     0    52     561    (-,-) 
  csa_tree_ADD_TC_OP_13_groupi/g2987/z (u)     in_1->z F     unmapped_nand2         4  2.0     0    68     629    (-,-) 
  csa_tree_ADD_TC_OP_13_groupi/g2838/z (u)     in_1->z R     unmapped_complex2      1  0.5     0    52     681    (-,-) 
  csa_tree_ADD_TC_OP_13_groupi/g2839/z (u)     in_1->z F     unmapped_nand2         2  1.0     0    58     739    (-,-) 
  csa_tree_ADD_TC_OP_13_groupi/g2793/z (u)     in_0->z F     unmapped_complex2      1  0.5     0    52     791    (-,-) 
  csa_tree_ADD_TC_OP_13_groupi/g2794/z (u)     in_1->z R     unmapped_nand2         3  1.5     0    63     854    (-,-) 
  csa_tree_ADD_TC_OP_13_groupi/g2742/z (u)     in_0->z F     unmapped_complex2      1  0.5     0    52     906    (-,-) 
  csa_tree_ADD_TC_OP_13_groupi/g2743/z (u)     in_1->z R     unmapped_nand2         2  1.0     0    58     965    (-,-) 
  csa_tree_ADD_TC_OP_13_groupi/g2678/z (u)     in_0->z R     unmapped_complex2      1  0.5     0    52    1017    (-,-) 
  csa_tree_ADD_TC_OP_13_groupi/g2679/z (u)     in_1->z F     unmapped_nand2         2  1.0     0    58    1075    (-,-) 
  csa_tree_ADD_TC_OP_13_groupi/g1820/z (u)     in_0->z F     unmapped_or2           2  1.0     0    58    1133    (-,-) 
  csa_tree_ADD_TC_OP_13_groupi/g2626/z (u)     in_0->z R     unmapped_nand2         1  0.5     0    52    1186    (-,-) 
  csa_tree_ADD_TC_OP_13_groupi/g2595/z (u)     in_0->z F     unmapped_nand2         3  1.5     0    63    1248    (-,-) 
  csa_tree_ADD_TC_OP_13_groupi/g2567/z (u)     in_1->z R     unmapped_nand2         2  1.0     0    58    1307    (-,-) 
  csa_tree_ADD_TC_OP_13_groupi/g2560/z (u)     in_1->z F     unmapped_nand2         3  1.5     0    63    1370    (-,-) 
  csa_tree_ADD_TC_OP_13_groupi/g2548/z (u)     in_0->z R     unmapped_nand2         1  0.5     0    52    1422    (-,-) 
  csa_tree_ADD_TC_OP_13_groupi/g2533/z (u)     in_0->z F     unmapped_nand2         5  2.5     0    72    1494    (-,-) 
  csa_tree_ADD_TC_OP_13_groupi/g2526/z (u)     in_1->z R     unmapped_nand2         1  0.5     0    52    1546    (-,-) 
  csa_tree_ADD_TC_OP_13_groupi/g2521/z (u)     in_1->z F     unmapped_nand2         2  1.0     0    58    1604    (-,-) 
  csa_tree_ADD_TC_OP_13_groupi/g2510/z (u)     in_0->z F     unmapped_or2           1  0.5     0    52    1656    (-,-) 
  csa_tree_ADD_TC_OP_13_groupi/g2511/z (u)     in_1->z R     unmapped_nand2         1  0.5     0    52    1709    (-,-) 
  data_out_reg_reg[9]/d                -       -       R     unmapped_d_flop        1    -     -     0    1709    (-,-) 
#-----------------------------------------------------------------------------------------------------------------------

(u) : Net has unmapped pin(s).



Path 8: VIOLATED (-68 ps) Setup Check with Pin data_out_reg_reg[8]/clk->d
          Group: clock
     Startpoint: (R) shift_reg_reg[4][2]/clk
          Clock: (R) clock
       Endpoint: (R) data_out_reg_reg[8]/d
          Clock: (R) clock

                     Capture       Launch     
        Clock Edge:+    1600            0     
       Src Latency:+       0            0     
       Net Latency:+       0 (I)        0 (I) 
           Arrival:=    1600            0     
                                              
             Setup:-      69                  
     Required Time:=    1531                  
      Launch Clock:-       0                  
         Data Path:-    1598                  
             Slack:=     -68                  

#-----------------------------------------------------------------------------------------------------------------------
#            Timing Point              Flags    Arc    Edge       Cell         Fanout Load Trans Delay Arrival Instance 
#                                                                                     (fF)  (ps)  (ps)   (ps)  Location 
#-----------------------------------------------------------------------------------------------------------------------
  shift_reg_reg[4][2]/clk              -       -       R     (arrival)             80    -     0     0       0    (-,-) 
  shift_reg_reg[4][2]/q                (u)     clk->q  R     unmapped_d_flop        9  4.5     0   231     231    (-,-) 
  csa_tree_ADD_TC_OP_13_groupi/g1816/z (u)     in_0->z R     unmapped_complex2      1  0.5     0    52     283    (-,-) 
  csa_tree_ADD_TC_OP_13_groupi/g3271/z (u)     in_0->z F     unmapped_nand2         1  0.5     0    52     336    (-,-) 
  csa_tree_ADD_TC_OP_13_groupi/g3122/z (u)     in_0->z R     unmapped_nand2         3  1.5     0    63     398    (-,-) 
  csa_tree_ADD_TC_OP_13_groupi/g3028/z (u)     in_0->z F     unmapped_complex2      1  0.5     0    52     451    (-,-) 
  csa_tree_ADD_TC_OP_13_groupi/g3029/z (u)     in_1->z R     unmapped_nand2         2  1.0     0    58     509    (-,-) 
  csa_tree_ADD_TC_OP_13_groupi/g2986/z (u)     in_0->z R     unmapped_complex2      1  0.5     0    52     561    (-,-) 
  csa_tree_ADD_TC_OP_13_groupi/g2987/z (u)     in_1->z F     unmapped_nand2         4  2.0     0    68     629    (-,-) 
  csa_tree_ADD_TC_OP_13_groupi/g2838/z (u)     in_1->z R     unmapped_complex2      1  0.5     0    52     681    (-,-) 
  csa_tree_ADD_TC_OP_13_groupi/g2839/z (u)     in_1->z F     unmapped_nand2         2  1.0     0    58     739    (-,-) 
  csa_tree_ADD_TC_OP_13_groupi/g2793/z (u)     in_0->z F     unmapped_complex2      1  0.5     0    52     791    (-,-) 
  csa_tree_ADD_TC_OP_13_groupi/g2794/z (u)     in_1->z R     unmapped_nand2         3  1.5     0    63     854    (-,-) 
  csa_tree_ADD_TC_OP_13_groupi/g2742/z (u)     in_0->z F     unmapped_complex2      1  0.5     0    52     906    (-,-) 
  csa_tree_ADD_TC_OP_13_groupi/g2743/z (u)     in_1->z R     unmapped_nand2         2  1.0     0    58     965    (-,-) 
  csa_tree_ADD_TC_OP_13_groupi/g2678/z (u)     in_0->z R     unmapped_complex2      1  0.5     0    52    1017    (-,-) 
  csa_tree_ADD_TC_OP_13_groupi/g2679/z (u)     in_1->z F     unmapped_nand2         2  1.0     0    58    1075    (-,-) 
  csa_tree_ADD_TC_OP_13_groupi/g1820/z (u)     in_0->z F     unmapped_or2           2  1.0     0    58    1133    (-,-) 
  csa_tree_ADD_TC_OP_13_groupi/g2626/z (u)     in_0->z R     unmapped_nand2         1  0.5     0    52    1186    (-,-) 
  csa_tree_ADD_TC_OP_13_groupi/g2595/z (u)     in_0->z F     unmapped_nand2         3  1.5     0    63    1248    (-,-) 
  csa_tree_ADD_TC_OP_13_groupi/g2567/z (u)     in_1->z R     unmapped_nand2         2  1.0     0    58    1307    (-,-) 
  csa_tree_ADD_TC_OP_13_groupi/g2560/z (u)     in_1->z F     unmapped_nand2         3  1.5     0    63    1370    (-,-) 
  csa_tree_ADD_TC_OP_13_groupi/g2548/z (u)     in_0->z R     unmapped_nand2         1  0.5     0    52    1422    (-,-) 
  csa_tree_ADD_TC_OP_13_groupi/g2533/z (u)     in_0->z F     unmapped_nand2         5  2.5     0    72    1494    (-,-) 
  csa_tree_ADD_TC_OP_13_groupi/g2528/z (u)     in_0->z F     unmapped_or2           1  0.5     0    52    1546    (-,-) 
  csa_tree_ADD_TC_OP_13_groupi/g2529/z (u)     in_1->z R     unmapped_nand2         1  0.5     0    52    1598    (-,-) 
  data_out_reg_reg[8]/d                -       -       R     unmapped_d_flop        1    -     -     0    1598    (-,-) 
#-----------------------------------------------------------------------------------------------------------------------

(u) : Net has unmapped pin(s).



Path 9: MET (56 ps) Setup Check with Pin data_out_reg_reg[7]/clk->d
          Group: clock
     Startpoint: (R) shift_reg_reg[4][2]/clk
          Clock: (R) clock
       Endpoint: (R) data_out_reg_reg[7]/d
          Clock: (R) clock

                     Capture       Launch     
        Clock Edge:+    1600            0     
       Src Latency:+       0            0     
       Net Latency:+       0 (I)        0 (I) 
           Arrival:=    1600            0     
                                              
             Setup:-      69                  
     Required Time:=    1531                  
      Launch Clock:-       0                  
         Data Path:-    1474                  
             Slack:=      56                  

#-----------------------------------------------------------------------------------------------------------------------
#            Timing Point              Flags    Arc    Edge       Cell         Fanout Load Trans Delay Arrival Instance 
#                                                                                     (fF)  (ps)  (ps)   (ps)  Location 
#-----------------------------------------------------------------------------------------------------------------------
  shift_reg_reg[4][2]/clk              -       -       R     (arrival)             80    -     0     0       0    (-,-) 
  shift_reg_reg[4][2]/q                (u)     clk->q  R     unmapped_d_flop        9  4.5     0   231     231    (-,-) 
  csa_tree_ADD_TC_OP_13_groupi/g1816/z (u)     in_0->z R     unmapped_complex2      1  0.5     0    52     283    (-,-) 
  csa_tree_ADD_TC_OP_13_groupi/g3271/z (u)     in_0->z F     unmapped_nand2         1  0.5     0    52     336    (-,-) 
  csa_tree_ADD_TC_OP_13_groupi/g3122/z (u)     in_0->z R     unmapped_nand2         3  1.5     0    63     398    (-,-) 
  csa_tree_ADD_TC_OP_13_groupi/g3028/z (u)     in_0->z F     unmapped_complex2      1  0.5     0    52     451    (-,-) 
  csa_tree_ADD_TC_OP_13_groupi/g3029/z (u)     in_1->z R     unmapped_nand2         2  1.0     0    58     509    (-,-) 
  csa_tree_ADD_TC_OP_13_groupi/g2986/z (u)     in_0->z R     unmapped_complex2      1  0.5     0    52     561    (-,-) 
  csa_tree_ADD_TC_OP_13_groupi/g2987/z (u)     in_1->z F     unmapped_nand2         4  2.0     0    68     629    (-,-) 
  csa_tree_ADD_TC_OP_13_groupi/g2838/z (u)     in_1->z R     unmapped_complex2      1  0.5     0    52     681    (-,-) 
  csa_tree_ADD_TC_OP_13_groupi/g2839/z (u)     in_1->z F     unmapped_nand2         2  1.0     0    58     739    (-,-) 
  csa_tree_ADD_TC_OP_13_groupi/g2793/z (u)     in_0->z F     unmapped_complex2      1  0.5     0    52     791    (-,-) 
  csa_tree_ADD_TC_OP_13_groupi/g2794/z (u)     in_1->z R     unmapped_nand2         3  1.5     0    63     854    (-,-) 
  csa_tree_ADD_TC_OP_13_groupi/g2742/z (u)     in_0->z F     unmapped_complex2      1  0.5     0    52     906    (-,-) 
  csa_tree_ADD_TC_OP_13_groupi/g2743/z (u)     in_1->z R     unmapped_nand2         2  1.0     0    58     965    (-,-) 
  csa_tree_ADD_TC_OP_13_groupi/g2678/z (u)     in_0->z R     unmapped_complex2      1  0.5     0    52    1017    (-,-) 
  csa_tree_ADD_TC_OP_13_groupi/g2679/z (u)     in_1->z F     unmapped_nand2         2  1.0     0    58    1075    (-,-) 
  csa_tree_ADD_TC_OP_13_groupi/g1820/z (u)     in_0->z F     unmapped_or2           2  1.0     0    58    1133    (-,-) 
  csa_tree_ADD_TC_OP_13_groupi/g2626/z (u)     in_0->z R     unmapped_nand2         1  0.5     0    52    1186    (-,-) 
  csa_tree_ADD_TC_OP_13_groupi/g2595/z (u)     in_0->z F     unmapped_nand2         3  1.5     0    63    1248    (-,-) 
  csa_tree_ADD_TC_OP_13_groupi/g2567/z (u)     in_1->z R     unmapped_nand2         2  1.0     0    58    1307    (-,-) 
  csa_tree_ADD_TC_OP_13_groupi/g2560/z (u)     in_1->z F     unmapped_nand2         3  1.5     0    63    1370    (-,-) 
  csa_tree_ADD_TC_OP_13_groupi/g2551/z (u)     in_0->z F     unmapped_or2           1  0.5     0    52    1422    (-,-) 
  csa_tree_ADD_TC_OP_13_groupi/g2552/z (u)     in_1->z R     unmapped_nand2         1  0.5     0    52    1474    (-,-) 
  data_out_reg_reg[7]/d                -       -       R     unmapped_d_flop        1    -     -     0    1474    (-,-) 
#-----------------------------------------------------------------------------------------------------------------------

(u) : Net has unmapped pin(s).



Path 10: MET (173 ps) Setup Check with Pin data_out_reg_reg[6]/clk->d
          Group: clock
     Startpoint: (R) shift_reg_reg[1][0]/clk
          Clock: (R) clock
       Endpoint: (R) data_out_reg_reg[6]/d
          Clock: (R) clock

                     Capture       Launch     
        Clock Edge:+    1600            0     
       Src Latency:+       0            0     
       Net Latency:+       0 (I)        0 (I) 
           Arrival:=    1600            0     
                                              
             Setup:-      69                  
     Required Time:=    1531                  
      Launch Clock:-       0                  
         Data Path:-    1358                  
             Slack:=     173                  

#-----------------------------------------------------------------------------------------------------------------------
#            Timing Point              Flags    Arc    Edge       Cell         Fanout Load Trans Delay Arrival Instance 
#                                                                                     (fF)  (ps)  (ps)   (ps)  Location 
#-----------------------------------------------------------------------------------------------------------------------
  shift_reg_reg[1][0]/clk              -       -       R     (arrival)             80    -     0     0       0    (-,-) 
  shift_reg_reg[1][0]/q                (u)     clk->q  R     unmapped_d_flop        9  4.5     0   231     231    (-,-) 
  csa_tree_ADD_TC_OP_13_groupi/g1846/z (u)     in_1->z R     unmapped_or2           1  0.5     0    52     283    (-,-) 
  csa_tree_ADD_TC_OP_13_groupi/g3266/z (u)     in_0->z F     unmapped_nand2         1  0.5     0    52     336    (-,-) 
  csa_tree_ADD_TC_OP_13_groupi/g3123/z (u)     in_0->z R     unmapped_nand2         4  2.0     0    68     403    (-,-) 
  csa_tree_ADD_TC_OP_13_groupi/g1848/z (u)     in_1->z R     unmapped_or2           1  0.5     0    52     455    (-,-) 
  csa_tree_ADD_TC_OP_13_groupi/g2992/z (u)     in_0->z F     unmapped_nand2         1  0.5     0    52     508    (-,-) 
  csa_tree_ADD_TC_OP_13_groupi/g2893/z (u)     in_0->z R     unmapped_nand2         3  1.5     0    63     570    (-,-) 
  csa_tree_ADD_TC_OP_13_groupi/g2874/z (u)     in_0->z F     unmapped_complex2      1  0.5     0    52     623    (-,-) 
  csa_tree_ADD_TC_OP_13_groupi/g2875/z (u)     in_1->z R     unmapped_nand2         2  1.0     0    58     681    (-,-) 
  csa_tree_ADD_TC_OP_13_groupi/g2814/z (u)     in_0->z R     unmapped_complex2      1  0.5     0    52     733    (-,-) 
  csa_tree_ADD_TC_OP_13_groupi/g2815/z (u)     in_1->z F     unmapped_nand2         3  1.5     0    63     796    (-,-) 
  csa_tree_ADD_TC_OP_13_groupi/g2738/z (u)     in_0->z F     unmapped_or2           1  0.5     0    52     848    (-,-) 
  csa_tree_ADD_TC_OP_13_groupi/g2739/z (u)     in_1->z R     unmapped_nand2         2  1.0     0    58     906    (-,-) 
  csa_tree_ADD_TC_OP_13_groupi/g2715/z (u)     in_0->z R     unmapped_complex2      1  0.5     0    52     959    (-,-) 
  csa_tree_ADD_TC_OP_13_groupi/g2716/z (u)     in_1->z F     unmapped_nand2         3  1.5     0    63    1022    (-,-) 
  csa_tree_ADD_TC_OP_13_groupi/g2672/z (u)     in_0->z R     unmapped_complex2      1  0.5     0    52    1074    (-,-) 
  csa_tree_ADD_TC_OP_13_groupi/g2673/z (u)     in_1->z F     unmapped_nand2         2  1.0     0    58    1132    (-,-) 
  csa_tree_ADD_TC_OP_13_groupi/g793/z  (u)     in_1->z R     unmapped_nand2         3  1.5     0    63    1195    (-,-) 
  csa_tree_ADD_TC_OP_13_groupi/g2396/z (u)     in_0->z F     unmapped_nand2         2  1.0     0    58    1253    (-,-) 
  csa_tree_ADD_TC_OP_13_groupi/g2563/z (u)     in_1->z F     unmapped_or2           1  0.5     0    52    1306    (-,-) 
  csa_tree_ADD_TC_OP_13_groupi/g2564/z (u)     in_1->z R     unmapped_nand2         1  0.5     0    52    1358    (-,-) 
  data_out_reg_reg[6]/d                -       -       R     unmapped_d_flop        1    -     -     0    1358    (-,-) 
#-----------------------------------------------------------------------------------------------------------------------

(u) : Net has unmapped pin(s).



Path 11: MET (235 ps) Setup Check with Pin data_out_reg_reg[5]/clk->d
          Group: clock
     Startpoint: (R) shift_reg_reg[4][2]/clk
          Clock: (R) clock
       Endpoint: (R) data_out_reg_reg[5]/d
          Clock: (R) clock

                     Capture       Launch     
        Clock Edge:+    1600            0     
       Src Latency:+       0            0     
       Net Latency:+       0 (I)        0 (I) 
           Arrival:=    1600            0     
                                              
             Setup:-      69                  
     Required Time:=    1531                  
      Launch Clock:-       0                  
         Data Path:-    1296                  
             Slack:=     235                  

#-----------------------------------------------------------------------------------------------------------------------
#            Timing Point              Flags    Arc    Edge       Cell         Fanout Load Trans Delay Arrival Instance 
#                                                                                     (fF)  (ps)  (ps)   (ps)  Location 
#-----------------------------------------------------------------------------------------------------------------------
  shift_reg_reg[4][2]/clk              -       -       R     (arrival)             80    -     0     0       0    (-,-) 
  shift_reg_reg[4][2]/q                (u)     clk->q  F     unmapped_d_flop        9  4.5     0   231     231    (-,-) 
  csa_tree_ADD_TC_OP_13_groupi/g1816/z (u)     in_0->z F     unmapped_complex2      1  0.5     0    52     283    (-,-) 
  csa_tree_ADD_TC_OP_13_groupi/g3271/z (u)     in_0->z R     unmapped_nand2         1  0.5     0    52     336    (-,-) 
  csa_tree_ADD_TC_OP_13_groupi/g3122/z (u)     in_0->z F     unmapped_nand2         3  1.5     0    63     398    (-,-) 
  csa_tree_ADD_TC_OP_13_groupi/g3028/z (u)     in_0->z R     unmapped_complex2      1  0.5     0    52     451    (-,-) 
  csa_tree_ADD_TC_OP_13_groupi/g3029/z (u)     in_1->z F     unmapped_nand2         2  1.0     0    58     509    (-,-) 
  csa_tree_ADD_TC_OP_13_groupi/g2986/z (u)     in_0->z F     unmapped_complex2      1  0.5     0    52     561    (-,-) 
  csa_tree_ADD_TC_OP_13_groupi/g2987/z (u)     in_1->z R     unmapped_nand2         4  2.0     0    68     629    (-,-) 
  csa_tree_ADD_TC_OP_13_groupi/g2838/z (u)     in_1->z F     unmapped_complex2      1  0.5     0    52     681    (-,-) 
  csa_tree_ADD_TC_OP_13_groupi/g2839/z (u)     in_1->z R     unmapped_nand2         2  1.0     0    58     739    (-,-) 
  csa_tree_ADD_TC_OP_13_groupi/g2793/z (u)     in_0->z R     unmapped_complex2      1  0.5     0    52     791    (-,-) 
  csa_tree_ADD_TC_OP_13_groupi/g2794/z (u)     in_1->z F     unmapped_nand2         3  1.5     0    63     854    (-,-) 
  csa_tree_ADD_TC_OP_13_groupi/g2742/z (u)     in_0->z R     unmapped_complex2      1  0.5     0    52     906    (-,-) 
  csa_tree_ADD_TC_OP_13_groupi/g2743/z (u)     in_1->z F     unmapped_nand2         2  1.0     0    58     965    (-,-) 
  csa_tree_ADD_TC_OP_13_groupi/g2678/z (u)     in_0->z F     unmapped_complex2      1  0.5     0    52    1017    (-,-) 
  csa_tree_ADD_TC_OP_13_groupi/g2679/z (u)     in_1->z R     unmapped_nand2         2  1.0     0    58    1075    (-,-) 
  csa_tree_ADD_TC_OP_13_groupi/g1820/z (u)     in_0->z R     unmapped_or2           2  1.0     0    58    1133    (-,-) 
  csa_tree_ADD_TC_OP_13_groupi/g2670/z (u)     in_1->z F     unmapped_nand2         2  1.0     0    58    1192    (-,-) 
  csa_tree_ADD_TC_OP_13_groupi/g2617/z (u)     in_1->z F     unmapped_or2           1  0.5     0    52    1244    (-,-) 
  csa_tree_ADD_TC_OP_13_groupi/g2618/z (u)     in_1->z R     unmapped_nand2         1  0.5     0    52    1296    (-,-) 
  data_out_reg_reg[5]/d                -       -       R     unmapped_d_flop        1    -     -     0    1296    (-,-) 
#-----------------------------------------------------------------------------------------------------------------------

(u) : Net has unmapped pin(s).



Path 12: MET (400 ps) Setup Check with Pin data_out_reg_reg[4]/clk->d
          Group: clock
     Startpoint: (R) shift_reg_reg[6][1]/clk
          Clock: (R) clock
       Endpoint: (R) data_out_reg_reg[4]/d
          Clock: (R) clock

                     Capture       Launch     
        Clock Edge:+    1600            0     
       Src Latency:+       0            0     
       Net Latency:+       0 (I)        0 (I) 
           Arrival:=    1600            0     
                                              
             Setup:-      69                  
     Required Time:=    1531                  
      Launch Clock:-       0                  
         Data Path:-    1130                  
             Slack:=     400                  

#-----------------------------------------------------------------------------------------------------------------------
#            Timing Point              Flags    Arc    Edge       Cell         Fanout Load Trans Delay Arrival Instance 
#                                                                                     (fF)  (ps)  (ps)   (ps)  Location 
#-----------------------------------------------------------------------------------------------------------------------
  shift_reg_reg[6][1]/clk              -       -       R     (arrival)             80    -     0     0       0    (-,-) 
  shift_reg_reg[6][1]/q                (u)     clk->q  F     unmapped_d_flop        8  4.0     0   228     228    (-,-) 
  csa_tree_ADD_TC_OP_13_groupi/g3471/z (u)     in_1->z F     unmapped_or2           1  0.5     0    52     280    (-,-) 
  csa_tree_ADD_TC_OP_13_groupi/g3472/z (u)     in_1->z R     unmapped_nand2         2  1.0     0    58     339    (-,-) 
  csa_tree_ADD_TC_OP_13_groupi/g3295/z (u)     in_0->z R     unmapped_or2           1  0.5     0    52     391    (-,-) 
  csa_tree_ADD_TC_OP_13_groupi/g3296/z (u)     in_1->z F     unmapped_nand2         4  2.0     0    68     458    (-,-) 
  csa_tree_ADD_TC_OP_13_groupi/g3146/z (u)     in_0->z F     unmapped_complex2      1  0.5     0    52     511    (-,-) 
  csa_tree_ADD_TC_OP_13_groupi/g3147/z (u)     in_1->z R     unmapped_nand2         2  1.0     0    58     569    (-,-) 
  csa_tree_ADD_TC_OP_13_groupi/g3044/z (u)     in_0->z R     unmapped_complex2      1  0.5     0    52     621    (-,-) 
  csa_tree_ADD_TC_OP_13_groupi/g3045/z (u)     in_1->z F     unmapped_nand2         4  2.0     0    68     689    (-,-) 
  csa_tree_ADD_TC_OP_13_groupi/g2885/z (u)     in_1->z R     unmapped_complex2      1  0.5     0    52     741    (-,-) 
  csa_tree_ADD_TC_OP_13_groupi/g2886/z (u)     in_1->z F     unmapped_nand2         2  1.0     0    58     799    (-,-) 
  csa_tree_ADD_TC_OP_13_groupi/g2760/z (u)     in_1->z F     unmapped_complex2      1  0.5     0    52     851    (-,-) 
  csa_tree_ADD_TC_OP_13_groupi/g2761/z (u)     in_1->z R     unmapped_nand2         2  1.0     0    58     909    (-,-) 
  csa_tree_ADD_TC_OP_13_groupi/g1850/z (u)     in_1->z R     unmapped_or2           2  1.0     0    58     968    (-,-) 
  csa_tree_ADD_TC_OP_13_groupi/g2384/z (u)     in_1->z F     unmapped_nand2         2  1.0     0    58    1026    (-,-) 
  csa_tree_ADD_TC_OP_13_groupi/g2639/z (u)     in_1->z F     unmapped_or2           1  0.5     0    52    1078    (-,-) 
  csa_tree_ADD_TC_OP_13_groupi/g2640/z (u)     in_1->z R     unmapped_nand2         1  0.5     0    52    1130    (-,-) 
  data_out_reg_reg[4]/d                -       -       R     unmapped_d_flop        1    -     -     0    1130    (-,-) 
#-----------------------------------------------------------------------------------------------------------------------

(u) : Net has unmapped pin(s).



Path 13: MET (628 ps) Setup Check with Pin data_out_reg_reg[3]/clk->d
          Group: clock
     Startpoint: (R) shift_reg_reg[1][1]/clk
          Clock: (R) clock
       Endpoint: (R) data_out_reg_reg[3]/d
          Clock: (R) clock

                     Capture       Launch     
        Clock Edge:+    1600            0     
       Src Latency:+       0            0     
       Net Latency:+       0 (I)        0 (I) 
           Arrival:=    1600            0     
                                              
             Setup:-      69                  
     Required Time:=    1531                  
      Launch Clock:-       0                  
         Data Path:-     903                  
             Slack:=     628                  

#-----------------------------------------------------------------------------------------------------------------------
#            Timing Point              Flags    Arc    Edge       Cell         Fanout Load Trans Delay Arrival Instance 
#                                                                                     (fF)  (ps)  (ps)   (ps)  Location 
#-----------------------------------------------------------------------------------------------------------------------
  shift_reg_reg[1][1]/clk              -       -       R     (arrival)             80    -     0     0       0    (-,-) 
  shift_reg_reg[1][1]/q                (u)     clk->q  F     unmapped_d_flop        9  4.5     0   231     231    (-,-) 
  csa_tree_ADD_TC_OP_13_groupi/g3499/z (u)     in_1->z F     unmapped_or2           1  0.5     0    52     283    (-,-) 
  csa_tree_ADD_TC_OP_13_groupi/g3500/z (u)     in_1->z R     unmapped_nand2         2  1.0     0    58     342    (-,-) 
  csa_tree_ADD_TC_OP_13_groupi/g3323/z (u)     in_0->z R     unmapped_complex2      1  0.5     0    52     394    (-,-) 
  csa_tree_ADD_TC_OP_13_groupi/g3324/z (u)     in_1->z F     unmapped_nand2         4  2.0     0    68     461    (-,-) 
  csa_tree_ADD_TC_OP_13_groupi/g3137/z (u)     in_1->z R     unmapped_complex2      1  0.5     0    52     514    (-,-) 
  csa_tree_ADD_TC_OP_13_groupi/g3138/z (u)     in_1->z F     unmapped_nand2         2  1.0     0    58     572    (-,-) 
  csa_tree_ADD_TC_OP_13_groupi/g2908/z (u)     in_1->z F     unmapped_complex2      1  0.5     0    52     624    (-,-) 
  csa_tree_ADD_TC_OP_13_groupi/g2909/z (u)     in_1->z R     unmapped_nand2         2  1.0     0    58     682    (-,-) 
  csa_tree_ADD_TC_OP_13_groupi/g1970/z (u)     in_1->z R     unmapped_or2           2  1.0     0    58     740    (-,-) 
  csa_tree_ADD_TC_OP_13_groupi/g2871/z (u)     in_1->z F     unmapped_nand2         2  1.0     0    58     798    (-,-) 
  csa_tree_ADD_TC_OP_13_groupi/g2786/z (u)     in_1->z F     unmapped_or2           1  0.5     0    52     851    (-,-) 
  csa_tree_ADD_TC_OP_13_groupi/g2787/z (u)     in_1->z R     unmapped_nand2         1  0.5     0    52     903    (-,-) 
  data_out_reg_reg[3]/d                -       -       R     unmapped_d_flop        1    -     -     0     903    (-,-) 
#-----------------------------------------------------------------------------------------------------------------------

(u) : Net has unmapped pin(s).



Path 14: MET (741 ps) Setup Check with Pin data_out_reg_reg[2]/clk->d
          Group: clock
     Startpoint: (R) shift_reg_reg[5][1]/clk
          Clock: (R) clock
       Endpoint: (R) data_out_reg_reg[2]/d
          Clock: (R) clock

                     Capture       Launch     
        Clock Edge:+    1600            0     
       Src Latency:+       0            0     
       Net Latency:+       0 (I)        0 (I) 
           Arrival:=    1600            0     
                                              
             Setup:-      69                  
     Required Time:=    1531                  
      Launch Clock:-       0                  
         Data Path:-     790                  
             Slack:=     741                  

#-----------------------------------------------------------------------------------------------------------------------
#            Timing Point              Flags    Arc    Edge       Cell         Fanout Load Trans Delay Arrival Instance 
#                                                                                     (fF)  (ps)  (ps)   (ps)  Location 
#-----------------------------------------------------------------------------------------------------------------------
  shift_reg_reg[5][1]/clk              -       -       R     (arrival)             80    -     0     0       0    (-,-) 
  shift_reg_reg[5][1]/q                (u)     clk->q  F     unmapped_d_flop        8  4.0     0   228     228    (-,-) 
  csa_tree_ADD_TC_OP_13_groupi/g3488/z (u)     in_1->z R     unmapped_complex2      1  0.5     0    52     280    (-,-) 
  csa_tree_ADD_TC_OP_13_groupi/g3489/z (u)     in_1->z F     unmapped_nand2         4  2.0     0    68     348    (-,-) 
  csa_tree_ADD_TC_OP_13_groupi/g3312/z (u)     in_0->z R     unmapped_complex2      1  0.5     0    52     400    (-,-) 
  csa_tree_ADD_TC_OP_13_groupi/g3313/z (u)     in_1->z F     unmapped_nand2         2  1.0     0    58     458    (-,-) 
  csa_tree_ADD_TC_OP_13_groupi/g3066/z (u)     in_1->z F     unmapped_complex2      1  0.5     0    52     511    (-,-) 
  csa_tree_ADD_TC_OP_13_groupi/g3067/z (u)     in_1->z R     unmapped_nand2         2  1.0     0    58     569    (-,-) 
  csa_tree_ADD_TC_OP_13_groupi/g1976/z (u)     in_1->z R     unmapped_or2           2  1.0     0    58     627    (-,-) 
  csa_tree_ADD_TC_OP_13_groupi/g2955/z (u)     in_1->z F     unmapped_nand2         2  1.0     0    58     685    (-,-) 
  csa_tree_ADD_TC_OP_13_groupi/g2920/z (u)     in_1->z F     unmapped_or2           1  0.5     0    52     737    (-,-) 
  csa_tree_ADD_TC_OP_13_groupi/g2921/z (u)     in_1->z R     unmapped_nand2         1  0.5     0    52     790    (-,-) 
  data_out_reg_reg[2]/d                -       -       R     unmapped_d_flop        1    -     -     0     790    (-,-) 
#-----------------------------------------------------------------------------------------------------------------------

(u) : Net has unmapped pin(s).



Path 15: MET (862 ps) Setup Check with Pin data_out_reg_reg[1]/clk->d
          Group: clock
     Startpoint: (R) shift_reg_reg[6][1]/clk
          Clock: (R) clock
       Endpoint: (R) data_out_reg_reg[1]/d
          Clock: (R) clock

                     Capture       Launch     
        Clock Edge:+    1600            0     
       Src Latency:+       0            0     
       Net Latency:+       0 (I)        0 (I) 
           Arrival:=    1600            0     
                                              
             Setup:-      69                  
     Required Time:=    1531                  
      Launch Clock:-       0                  
         Data Path:-     669                  
             Slack:=     862                  

#-----------------------------------------------------------------------------------------------------------------------
#            Timing Point              Flags    Arc    Edge       Cell         Fanout Load Trans Delay Arrival Instance 
#                                                                                     (fF)  (ps)  (ps)   (ps)  Location 
#-----------------------------------------------------------------------------------------------------------------------
  shift_reg_reg[6][1]/clk              -       -       R     (arrival)             80    -     0     0       0    (-,-) 
  shift_reg_reg[6][1]/q                (u)     clk->q  F     unmapped_d_flop        8  4.0     0   228     228    (-,-) 
  csa_tree_ADD_TC_OP_13_groupi/g3479/z (u)     in_0->z F     unmapped_complex2      1  0.5     0    52     280    (-,-) 
  csa_tree_ADD_TC_OP_13_groupi/g3480/z (u)     in_1->z R     unmapped_nand2         2  1.0     0    58     339    (-,-) 
  csa_tree_ADD_TC_OP_13_groupi/g3302/z (u)     in_0->z R     unmapped_complex2      1  0.5     0    52     391    (-,-) 
  csa_tree_ADD_TC_OP_13_groupi/g3303/z (u)     in_1->z F     unmapped_nand2         3  1.5     0    63     454    (-,-) 
  csa_tree_ADD_TC_OP_13_groupi/g3187/z (u)     in_0->z F     unmapped_or2           1  0.5     0    52     506    (-,-) 
  csa_tree_ADD_TC_OP_13_groupi/g3188/z (u)     in_1->z R     unmapped_nand2         2  1.0     0    58     564    (-,-) 
  csa_tree_ADD_TC_OP_13_groupi/g3108/z (u)     in_1->z F     unmapped_complex2      1  0.5     0    52     616    (-,-) 
  csa_tree_ADD_TC_OP_13_groupi/g3109/z (u)     in_1->z R     unmapped_nand2         1  0.5     0    52     669    (-,-) 
  data_out_reg_reg[1]/d                -       -       R     unmapped_d_flop        1    -     -     0     669    (-,-) 
#-----------------------------------------------------------------------------------------------------------------------

(u) : Net has unmapped pin(s).



Path 16: MET (922 ps) Late External Delay Assertion at pin o_data[0]
          Group: clock
     Startpoint: (R) data_out_reg_reg[0]/clk
          Clock: (R) clock
       Endpoint: (R) o_data[0]
          Clock: (R) clock

                     Capture       Launch     
        Clock Edge:+    1600            0     
       Src Latency:+       0            0     
       Net Latency:+       0 (I)        0 (I) 
           Arrival:=    1600            0     
                                              
      Output Delay:-     500                  
     Required Time:=    1100                  
      Launch Clock:-       0                  
         Data Path:-     178                  
             Slack:=     922                  

Exceptions/Constraints:
  output_delay             500             fir_serial.sdc_line_3_24_1 

#-------------------------------------------------------------------------------------------------------
#      Timing Point       Flags    Arc   Edge      Cell        Fanout Load Trans Delay Arrival Instance 
#                                                                     (fF)  (ps)  (ps)   (ps)  Location 
#-------------------------------------------------------------------------------------------------------
  data_out_reg_reg[0]/clk -       -      R     (arrival)           80    -     0     0       0    (-,-) 
  data_out_reg_reg[0]/q   (u)     clk->q R     unmapped_d_flop      1  2.9     0   178     178    (-,-) 
  o_data[0]               -       -      R     (port)               -    -     -     0     178    (-,-) 
#-------------------------------------------------------------------------------------------------------

(u) : Net has unmapped pin(s).



Path 17: MET (922 ps) Late External Delay Assertion at pin o_data[1]
          Group: clock
     Startpoint: (R) data_out_reg_reg[1]/clk
          Clock: (R) clock
       Endpoint: (R) o_data[1]
          Clock: (R) clock

                     Capture       Launch     
        Clock Edge:+    1600            0     
       Src Latency:+       0            0     
       Net Latency:+       0 (I)        0 (I) 
           Arrival:=    1600            0     
                                              
      Output Delay:-     500                  
     Required Time:=    1100                  
      Launch Clock:-       0                  
         Data Path:-     178                  
             Slack:=     922                  

Exceptions/Constraints:
  output_delay             500             fir_serial.sdc_line_3_23_1 

#-------------------------------------------------------------------------------------------------------
#      Timing Point       Flags    Arc   Edge      Cell        Fanout Load Trans Delay Arrival Instance 
#                                                                     (fF)  (ps)  (ps)   (ps)  Location 
#-------------------------------------------------------------------------------------------------------
  data_out_reg_reg[1]/clk -       -      R     (arrival)           80    -     0     0       0    (-,-) 
  data_out_reg_reg[1]/q   (u)     clk->q R     unmapped_d_flop      1  2.9     0   178     178    (-,-) 
  o_data[1]               -       -      R     (port)               -    -     -     0     178    (-,-) 
#-------------------------------------------------------------------------------------------------------

(u) : Net has unmapped pin(s).



Path 18: MET (922 ps) Late External Delay Assertion at pin o_data[2]
          Group: clock
     Startpoint: (R) data_out_reg_reg[2]/clk
          Clock: (R) clock
       Endpoint: (R) o_data[2]
          Clock: (R) clock

                     Capture       Launch     
        Clock Edge:+    1600            0     
       Src Latency:+       0            0     
       Net Latency:+       0 (I)        0 (I) 
           Arrival:=    1600            0     
                                              
      Output Delay:-     500                  
     Required Time:=    1100                  
      Launch Clock:-       0                  
         Data Path:-     178                  
             Slack:=     922                  

Exceptions/Constraints:
  output_delay             500             fir_serial.sdc_line_3_22_1 

#-------------------------------------------------------------------------------------------------------
#      Timing Point       Flags    Arc   Edge      Cell        Fanout Load Trans Delay Arrival Instance 
#                                                                     (fF)  (ps)  (ps)   (ps)  Location 
#-------------------------------------------------------------------------------------------------------
  data_out_reg_reg[2]/clk -       -      R     (arrival)           80    -     0     0       0    (-,-) 
  data_out_reg_reg[2]/q   (u)     clk->q R     unmapped_d_flop      1  2.9     0   178     178    (-,-) 
  o_data[2]               -       -      R     (port)               -    -     -     0     178    (-,-) 
#-------------------------------------------------------------------------------------------------------

(u) : Net has unmapped pin(s).



Path 19: MET (922 ps) Late External Delay Assertion at pin o_data[3]
          Group: clock
     Startpoint: (R) data_out_reg_reg[3]/clk
          Clock: (R) clock
       Endpoint: (R) o_data[3]
          Clock: (R) clock

                     Capture       Launch     
        Clock Edge:+    1600            0     
       Src Latency:+       0            0     
       Net Latency:+       0 (I)        0 (I) 
           Arrival:=    1600            0     
                                              
      Output Delay:-     500                  
     Required Time:=    1100                  
      Launch Clock:-       0                  
         Data Path:-     178                  
             Slack:=     922                  

Exceptions/Constraints:
  output_delay             500             fir_serial.sdc_line_3_21_1 

#-------------------------------------------------------------------------------------------------------
#      Timing Point       Flags    Arc   Edge      Cell        Fanout Load Trans Delay Arrival Instance 
#                                                                     (fF)  (ps)  (ps)   (ps)  Location 
#-------------------------------------------------------------------------------------------------------
  data_out_reg_reg[3]/clk -       -      R     (arrival)           80    -     0     0       0    (-,-) 
  data_out_reg_reg[3]/q   (u)     clk->q R     unmapped_d_flop      1  2.9     0   178     178    (-,-) 
  o_data[3]               -       -      R     (port)               -    -     -     0     178    (-,-) 
#-------------------------------------------------------------------------------------------------------

(u) : Net has unmapped pin(s).



Path 20: MET (922 ps) Late External Delay Assertion at pin o_data[4]
          Group: clock
     Startpoint: (R) data_out_reg_reg[4]/clk
          Clock: (R) clock
       Endpoint: (R) o_data[4]
          Clock: (R) clock

                     Capture       Launch     
        Clock Edge:+    1600            0     
       Src Latency:+       0            0     
       Net Latency:+       0 (I)        0 (I) 
           Arrival:=    1600            0     
                                              
      Output Delay:-     500                  
     Required Time:=    1100                  
      Launch Clock:-       0                  
         Data Path:-     178                  
             Slack:=     922                  

Exceptions/Constraints:
  output_delay             500             fir_serial.sdc_line_3_20_1 

#-------------------------------------------------------------------------------------------------------
#      Timing Point       Flags    Arc   Edge      Cell        Fanout Load Trans Delay Arrival Instance 
#                                                                     (fF)  (ps)  (ps)   (ps)  Location 
#-------------------------------------------------------------------------------------------------------
  data_out_reg_reg[4]/clk -       -      R     (arrival)           80    -     0     0       0    (-,-) 
  data_out_reg_reg[4]/q   (u)     clk->q R     unmapped_d_flop      1  2.9     0   178     178    (-,-) 
  o_data[4]               -       -      R     (port)               -    -     -     0     178    (-,-) 
#-------------------------------------------------------------------------------------------------------

(u) : Net has unmapped pin(s).



Path 21: MET (922 ps) Late External Delay Assertion at pin o_data[5]
          Group: clock
     Startpoint: (R) data_out_reg_reg[5]/clk
          Clock: (R) clock
       Endpoint: (R) o_data[5]
          Clock: (R) clock

                     Capture       Launch     
        Clock Edge:+    1600            0     
       Src Latency:+       0            0     
       Net Latency:+       0 (I)        0 (I) 
           Arrival:=    1600            0     
                                              
      Output Delay:-     500                  
     Required Time:=    1100                  
      Launch Clock:-       0                  
         Data Path:-     178                  
             Slack:=     922                  

Exceptions/Constraints:
  output_delay             500             fir_serial.sdc_line_3_19_1 

#-------------------------------------------------------------------------------------------------------
#      Timing Point       Flags    Arc   Edge      Cell        Fanout Load Trans Delay Arrival Instance 
#                                                                     (fF)  (ps)  (ps)   (ps)  Location 
#-------------------------------------------------------------------------------------------------------
  data_out_reg_reg[5]/clk -       -      R     (arrival)           80    -     0     0       0    (-,-) 
  data_out_reg_reg[5]/q   (u)     clk->q R     unmapped_d_flop      1  2.9     0   178     178    (-,-) 
  o_data[5]               -       -      R     (port)               -    -     -     0     178    (-,-) 
#-------------------------------------------------------------------------------------------------------

(u) : Net has unmapped pin(s).



Path 22: MET (922 ps) Late External Delay Assertion at pin o_data[6]
          Group: clock
     Startpoint: (R) data_out_reg_reg[6]/clk
          Clock: (R) clock
       Endpoint: (R) o_data[6]
          Clock: (R) clock

                     Capture       Launch     
        Clock Edge:+    1600            0     
       Src Latency:+       0            0     
       Net Latency:+       0 (I)        0 (I) 
           Arrival:=    1600            0     
                                              
      Output Delay:-     500                  
     Required Time:=    1100                  
      Launch Clock:-       0                  
         Data Path:-     178                  
             Slack:=     922                  

Exceptions/Constraints:
  output_delay             500             fir_serial.sdc_line_3_18_1 

#-------------------------------------------------------------------------------------------------------
#      Timing Point       Flags    Arc   Edge      Cell        Fanout Load Trans Delay Arrival Instance 
#                                                                     (fF)  (ps)  (ps)   (ps)  Location 
#-------------------------------------------------------------------------------------------------------
  data_out_reg_reg[6]/clk -       -      R     (arrival)           80    -     0     0       0    (-,-) 
  data_out_reg_reg[6]/q   (u)     clk->q R     unmapped_d_flop      1  2.9     0   178     178    (-,-) 
  o_data[6]               -       -      R     (port)               -    -     -     0     178    (-,-) 
#-------------------------------------------------------------------------------------------------------

(u) : Net has unmapped pin(s).



Path 23: MET (922 ps) Late External Delay Assertion at pin o_data[7]
          Group: clock
     Startpoint: (R) data_out_reg_reg[7]/clk
          Clock: (R) clock
       Endpoint: (R) o_data[7]
          Clock: (R) clock

                     Capture       Launch     
        Clock Edge:+    1600            0     
       Src Latency:+       0            0     
       Net Latency:+       0 (I)        0 (I) 
           Arrival:=    1600            0     
                                              
      Output Delay:-     500                  
     Required Time:=    1100                  
      Launch Clock:-       0                  
         Data Path:-     178                  
             Slack:=     922                  

Exceptions/Constraints:
  output_delay             500             fir_serial.sdc_line_3_17_1 

#-------------------------------------------------------------------------------------------------------
#      Timing Point       Flags    Arc   Edge      Cell        Fanout Load Trans Delay Arrival Instance 
#                                                                     (fF)  (ps)  (ps)   (ps)  Location 
#-------------------------------------------------------------------------------------------------------
  data_out_reg_reg[7]/clk -       -      R     (arrival)           80    -     0     0       0    (-,-) 
  data_out_reg_reg[7]/q   (u)     clk->q R     unmapped_d_flop      1  2.9     0   178     178    (-,-) 
  o_data[7]               -       -      R     (port)               -    -     -     0     178    (-,-) 
#-------------------------------------------------------------------------------------------------------

(u) : Net has unmapped pin(s).



Path 24: MET (922 ps) Late External Delay Assertion at pin o_data[8]
          Group: clock
     Startpoint: (R) data_out_reg_reg[8]/clk
          Clock: (R) clock
       Endpoint: (R) o_data[8]
          Clock: (R) clock

                     Capture       Launch     
        Clock Edge:+    1600            0     
       Src Latency:+       0            0     
       Net Latency:+       0 (I)        0 (I) 
           Arrival:=    1600            0     
                                              
      Output Delay:-     500                  
     Required Time:=    1100                  
      Launch Clock:-       0                  
         Data Path:-     178                  
             Slack:=     922                  

Exceptions/Constraints:
  output_delay             500             fir_serial.sdc_line_3_16_1 

#-------------------------------------------------------------------------------------------------------
#      Timing Point       Flags    Arc   Edge      Cell        Fanout Load Trans Delay Arrival Instance 
#                                                                     (fF)  (ps)  (ps)   (ps)  Location 
#-------------------------------------------------------------------------------------------------------
  data_out_reg_reg[8]/clk -       -      R     (arrival)           80    -     0     0       0    (-,-) 
  data_out_reg_reg[8]/q   (u)     clk->q R     unmapped_d_flop      1  2.9     0   178     178    (-,-) 
  o_data[8]               -       -      R     (port)               -    -     -     0     178    (-,-) 
#-------------------------------------------------------------------------------------------------------

(u) : Net has unmapped pin(s).



Path 25: MET (922 ps) Late External Delay Assertion at pin o_data[9]
          Group: clock
     Startpoint: (R) data_out_reg_reg[9]/clk
          Clock: (R) clock
       Endpoint: (R) o_data[9]
          Clock: (R) clock

                     Capture       Launch     
        Clock Edge:+    1600            0     
       Src Latency:+       0            0     
       Net Latency:+       0 (I)        0 (I) 
           Arrival:=    1600            0     
                                              
      Output Delay:-     500                  
     Required Time:=    1100                  
      Launch Clock:-       0                  
         Data Path:-     178                  
             Slack:=     922                  

Exceptions/Constraints:
  output_delay             500             fir_serial.sdc_line_3_15_1 

#-------------------------------------------------------------------------------------------------------
#      Timing Point       Flags    Arc   Edge      Cell        Fanout Load Trans Delay Arrival Instance 
#                                                                     (fF)  (ps)  (ps)   (ps)  Location 
#-------------------------------------------------------------------------------------------------------
  data_out_reg_reg[9]/clk -       -      R     (arrival)           80    -     0     0       0    (-,-) 
  data_out_reg_reg[9]/q   (u)     clk->q R     unmapped_d_flop      1  2.9     0   178     178    (-,-) 
  o_data[9]               -       -      R     (port)               -    -     -     0     178    (-,-) 
#-------------------------------------------------------------------------------------------------------

(u) : Net has unmapped pin(s).



Path 26: MET (922 ps) Late External Delay Assertion at pin o_data[10]
          Group: clock
     Startpoint: (R) data_out_reg_reg[10]/clk
          Clock: (R) clock
       Endpoint: (R) o_data[10]
          Clock: (R) clock

                     Capture       Launch     
        Clock Edge:+    1600            0     
       Src Latency:+       0            0     
       Net Latency:+       0 (I)        0 (I) 
           Arrival:=    1600            0     
                                              
      Output Delay:-     500                  
     Required Time:=    1100                  
      Launch Clock:-       0                  
         Data Path:-     178                  
             Slack:=     922                  

Exceptions/Constraints:
  output_delay             500             fir_serial.sdc_line_3_14_1 

#--------------------------------------------------------------------------------------------------------
#      Timing Point        Flags    Arc   Edge      Cell        Fanout Load Trans Delay Arrival Instance 
#                                                                      (fF)  (ps)  (ps)   (ps)  Location 
#--------------------------------------------------------------------------------------------------------
  data_out_reg_reg[10]/clk -       -      R     (arrival)           80    -     0     0       0    (-,-) 
  data_out_reg_reg[10]/q   (u)     clk->q R     unmapped_d_flop      1  2.9     0   178     178    (-,-) 
  o_data[10]               -       -      R     (port)               -    -     -     0     178    (-,-) 
#--------------------------------------------------------------------------------------------------------

(u) : Net has unmapped pin(s).



Path 27: MET (922 ps) Late External Delay Assertion at pin o_data[11]
          Group: clock
     Startpoint: (R) data_out_reg_reg[11]/clk
          Clock: (R) clock
       Endpoint: (R) o_data[11]
          Clock: (R) clock

                     Capture       Launch     
        Clock Edge:+    1600            0     
       Src Latency:+       0            0     
       Net Latency:+       0 (I)        0 (I) 
           Arrival:=    1600            0     
                                              
      Output Delay:-     500                  
     Required Time:=    1100                  
      Launch Clock:-       0                  
         Data Path:-     178                  
             Slack:=     922                  

Exceptions/Constraints:
  output_delay             500             fir_serial.sdc_line_3_13_1 

#--------------------------------------------------------------------------------------------------------
#      Timing Point        Flags    Arc   Edge      Cell        Fanout Load Trans Delay Arrival Instance 
#                                                                      (fF)  (ps)  (ps)   (ps)  Location 
#--------------------------------------------------------------------------------------------------------
  data_out_reg_reg[11]/clk -       -      R     (arrival)           80    -     0     0       0    (-,-) 
  data_out_reg_reg[11]/q   (u)     clk->q R     unmapped_d_flop      1  2.9     0   178     178    (-,-) 
  o_data[11]               -       -      R     (port)               -    -     -     0     178    (-,-) 
#--------------------------------------------------------------------------------------------------------

(u) : Net has unmapped pin(s).



Path 28: MET (922 ps) Late External Delay Assertion at pin o_data[12]
          Group: clock
     Startpoint: (R) data_out_reg_reg[12]/clk
          Clock: (R) clock
       Endpoint: (R) o_data[12]
          Clock: (R) clock

                     Capture       Launch     
        Clock Edge:+    1600            0     
       Src Latency:+       0            0     
       Net Latency:+       0 (I)        0 (I) 
           Arrival:=    1600            0     
                                              
      Output Delay:-     500                  
     Required Time:=    1100                  
      Launch Clock:-       0                  
         Data Path:-     178                  
             Slack:=     922                  

Exceptions/Constraints:
  output_delay             500             fir_serial.sdc_line_3_12_1 

#--------------------------------------------------------------------------------------------------------
#      Timing Point        Flags    Arc   Edge      Cell        Fanout Load Trans Delay Arrival Instance 
#                                                                      (fF)  (ps)  (ps)   (ps)  Location 
#--------------------------------------------------------------------------------------------------------
  data_out_reg_reg[12]/clk -       -      R     (arrival)           80    -     0     0       0    (-,-) 
  data_out_reg_reg[12]/q   (u)     clk->q R     unmapped_d_flop      1  2.9     0   178     178    (-,-) 
  o_data[12]               -       -      R     (port)               -    -     -     0     178    (-,-) 
#--------------------------------------------------------------------------------------------------------

(u) : Net has unmapped pin(s).



Path 29: MET (922 ps) Late External Delay Assertion at pin o_data[13]
          Group: clock
     Startpoint: (R) data_out_reg_reg[13]/clk
          Clock: (R) clock
       Endpoint: (R) o_data[13]
          Clock: (R) clock

                     Capture       Launch     
        Clock Edge:+    1600            0     
       Src Latency:+       0            0     
       Net Latency:+       0 (I)        0 (I) 
           Arrival:=    1600            0     
                                              
      Output Delay:-     500                  
     Required Time:=    1100                  
      Launch Clock:-       0                  
         Data Path:-     178                  
             Slack:=     922                  

Exceptions/Constraints:
  output_delay             500             fir_serial.sdc_line_3_11_1 

#--------------------------------------------------------------------------------------------------------
#      Timing Point        Flags    Arc   Edge      Cell        Fanout Load Trans Delay Arrival Instance 
#                                                                      (fF)  (ps)  (ps)   (ps)  Location 
#--------------------------------------------------------------------------------------------------------
  data_out_reg_reg[13]/clk -       -      R     (arrival)           80    -     0     0       0    (-,-) 
  data_out_reg_reg[13]/q   (u)     clk->q R     unmapped_d_flop      1  2.9     0   178     178    (-,-) 
  o_data[13]               -       -      R     (port)               -    -     -     0     178    (-,-) 
#--------------------------------------------------------------------------------------------------------

(u) : Net has unmapped pin(s).



Path 30: MET (922 ps) Late External Delay Assertion at pin o_data[14]
          Group: clock
     Startpoint: (R) data_out_reg_reg[14]/clk
          Clock: (R) clock
       Endpoint: (R) o_data[14]
          Clock: (R) clock

                     Capture       Launch     
        Clock Edge:+    1600            0     
       Src Latency:+       0            0     
       Net Latency:+       0 (I)        0 (I) 
           Arrival:=    1600            0     
                                              
      Output Delay:-     500                  
     Required Time:=    1100                  
      Launch Clock:-       0                  
         Data Path:-     178                  
             Slack:=     922                  

Exceptions/Constraints:
  output_delay             500             fir_serial.sdc_line_3_10_1 

#--------------------------------------------------------------------------------------------------------
#      Timing Point        Flags    Arc   Edge      Cell        Fanout Load Trans Delay Arrival Instance 
#                                                                      (fF)  (ps)  (ps)   (ps)  Location 
#--------------------------------------------------------------------------------------------------------
  data_out_reg_reg[14]/clk -       -      R     (arrival)           80    -     0     0       0    (-,-) 
  data_out_reg_reg[14]/q   (u)     clk->q R     unmapped_d_flop      1  2.9     0   178     178    (-,-) 
  o_data[14]               -       -      R     (port)               -    -     -     0     178    (-,-) 
#--------------------------------------------------------------------------------------------------------

(u) : Net has unmapped pin(s).



Path 31: MET (922 ps) Late External Delay Assertion at pin o_data[15]
          Group: clock
     Startpoint: (R) data_out_reg_reg[15]/clk
          Clock: (R) clock
       Endpoint: (R) o_data[15]
          Clock: (R) clock

                     Capture       Launch     
        Clock Edge:+    1600            0     
       Src Latency:+       0            0     
       Net Latency:+       0 (I)        0 (I) 
           Arrival:=    1600            0     
                                              
      Output Delay:-     500                  
     Required Time:=    1100                  
      Launch Clock:-       0                  
         Data Path:-     178                  
             Slack:=     922                  

Exceptions/Constraints:
  output_delay             500             fir_serial.sdc_line_3_9_1 

#--------------------------------------------------------------------------------------------------------
#      Timing Point        Flags    Arc   Edge      Cell        Fanout Load Trans Delay Arrival Instance 
#                                                                      (fF)  (ps)  (ps)   (ps)  Location 
#--------------------------------------------------------------------------------------------------------
  data_out_reg_reg[15]/clk -       -      R     (arrival)           80    -     0     0       0    (-,-) 
  data_out_reg_reg[15]/q   (u)     clk->q R     unmapped_d_flop      4  7.2     0   178     178    (-,-) 
  o_data[15]               -       -      R     (port)               -    -     -     0     178    (-,-) 
#--------------------------------------------------------------------------------------------------------

(u) : Net has unmapped pin(s).



Path 32: MET (922 ps) Late External Delay Assertion at pin o_data[16]
          Group: clock
     Startpoint: (R) data_out_reg_reg[15]/clk
          Clock: (R) clock
       Endpoint: (R) o_data[16]
          Clock: (R) clock

                     Capture       Launch     
        Clock Edge:+    1600            0     
       Src Latency:+       0            0     
       Net Latency:+       0 (I)        0 (I) 
           Arrival:=    1600            0     
                                              
      Output Delay:-     500                  
     Required Time:=    1100                  
      Launch Clock:-       0                  
         Data Path:-     178                  
             Slack:=     922                  

Exceptions/Constraints:
  output_delay             500             fir_serial.sdc_line_3_8_1 

#--------------------------------------------------------------------------------------------------------
#      Timing Point        Flags    Arc   Edge      Cell        Fanout Load Trans Delay Arrival Instance 
#                                                                      (fF)  (ps)  (ps)   (ps)  Location 
#--------------------------------------------------------------------------------------------------------
  data_out_reg_reg[15]/clk -       -      R     (arrival)           80    -     0     0       0    (-,-) 
  data_out_reg_reg[15]/q   (u)     clk->q R     unmapped_d_flop      4  7.2     0   178     178    (-,-) 
  o_data[16]               -       -      R     (port)               -    -     -     0     178    (-,-) 
#--------------------------------------------------------------------------------------------------------

(u) : Net has unmapped pin(s).



Path 33: MET (922 ps) Late External Delay Assertion at pin o_data[17]
          Group: clock
     Startpoint: (R) data_out_reg_reg[15]/clk
          Clock: (R) clock
       Endpoint: (R) o_data[17]
          Clock: (R) clock

                     Capture       Launch     
        Clock Edge:+    1600            0     
       Src Latency:+       0            0     
       Net Latency:+       0 (I)        0 (I) 
           Arrival:=    1600            0     
                                              
      Output Delay:-     500                  
     Required Time:=    1100                  
      Launch Clock:-       0                  
         Data Path:-     178                  
             Slack:=     922                  

Exceptions/Constraints:
  output_delay             500             fir_serial.sdc_line_3_7_1 

#--------------------------------------------------------------------------------------------------------
#      Timing Point        Flags    Arc   Edge      Cell        Fanout Load Trans Delay Arrival Instance 
#                                                                      (fF)  (ps)  (ps)   (ps)  Location 
#--------------------------------------------------------------------------------------------------------
  data_out_reg_reg[15]/clk -       -      R     (arrival)           80    -     0     0       0    (-,-) 
  data_out_reg_reg[15]/q   (u)     clk->q R     unmapped_d_flop      4  7.2     0   178     178    (-,-) 
  o_data[17]               -       -      R     (port)               -    -     -     0     178    (-,-) 
#--------------------------------------------------------------------------------------------------------

(u) : Net has unmapped pin(s).



Path 34: MET (922 ps) Late External Delay Assertion at pin o_data[18]
          Group: clock
     Startpoint: (R) data_out_reg_reg[15]/clk
          Clock: (R) clock
       Endpoint: (R) o_data[18]
          Clock: (R) clock

                     Capture       Launch     
        Clock Edge:+    1600            0     
       Src Latency:+       0            0     
       Net Latency:+       0 (I)        0 (I) 
           Arrival:=    1600            0     
                                              
      Output Delay:-     500                  
     Required Time:=    1100                  
      Launch Clock:-       0                  
         Data Path:-     178                  
             Slack:=     922                  

Exceptions/Constraints:
  output_delay             500             fir_serial.sdc_line_3 

#--------------------------------------------------------------------------------------------------------
#      Timing Point        Flags    Arc   Edge      Cell        Fanout Load Trans Delay Arrival Instance 
#                                                                      (fF)  (ps)  (ps)   (ps)  Location 
#--------------------------------------------------------------------------------------------------------
  data_out_reg_reg[15]/clk -       -      R     (arrival)           80    -     0     0       0    (-,-) 
  data_out_reg_reg[15]/q   (u)     clk->q R     unmapped_d_flop      4  7.2     0   178     178    (-,-) 
  o_data[18]               -       -      R     (port)               -    -     -     0     178    (-,-) 
#--------------------------------------------------------------------------------------------------------

(u) : Net has unmapped pin(s).



Path 35: MET (1031 ps) Setup Check with Pin data_in_reg_reg[7]/clk->d
          Group: clock
     Startpoint: (R) i_data[7]
          Clock: (R) clock
       Endpoint: (R) data_in_reg_reg[7]/d
          Clock: (R) clock

                     Capture       Launch     
        Clock Edge:+    1600            0     
        Drv Adjust:+       0            0     
       Src Latency:+       0            0     
       Net Latency:+       0 (I)        0 (I) 
           Arrival:=    1600            0     
                                              
             Setup:-      69                  
     Required Time:=    1531                  
      Launch Clock:-       0                  
       Input Delay:-     500                  
         Data Path:-       0                  
             Slack:=    1031                  

Exceptions/Constraints:
  input_delay             500             fir_serial.sdc_line_2 

#---------------------------------------------------------------------------------------------------
#    Timing Point      Flags   Arc   Edge      Cell        Fanout Load Trans Delay Arrival Instance 
#                                                                 (fF)  (ps)  (ps)   (ps)  Location 
#---------------------------------------------------------------------------------------------------
  i_data[7]            (u)     -     R     (arrival)            1  0.5     0     0     500    (-,-) 
  data_in_reg_reg[7]/d -       -     R     unmapped_d_flop      1    -     -     0     500    (-,-) 
#---------------------------------------------------------------------------------------------------

(u) : Net has unmapped pin(s).



Path 36: MET (1031 ps) Setup Check with Pin data_in_reg_reg[6]/clk->d
          Group: clock
     Startpoint: (R) i_data[6]
          Clock: (R) clock
       Endpoint: (R) data_in_reg_reg[6]/d
          Clock: (R) clock

                     Capture       Launch     
        Clock Edge:+    1600            0     
        Drv Adjust:+       0            0     
       Src Latency:+       0            0     
       Net Latency:+       0 (I)        0 (I) 
           Arrival:=    1600            0     
                                              
             Setup:-      69                  
     Required Time:=    1531                  
      Launch Clock:-       0                  
       Input Delay:-     500                  
         Data Path:-       0                  
             Slack:=    1031                  

Exceptions/Constraints:
  input_delay             500             fir_serial.sdc_line_2_1_1 

#---------------------------------------------------------------------------------------------------
#    Timing Point      Flags   Arc   Edge      Cell        Fanout Load Trans Delay Arrival Instance 
#                                                                 (fF)  (ps)  (ps)   (ps)  Location 
#---------------------------------------------------------------------------------------------------
  i_data[6]            (u)     -     R     (arrival)            1  0.5     0     0     500    (-,-) 
  data_in_reg_reg[6]/d -       -     R     unmapped_d_flop      1    -     -     0     500    (-,-) 
#---------------------------------------------------------------------------------------------------

(u) : Net has unmapped pin(s).



Path 37: MET (1031 ps) Setup Check with Pin data_in_reg_reg[5]/clk->d
          Group: clock
     Startpoint: (R) i_data[5]
          Clock: (R) clock
       Endpoint: (R) data_in_reg_reg[5]/d
          Clock: (R) clock

                     Capture       Launch     
        Clock Edge:+    1600            0     
        Drv Adjust:+       0            0     
       Src Latency:+       0            0     
       Net Latency:+       0 (I)        0 (I) 
           Arrival:=    1600            0     
                                              
             Setup:-      69                  
     Required Time:=    1531                  
      Launch Clock:-       0                  
       Input Delay:-     500                  
         Data Path:-       0                  
             Slack:=    1031                  

Exceptions/Constraints:
  input_delay             500             fir_serial.sdc_line_2_2_1 

#---------------------------------------------------------------------------------------------------
#    Timing Point      Flags   Arc   Edge      Cell        Fanout Load Trans Delay Arrival Instance 
#                                                                 (fF)  (ps)  (ps)   (ps)  Location 
#---------------------------------------------------------------------------------------------------
  i_data[5]            (u)     -     R     (arrival)            1  0.5     0     0     500    (-,-) 
  data_in_reg_reg[5]/d -       -     R     unmapped_d_flop      1    -     -     0     500    (-,-) 
#---------------------------------------------------------------------------------------------------

(u) : Net has unmapped pin(s).



Path 38: MET (1031 ps) Setup Check with Pin data_in_reg_reg[4]/clk->d
          Group: clock
     Startpoint: (R) i_data[4]
          Clock: (R) clock
       Endpoint: (R) data_in_reg_reg[4]/d
          Clock: (R) clock

                     Capture       Launch     
        Clock Edge:+    1600            0     
        Drv Adjust:+       0            0     
       Src Latency:+       0            0     
       Net Latency:+       0 (I)        0 (I) 
           Arrival:=    1600            0     
                                              
             Setup:-      69                  
     Required Time:=    1531                  
      Launch Clock:-       0                  
       Input Delay:-     500                  
         Data Path:-       0                  
             Slack:=    1031                  

Exceptions/Constraints:
  input_delay             500             fir_serial.sdc_line_2_3_1 

#---------------------------------------------------------------------------------------------------
#    Timing Point      Flags   Arc   Edge      Cell        Fanout Load Trans Delay Arrival Instance 
#                                                                 (fF)  (ps)  (ps)   (ps)  Location 
#---------------------------------------------------------------------------------------------------
  i_data[4]            (u)     -     R     (arrival)            1  0.5     0     0     500    (-,-) 
  data_in_reg_reg[4]/d -       -     R     unmapped_d_flop      1    -     -     0     500    (-,-) 
#---------------------------------------------------------------------------------------------------

(u) : Net has unmapped pin(s).



Path 39: MET (1031 ps) Setup Check with Pin data_in_reg_reg[3]/clk->d
          Group: clock
     Startpoint: (R) i_data[3]
          Clock: (R) clock
       Endpoint: (R) data_in_reg_reg[3]/d
          Clock: (R) clock

                     Capture       Launch     
        Clock Edge:+    1600            0     
        Drv Adjust:+       0            0     
       Src Latency:+       0            0     
       Net Latency:+       0 (I)        0 (I) 
           Arrival:=    1600            0     
                                              
             Setup:-      69                  
     Required Time:=    1531                  
      Launch Clock:-       0                  
       Input Delay:-     500                  
         Data Path:-       0                  
             Slack:=    1031                  

Exceptions/Constraints:
  input_delay             500             fir_serial.sdc_line_2_4_1 

#---------------------------------------------------------------------------------------------------
#    Timing Point      Flags   Arc   Edge      Cell        Fanout Load Trans Delay Arrival Instance 
#                                                                 (fF)  (ps)  (ps)   (ps)  Location 
#---------------------------------------------------------------------------------------------------
  i_data[3]            (u)     -     R     (arrival)            1  0.5     0     0     500    (-,-) 
  data_in_reg_reg[3]/d -       -     R     unmapped_d_flop      1    -     -     0     500    (-,-) 
#---------------------------------------------------------------------------------------------------

(u) : Net has unmapped pin(s).



Path 40: MET (1031 ps) Setup Check with Pin data_in_reg_reg[2]/clk->d
          Group: clock
     Startpoint: (R) i_data[2]
          Clock: (R) clock
       Endpoint: (R) data_in_reg_reg[2]/d
          Clock: (R) clock

                     Capture       Launch     
        Clock Edge:+    1600            0     
        Drv Adjust:+       0            0     
       Src Latency:+       0            0     
       Net Latency:+       0 (I)        0 (I) 
           Arrival:=    1600            0     
                                              
             Setup:-      69                  
     Required Time:=    1531                  
      Launch Clock:-       0                  
       Input Delay:-     500                  
         Data Path:-       0                  
             Slack:=    1031                  

Exceptions/Constraints:
  input_delay             500             fir_serial.sdc_line_2_5_1 

#---------------------------------------------------------------------------------------------------
#    Timing Point      Flags   Arc   Edge      Cell        Fanout Load Trans Delay Arrival Instance 
#                                                                 (fF)  (ps)  (ps)   (ps)  Location 
#---------------------------------------------------------------------------------------------------
  i_data[2]            (u)     -     R     (arrival)            1  0.5     0     0     500    (-,-) 
  data_in_reg_reg[2]/d -       -     R     unmapped_d_flop      1    -     -     0     500    (-,-) 
#---------------------------------------------------------------------------------------------------

(u) : Net has unmapped pin(s).



Path 41: MET (1031 ps) Setup Check with Pin data_in_reg_reg[1]/clk->d
          Group: clock
     Startpoint: (R) i_data[1]
          Clock: (R) clock
       Endpoint: (R) data_in_reg_reg[1]/d
          Clock: (R) clock

                     Capture       Launch     
        Clock Edge:+    1600            0     
        Drv Adjust:+       0            0     
       Src Latency:+       0            0     
       Net Latency:+       0 (I)        0 (I) 
           Arrival:=    1600            0     
                                              
             Setup:-      69                  
     Required Time:=    1531                  
      Launch Clock:-       0                  
       Input Delay:-     500                  
         Data Path:-       0                  
             Slack:=    1031                  

Exceptions/Constraints:
  input_delay             500             fir_serial.sdc_line_2_6_1 

#---------------------------------------------------------------------------------------------------
#    Timing Point      Flags   Arc   Edge      Cell        Fanout Load Trans Delay Arrival Instance 
#                                                                 (fF)  (ps)  (ps)   (ps)  Location 
#---------------------------------------------------------------------------------------------------
  i_data[1]            (u)     -     R     (arrival)            1  0.5     0     0     500    (-,-) 
  data_in_reg_reg[1]/d -       -     R     unmapped_d_flop      1    -     -     0     500    (-,-) 
#---------------------------------------------------------------------------------------------------

(u) : Net has unmapped pin(s).



Path 42: MET (1031 ps) Setup Check with Pin data_in_reg_reg[0]/clk->d
          Group: clock
     Startpoint: (R) i_data[0]
          Clock: (R) clock
       Endpoint: (R) data_in_reg_reg[0]/d
          Clock: (R) clock

                     Capture       Launch     
        Clock Edge:+    1600            0     
        Drv Adjust:+       0            0     
       Src Latency:+       0            0     
       Net Latency:+       0 (I)        0 (I) 
           Arrival:=    1600            0     
                                              
             Setup:-      69                  
     Required Time:=    1531                  
      Launch Clock:-       0                  
       Input Delay:-     500                  
         Data Path:-       0                  
             Slack:=    1031                  

Exceptions/Constraints:
  input_delay             500             fir_serial.sdc_line_2_7_1 

#---------------------------------------------------------------------------------------------------
#    Timing Point      Flags   Arc   Edge      Cell        Fanout Load Trans Delay Arrival Instance 
#                                                                 (fF)  (ps)  (ps)   (ps)  Location 
#---------------------------------------------------------------------------------------------------
  i_data[0]            (u)     -     R     (arrival)            1  0.5     0     0     500    (-,-) 
  data_in_reg_reg[0]/d -       -     R     unmapped_d_flop      1    -     -     0     500    (-,-) 
#---------------------------------------------------------------------------------------------------

(u) : Net has unmapped pin(s).



Path 43: MET (1202 ps) Setup Check with Pin data_out_reg_reg[0]/clk->d
          Group: clock
     Startpoint: (R) data_in_reg_reg[0]/clk
          Clock: (R) clock
       Endpoint: (R) data_out_reg_reg[0]/d
          Clock: (R) clock

                     Capture       Launch     
        Clock Edge:+    1600            0     
       Src Latency:+       0            0     
       Net Latency:+       0 (I)        0 (I) 
           Arrival:=    1600            0     
                                              
             Setup:-      69                  
     Required Time:=    1531                  
      Launch Clock:-       0                  
         Data Path:-     329                  
             Slack:=    1202                  

#-----------------------------------------------------------------------------------------------------------------------
#            Timing Point              Flags    Arc    Edge       Cell         Fanout Load Trans Delay Arrival Instance 
#                                                                                     (fF)  (ps)  (ps)   (ps)  Location 
#-----------------------------------------------------------------------------------------------------------------------
  data_in_reg_reg[0]/clk               -       -       R     (arrival)             80    -     0     0       0    (-,-) 
  data_in_reg_reg[0]/q                 (u)     clk->q  R     unmapped_d_flop        7  3.5     0   224     224    (-,-) 
  csa_tree_ADD_TC_OP_13_groupi/g3523/z (u)     in_1->z F     unmapped_complex2      1  0.5     0    52     276    (-,-) 
  csa_tree_ADD_TC_OP_13_groupi/g3524/z (u)     in_1->z R     unmapped_nand2         1  0.5     0    52     329    (-,-) 
  data_out_reg_reg[0]/d                -       -       R     unmapped_d_flop        1    -     -     0     329    (-,-) 
#-----------------------------------------------------------------------------------------------------------------------

(u) : Net has unmapped pin(s).



Path 44: MET (1300 ps) Setup Check with Pin shift_reg_reg[6][6]/clk->d
          Group: clock
     Startpoint: (R) shift_reg_reg[5][6]/clk
          Clock: (R) clock
       Endpoint: (R) shift_reg_reg[6][6]/d
          Clock: (R) clock

                     Capture       Launch     
        Clock Edge:+    1600            0     
       Src Latency:+       0            0     
       Net Latency:+       0 (I)        0 (I) 
           Arrival:=    1600            0     
                                              
             Setup:-      69                  
     Required Time:=    1531                  
      Launch Clock:-       0                  
         Data Path:-     231                  
             Slack:=    1300                  

#-------------------------------------------------------------------------------------------------------
#      Timing Point       Flags    Arc   Edge      Cell        Fanout Load Trans Delay Arrival Instance 
#                                                                     (fF)  (ps)  (ps)   (ps)  Location 
#-------------------------------------------------------------------------------------------------------
  shift_reg_reg[5][6]/clk -       -      R     (arrival)           80    -     0     0       0    (-,-) 
  shift_reg_reg[5][6]/q   (u)     clk->q R     unmapped_d_flop      9  4.5     0   231     231    (-,-) 
  shift_reg_reg[6][6]/d   -       -      R     unmapped_d_flop      9    -     -     0     231    (-,-) 
#-------------------------------------------------------------------------------------------------------

(u) : Net has unmapped pin(s).



Path 45: MET (1300 ps) Setup Check with Pin shift_reg_reg[6][5]/clk->d
          Group: clock
     Startpoint: (R) shift_reg_reg[5][5]/clk
          Clock: (R) clock
       Endpoint: (R) shift_reg_reg[6][5]/d
          Clock: (R) clock

                     Capture       Launch     
        Clock Edge:+    1600            0     
       Src Latency:+       0            0     
       Net Latency:+       0 (I)        0 (I) 
           Arrival:=    1600            0     
                                              
             Setup:-      69                  
     Required Time:=    1531                  
      Launch Clock:-       0                  
         Data Path:-     231                  
             Slack:=    1300                  

#-------------------------------------------------------------------------------------------------------
#      Timing Point       Flags    Arc   Edge      Cell        Fanout Load Trans Delay Arrival Instance 
#                                                                     (fF)  (ps)  (ps)   (ps)  Location 
#-------------------------------------------------------------------------------------------------------
  shift_reg_reg[5][5]/clk -       -      R     (arrival)           80    -     0     0       0    (-,-) 
  shift_reg_reg[5][5]/q   (u)     clk->q R     unmapped_d_flop      9  4.5     0   231     231    (-,-) 
  shift_reg_reg[6][5]/d   -       -      R     unmapped_d_flop      9    -     -     0     231    (-,-) 
#-------------------------------------------------------------------------------------------------------

(u) : Net has unmapped pin(s).



Path 46: MET (1300 ps) Setup Check with Pin shift_reg_reg[6][4]/clk->d
          Group: clock
     Startpoint: (R) shift_reg_reg[5][4]/clk
          Clock: (R) clock
       Endpoint: (R) shift_reg_reg[6][4]/d
          Clock: (R) clock

                     Capture       Launch     
        Clock Edge:+    1600            0     
       Src Latency:+       0            0     
       Net Latency:+       0 (I)        0 (I) 
           Arrival:=    1600            0     
                                              
             Setup:-      69                  
     Required Time:=    1531                  
      Launch Clock:-       0                  
         Data Path:-     231                  
             Slack:=    1300                  

#-------------------------------------------------------------------------------------------------------
#      Timing Point       Flags    Arc   Edge      Cell        Fanout Load Trans Delay Arrival Instance 
#                                                                     (fF)  (ps)  (ps)   (ps)  Location 
#-------------------------------------------------------------------------------------------------------
  shift_reg_reg[5][4]/clk -       -      R     (arrival)           80    -     0     0       0    (-,-) 
  shift_reg_reg[5][4]/q   (u)     clk->q R     unmapped_d_flop      9  4.5     0   231     231    (-,-) 
  shift_reg_reg[6][4]/d   -       -      R     unmapped_d_flop      9    -     -     0     231    (-,-) 
#-------------------------------------------------------------------------------------------------------

(u) : Net has unmapped pin(s).



Path 47: MET (1300 ps) Setup Check with Pin shift_reg_reg[6][3]/clk->d
          Group: clock
     Startpoint: (R) shift_reg_reg[5][3]/clk
          Clock: (R) clock
       Endpoint: (R) shift_reg_reg[6][3]/d
          Clock: (R) clock

                     Capture       Launch     
        Clock Edge:+    1600            0     
       Src Latency:+       0            0     
       Net Latency:+       0 (I)        0 (I) 
           Arrival:=    1600            0     
                                              
             Setup:-      69                  
     Required Time:=    1531                  
      Launch Clock:-       0                  
         Data Path:-     231                  
             Slack:=    1300                  

#-------------------------------------------------------------------------------------------------------
#      Timing Point       Flags    Arc   Edge      Cell        Fanout Load Trans Delay Arrival Instance 
#                                                                     (fF)  (ps)  (ps)   (ps)  Location 
#-------------------------------------------------------------------------------------------------------
  shift_reg_reg[5][3]/clk -       -      R     (arrival)           80    -     0     0       0    (-,-) 
  shift_reg_reg[5][3]/q   (u)     clk->q R     unmapped_d_flop      9  4.5     0   231     231    (-,-) 
  shift_reg_reg[6][3]/d   -       -      R     unmapped_d_flop      9    -     -     0     231    (-,-) 
#-------------------------------------------------------------------------------------------------------

(u) : Net has unmapped pin(s).



Path 48: MET (1300 ps) Setup Check with Pin shift_reg_reg[5][6]/clk->d
          Group: clock
     Startpoint: (R) shift_reg_reg[4][6]/clk
          Clock: (R) clock
       Endpoint: (R) shift_reg_reg[5][6]/d
          Clock: (R) clock

                     Capture       Launch     
        Clock Edge:+    1600            0     
       Src Latency:+       0            0     
       Net Latency:+       0 (I)        0 (I) 
           Arrival:=    1600            0     
                                              
             Setup:-      69                  
     Required Time:=    1531                  
      Launch Clock:-       0                  
         Data Path:-     231                  
             Slack:=    1300                  

#-------------------------------------------------------------------------------------------------------
#      Timing Point       Flags    Arc   Edge      Cell        Fanout Load Trans Delay Arrival Instance 
#                                                                     (fF)  (ps)  (ps)   (ps)  Location 
#-------------------------------------------------------------------------------------------------------
  shift_reg_reg[4][6]/clk -       -      R     (arrival)           80    -     0     0       0    (-,-) 
  shift_reg_reg[4][6]/q   (u)     clk->q R     unmapped_d_flop      9  4.5     0   231     231    (-,-) 
  shift_reg_reg[5][6]/d   -       -      R     unmapped_d_flop      9    -     -     0     231    (-,-) 
#-------------------------------------------------------------------------------------------------------

(u) : Net has unmapped pin(s).



Path 49: MET (1300 ps) Setup Check with Pin shift_reg_reg[5][4]/clk->d
          Group: clock
     Startpoint: (R) shift_reg_reg[4][4]/clk
          Clock: (R) clock
       Endpoint: (R) shift_reg_reg[5][4]/d
          Clock: (R) clock

                     Capture       Launch     
        Clock Edge:+    1600            0     
       Src Latency:+       0            0     
       Net Latency:+       0 (I)        0 (I) 
           Arrival:=    1600            0     
                                              
             Setup:-      69                  
     Required Time:=    1531                  
      Launch Clock:-       0                  
         Data Path:-     231                  
             Slack:=    1300                  

#-------------------------------------------------------------------------------------------------------
#      Timing Point       Flags    Arc   Edge      Cell        Fanout Load Trans Delay Arrival Instance 
#                                                                     (fF)  (ps)  (ps)   (ps)  Location 
#-------------------------------------------------------------------------------------------------------
  shift_reg_reg[4][4]/clk -       -      R     (arrival)           80    -     0     0       0    (-,-) 
  shift_reg_reg[4][4]/q   (u)     clk->q R     unmapped_d_flop      9  4.5     0   231     231    (-,-) 
  shift_reg_reg[5][4]/d   -       -      R     unmapped_d_flop      9    -     -     0     231    (-,-) 
#-------------------------------------------------------------------------------------------------------

(u) : Net has unmapped pin(s).



Path 50: MET (1300 ps) Setup Check with Pin shift_reg_reg[5][3]/clk->d
          Group: clock
     Startpoint: (R) shift_reg_reg[4][3]/clk
          Clock: (R) clock
       Endpoint: (R) shift_reg_reg[5][3]/d
          Clock: (R) clock

                     Capture       Launch     
        Clock Edge:+    1600            0     
       Src Latency:+       0            0     
       Net Latency:+       0 (I)        0 (I) 
           Arrival:=    1600            0     
                                              
             Setup:-      69                  
     Required Time:=    1531                  
      Launch Clock:-       0                  
         Data Path:-     231                  
             Slack:=    1300                  

#-------------------------------------------------------------------------------------------------------
#      Timing Point       Flags    Arc   Edge      Cell        Fanout Load Trans Delay Arrival Instance 
#                                                                     (fF)  (ps)  (ps)   (ps)  Location 
#-------------------------------------------------------------------------------------------------------
  shift_reg_reg[4][3]/clk -       -      R     (arrival)           80    -     0     0       0    (-,-) 
  shift_reg_reg[4][3]/q   (u)     clk->q R     unmapped_d_flop      9  4.5     0   231     231    (-,-) 
  shift_reg_reg[5][3]/d   -       -      R     unmapped_d_flop      9    -     -     0     231    (-,-) 
#-------------------------------------------------------------------------------------------------------

(u) : Net has unmapped pin(s).

