============================================================
  Generated by:           Genus(TM) Synthesis Solution 23.10-p004_1
  Generated on:           Oct 08 2026  09:15:42 pm
  Module:                 fir_serial
  Operating conditions:   PVT_0P9V_125C 
  Interconnect mode:      global
  Area mode:              physical library
============================================================


Path 1: VIOLATED (-199 ps) Setup Check with Pin data_out_reg_reg[13]/CK->D
          Group: clock
     Startpoint: (R) data_in_reg_reg[5]/CK
          Clock: (R) clock
       Endpoint: (R) data_out_reg_reg[13]/D
          Clock: (R) clock

                     Capture       Launch     
        Clock Edge:+    1600            0     
       Src Latency:+       0            0     
       Net Latency:+       0 (I)        0 (I) 
           Arrival:=    1600            0     
                                              
             Setup:-      83                  
     Required Time:=    1517                  
      Launch Clock:-       0                  
         Data Path:-    1716                  
             Slack:=    -199                  

#--------------------------------------------------------------------------------------------------------------------------------
#                    Timing Point                     Flags    Arc   Edge     Cell      Fanout Load Trans Delay Arrival Instance 
#                                                                                              (fF)  (ps)  (ps)   (ps)  Location 
#--------------------------------------------------------------------------------------------------------------------------------
  data_in_reg_reg[5]/CK                               -       -      R     (arrival)        80    -     0     0       0    (-,-) 
  data_in_reg_reg[5]/Q                                -       CK->Q  F     DFFHQX4LVT        2  7.0    39   155     155    (-,-) 
  csa_tree_ADD_TC_OP_13_groupi_g1235/Y                -       A->Y   R     CLKINVX6LVT       2  6.6    27    28     184    (-,-) 
  csa_tree_ADD_TC_OP_13_groupi_cdnfadd_008_2__6417/CO -       B->CO  R     ADDFHX2LVT        1  4.2    54   140     324    (-,-) 
  csa_tree_ADD_TC_OP_13_groupi_cdnfadd_009_4__7098/S  -       B->S   F     ADDFHX1LVT        1  3.8    75   204     528    (-,-) 
  csa_tree_ADD_TC_OP_13_groupi_cdnfadd_009_7__5115/CO -       CI->CO F     ADDFHX2LVT        1  4.1    57   145     673    (-,-) 
  csa_tree_ADD_TC_OP_13_groupi_cdnfadd_010_7__2398/S  -       B->S   R     ADDFHX1LVT        1  3.8    69   201     874    (-,-) 
  csa_tree_ADD_TC_OP_13_groupi_cdnfadd_010_8__5107/S  -       CI->S  F     ADDFHX1LVT        1  3.8    76   195    1068    (-,-) 
  csa_tree_ADD_TC_OP_13_groupi_cdnfadd_010_9__6260/S  -       CI->S  R     ADDFHX2LVT        2  9.8    98   250    1318    (-,-) 
  csa_tree_ADD_TC_OP_13_groupi_g1122__2398/Y          -       B->Y   F     NOR2X4LVT         2  8.3    72    65    1383    (-,-) 
  csa_tree_ADD_TC_OP_13_groupi_g1101__1881/Y          -       B->Y   R     NOR2X8LVT         2 10.7    64    58    1441    (-,-) 
  csa_tree_ADD_TC_OP_13_groupi_g1090__1617/Y          -       B->Y   F     NAND2X8LVT        2  7.6    63    59    1500    (-,-) 
  csa_tree_ADD_TC_OP_13_groupi_g2__6131/Y             -       B1->Y  R     OAI2BB2X4LVT      1  4.7    72    58    1558    (-,-) 
  csa_tree_ADD_TC_OP_13_groupi_g1070__9945/Y          -       B0->Y  F     AOI21X4LVT        1  3.3    59    44    1602    (-,-) 
  csa_tree_ADD_TC_OP_13_groupi_g1065__5115/Y          -       B->Y   R     CLKXOR2X1LVT      1  3.2    57   114    1716    (-,-) 
  data_out_reg_reg[13]/D                              -       -      R     DFFHQX1LVT        1    -     -     0    1716    (-,-) 
#--------------------------------------------------------------------------------------------------------------------------------



Path 2: VIOLATED (-196 ps) Setup Check with Pin data_out_reg_reg[12]/CK->D
          Group: clock
     Startpoint: (R) data_in_reg_reg[5]/CK
          Clock: (R) clock
       Endpoint: (R) data_out_reg_reg[12]/D
          Clock: (R) clock

                     Capture       Launch     
        Clock Edge:+    1600            0     
       Src Latency:+       0            0     
       Net Latency:+       0 (I)        0 (I) 
           Arrival:=    1600            0     
                                              
             Setup:-      84                  
     Required Time:=    1516                  
      Launch Clock:-       0                  
         Data Path:-    1712                  
             Slack:=    -196                  

#--------------------------------------------------------------------------------------------------------------------------------
#                    Timing Point                     Flags    Arc   Edge     Cell      Fanout Load Trans Delay Arrival Instance 
#                                                                                              (fF)  (ps)  (ps)   (ps)  Location 
#--------------------------------------------------------------------------------------------------------------------------------
  data_in_reg_reg[5]/CK                               -       -      R     (arrival)        80    -     0     0       0    (-,-) 
  data_in_reg_reg[5]/Q                                -       CK->Q  F     DFFHQX4LVT        2  7.0    39   155     155    (-,-) 
  csa_tree_ADD_TC_OP_13_groupi_g1235/Y                -       A->Y   R     CLKINVX6LVT       2  6.6    27    28     184    (-,-) 
  csa_tree_ADD_TC_OP_13_groupi_cdnfadd_008_2__6417/CO -       B->CO  R     ADDFHX2LVT        1  4.2    54   140     324    (-,-) 
  csa_tree_ADD_TC_OP_13_groupi_cdnfadd_009_4__7098/S  -       B->S   F     ADDFHX1LVT        1  3.8    75   204     528    (-,-) 
  csa_tree_ADD_TC_OP_13_groupi_cdnfadd_009_7__5115/CO -       CI->CO F     ADDFHX2LVT        1  4.1    57   145     673    (-,-) 
  csa_tree_ADD_TC_OP_13_groupi_cdnfadd_010_7__2398/S  -       B->S   R     ADDFHX1LVT        1  3.8    69   201     874    (-,-) 
  csa_tree_ADD_TC_OP_13_groupi_cdnfadd_010_8__5107/S  -       CI->S  F     ADDFHX1LVT        1  3.8    76   195    1068    (-,-) 
  csa_tree_ADD_TC_OP_13_groupi_cdnfadd_010_9__6260/S  -       CI->S  R     ADDFHX2LVT        2  9.8    98   250    1318    (-,-) 
  csa_tree_ADD_TC_OP_13_groupi_g1122__2398/Y          -       B->Y   F     NOR2X4LVT         2  8.3    72    65    1383    (-,-) 
  csa_tree_ADD_TC_OP_13_groupi_g1101__1881/Y          -       B->Y   R     NOR2X8LVT         2 10.7    64    58    1441    (-,-) 
  csa_tree_ADD_TC_OP_13_groupi_g1090__1617/Y          -       B->Y   F     NAND2X8LVT        2  7.6    63    59    1500    (-,-) 
  csa_tree_ADD_TC_OP_13_groupi_g1089/Y                -       A->Y   R     CLKINVX4LVT       1  6.5    39    42    1542    (-,-) 
  csa_tree_ADD_TC_OP_13_groupi_g1082__6260/Y          -       B->Y   F     NAND2X8LVT        1  6.0    52    47    1589    (-,-) 
  csa_tree_ADD_TC_OP_13_groupi_g1071__2883/Y          -       B->Y   R     NAND2X8LVT        3  9.8    35    35    1624    (-,-) 
  csa_tree_ADD_TC_OP_13_groupi_g1068__6161/Y          -       A1N->Y R     OAI2BB2X4LVT      1  3.2    62    88    1712    (-,-) 
  data_out_reg_reg[12]/D                              -       -      R     DFFHQX1LVT        1    -     -     0    1712    (-,-) 
#--------------------------------------------------------------------------------------------------------------------------------



Path 3: VIOLATED (-196 ps) Setup Check with Pin data_out_reg_reg[14]/CK->D
          Group: clock
     Startpoint: (R) data_in_reg_reg[5]/CK
          Clock: (R) clock
       Endpoint: (R) data_out_reg_reg[14]/D
          Clock: (R) clock

                     Capture       Launch     
        Clock Edge:+    1600            0     
       Src Latency:+       0            0     
       Net Latency:+       0 (I)        0 (I) 
           Arrival:=    1600            0     
                                              
             Setup:-      88                  
     Required Time:=    1512                  
      Launch Clock:-       0                  
         Data Path:-    1708                  
             Slack:=    -196                  

#--------------------------------------------------------------------------------------------------------------------------------
#                    Timing Point                     Flags    Arc   Edge     Cell      Fanout Load Trans Delay Arrival Instance 
#                                                                                              (fF)  (ps)  (ps)   (ps)  Location 
#--------------------------------------------------------------------------------------------------------------------------------
  data_in_reg_reg[5]/CK                               -       -      R     (arrival)        80    -     0     0       0    (-,-) 
  data_in_reg_reg[5]/Q                                -       CK->Q  F     DFFHQX4LVT        2  7.0    39   155     155    (-,-) 
  csa_tree_ADD_TC_OP_13_groupi_g1235/Y                -       A->Y   R     CLKINVX6LVT       2  6.6    27    28     184    (-,-) 
  csa_tree_ADD_TC_OP_13_groupi_cdnfadd_008_2__6417/CO -       B->CO  R     ADDFHX2LVT        1  4.2    54   140     324    (-,-) 
  csa_tree_ADD_TC_OP_13_groupi_cdnfadd_009_4__7098/S  -       B->S   F     ADDFHX1LVT        1  3.8    75   204     528    (-,-) 
  csa_tree_ADD_TC_OP_13_groupi_cdnfadd_009_7__5115/CO -       CI->CO F     ADDFHX2LVT        1  4.1    57   145     673    (-,-) 
  csa_tree_ADD_TC_OP_13_groupi_cdnfadd_010_7__2398/S  -       B->S   R     ADDFHX1LVT        1  3.8    69   201     874    (-,-) 
  csa_tree_ADD_TC_OP_13_groupi_cdnfadd_010_8__5107/S  -       CI->S  F     ADDFHX1LVT        1  3.8    76   195    1068    (-,-) 
  csa_tree_ADD_TC_OP_13_groupi_cdnfadd_010_9__6260/S  -       CI->S  R     ADDFHX2LVT        2  9.8    98   250    1318    (-,-) 
  csa_tree_ADD_TC_OP_13_groupi_g1133__8428/Y          -       B->Y   F     NAND2X8LVT        2  7.9    70    71    1390    (-,-) 
  csa_tree_ADD_TC_OP_13_groupi_g1106__6161/Y          -       B->Y   R     NOR2X8LVT         1  6.5    49    49    1438    (-,-) 
  csa_tree_ADD_TC_OP_13_groupi_g1096__8246/Y          -       B->Y   F     NOR2X8LVT         2  9.2    40    37    1475    (-,-) 
  csa_tree_ADD_TC_OP_13_groupi_g1095/Y                -       A->Y   R     CLKINVX4LVT       1  4.7    28    30    1505    (-,-) 
  csa_tree_ADD_TC_OP_13_groupi_g1078__5477/Y          -       A1->Y  F     AOI21X4LVT        1  6.1    83    70    1574    (-,-) 
  csa_tree_ADD_TC_OP_13_groupi_g1073__1666/Y          -       A->Y   R     NAND2X8LVT        2  6.6    37    45    1619    (-,-) 
  csa_tree_ADD_TC_OP_13_groupi_g1067__4733/Y          -       A1N->Y R     OAI2BB2X4LVT      1  3.2    71    88    1708    (-,-) 
  data_out_reg_reg[14]/D                              -       -      R     DFFHQX1LVT        1    -     -     0    1708    (-,-) 
#--------------------------------------------------------------------------------------------------------------------------------



Path 4: VIOLATED (-173 ps) Setup Check with Pin data_out_reg_reg[15]/CK->D
          Group: clock
     Startpoint: (R) data_in_reg_reg[5]/CK
          Clock: (R) clock
       Endpoint: (F) data_out_reg_reg[15]/D
          Clock: (R) clock

                     Capture       Launch     
        Clock Edge:+    1600            0     
       Src Latency:+       0            0     
       Net Latency:+       0 (I)        0 (I) 
           Arrival:=    1600            0     
                                              
             Setup:-      63                  
     Required Time:=    1537                  
      Launch Clock:-       0                  
         Data Path:-    1710                  
             Slack:=    -173                  

#-------------------------------------------------------------------------------------------------------------------------------
#                    Timing Point                     Flags    Arc   Edge    Cell      Fanout Load Trans Delay Arrival Instance 
#                                                                                             (fF)  (ps)  (ps)   (ps)  Location 
#-------------------------------------------------------------------------------------------------------------------------------
  data_in_reg_reg[5]/CK                               -       -      R     (arrival)       80    -     0     0       0    (-,-) 
  data_in_reg_reg[5]/Q                                -       CK->Q  F     DFFHQX4LVT       2  7.0    39   155     155    (-,-) 
  csa_tree_ADD_TC_OP_13_groupi_g1235/Y                -       A->Y   R     CLKINVX6LVT      2  6.6    27    28     184    (-,-) 
  csa_tree_ADD_TC_OP_13_groupi_cdnfadd_008_2__6417/CO -       B->CO  R     ADDFHX2LVT       1  4.2    54   140     324    (-,-) 
  csa_tree_ADD_TC_OP_13_groupi_cdnfadd_009_4__7098/S  -       B->S   F     ADDFHX1LVT       1  3.8    75   204     528    (-,-) 
  csa_tree_ADD_TC_OP_13_groupi_cdnfadd_009_7__5115/CO -       CI->CO F     ADDFHX2LVT       1  4.1    57   145     673    (-,-) 
  csa_tree_ADD_TC_OP_13_groupi_cdnfadd_010_7__2398/S  -       B->S   R     ADDFHX1LVT       1  3.8    69   201     874    (-,-) 
  csa_tree_ADD_TC_OP_13_groupi_cdnfadd_010_8__5107/S  -       CI->S  F     ADDFHX1LVT       1  3.8    76   195    1068    (-,-) 
  csa_tree_ADD_TC_OP_13_groupi_cdnfadd_010_9__6260/S  -       CI->S  R     ADDFHX2LVT       2  9.8    98   250    1318    (-,-) 
  csa_tree_ADD_TC_OP_13_groupi_g1122__2398/Y          -       B->Y   F     NOR2X4LVT        2  8.3    72    65    1383    (-,-) 
  csa_tree_ADD_TC_OP_13_groupi_g1101__1881/Y          -       B->Y   R     NOR2X8LVT        2 10.7    64    58    1441    (-,-) 
  csa_tree_ADD_TC_OP_13_groupi_g1090__1617/Y          -       B->Y   F     NAND2X8LVT       2  7.6    63    59    1500    (-,-) 
  csa_tree_ADD_TC_OP_13_groupi_g1089/Y                -       A->Y   R     CLKINVX4LVT      1  6.5    39    42    1542    (-,-) 
  csa_tree_ADD_TC_OP_13_groupi_g1082__6260/Y          -       B->Y   F     NAND2X8LVT       1  6.0    52    47    1589    (-,-) 
  csa_tree_ADD_TC_OP_13_groupi_g1071__2883/Y          -       B->Y   R     NAND2X8LVT       3  9.8    35    35    1624    (-,-) 
  csa_tree_ADD_TC_OP_13_groupi_g1066__7482/Y          -       A2->Y  F     AOI31X4LVT       1  3.2    98    86    1710    (-,-) 
  data_out_reg_reg[15]/D                              -       -      F     DFFHQX1LVT       1    -     -     0    1710    (-,-) 
#-------------------------------------------------------------------------------------------------------------------------------



Path 5: VIOLATED (-172 ps) Setup Check with Pin data_out_reg_reg[11]/CK->D
          Group: clock
     Startpoint: (R) shift_reg_reg[2][3]/CK
          Clock: (R) clock
       Endpoint: (F) data_out_reg_reg[11]/D
          Clock: (R) clock

                     Capture       Launch     
        Clock Edge:+    1600            0     
       Src Latency:+       0            0     
       Net Latency:+       0 (I)        0 (I) 
           Arrival:=    1600            0     
                                              
             Setup:-      57                  
     Required Time:=    1543                  
      Launch Clock:-       0                  
         Data Path:-    1714                  
             Slack:=    -172                  

#---------------------------------------------------------------------------------------------------------------------------------
#                    Timing Point                      Flags    Arc   Edge     Cell      Fanout Load Trans Delay Arrival Instance 
#                                                                                               (fF)  (ps)  (ps)   (ps)  Location 
#---------------------------------------------------------------------------------------------------------------------------------
  shift_reg_reg[2][3]/CK                               -       -      R     (arrival)        80    -     0     0       0    (-,-) 
  shift_reg_reg[2][3]/Q                                -       CK->Q  R     DFFHQX4LVT        3  9.0    42   143     143    (-,-) 
  csa_tree_ADD_TC_OP_13_groupi_g1190/Y                 -       A->Y   F     CLKINVX6LVT       1  3.8    24    28     171    (-,-) 
  csa_tree_ADD_TC_OP_13_groupi_cdnfadd_006_2__2398/S   -       CI->S  R     ADDFHX1LVT        1  4.3    76   189     360    (-,-) 
  csa_tree_ADD_TC_OP_13_groupi_cdnfadd_006_8__6783/S   -       A->S   F     ADDFHX2LVT        1  3.8    56   234     595    (-,-) 
  csa_tree_ADD_TC_OP_13_groupi_cdnfadd_006_10__1617/CO -       CI->CO F     ADDFHX2LVT        1  4.1    57   137     732    (-,-) 
  csa_tree_ADD_TC_OP_13_groupi_cdnfadd_007_11__2883/S  -       B->S   R     ADDFHX1LVT        1  3.8    69   201     933    (-,-) 
  csa_tree_ADD_TC_OP_13_groupi_cdnfadd_007_12__2346/S  -       CI->S  F     ADDFHX2LVT        2  8.1    90   233    1166    (-,-) 
  csa_tree_ADD_TC_OP_13_groupi_g1161__9945/Y           -       B->Y   R     NOR2X8LVT         3 11.6    70    65    1232    (-,-) 
  csa_tree_ADD_TC_OP_13_groupi_g1160/Y                 -       A->Y   F     CLKINVX6LVT       1  4.5    32    39    1271    (-,-) 
  csa_tree_ADD_TC_OP_13_groupi_g1147__5122/Y           -       A1->Y  R     AOI21X4LVT        1  6.5    69    60    1330    (-,-) 
  csa_tree_ADD_TC_OP_13_groupi_g1143__3680/Y           -       B->Y   F     NAND2X8LVT        2  9.1    70    65    1395    (-,-) 
  csa_tree_ADD_TC_OP_13_groupi_g1142/Y                 -       A->Y   R     CLKINVX8LVT       2 10.7    38    39    1434    (-,-) 
  csa_tree_ADD_TC_OP_13_groupi_g1088__3680/Y           -       A->Y   F     NOR2X8LVT         1  6.0    31    34    1469    (-,-) 
  csa_tree_ADD_TC_OP_13_groupi_g1086__5526/Y           -       B->Y   R     NOR2X8LVT         3 10.5    58    45    1514    (-,-) 
  csa_tree_ADD_TC_OP_13_groupi_g1072__2346/Y           -       A1->Y  F     OAI21X4LVT        2  6.4    87    78    1592    (-,-) 
  csa_tree_ADD_TC_OP_13_groupi_g1069__9315/Y           -       A1N->Y F     OAI2BB2X4LVT      1  3.2    80   123    1714    (-,-) 
  data_out_reg_reg[11]/D                               -       -      F     DFFHQX1LVT        1    -     -     0    1714    (-,-) 
#---------------------------------------------------------------------------------------------------------------------------------



Path 6: VIOLATED (-148 ps) Setup Check with Pin data_out_reg_reg[9]/CK->D
          Group: clock
     Startpoint: (R) shift_reg_reg[2][3]/CK
          Clock: (R) clock
       Endpoint: (R) data_out_reg_reg[9]/D
          Clock: (R) clock

                     Capture       Launch     
        Clock Edge:+    1600            0     
       Src Latency:+       0            0     
       Net Latency:+       0 (I)        0 (I) 
           Arrival:=    1600            0     
                                              
             Setup:-      83                  
     Required Time:=    1517                  
      Launch Clock:-       0                  
         Data Path:-    1666                  
             Slack:=    -148                  

#---------------------------------------------------------------------------------------------------------------------------------
#                    Timing Point                      Flags    Arc   Edge     Cell      Fanout Load Trans Delay Arrival Instance 
#                                                                                               (fF)  (ps)  (ps)   (ps)  Location 
#---------------------------------------------------------------------------------------------------------------------------------
  shift_reg_reg[2][3]/CK                               -       -      R     (arrival)        80    -     0     0       0    (-,-) 
  shift_reg_reg[2][3]/Q                                -       CK->Q  R     DFFHQX4LVT        3  9.0    42   143     143    (-,-) 
  csa_tree_ADD_TC_OP_13_groupi_g1190/Y                 -       A->Y   F     CLKINVX6LVT       1  3.8    24    28     171    (-,-) 
  csa_tree_ADD_TC_OP_13_groupi_cdnfadd_006_2__2398/S   -       CI->S  R     ADDFHX1LVT        1  4.3    76   189     360    (-,-) 
  csa_tree_ADD_TC_OP_13_groupi_cdnfadd_006_8__6783/S   -       A->S   F     ADDFHX2LVT        1  3.8    56   234     595    (-,-) 
  csa_tree_ADD_TC_OP_13_groupi_cdnfadd_006_10__1617/CO -       CI->CO F     ADDFHX2LVT        1  4.1    57   137     732    (-,-) 
  csa_tree_ADD_TC_OP_13_groupi_cdnfadd_007_11__2883/S  -       B->S   R     ADDFHX1LVT        1  3.8    69   201     933    (-,-) 
  csa_tree_ADD_TC_OP_13_groupi_cdnfadd_007_12__2346/S  -       CI->S  F     ADDFHX2LVT        2  8.1    90   233    1166    (-,-) 
  csa_tree_ADD_TC_OP_13_groupi_g1161__9945/Y           -       B->Y   R     NOR2X8LVT         3 11.6    70    65    1232    (-,-) 
  csa_tree_ADD_TC_OP_13_groupi_g1160/Y                 -       A->Y   F     CLKINVX6LVT       1  4.5    32    39    1271    (-,-) 
  csa_tree_ADD_TC_OP_13_groupi_g1147__5122/Y           -       A1->Y  R     AOI21X4LVT        1  6.5    69    60    1330    (-,-) 
  csa_tree_ADD_TC_OP_13_groupi_g1143__3680/Y           -       B->Y   F     NAND2X8LVT        2  9.1    70    65    1395    (-,-) 
  csa_tree_ADD_TC_OP_13_groupi_g1142/Y                 -       A->Y   R     CLKINVX8LVT       2 10.7    38    39    1434    (-,-) 
  csa_tree_ADD_TC_OP_13_groupi_g1141/Y                 -       A->Y   F     CLKINVX6LVT       3 11.8    45    39    1474    (-,-) 
  csa_tree_ADD_TC_OP_13_groupi_g1140/Y                 -       A->Y   R     CLKINVX6LVT       1  4.7    24    28    1501    (-,-) 
  csa_tree_ADD_TC_OP_13_groupi_g1093__1705/Y           -       A1->Y  F     OAI21X4LVT        1  3.3    60    50    1551    (-,-) 
  csa_tree_ADD_TC_OP_13_groupi_g1081__5107/Y           -       B->Y   R     CLKXOR2X1LVT      1  3.2    57   114    1666    (-,-) 
  data_out_reg_reg[9]/D                                -       -      R     DFFHQX1LVT        1    -     -     0    1666    (-,-) 
#---------------------------------------------------------------------------------------------------------------------------------



Path 7: VIOLATED (-137 ps) Setup Check with Pin data_out_reg_reg[10]/CK->D
          Group: clock
     Startpoint: (R) shift_reg_reg[6][3]/CK
          Clock: (R) clock
       Endpoint: (R) data_out_reg_reg[10]/D
          Clock: (R) clock

                     Capture       Launch     
        Clock Edge:+    1600            0     
       Src Latency:+       0            0     
       Net Latency:+       0 (I)        0 (I) 
           Arrival:=    1600            0     
                                              
             Setup:-      83                  
     Required Time:=    1517                  
      Launch Clock:-       0                  
         Data Path:-    1654                  
             Slack:=    -137                  

#-------------------------------------------------------------------------------------------------------------------------------
#                    Timing Point                     Flags   Arc   Edge     Cell      Fanout Load Trans Delay Arrival Instance 
#                                                                                             (fF)  (ps)  (ps)   (ps)  Location 
#-------------------------------------------------------------------------------------------------------------------------------
  shift_reg_reg[6][3]/CK                              -       -     R     (arrival)        80    -     0     0       0    (-,-) 
  shift_reg_reg[6][3]/Q                               -       CK->Q F     DFFQX4LVT         2  6.0    35   156     156    (-,-) 
  csa_tree_ADD_TC_OP_13_groupi_g1256/Y                -       A->Y  F     BUFX3LVT          2  6.4    44    68     225    (-,-) 
  csa_tree_ADD_TC_OP_13_groupi_g1255/Y                -       A->Y  R     CLKINVX4LVT       1  4.7    29    32     256    (-,-) 
  csa_tree_ADD_TC_OP_13_groupi_g1183__5122/Y          -       A->Y  F     NOR2X4LVT         2  6.6    48    40     296    (-,-) 
  csa_tree_ADD_TC_OP_13_groupi_g1177__3680/Y          -       B0->Y R     AOI2BB1X4LVT      1  3.8    46    54     350    (-,-) 
  csa_tree_ADD_TC_OP_13_groupi_cdnfadd_003_2__5526/S  -       CI->S F     ADDFHX1LVT        1  4.1    80   188     538    (-,-) 
  csa_tree_ADD_TC_OP_13_groupi_cdnfadd_003_4__3680/CO -       B->CO F     ADDFHX2LVT        1  3.8    55   146     684    (-,-) 
  csa_tree_ADD_TC_OP_13_groupi_cdnfadd_004_8__5115/S  -       CI->S R     ADDFHX2LVT        2  8.0    85   235     920    (-,-) 
  csa_tree_ADD_TC_OP_13_groupi_g1167__6417/Y          -       B->Y  F     NAND2X4LVT        2  6.4    84    81    1000    (-,-) 
  csa_tree_ADD_TC_OP_13_groupi_g1165__1666/Y          -       B0->Y R     OAI21X4LVT        1  4.6    62    47    1048    (-,-) 
  csa_tree_ADD_TC_OP_13_groupi_g1153__5115/CO         -       B->CO R     ADDFHX4LVT        2  7.3    59   166    1213    (-,-) 
  csa_tree_ADD_TC_OP_13_groupi_g1152/Y                -       A->Y  F     CLKINVX6LVT       2  8.4    40    41    1255    (-,-) 
  csa_tree_ADD_TC_OP_13_groupi_g1148__8246/Y          -       B->Y  R     NOR2X6LVT         1  5.6    46    41    1296    (-,-) 
  csa_tree_ADD_TC_OP_13_groupi_g1145__2802/Y          -       B->Y  F     NAND2X6LVT        1  6.1    61    55    1351    (-,-) 
  csa_tree_ADD_TC_OP_13_groupi_g1143__3680/Y          -       A->Y  R     NAND2X8LVT        2  9.8    41    41    1392    (-,-) 
  csa_tree_ADD_TC_OP_13_groupi_g1142/Y                -       A->Y  F     CLKINVX8LVT       2  9.9    34    33    1425    (-,-) 
  csa_tree_ADD_TC_OP_13_groupi_g1088__3680/Y          -       A->Y  R     NOR2X8LVT         1  6.5    42    46    1471    (-,-) 
  csa_tree_ADD_TC_OP_13_groupi_g1086__5526/Y          -       B->Y  F     NOR2X8LVT         3 10.0    40    35    1506    (-,-) 
  csa_tree_ADD_TC_OP_13_groupi_g1074__7410/Y          -       A->Y  R     CLKXOR2X1LVT      1  3.2    57   148    1654    (-,-) 
  data_out_reg_reg[10]/D                              -       -     R     DFFHQX1LVT        1    -     -     0    1654    (-,-) 
#-------------------------------------------------------------------------------------------------------------------------------



Path 8: VIOLATED (-71 ps) Setup Check with Pin data_out_reg_reg[8]/CK->D
          Group: clock
     Startpoint: (R) shift_reg_reg[6][7]/CK
          Clock: (R) clock
       Endpoint: (R) data_out_reg_reg[8]/D
          Clock: (R) clock

                     Capture       Launch     
        Clock Edge:+    1600            0     
       Src Latency:+       0            0     
       Net Latency:+       0 (I)        0 (I) 
           Arrival:=    1600            0     
                                              
             Setup:-      83                  
     Required Time:=    1517                  
      Launch Clock:-       0                  
         Data Path:-    1588                  
             Slack:=     -71                  

#---------------------------------------------------------------------------------------------------------------------------------
#                    Timing Point                      Flags    Arc   Edge     Cell      Fanout Load Trans Delay Arrival Instance 
#                                                                                               (fF)  (ps)  (ps)   (ps)  Location 
#---------------------------------------------------------------------------------------------------------------------------------
  shift_reg_reg[6][7]/CK                               -       -      R     (arrival)        80    -     0     0       0    (-,-) 
  shift_reg_reg[6][7]/Q                                -       CK->Q  R     DFFQX4LVT         3  9.4    44   150     150    (-,-) 
  csa_tree_ADD_TC_OP_13_groupi_g1263__5115/Y           -       B->Y   R     AND2X6LVT         1  4.7    32    96     246    (-,-) 
  csa_tree_ADD_TC_OP_13_groupi_g1175__5526/Y           -       A->Y   F     NOR2X4LVT         1  3.8    36    34     280    (-,-) 
  csa_tree_ADD_TC_OP_13_groupi_cdnfadd_007_4__1881/S   -       CI->S  R     ADDFHX1LVT        1  4.3    76   193     473    (-,-) 
  csa_tree_ADD_TC_OP_13_groupi_cdnfadd_007_8__6161/S   -       A->S   F     ADDFHX1LVT        1  3.8    76   216     688    (-,-) 
  csa_tree_ADD_TC_OP_13_groupi_cdnfadd_007_10__9945/CO -       CI->CO F     ADDFHX2LVT        1  3.8    55   143     832    (-,-) 
  csa_tree_ADD_TC_OP_13_groupi_cdnfadd_008_11__3680/S  -       CI->S  R     ADDFHX1LVT        1  3.8    69   196    1028    (-,-) 
  csa_tree_ADD_TC_OP_13_groupi_cdnfadd_008_12__1617/S  -       CI->S  F     ADDFHX2LVT        2  7.2    83   230    1258    (-,-) 
  csa_tree_ADD_TC_OP_13_groupi_g1130__6260/Y           -       B->Y   R     NOR2X4LVT         2  8.9    88    78    1336    (-,-) 
  csa_tree_ADD_TC_OP_13_groupi_g1124/Y                 -       A->Y   R     BUFX6LVT          2  8.0    31    81    1417    (-,-) 
  csa_tree_ADD_TC_OP_13_groupi_g1099__6131/Y           -       B->Y   F     NOR2X4LVT         1  3.1    28    28    1445    (-,-) 
  csa_tree_ADD_TC_OP_13_groupi_g1087__6783/Y           -       A->Y   R     CLKXOR2X1LVT      1  3.2    57   144    1588    (-,-) 
  data_out_reg_reg[8]/D                                -       -      R     DFFHQX1LVT        1    -     -     0    1588    (-,-) 
#---------------------------------------------------------------------------------------------------------------------------------



Path 9: MET (2 ps) Setup Check with Pin data_out_reg_reg[7]/CK->D
          Group: clock
     Startpoint: (R) data_in_reg_reg[5]/CK
          Clock: (R) clock
       Endpoint: (R) data_out_reg_reg[7]/D
          Clock: (R) clock

                     Capture       Launch     
        Clock Edge:+    1600            0     
       Src Latency:+       0            0     
       Net Latency:+       0 (I)        0 (I) 
           Arrival:=    1600            0     
                                              
             Setup:-      83                  
     Required Time:=    1517                  
      Launch Clock:-       0                  
         Data Path:-    1516                  
             Slack:=       2                  

#--------------------------------------------------------------------------------------------------------------------------------
#                    Timing Point                     Flags    Arc   Edge     Cell      Fanout Load Trans Delay Arrival Instance 
#                                                                                              (fF)  (ps)  (ps)   (ps)  Location 
#--------------------------------------------------------------------------------------------------------------------------------
  data_in_reg_reg[5]/CK                               -       -      R     (arrival)        80    -     0     0       0    (-,-) 
  data_in_reg_reg[5]/Q                                -       CK->Q  F     DFFHQX4LVT        2  7.0    39   155     155    (-,-) 
  csa_tree_ADD_TC_OP_13_groupi_g1235/Y                -       A->Y   R     CLKINVX6LVT       2  6.6    27    28     184    (-,-) 
  csa_tree_ADD_TC_OP_13_groupi_g1234/Y                -       A->Y   F     INVX2LVT          1  3.8    39    35     219    (-,-) 
  csa_tree_ADD_TC_OP_13_groupi_cdnfadd_005_1__4733/CO -       CI->CO F     ADDFHX2LVT        1  3.8    54   129     348    (-,-) 
  csa_tree_ADD_TC_OP_13_groupi_cdnfadd_006_6__8428/S  -       CI->S  R     ADDFHX1LVT        1  3.8    69   196     544    (-,-) 
  csa_tree_ADD_TC_OP_13_groupi_cdnfadd_006_9__3680/S  -       CI->S  F     ADDFHX1LVT        1  4.1    80   197     742    (-,-) 
  csa_tree_ADD_TC_OP_13_groupi_cdnfadd_006_11__2802/S -       B->S   R     ADDFHX1LVT        1  3.8    69   209     951    (-,-) 
  csa_tree_ADD_TC_OP_13_groupi_cdnfadd_006_12__1705/S -       CI->S  F     ADDFHX2LVT        2  6.4    77   226    1177    (-,-) 
  csa_tree_ADD_TC_OP_13_groupi_g1163__2883/Y          -       B->Y   F     OR2X6LVT          2  7.6    41   108    1284    (-,-) 
  csa_tree_ADD_TC_OP_13_groupi_g1162/Y                -       A->Y   R     INVX2LVT          2  7.1    61    51    1336    (-,-) 
  csa_tree_ADD_TC_OP_13_groupi_g1146__1705/Y          -       A1->Y  F     OAI21X4LVT        1  3.3    65    64    1400    (-,-) 
  csa_tree_ADD_TC_OP_13_groupi_g1139__6783/Y          -       B->Y   R     CLKXOR2X1LVT      1  3.2    57   116    1516    (-,-) 
  data_out_reg_reg[7]/D                               -       -      R     DFFHQX1LVT        1    -     -     0    1516    (-,-) 
#--------------------------------------------------------------------------------------------------------------------------------



Path 10: MET (2 ps) Setup Check with Pin data_out_reg_reg[6]/CK->D
          Group: clock
     Startpoint: (R) shift_reg_reg[5][1]/CK
          Clock: (R) clock
       Endpoint: (R) data_out_reg_reg[6]/D
          Clock: (R) clock

                     Capture       Launch     
        Clock Edge:+    1600            0     
       Src Latency:+       0            0     
       Net Latency:+       0 (I)        0 (I) 
           Arrival:=    1600            0     
                                              
             Setup:-      83                  
     Required Time:=    1517                  
      Launch Clock:-       0                  
         Data Path:-    1515                  
             Slack:=       2                  

#-------------------------------------------------------------------------------------------------------------------------------
#                    Timing Point                     Flags   Arc   Edge     Cell      Fanout Load Trans Delay Arrival Instance 
#                                                                                             (fF)  (ps)  (ps)   (ps)  Location 
#-------------------------------------------------------------------------------------------------------------------------------
  shift_reg_reg[5][1]/CK                              -       -     R     (arrival)        80    -     0     0       0    (-,-) 
  shift_reg_reg[5][1]/Q                               -       CK->Q F     DFFQX4LVT         2  7.0    39   158     158    (-,-) 
  csa_tree_ADD_TC_OP_13_groupi_g1252/Y                -       A->Y  R     CLKINVX6LVT       2  6.2    26    28     186    (-,-) 
  csa_tree_ADD_TC_OP_13_groupi_cdnfadd_005_0__7482/CO -       A->CO R     ADDFHX2LVT        1  4.3    55   141     327    (-,-) 
  csa_tree_ADD_TC_OP_13_groupi_cdnfadd_006_6__8428/S  -       A->S  F     ADDFHX1LVT        1  3.8    75   207     534    (-,-) 
  csa_tree_ADD_TC_OP_13_groupi_cdnfadd_006_9__3680/S  -       CI->S R     ADDFHX1LVT        1  4.2    75   206     741    (-,-) 
  csa_tree_ADD_TC_OP_13_groupi_cdnfadd_006_11__2802/S -       B->S  F     ADDFHX1LVT        1  3.8    76   212     953    (-,-) 
  csa_tree_ADD_TC_OP_13_groupi_cdnfadd_006_12__1705/S -       CI->S R     ADDFHX2LVT        2  6.4    74   236    1189    (-,-) 
  csa_tree_ADD_TC_OP_13_groupi_g1163__2883/Y          -       B->Y  R     OR2X6LVT          2  8.0    32    78    1268    (-,-) 
  csa_tree_ADD_TC_OP_13_groupi_g1162/Y                -       A->Y  F     INVX2LVT          2  6.8    64    51    1318    (-,-) 
  csa_tree_ADD_TC_OP_13_groupi_g1150__6131/Y          -       A->Y  R     NOR2X2LVT         1  3.4    67    72    1390    (-,-) 
  csa_tree_ADD_TC_OP_13_groupi_g1144__1617/Y          -       B->Y  R     CLKXOR2X1LVT      1  3.2    57   125    1515    (-,-) 
  data_out_reg_reg[6]/D                               -       -     R     DFFHQX1LVT        1    -     -     0    1515    (-,-) 
#-------------------------------------------------------------------------------------------------------------------------------



Path 11: MET (188 ps) Setup Check with Pin data_out_reg_reg[5]/CK->D
          Group: clock
     Startpoint: (R) shift_reg_reg[6][3]/CK
          Clock: (R) clock
       Endpoint: (R) data_out_reg_reg[5]/D
          Clock: (R) clock

                     Capture       Launch     
        Clock Edge:+    1600            0     
       Src Latency:+       0            0     
       Net Latency:+       0 (I)        0 (I) 
           Arrival:=    1600            0     
                                              
             Setup:-      81                  
     Required Time:=    1519                  
      Launch Clock:-       0                  
         Data Path:-    1331                  
             Slack:=     188                  

#-------------------------------------------------------------------------------------------------------------------------------
#                    Timing Point                     Flags   Arc   Edge     Cell      Fanout Load Trans Delay Arrival Instance 
#                                                                                             (fF)  (ps)  (ps)   (ps)  Location 
#-------------------------------------------------------------------------------------------------------------------------------
  shift_reg_reg[6][3]/CK                              -       -     R     (arrival)        80    -     0     0       0    (-,-) 
  shift_reg_reg[6][3]/Q                               -       CK->Q R     DFFQX4LVT         2  6.1    32   143     143    (-,-) 
  csa_tree_ADD_TC_OP_13_groupi_g1256/Y                -       A->Y  R     BUFX3LVT          2  6.6    41    67     210    (-,-) 
  csa_tree_ADD_TC_OP_13_groupi_g1255/Y                -       A->Y  F     CLKINVX4LVT       1  4.5    31    33     244    (-,-) 
  csa_tree_ADD_TC_OP_13_groupi_g1183__5122/Y          -       A->Y  R     NOR2X4LVT         2  6.8    73    58     301    (-,-) 
  csa_tree_ADD_TC_OP_13_groupi_g1177__3680/Y          -       B0->Y F     AOI2BB1X4LVT      1  3.8    40    51     352    (-,-) 
  csa_tree_ADD_TC_OP_13_groupi_cdnfadd_003_2__5526/S  -       CI->S R     ADDFHX1LVT        1  4.2    75   194     546    (-,-) 
  csa_tree_ADD_TC_OP_13_groupi_cdnfadd_003_4__3680/CO -       B->CO R     ADDFHX2LVT        1  3.8    51   159     705    (-,-) 
  csa_tree_ADD_TC_OP_13_groupi_cdnfadd_004_8__5115/S  -       CI->S F     ADDFHX2LVT        2  7.6    86   224     928    (-,-) 
  csa_tree_ADD_TC_OP_13_groupi_g1168__5477/Y          -       B->Y  R     NOR2X4LVT         2  6.4    72    69     998    (-,-) 
  csa_tree_ADD_TC_OP_13_groupi_g1165__1666/Y          -       A1->Y F     OAI21X4LVT        1  4.4    72    74    1071    (-,-) 
  csa_tree_ADD_TC_OP_13_groupi_g1153__5115/S          -       B->S  R     ADDFHX4LVT        1  3.2    53   260    1331    (-,-) 
  data_out_reg_reg[5]/D                               -       -     R     DFFHQX1LVT        1    -     -     0    1331    (-,-) 
#-------------------------------------------------------------------------------------------------------------------------------



Path 12: MET (265 ps) Setup Check with Pin data_out_reg_reg[4]/CK->D
          Group: clock
     Startpoint: (R) shift_reg_reg[6][3]/CK
          Clock: (R) clock
       Endpoint: (R) data_out_reg_reg[4]/D
          Clock: (R) clock

                     Capture       Launch     
        Clock Edge:+    1600            0     
       Src Latency:+       0            0     
       Net Latency:+       0 (I)        0 (I) 
           Arrival:=    1600            0     
                                              
             Setup:-      83                  
     Required Time:=    1517                  
      Launch Clock:-       0                  
         Data Path:-    1252                  
             Slack:=     265                  

#-------------------------------------------------------------------------------------------------------------------------------
#                    Timing Point                     Flags   Arc   Edge     Cell      Fanout Load Trans Delay Arrival Instance 
#                                                                                             (fF)  (ps)  (ps)   (ps)  Location 
#-------------------------------------------------------------------------------------------------------------------------------
  shift_reg_reg[6][3]/CK                              -       -     R     (arrival)        80    -     0     0       0    (-,-) 
  shift_reg_reg[6][3]/Q                               -       CK->Q F     DFFQX4LVT         2  6.0    35   156     156    (-,-) 
  csa_tree_ADD_TC_OP_13_groupi_g1256/Y                -       A->Y  F     BUFX3LVT          2  6.4    44    68     225    (-,-) 
  csa_tree_ADD_TC_OP_13_groupi_g1255/Y                -       A->Y  R     CLKINVX4LVT       1  4.7    29    32     256    (-,-) 
  csa_tree_ADD_TC_OP_13_groupi_g1183__5122/Y          -       A->Y  F     NOR2X4LVT         2  6.6    48    40     296    (-,-) 
  csa_tree_ADD_TC_OP_13_groupi_g1177__3680/Y          -       B0->Y R     AOI2BB1X4LVT      1  3.8    46    54     350    (-,-) 
  csa_tree_ADD_TC_OP_13_groupi_cdnfadd_003_2__5526/S  -       CI->S F     ADDFHX1LVT        1  4.1    80   188     538    (-,-) 
  csa_tree_ADD_TC_OP_13_groupi_cdnfadd_003_4__3680/CO -       B->CO F     ADDFHX2LVT        1  3.8    55   146     684    (-,-) 
  csa_tree_ADD_TC_OP_13_groupi_cdnfadd_004_8__5115/S  -       CI->S R     ADDFHX2LVT        2  8.0    85   235     920    (-,-) 
  csa_tree_ADD_TC_OP_13_groupi_g1168__5477/Y          -       B->Y  F     NOR2X4LVT         2  6.2    60    55     975    (-,-) 
  csa_tree_ADD_TC_OP_13_groupi_g1166__7410/Y          -       AN->Y F     NAND2BX1LVT       1  3.3   133   124    1098    (-,-) 
  csa_tree_ADD_TC_OP_13_groupi_g1164__2346/Y          -       B->Y  R     XNOR2X1LVT        1  3.2    57   153    1252    (-,-) 
  data_out_reg_reg[4]/D                               -       -     R     DFFHQX1LVT        1    -     -     0    1252    (-,-) 
#-------------------------------------------------------------------------------------------------------------------------------



Path 13: MET (526 ps) Setup Check with Pin data_out_reg_reg[3]/CK->D
          Group: clock
     Startpoint: (R) shift_reg_reg[6][3]/CK
          Clock: (R) clock
       Endpoint: (R) data_out_reg_reg[3]/D
          Clock: (R) clock

                     Capture       Launch     
        Clock Edge:+    1600            0     
       Src Latency:+       0            0     
       Net Latency:+       0 (I)        0 (I) 
           Arrival:=    1600            0     
                                              
             Setup:-      80                  
     Required Time:=    1520                  
      Launch Clock:-       0                  
         Data Path:-     994                  
             Slack:=     526                  

#------------------------------------------------------------------------------------------------------------------------------
#                   Timing Point                     Flags   Arc   Edge     Cell      Fanout Load Trans Delay Arrival Instance 
#                                                                                            (fF)  (ps)  (ps)   (ps)  Location 
#------------------------------------------------------------------------------------------------------------------------------
  shift_reg_reg[6][3]/CK                             -       -     R     (arrival)        80    -     0     0       0    (-,-) 
  shift_reg_reg[6][3]/Q                              -       CK->Q R     DFFQX4LVT         2  6.1    32   143     143    (-,-) 
  csa_tree_ADD_TC_OP_13_groupi_g1256/Y               -       A->Y  R     BUFX3LVT          2  6.6    41    67     210    (-,-) 
  csa_tree_ADD_TC_OP_13_groupi_g1255/Y               -       A->Y  F     CLKINVX4LVT       1  4.5    31    33     244    (-,-) 
  csa_tree_ADD_TC_OP_13_groupi_g1183__5122/Y         -       A->Y  R     NOR2X4LVT         2  6.8    73    58     301    (-,-) 
  csa_tree_ADD_TC_OP_13_groupi_g1177__3680/Y         -       B0->Y F     AOI2BB1X4LVT      1  3.8    40    51     352    (-,-) 
  csa_tree_ADD_TC_OP_13_groupi_cdnfadd_003_2__5526/S -       CI->S R     ADDFHX1LVT        1  4.2    75   194     546    (-,-) 
  csa_tree_ADD_TC_OP_13_groupi_cdnfadd_003_4__3680/S -       B->S  F     ADDFHX2LVT        1  3.8    56   232     778    (-,-) 
  csa_tree_ADD_TC_OP_13_groupi_g1170__2398/S         -       CI->S R     ADDFHX2LVT        1  3.2    51   217     994    (-,-) 
  data_out_reg_reg[3]/D                              -       -     R     DFFHQX1LVT        1    -     -     0     994    (-,-) 
#------------------------------------------------------------------------------------------------------------------------------



Path 14: MET (713 ps) Setup Check with Pin data_out_reg_reg[2]/CK->D
          Group: clock
     Startpoint: (R) shift_reg_reg[5][1]/CK
          Clock: (R) clock
       Endpoint: (R) data_out_reg_reg[2]/D
          Clock: (R) clock

                     Capture       Launch     
        Clock Edge:+    1600            0     
       Src Latency:+       0            0     
       Net Latency:+       0 (I)        0 (I) 
           Arrival:=    1600            0     
                                              
             Setup:-      84                  
     Required Time:=    1516                  
      Launch Clock:-       0                  
         Data Path:-     802                  
             Slack:=     713                  

#-------------------------------------------------------------------------------------------------------------------------------
#                   Timing Point                     Flags    Arc   Edge     Cell      Fanout Load Trans Delay Arrival Instance 
#                                                                                             (fF)  (ps)  (ps)   (ps)  Location 
#-------------------------------------------------------------------------------------------------------------------------------
  shift_reg_reg[5][1]/CK                             -       -      R     (arrival)        80    -     0     0       0    (-,-) 
  shift_reg_reg[5][1]/Q                              -       CK->Q  R     DFFQX4LVT         2  7.3    36   145     145    (-,-) 
  csa_tree_ADD_TC_OP_13_groupi_g1252/Y               -       A->Y   F     CLKINVX6LVT       2  6.0    29    30     175    (-,-) 
  csa_tree_ADD_TC_OP_13_groupi_g1251/Y               -       A->Y   F     BUFX3LVT          2  6.8    46    67     242    (-,-) 
  csa_tree_ADD_TC_OP_13_groupi_g1250/Y               -       A->Y   R     INVX2LVT          1  3.1    34    38     280    (-,-) 
  csa_tree_ADD_TC_OP_13_groupi_g1178__1617/Y         -       A1N->Y R     AOI2BB1X2LVT      1  4.2    79    97     378    (-,-) 
  csa_tree_ADD_TC_OP_13_groupi_cdnfadd_002_1__6260/S -       B->S   F     ADDFHX2LVT        1  3.8    57   233     611    (-,-) 
  csa_tree_ADD_TC_OP_13_groupi_g1171__5107/S         -       CI->S  R     ADDFHX1LVT        1  3.2    61   192     802    (-,-) 
  data_out_reg_reg[2]/D                              -       -      R     DFFHQX1LVT        1    -     -     0     802    (-,-) 
#-------------------------------------------------------------------------------------------------------------------------------



Path 15: MET (916 ps) Late External Delay Assertion at pin o_data[15]
          Group: clock
     Startpoint: (R) data_out_reg_reg[15]/CK
          Clock: (R) clock
       Endpoint: (F) o_data[15]
          Clock: (R) clock

                     Capture       Launch     
        Clock Edge:+    1600            0     
       Src Latency:+       0            0     
       Net Latency:+       0 (I)        0 (I) 
           Arrival:=    1600            0     
                                              
      Output Delay:-     500                  
     Required Time:=    1100                  
      Launch Clock:-       0                  
         Data Path:-     184                  
             Slack:=     916                  

Exceptions/Constraints:
  output_delay             500             fir_serial.sdc_line_3_9_1 

#-------------------------------------------------------------------------------------------------
#      Timing Point       Flags   Arc   Edge    Cell     Fanout Load Trans Delay Arrival Instance 
#                                                               (fF)  (ps)  (ps)   (ps)  Location 
#-------------------------------------------------------------------------------------------------
  data_out_reg_reg[15]/CK -       -     R     (arrival)      80    -     0     0       0    (-,-) 
  data_out_reg_reg[15]/Q  -       CK->Q F     DFFHQX1LVT      4  7.2   122   184     184    (-,-) 
  o_data[15]              -       -     F     (port)          -    -     -     0     184    (-,-) 
#-------------------------------------------------------------------------------------------------



Path 16: MET (916 ps) Late External Delay Assertion at pin o_data[16]
          Group: clock
     Startpoint: (R) data_out_reg_reg[15]/CK
          Clock: (R) clock
       Endpoint: (F) o_data[16]
          Clock: (R) clock

                     Capture       Launch     
        Clock Edge:+    1600            0     
       Src Latency:+       0            0     
       Net Latency:+       0 (I)        0 (I) 
           Arrival:=    1600            0     
                                              
      Output Delay:-     500                  
     Required Time:=    1100                  
      Launch Clock:-       0                  
         Data Path:-     184                  
             Slack:=     916                  

Exceptions/Constraints:
  output_delay             500             fir_serial.sdc_line_3_8_1 

#-------------------------------------------------------------------------------------------------
#      Timing Point       Flags   Arc   Edge    Cell     Fanout Load Trans Delay Arrival Instance 
#                                                               (fF)  (ps)  (ps)   (ps)  Location 
#-------------------------------------------------------------------------------------------------
  data_out_reg_reg[15]/CK -       -     R     (arrival)      80    -     0     0       0    (-,-) 
  data_out_reg_reg[15]/Q  -       CK->Q F     DFFHQX1LVT      4  7.2   122   184     184    (-,-) 
  o_data[16]              -       -     F     (port)          -    -     -     0     184    (-,-) 
#-------------------------------------------------------------------------------------------------



Path 17: MET (916 ps) Late External Delay Assertion at pin o_data[17]
          Group: clock
     Startpoint: (R) data_out_reg_reg[15]/CK
          Clock: (R) clock
       Endpoint: (F) o_data[17]
          Clock: (R) clock

                     Capture       Launch     
        Clock Edge:+    1600            0     
       Src Latency:+       0            0     
       Net Latency:+       0 (I)        0 (I) 
           Arrival:=    1600            0     
                                              
      Output Delay:-     500                  
     Required Time:=    1100                  
      Launch Clock:-       0                  
         Data Path:-     184                  
             Slack:=     916                  

Exceptions/Constraints:
  output_delay             500             fir_serial.sdc_line_3_7_1 

#-------------------------------------------------------------------------------------------------
#      Timing Point       Flags   Arc   Edge    Cell     Fanout Load Trans Delay Arrival Instance 
#                                                               (fF)  (ps)  (ps)   (ps)  Location 
#-------------------------------------------------------------------------------------------------
  data_out_reg_reg[15]/CK -       -     R     (arrival)      80    -     0     0       0    (-,-) 
  data_out_reg_reg[15]/Q  -       CK->Q F     DFFHQX1LVT      4  7.2   122   184     184    (-,-) 
  o_data[17]              -       -     F     (port)          -    -     -     0     184    (-,-) 
#-------------------------------------------------------------------------------------------------



Path 18: MET (916 ps) Late External Delay Assertion at pin o_data[18]
          Group: clock
     Startpoint: (R) data_out_reg_reg[15]/CK
          Clock: (R) clock
       Endpoint: (F) o_data[18]
          Clock: (R) clock

                     Capture       Launch     
        Clock Edge:+    1600            0     
       Src Latency:+       0            0     
       Net Latency:+       0 (I)        0 (I) 
           Arrival:=    1600            0     
                                              
      Output Delay:-     500                  
     Required Time:=    1100                  
      Launch Clock:-       0                  
         Data Path:-     184                  
             Slack:=     916                  

Exceptions/Constraints:
  output_delay             500             fir_serial.sdc_line_3 

#-------------------------------------------------------------------------------------------------
#      Timing Point       Flags   Arc   Edge    Cell     Fanout Load Trans Delay Arrival Instance 
#                                                               (fF)  (ps)  (ps)   (ps)  Location 
#-------------------------------------------------------------------------------------------------
  data_out_reg_reg[15]/CK -       -     R     (arrival)      80    -     0     0       0    (-,-) 
  data_out_reg_reg[15]/Q  -       CK->Q F     DFFHQX1LVT      4  7.2   122   184     184    (-,-) 
  o_data[18]              -       -     F     (port)          -    -     -     0     184    (-,-) 
#-------------------------------------------------------------------------------------------------



Path 19: MET (922 ps) Setup Check with Pin data_out_reg_reg[1]/CK->D
          Group: clock
     Startpoint: (R) shift_reg_reg[0][0]/CK
          Clock: (R) clock
       Endpoint: (R) data_out_reg_reg[1]/D
          Clock: (R) clock

                     Capture       Launch     
        Clock Edge:+    1600            0     
       Src Latency:+       0            0     
       Net Latency:+       0 (I)        0 (I) 
           Arrival:=    1600            0     
                                              
             Setup:-      86                  
     Required Time:=    1514                  
      Launch Clock:-       0                  
         Data Path:-     592                  
             Slack:=     922                  

#----------------------------------------------------------------------------------------------------------------------------
#                   Timing Point                     Flags   Arc   Edge    Cell     Fanout Load Trans Delay Arrival Instance 
#                                                                                          (fF)  (ps)  (ps)   (ps)  Location 
#----------------------------------------------------------------------------------------------------------------------------
  shift_reg_reg[0][0]/CK                             -       -     R     (arrival)      80    -     0     0       0    (-,-) 
  shift_reg_reg[0][0]/Q                              -       CK->Q R     DFFQX2LVT       3  8.2    67   148     148    (-,-) 
  csa_tree_ADD_TC_OP_13_groupi_cdnfadd_001_0__2398/S -       B->S  F     ADDFX1LVT       1  3.5    73   226     374    (-,-) 
  csa_tree_ADD_TC_OP_13_groupi_g1172__6260/S         -       CI->S R     ADDFX1LVT       1  3.2    65   218     592    (-,-) 
  data_out_reg_reg[1]/D                              -       -     R     DFFHQX1LVT      1    -     -     0     592    (-,-) 
#----------------------------------------------------------------------------------------------------------------------------



Path 20: MET (953 ps) Late External Delay Assertion at pin o_data[0]
          Group: clock
     Startpoint: (R) data_out_reg_reg[0]/CK
          Clock: (R) clock
       Endpoint: (F) o_data[0]
          Clock: (R) clock

                     Capture       Launch     
        Clock Edge:+    1600            0     
       Src Latency:+       0            0     
       Net Latency:+       0 (I)        0 (I) 
           Arrival:=    1600            0     
                                              
      Output Delay:-     500                  
     Required Time:=    1100                  
      Launch Clock:-       0                  
         Data Path:-     147                  
             Slack:=     953                  

Exceptions/Constraints:
  output_delay             500             fir_serial.sdc_line_3_24_1 

#------------------------------------------------------------------------------------------------
#     Timing Point       Flags   Arc   Edge    Cell     Fanout Load Trans Delay Arrival Instance 
#                                                              (fF)  (ps)  (ps)   (ps)  Location 
#------------------------------------------------------------------------------------------------
  data_out_reg_reg[0]/CK -       -     R     (arrival)      80    -     0     0       0    (-,-) 
  data_out_reg_reg[0]/Q  -       CK->Q F     DFFHQX1LVT      1  2.9    53   147     147    (-,-) 
  o_data[0]              -       -     F     (port)          -    -     -     0     147    (-,-) 
#------------------------------------------------------------------------------------------------



Path 21: MET (953 ps) Late External Delay Assertion at pin o_data[1]
          Group: clock
     Startpoint: (R) data_out_reg_reg[1]/CK
          Clock: (R) clock
       Endpoint: (F) o_data[1]
          Clock: (R) clock

                     Capture       Launch     
        Clock Edge:+    1600            0     
       Src Latency:+       0            0     
       Net Latency:+       0 (I)        0 (I) 
           Arrival:=    1600            0     
                                              
      Output Delay:-     500                  
     Required Time:=    1100                  
      Launch Clock:-       0                  
         Data Path:-     147                  
             Slack:=     953                  

Exceptions/Constraints:
  output_delay             500             fir_serial.sdc_line_3_23_1 

#------------------------------------------------------------------------------------------------
#     Timing Point       Flags   Arc   Edge    Cell     Fanout Load Trans Delay Arrival Instance 
#                                                              (fF)  (ps)  (ps)   (ps)  Location 
#------------------------------------------------------------------------------------------------
  data_out_reg_reg[1]/CK -       -     R     (arrival)      80    -     0     0       0    (-,-) 
  data_out_reg_reg[1]/Q  -       CK->Q F     DFFHQX1LVT      1  2.9    53   147     147    (-,-) 
  o_data[1]              -       -     F     (port)          -    -     -     0     147    (-,-) 
#------------------------------------------------------------------------------------------------



Path 22: MET (953 ps) Late External Delay Assertion at pin o_data[2]
          Group: clock
     Startpoint: (R) data_out_reg_reg[2]/CK
          Clock: (R) clock
       Endpoint: (F) o_data[2]
          Clock: (R) clock

                     Capture       Launch     
        Clock Edge:+    1600            0     
       Src Latency:+       0            0     
       Net Latency:+       0 (I)        0 (I) 
           Arrival:=    1600            0     
                                              
      Output Delay:-     500                  
     Required Time:=    1100                  
      Launch Clock:-       0                  
         Data Path:-     147                  
             Slack:=     953                  

Exceptions/Constraints:
  output_delay             500             fir_serial.sdc_line_3_22_1 

#------------------------------------------------------------------------------------------------
#     Timing Point       Flags   Arc   Edge    Cell     Fanout Load Trans Delay Arrival Instance 
#                                                              (fF)  (ps)  (ps)   (ps)  Location 
#------------------------------------------------------------------------------------------------
  data_out_reg_reg[2]/CK -       -     R     (arrival)      80    -     0     0       0    (-,-) 
  data_out_reg_reg[2]/Q  -       CK->Q F     DFFHQX1LVT      1  2.9    53   147     147    (-,-) 
  o_data[2]              -       -     F     (port)          -    -     -     0     147    (-,-) 
#------------------------------------------------------------------------------------------------



Path 23: MET (953 ps) Late External Delay Assertion at pin o_data[3]
          Group: clock
     Startpoint: (R) data_out_reg_reg[3]/CK
          Clock: (R) clock
       Endpoint: (F) o_data[3]
          Clock: (R) clock

                     Capture       Launch     
        Clock Edge:+    1600            0     
       Src Latency:+       0            0     
       Net Latency:+       0 (I)        0 (I) 
           Arrival:=    1600            0     
                                              
      Output Delay:-     500                  
     Required Time:=    1100                  
      Launch Clock:-       0                  
         Data Path:-     147                  
             Slack:=     953                  

Exceptions/Constraints:
  output_delay             500             fir_serial.sdc_line_3_21_1 

#------------------------------------------------------------------------------------------------
#     Timing Point       Flags   Arc   Edge    Cell     Fanout Load Trans Delay Arrival Instance 
#                                                              (fF)  (ps)  (ps)   (ps)  Location 
#------------------------------------------------------------------------------------------------
  data_out_reg_reg[3]/CK -       -     R     (arrival)      80    -     0     0       0    (-,-) 
  data_out_reg_reg[3]/Q  -       CK->Q F     DFFHQX1LVT      1  2.9    53   147     147    (-,-) 
  o_data[3]              -       -     F     (port)          -    -     -     0     147    (-,-) 
#------------------------------------------------------------------------------------------------



Path 24: MET (953 ps) Late External Delay Assertion at pin o_data[4]
          Group: clock
     Startpoint: (R) data_out_reg_reg[4]/CK
          Clock: (R) clock
       Endpoint: (F) o_data[4]
          Clock: (R) clock

                     Capture       Launch     
        Clock Edge:+    1600            0     
       Src Latency:+       0            0     
       Net Latency:+       0 (I)        0 (I) 
           Arrival:=    1600            0     
                                              
      Output Delay:-     500                  
     Required Time:=    1100                  
      Launch Clock:-       0                  
         Data Path:-     147                  
             Slack:=     953                  

Exceptions/Constraints:
  output_delay             500             fir_serial.sdc_line_3_20_1 

#------------------------------------------------------------------------------------------------
#     Timing Point       Flags   Arc   Edge    Cell     Fanout Load Trans Delay Arrival Instance 
#                                                              (fF)  (ps)  (ps)   (ps)  Location 
#------------------------------------------------------------------------------------------------
  data_out_reg_reg[4]/CK -       -     R     (arrival)      80    -     0     0       0    (-,-) 
  data_out_reg_reg[4]/Q  -       CK->Q F     DFFHQX1LVT      1  2.9    53   147     147    (-,-) 
  o_data[4]              -       -     F     (port)          -    -     -     0     147    (-,-) 
#------------------------------------------------------------------------------------------------



Path 25: MET (953 ps) Late External Delay Assertion at pin o_data[5]
          Group: clock
     Startpoint: (R) data_out_reg_reg[5]/CK
          Clock: (R) clock
       Endpoint: (F) o_data[5]
          Clock: (R) clock

                     Capture       Launch     
        Clock Edge:+    1600            0     
       Src Latency:+       0            0     
       Net Latency:+       0 (I)        0 (I) 
           Arrival:=    1600            0     
                                              
      Output Delay:-     500                  
     Required Time:=    1100                  
      Launch Clock:-       0                  
         Data Path:-     147                  
             Slack:=     953                  

Exceptions/Constraints:
  output_delay             500             fir_serial.sdc_line_3_19_1 

#------------------------------------------------------------------------------------------------
#     Timing Point       Flags   Arc   Edge    Cell     Fanout Load Trans Delay Arrival Instance 
#                                                              (fF)  (ps)  (ps)   (ps)  Location 
#------------------------------------------------------------------------------------------------
  data_out_reg_reg[5]/CK -       -     R     (arrival)      80    -     0     0       0    (-,-) 
  data_out_reg_reg[5]/Q  -       CK->Q F     DFFHQX1LVT      1  2.9    53   147     147    (-,-) 
  o_data[5]              -       -     F     (port)          -    -     -     0     147    (-,-) 
#------------------------------------------------------------------------------------------------



Path 26: MET (953 ps) Late External Delay Assertion at pin o_data[6]
          Group: clock
     Startpoint: (R) data_out_reg_reg[6]/CK
          Clock: (R) clock
       Endpoint: (F) o_data[6]
          Clock: (R) clock

                     Capture       Launch     
        Clock Edge:+    1600            0     
       Src Latency:+       0            0     
       Net Latency:+       0 (I)        0 (I) 
           Arrival:=    1600            0     
                                              
      Output Delay:-     500                  
     Required Time:=    1100                  
      Launch Clock:-       0                  
         Data Path:-     147                  
             Slack:=     953                  

Exceptions/Constraints:
  output_delay             500             fir_serial.sdc_line_3_18_1 

#------------------------------------------------------------------------------------------------
#     Timing Point       Flags   Arc   Edge    Cell     Fanout Load Trans Delay Arrival Instance 
#                                                              (fF)  (ps)  (ps)   (ps)  Location 
#------------------------------------------------------------------------------------------------
  data_out_reg_reg[6]/CK -       -     R     (arrival)      80    -     0     0       0    (-,-) 
  data_out_reg_reg[6]/Q  -       CK->Q F     DFFHQX1LVT      1  2.9    53   147     147    (-,-) 
  o_data[6]              -       -     F     (port)          -    -     -     0     147    (-,-) 
#------------------------------------------------------------------------------------------------



Path 27: MET (953 ps) Late External Delay Assertion at pin o_data[7]
          Group: clock
     Startpoint: (R) data_out_reg_reg[7]/CK
          Clock: (R) clock
       Endpoint: (F) o_data[7]
          Clock: (R) clock

                     Capture       Launch     
        Clock Edge:+    1600            0     
       Src Latency:+       0            0     
       Net Latency:+       0 (I)        0 (I) 
           Arrival:=    1600            0     
                                              
      Output Delay:-     500                  
     Required Time:=    1100                  
      Launch Clock:-       0                  
         Data Path:-     147                  
             Slack:=     953                  

Exceptions/Constraints:
  output_delay             500             fir_serial.sdc_line_3_17_1 

#------------------------------------------------------------------------------------------------
#     Timing Point       Flags   Arc   Edge    Cell     Fanout Load Trans Delay Arrival Instance 
#                                                              (fF)  (ps)  (ps)   (ps)  Location 
#------------------------------------------------------------------------------------------------
  data_out_reg_reg[7]/CK -       -     R     (arrival)      80    -     0     0       0    (-,-) 
  data_out_reg_reg[7]/Q  -       CK->Q F     DFFHQX1LVT      1  2.9    53   147     147    (-,-) 
  o_data[7]              -       -     F     (port)          -    -     -     0     147    (-,-) 
#------------------------------------------------------------------------------------------------



Path 28: MET (953 ps) Late External Delay Assertion at pin o_data[8]
          Group: clock
     Startpoint: (R) data_out_reg_reg[8]/CK
          Clock: (R) clock
       Endpoint: (F) o_data[8]
          Clock: (R) clock

                     Capture       Launch     
        Clock Edge:+    1600            0     
       Src Latency:+       0            0     
       Net Latency:+       0 (I)        0 (I) 
           Arrival:=    1600            0     
                                              
      Output Delay:-     500                  
     Required Time:=    1100                  
      Launch Clock:-       0                  
         Data Path:-     147                  
             Slack:=     953                  

Exceptions/Constraints:
  output_delay             500             fir_serial.sdc_line_3_16_1 

#------------------------------------------------------------------------------------------------
#     Timing Point       Flags   Arc   Edge    Cell     Fanout Load Trans Delay Arrival Instance 
#                                                              (fF)  (ps)  (ps)   (ps)  Location 
#------------------------------------------------------------------------------------------------
  data_out_reg_reg[8]/CK -       -     R     (arrival)      80    -     0     0       0    (-,-) 
  data_out_reg_reg[8]/Q  -       CK->Q F     DFFHQX1LVT      1  2.9    53   147     147    (-,-) 
  o_data[8]              -       -     F     (port)          -    -     -     0     147    (-,-) 
#------------------------------------------------------------------------------------------------



Path 29: MET (953 ps) Late External Delay Assertion at pin o_data[9]
          Group: clock
     Startpoint: (R) data_out_reg_reg[9]/CK
          Clock: (R) clock
       Endpoint: (F) o_data[9]
          Clock: (R) clock

                     Capture       Launch     
        Clock Edge:+    1600            0     
       Src Latency:+       0            0     
       Net Latency:+       0 (I)        0 (I) 
           Arrival:=    1600            0     
                                              
      Output Delay:-     500                  
     Required Time:=    1100                  
      Launch Clock:-       0                  
         Data Path:-     147                  
             Slack:=     953                  

Exceptions/Constraints:
  output_delay             500             fir_serial.sdc_line_3_15_1 

#------------------------------------------------------------------------------------------------
#     Timing Point       Flags   Arc   Edge    Cell     Fanout Load Trans Delay Arrival Instance 
#                                                              (fF)  (ps)  (ps)   (ps)  Location 
#------------------------------------------------------------------------------------------------
  data_out_reg_reg[9]/CK -       -     R     (arrival)      80    -     0     0       0    (-,-) 
  data_out_reg_reg[9]/Q  -       CK->Q F     DFFHQX1LVT      1  2.9    53   147     147    (-,-) 
  o_data[9]              -       -     F     (port)          -    -     -     0     147    (-,-) 
#------------------------------------------------------------------------------------------------



Path 30: MET (953 ps) Late External Delay Assertion at pin o_data[10]
          Group: clock
     Startpoint: (R) data_out_reg_reg[10]/CK
          Clock: (R) clock
       Endpoint: (F) o_data[10]
          Clock: (R) clock

                     Capture       Launch     
        Clock Edge:+    1600            0     
       Src Latency:+       0            0     
       Net Latency:+       0 (I)        0 (I) 
           Arrival:=    1600            0     
                                              
      Output Delay:-     500                  
     Required Time:=    1100                  
      Launch Clock:-       0                  
         Data Path:-     147                  
             Slack:=     953                  

Exceptions/Constraints:
  output_delay             500             fir_serial.sdc_line_3_14_1 

#-------------------------------------------------------------------------------------------------
#      Timing Point       Flags   Arc   Edge    Cell     Fanout Load Trans Delay Arrival Instance 
#                                                               (fF)  (ps)  (ps)   (ps)  Location 
#-------------------------------------------------------------------------------------------------
  data_out_reg_reg[10]/CK -       -     R     (arrival)      80    -     0     0       0    (-,-) 
  data_out_reg_reg[10]/Q  -       CK->Q F     DFFHQX1LVT      1  2.9    53   147     147    (-,-) 
  o_data[10]              -       -     F     (port)          -    -     -     0     147    (-,-) 
#-------------------------------------------------------------------------------------------------



Path 31: MET (953 ps) Late External Delay Assertion at pin o_data[11]
          Group: clock
     Startpoint: (R) data_out_reg_reg[11]/CK
          Clock: (R) clock
       Endpoint: (F) o_data[11]
          Clock: (R) clock

                     Capture       Launch     
        Clock Edge:+    1600            0     
       Src Latency:+       0            0     
       Net Latency:+       0 (I)        0 (I) 
           Arrival:=    1600            0     
                                              
      Output Delay:-     500                  
     Required Time:=    1100                  
      Launch Clock:-       0                  
         Data Path:-     147                  
             Slack:=     953                  

Exceptions/Constraints:
  output_delay             500             fir_serial.sdc_line_3_13_1 

#-------------------------------------------------------------------------------------------------
#      Timing Point       Flags   Arc   Edge    Cell     Fanout Load Trans Delay Arrival Instance 
#                                                               (fF)  (ps)  (ps)   (ps)  Location 
#-------------------------------------------------------------------------------------------------
  data_out_reg_reg[11]/CK -       -     R     (arrival)      80    -     0     0       0    (-,-) 
  data_out_reg_reg[11]/Q  -       CK->Q F     DFFHQX1LVT      1  2.9    53   147     147    (-,-) 
  o_data[11]              -       -     F     (port)          -    -     -     0     147    (-,-) 
#-------------------------------------------------------------------------------------------------



Path 32: MET (953 ps) Late External Delay Assertion at pin o_data[12]
          Group: clock
     Startpoint: (R) data_out_reg_reg[12]/CK
          Clock: (R) clock
       Endpoint: (F) o_data[12]
          Clock: (R) clock

                     Capture       Launch     
        Clock Edge:+    1600            0     
       Src Latency:+       0            0     
       Net Latency:+       0 (I)        0 (I) 
           Arrival:=    1600            0     
                                              
      Output Delay:-     500                  
     Required Time:=    1100                  
      Launch Clock:-       0                  
         Data Path:-     147                  
             Slack:=     953                  

Exceptions/Constraints:
  output_delay             500             fir_serial.sdc_line_3_12_1 

#-------------------------------------------------------------------------------------------------
#      Timing Point       Flags   Arc   Edge    Cell     Fanout Load Trans Delay Arrival Instance 
#                                                               (fF)  (ps)  (ps)   (ps)  Location 
#-------------------------------------------------------------------------------------------------
  data_out_reg_reg[12]/CK -       -     R     (arrival)      80    -     0     0       0    (-,-) 
  data_out_reg_reg[12]/Q  -       CK->Q F     DFFHQX1LVT      1  2.9    53   147     147    (-,-) 
  o_data[12]              -       -     F     (port)          -    -     -     0     147    (-,-) 
#-------------------------------------------------------------------------------------------------



Path 33: MET (953 ps) Late External Delay Assertion at pin o_data[13]
          Group: clock
     Startpoint: (R) data_out_reg_reg[13]/CK
          Clock: (R) clock
       Endpoint: (F) o_data[13]
          Clock: (R) clock

                     Capture       Launch     
        Clock Edge:+    1600            0     
       Src Latency:+       0            0     
       Net Latency:+       0 (I)        0 (I) 
           Arrival:=    1600            0     
                                              
      Output Delay:-     500                  
     Required Time:=    1100                  
      Launch Clock:-       0                  
         Data Path:-     147                  
             Slack:=     953                  

Exceptions/Constraints:
  output_delay             500             fir_serial.sdc_line_3_11_1 

#-------------------------------------------------------------------------------------------------
#      Timing Point       Flags   Arc   Edge    Cell     Fanout Load Trans Delay Arrival Instance 
#                                                               (fF)  (ps)  (ps)   (ps)  Location 
#-------------------------------------------------------------------------------------------------
  data_out_reg_reg[13]/CK -       -     R     (arrival)      80    -     0     0       0    (-,-) 
  data_out_reg_reg[13]/Q  -       CK->Q F     DFFHQX1LVT      1  2.9    53   147     147    (-,-) 
  o_data[13]              -       -     F     (port)          -    -     -     0     147    (-,-) 
#-------------------------------------------------------------------------------------------------



Path 34: MET (953 ps) Late External Delay Assertion at pin o_data[14]
          Group: clock
     Startpoint: (R) data_out_reg_reg[14]/CK
          Clock: (R) clock
       Endpoint: (F) o_data[14]
          Clock: (R) clock

                     Capture       Launch     
        Clock Edge:+    1600            0     
       Src Latency:+       0            0     
       Net Latency:+       0 (I)        0 (I) 
           Arrival:=    1600            0     
                                              
      Output Delay:-     500                  
     Required Time:=    1100                  
      Launch Clock:-       0                  
         Data Path:-     147                  
             Slack:=     953                  

Exceptions/Constraints:
  output_delay             500             fir_serial.sdc_line_3_10_1 

#-------------------------------------------------------------------------------------------------
#      Timing Point       Flags   Arc   Edge    Cell     Fanout Load Trans Delay Arrival Instance 
#                                                               (fF)  (ps)  (ps)   (ps)  Location 
#-------------------------------------------------------------------------------------------------
  data_out_reg_reg[14]/CK -       -     R     (arrival)      80    -     0     0       0    (-,-) 
  data_out_reg_reg[14]/Q  -       CK->Q F     DFFHQX1LVT      1  2.9    53   147     147    (-,-) 
  o_data[14]              -       -     F     (port)          -    -     -     0     147    (-,-) 
#-------------------------------------------------------------------------------------------------



Path 35: MET (1033 ps) Setup Check with Pin data_in_reg_reg[2]/CK->D
          Group: clock
     Startpoint: (R) i_data[2]
          Clock: (R) clock
       Endpoint: (R) data_in_reg_reg[2]/D
          Clock: (R) clock

                     Capture       Launch     
        Clock Edge:+    1600            0     
        Drv Adjust:+       0            0     
       Src Latency:+       0            0     
       Net Latency:+       0 (I)        0 (I) 
           Arrival:=    1600            0     
                                              
             Setup:-      67                  
     Required Time:=    1533                  
      Launch Clock:-       0                  
       Input Delay:-     500                  
         Data Path:-       0                  
             Slack:=    1033                  

Exceptions/Constraints:
  input_delay             500             fir_serial.sdc_line_2_5_1 

#---------------------------------------------------------------------------------------------
#    Timing Point      Flags   Arc   Edge   Cell     Fanout Load Trans Delay Arrival Instance 
#                                                           (fF)  (ps)  (ps)   (ps)  Location 
#---------------------------------------------------------------------------------------------
  i_data[2]            -       -     R     (arrival)      1  3.1     0     0     500    (-,-) 
  data_in_reg_reg[2]/D -       -     R     DFFQX4LVT      1    -     -     0     500    (-,-) 
#---------------------------------------------------------------------------------------------



Path 36: MET (1033 ps) Setup Check with Pin data_in_reg_reg[6]/CK->D
          Group: clock
     Startpoint: (R) i_data[6]
          Clock: (R) clock
       Endpoint: (R) data_in_reg_reg[6]/D
          Clock: (R) clock

                     Capture       Launch     
        Clock Edge:+    1600            0     
        Drv Adjust:+       0            0     
       Src Latency:+       0            0     
       Net Latency:+       0 (I)        0 (I) 
           Arrival:=    1600            0     
                                              
             Setup:-      67                  
     Required Time:=    1533                  
      Launch Clock:-       0                  
       Input Delay:-     500                  
         Data Path:-       0                  
             Slack:=    1033                  

Exceptions/Constraints:
  input_delay             500             fir_serial.sdc_line_2_1_1 

#---------------------------------------------------------------------------------------------
#    Timing Point      Flags   Arc   Edge   Cell     Fanout Load Trans Delay Arrival Instance 
#                                                           (fF)  (ps)  (ps)   (ps)  Location 
#---------------------------------------------------------------------------------------------
  i_data[6]            -       -     R     (arrival)      1  3.1     0     0     500    (-,-) 
  data_in_reg_reg[6]/D -       -     R     DFFQX4LVT      1    -     -     0     500    (-,-) 
#---------------------------------------------------------------------------------------------



Path 37: MET (1033 ps) Setup Check with Pin data_in_reg_reg[7]/CK->D
          Group: clock
     Startpoint: (R) i_data[7]
          Clock: (R) clock
       Endpoint: (R) data_in_reg_reg[7]/D
          Clock: (R) clock

                     Capture       Launch     
        Clock Edge:+    1600            0     
        Drv Adjust:+       0            0     
       Src Latency:+       0            0     
       Net Latency:+       0 (I)        0 (I) 
           Arrival:=    1600            0     
                                              
             Setup:-      67                  
     Required Time:=    1533                  
      Launch Clock:-       0                  
       Input Delay:-     500                  
         Data Path:-       0                  
             Slack:=    1033                  

Exceptions/Constraints:
  input_delay             500             fir_serial.sdc_line_2 

#---------------------------------------------------------------------------------------------
#    Timing Point      Flags   Arc   Edge   Cell     Fanout Load Trans Delay Arrival Instance 
#                                                           (fF)  (ps)  (ps)   (ps)  Location 
#---------------------------------------------------------------------------------------------
  i_data[7]            -       -     R     (arrival)      1  3.1     0     0     500    (-,-) 
  data_in_reg_reg[7]/D -       -     R     DFFQX2LVT      1    -     -     0     500    (-,-) 
#---------------------------------------------------------------------------------------------



Path 38: MET (1033 ps) Setup Check with Pin data_in_reg_reg[0]/CK->D
          Group: clock
     Startpoint: (R) i_data[0]
          Clock: (R) clock
       Endpoint: (R) data_in_reg_reg[0]/D
          Clock: (R) clock

                     Capture       Launch     
        Clock Edge:+    1600            0     
        Drv Adjust:+       0            0     
       Src Latency:+       0            0     
       Net Latency:+       0 (I)        0 (I) 
           Arrival:=    1600            0     
                                              
             Setup:-      67                  
     Required Time:=    1533                  
      Launch Clock:-       0                  
       Input Delay:-     500                  
         Data Path:-       0                  
             Slack:=    1033                  

Exceptions/Constraints:
  input_delay             500             fir_serial.sdc_line_2_7_1 

#---------------------------------------------------------------------------------------------
#    Timing Point      Flags   Arc   Edge   Cell     Fanout Load Trans Delay Arrival Instance 
#                                                           (fF)  (ps)  (ps)   (ps)  Location 
#---------------------------------------------------------------------------------------------
  i_data[0]            -       -     R     (arrival)      1  3.1     0     0     500    (-,-) 
  data_in_reg_reg[0]/D -       -     R     DFFQX2LVT      1    -     -     0     500    (-,-) 
#---------------------------------------------------------------------------------------------



Path 39: MET (1033 ps) Setup Check with Pin data_in_reg_reg[4]/CK->D
          Group: clock
     Startpoint: (R) i_data[4]
          Clock: (R) clock
       Endpoint: (R) data_in_reg_reg[4]/D
          Clock: (R) clock

                     Capture       Launch     
        Clock Edge:+    1600            0     
        Drv Adjust:+       0            0     
       Src Latency:+       0            0     
       Net Latency:+       0 (I)        0 (I) 
           Arrival:=    1600            0     
                                              
             Setup:-      67                  
     Required Time:=    1533                  
      Launch Clock:-       0                  
       Input Delay:-     500                  
         Data Path:-       0                  
             Slack:=    1033                  

Exceptions/Constraints:
  input_delay             500             fir_serial.sdc_line_2_3_1 

#---------------------------------------------------------------------------------------------
#    Timing Point      Flags   Arc   Edge   Cell     Fanout Load Trans Delay Arrival Instance 
#                                                           (fF)  (ps)  (ps)   (ps)  Location 
#---------------------------------------------------------------------------------------------
  i_data[4]            -       -     R     (arrival)      1  3.1     0     0     500    (-,-) 
  data_in_reg_reg[4]/D -       -     R     DFFQX2LVT      1    -     -     0     500    (-,-) 
#---------------------------------------------------------------------------------------------



Path 40: MET (1033 ps) Setup Check with Pin data_in_reg_reg[1]/CK->D
          Group: clock
     Startpoint: (R) i_data[1]
          Clock: (R) clock
       Endpoint: (R) data_in_reg_reg[1]/D
          Clock: (R) clock

                     Capture       Launch     
        Clock Edge:+    1600            0     
        Drv Adjust:+       0            0     
       Src Latency:+       0            0     
       Net Latency:+       0 (I)        0 (I) 
           Arrival:=    1600            0     
                                              
             Setup:-      67                  
     Required Time:=    1533                  
      Launch Clock:-       0                  
       Input Delay:-     500                  
         Data Path:-       0                  
             Slack:=    1033                  

Exceptions/Constraints:
  input_delay             500             fir_serial.sdc_line_2_6_1 

#---------------------------------------------------------------------------------------------
#    Timing Point      Flags   Arc   Edge   Cell     Fanout Load Trans Delay Arrival Instance 
#                                                           (fF)  (ps)  (ps)   (ps)  Location 
#---------------------------------------------------------------------------------------------
  i_data[1]            -       -     R     (arrival)      1  3.1     0     0     500    (-,-) 
  data_in_reg_reg[1]/D -       -     R     DFFQX2LVT      1    -     -     0     500    (-,-) 
#---------------------------------------------------------------------------------------------



Path 41: MET (1037 ps) Setup Check with Pin data_in_reg_reg[5]/CK->D
          Group: clock
     Startpoint: (R) i_data[5]
          Clock: (R) clock
       Endpoint: (R) data_in_reg_reg[5]/D
          Clock: (R) clock

                     Capture       Launch     
        Clock Edge:+    1600            0     
        Drv Adjust:+       0            0     
       Src Latency:+       0            0     
       Net Latency:+       0 (I)        0 (I) 
           Arrival:=    1600            0     
                                              
             Setup:-      63                  
     Required Time:=    1537                  
      Launch Clock:-       0                  
       Input Delay:-     500                  
         Data Path:-       0                  
             Slack:=    1037                  

Exceptions/Constraints:
  input_delay             500             fir_serial.sdc_line_2_2_1 

#----------------------------------------------------------------------------------------------
#    Timing Point      Flags   Arc   Edge    Cell     Fanout Load Trans Delay Arrival Instance 
#                                                            (fF)  (ps)  (ps)   (ps)  Location 
#----------------------------------------------------------------------------------------------
  i_data[5]            -       -     R     (arrival)       1  3.2     0     0     500    (-,-) 
  data_in_reg_reg[5]/D -       -     R     DFFHQX4LVT      1    -     -     0     500    (-,-) 
#----------------------------------------------------------------------------------------------



Path 42: MET (1039 ps) Setup Check with Pin data_in_reg_reg[3]/CK->D
          Group: clock
     Startpoint: (R) i_data[3]
          Clock: (R) clock
       Endpoint: (R) data_in_reg_reg[3]/D
          Clock: (R) clock

                     Capture       Launch     
        Clock Edge:+    1600            0     
        Drv Adjust:+       0            0     
       Src Latency:+       0            0     
       Net Latency:+       0 (I)        0 (I) 
           Arrival:=    1600            0     
                                              
             Setup:-      61                  
     Required Time:=    1539                  
      Launch Clock:-       0                  
       Input Delay:-     500                  
         Data Path:-       0                  
             Slack:=    1039                  

Exceptions/Constraints:
  input_delay             500             fir_serial.sdc_line_2_4_1 

#----------------------------------------------------------------------------------------------
#    Timing Point      Flags   Arc   Edge    Cell     Fanout Load Trans Delay Arrival Instance 
#                                                            (fF)  (ps)  (ps)   (ps)  Location 
#----------------------------------------------------------------------------------------------
  i_data[3]            -       -     R     (arrival)       1  3.2     0     0     500    (-,-) 
  data_in_reg_reg[3]/D -       -     R     DFFHQX1LVT      1    -     -     0     500    (-,-) 
#----------------------------------------------------------------------------------------------



Path 43: MET (1204 ps) Setup Check with Pin data_out_reg_reg[0]/CK->D
          Group: clock
     Startpoint: (R) data_in_reg_reg[0]/CK
          Clock: (R) clock
       Endpoint: (R) data_out_reg_reg[0]/D
          Clock: (R) clock

                     Capture       Launch     
        Clock Edge:+    1600            0     
       Src Latency:+       0            0     
       Net Latency:+       0 (I)        0 (I) 
           Arrival:=    1600            0     
                                              
             Setup:-      83                  
     Required Time:=    1517                  
      Launch Clock:-       0                  
         Data Path:-     314                  
             Slack:=    1204                  

#--------------------------------------------------------------------------------------------------------------------
#               Timing Point                 Flags   Arc   Edge    Cell     Fanout Load Trans Delay Arrival Instance 
#                                                                                  (fF)  (ps)  (ps)   (ps)  Location 
#--------------------------------------------------------------------------------------------------------------------
  data_in_reg_reg[0]/CK                      -       -     R     (arrival)      80    -     0     0       0    (-,-) 
  data_in_reg_reg[0]/Q                       -       CK->Q F     DFFQX2LVT       3  7.1    65   158     158    (-,-) 
  csa_tree_ADD_TC_OP_13_groupi_g1173__4319/S -       A->S  R     ADDHX1LVT       1  3.2    57   156     314    (-,-) 
  data_out_reg_reg[0]/D                      -       -     R     DFFHQX1LVT      1    -     -     0     314    (-,-) 
#--------------------------------------------------------------------------------------------------------------------



Path 44: MET (1312 ps) Setup Check with Pin shift_reg_reg[5][0]/CK->D
          Group: clock
     Startpoint: (R) shift_reg_reg[4][0]/CK
          Clock: (R) clock
       Endpoint: (R) shift_reg_reg[5][0]/D
          Clock: (R) clock

                     Capture       Launch     
        Clock Edge:+    1600            0     
       Src Latency:+       0            0     
       Net Latency:+       0 (I)        0 (I) 
           Arrival:=    1600            0     
                                              
             Setup:-     116                  
     Required Time:=    1484                  
      Launch Clock:-       0                  
         Data Path:-     172                  
             Slack:=    1312                  

#-----------------------------------------------------------------------------------------------
#     Timing Point       Flags   Arc   Edge   Cell     Fanout Load Trans Delay Arrival Instance 
#                                                             (fF)  (ps)  (ps)   (ps)  Location 
#-----------------------------------------------------------------------------------------------
  shift_reg_reg[4][0]/CK -       -     R     (arrival)     80    -     0     0       0    (-,-) 
  shift_reg_reg[4][0]/Q  -       CK->Q R     DFFQX1LVT      3  8.3   125   172     172    (-,-) 
  shift_reg_reg[5][0]/D  -       -     R     DFFQX2LVT      3    -     -     0     172    (-,-) 
#-----------------------------------------------------------------------------------------------



Path 45: MET (1314 ps) Setup Check with Pin shift_reg_reg[5][6]/CK->D
          Group: clock
     Startpoint: (R) shift_reg_reg[4][6]/CK
          Clock: (R) clock
       Endpoint: (R) shift_reg_reg[5][6]/D
          Clock: (R) clock

                     Capture       Launch     
        Clock Edge:+    1600            0     
       Src Latency:+       0            0     
       Net Latency:+       0 (I)        0 (I) 
           Arrival:=    1600            0     
                                              
             Setup:-     116                  
     Required Time:=    1484                  
      Launch Clock:-       0                  
         Data Path:-     171                  
             Slack:=    1314                  

#------------------------------------------------------------------------------------------------
#     Timing Point       Flags   Arc   Edge    Cell     Fanout Load Trans Delay Arrival Instance 
#                                                              (fF)  (ps)  (ps)   (ps)  Location 
#------------------------------------------------------------------------------------------------
  shift_reg_reg[4][6]/CK -       -     R     (arrival)      80    -     0     0       0    (-,-) 
  shift_reg_reg[4][6]/Q  -       CK->Q R     DFFHQX1LVT      3  8.3   124   171     171    (-,-) 
  shift_reg_reg[5][6]/D  -       -     R     DFFQX2LVT       3    -     -     0     171    (-,-) 
#------------------------------------------------------------------------------------------------



Path 46: MET (1316 ps) Setup Check with Pin shift_reg_reg[0][3]/CK->D
          Group: clock
     Startpoint: (R) data_in_reg_reg[3]/CK
          Clock: (R) clock
       Endpoint: (R) shift_reg_reg[0][3]/D
          Clock: (R) clock

                     Capture       Launch     
        Clock Edge:+    1600            0     
       Src Latency:+       0            0     
       Net Latency:+       0 (I)        0 (I) 
           Arrival:=    1600            0     
                                              
             Setup:-     115                  
     Required Time:=    1485                  
      Launch Clock:-       0                  
         Data Path:-     170                  
             Slack:=    1316                  

#-----------------------------------------------------------------------------------------------
#     Timing Point      Flags   Arc   Edge    Cell     Fanout Load Trans Delay Arrival Instance 
#                                                             (fF)  (ps)  (ps)   (ps)  Location 
#-----------------------------------------------------------------------------------------------
  data_in_reg_reg[3]/CK -       -     R     (arrival)      80    -     0     0       0    (-,-) 
  data_in_reg_reg[3]/Q  -       CK->Q R     DFFHQX1LVT      3  8.1   122   170     170    (-,-) 
  shift_reg_reg[0][3]/D -       -     R     DFFQX4LVT       3    -     -     0     170    (-,-) 
#-----------------------------------------------------------------------------------------------



Path 47: MET (1320 ps) Setup Check with Pin shift_reg_reg[2][0]/CK->D
          Group: clock
     Startpoint: (R) shift_reg_reg[1][0]/CK
          Clock: (R) clock
       Endpoint: (R) shift_reg_reg[2][0]/D
          Clock: (R) clock

                     Capture       Launch     
        Clock Edge:+    1600            0     
       Src Latency:+       0            0     
       Net Latency:+       0 (I)        0 (I) 
           Arrival:=    1600            0     
                                              
             Setup:-     113                  
     Required Time:=    1487                  
      Launch Clock:-       0                  
         Data Path:-     167                  
             Slack:=    1320                  

#------------------------------------------------------------------------------------------------
#     Timing Point       Flags   Arc   Edge    Cell     Fanout Load Trans Delay Arrival Instance 
#                                                              (fF)  (ps)  (ps)   (ps)  Location 
#------------------------------------------------------------------------------------------------
  shift_reg_reg[1][0]/CK -       -     R     (arrival)      80    -     0     0       0    (-,-) 
  shift_reg_reg[1][0]/Q  -       CK->Q R     DFFHQX1LVT      3  7.8   117   167     167    (-,-) 
  shift_reg_reg[2][0]/D  -       -     R     DFFQX4LVT       3    -     -     0     167    (-,-) 
#------------------------------------------------------------------------------------------------



Path 48: MET (1331 ps) Setup Check with Pin shift_reg_reg[4][7]/CK->D
          Group: clock
     Startpoint: (R) shift_reg_reg[3][7]/CK
          Clock: (R) clock
       Endpoint: (R) shift_reg_reg[4][7]/D
          Clock: (R) clock

                     Capture       Launch     
        Clock Edge:+    1600            0     
       Src Latency:+       0            0     
       Net Latency:+       0 (I)        0 (I) 
           Arrival:=    1600            0     
                                              
             Setup:-     108                  
     Required Time:=    1492                  
      Launch Clock:-       0                  
         Data Path:-     161                  
             Slack:=    1331                  

#------------------------------------------------------------------------------------------------
#     Timing Point       Flags   Arc   Edge    Cell     Fanout Load Trans Delay Arrival Instance 
#                                                              (fF)  (ps)  (ps)   (ps)  Location 
#------------------------------------------------------------------------------------------------
  shift_reg_reg[3][7]/CK -       -     R     (arrival)      80    -     0     0       0    (-,-) 
  shift_reg_reg[3][7]/Q  -       CK->Q R     DFFHQX1LVT      3  7.0   106   161     161    (-,-) 
  shift_reg_reg[4][7]/D  -       -     R     DFFQX2LVT       3    -     -     0     161    (-,-) 
#------------------------------------------------------------------------------------------------



Path 49: MET (1337 ps) Setup Check with Pin shift_reg_reg[3][7]/CK->D
          Group: clock
     Startpoint: (R) shift_reg_reg[2][7]/CK
          Clock: (R) clock
       Endpoint: (R) shift_reg_reg[3][7]/D
          Clock: (R) clock

                     Capture       Launch     
        Clock Edge:+    1600            0     
       Src Latency:+       0            0     
       Net Latency:+       0 (I)        0 (I) 
           Arrival:=    1600            0     
                                              
             Setup:-     102                  
     Required Time:=    1498                  
      Launch Clock:-       0                  
         Data Path:-     162                  
             Slack:=    1337                  

#------------------------------------------------------------------------------------------------
#     Timing Point       Flags   Arc   Edge    Cell     Fanout Load Trans Delay Arrival Instance 
#                                                              (fF)  (ps)  (ps)   (ps)  Location 
#------------------------------------------------------------------------------------------------
  shift_reg_reg[2][7]/CK -       -     R     (arrival)      80    -     0     0       0    (-,-) 
  shift_reg_reg[2][7]/Q  -       CK->Q R     DFFHQX1LVT      3  7.1   107   162     162    (-,-) 
  shift_reg_reg[3][7]/D  -       -     R     DFFHQX1LVT      3    -     -     0     162    (-,-) 
#------------------------------------------------------------------------------------------------



Path 50: MET (1351 ps) Setup Check with Pin shift_reg_reg[4][6]/CK->D
          Group: clock
     Startpoint: (R) shift_reg_reg[3][6]/CK
          Clock: (R) clock
       Endpoint: (R) shift_reg_reg[4][6]/D
          Clock: (R) clock

                     Capture       Launch     
        Clock Edge:+    1600            0     
       Src Latency:+       0            0     
       Net Latency:+       0 (I)        0 (I) 
           Arrival:=    1600            0     
                                              
             Setup:-      96                  
     Required Time:=    1504                  
      Launch Clock:-       0                  
         Data Path:-     153                  
             Slack:=    1351                  

#------------------------------------------------------------------------------------------------
#     Timing Point       Flags   Arc   Edge    Cell     Fanout Load Trans Delay Arrival Instance 
#                                                              (fF)  (ps)  (ps)   (ps)  Location 
#------------------------------------------------------------------------------------------------
  shift_reg_reg[3][6]/CK -       -     R     (arrival)      80    -     0     0       0    (-,-) 
  shift_reg_reg[3][6]/Q  -       CK->Q R     DFFQX1LVT       2  5.9    91   153     153    (-,-) 
  shift_reg_reg[4][6]/D  -       -     R     DFFHQX1LVT      2    -     -     0     153    (-,-) 
#------------------------------------------------------------------------------------------------

