============================================================
  Generated by:           Genus(TM) Synthesis Solution 23.10-p004_1
  Generated on:           Oct 08 2026  09:20:53 pm
  Module:                 fir_serial
  Operating conditions:   PVT_0P9V_125C 
  Interconnect mode:      global
  Area mode:              physical library
============================================================


Path 1: VIOLATED (-31 ps) Setup Check with Pin data_out_reg_reg[14]/CK->D
          Group: clock
     Startpoint: (R) shift_reg_reg[0][1]/CK
          Clock: (R) clock
       Endpoint: (R) data_out_reg_reg[14]/D
          Clock: (R) clock

                     Capture       Launch     
        Clock Edge:+    1600            0     
       Src Latency:+       0            0     
       Net Latency:+       0 (I)        0 (I) 
           Arrival:=    1600            0     
                                              
             Setup:-      74                  
     Required Time:=    1526                  
      Launch Clock:-       0                  
         Data Path:-    1556                  
             Slack:=     -31                  

#-------------------------------------------------------------------------------------------------------------------------------
#                   Timing Point                     Flags    Arc   Edge     Cell      Fanout Load Trans Delay Arrival Instance 
#                                                                                             (fF)  (ps)  (ps)   (ps)  Location 
#-------------------------------------------------------------------------------------------------------------------------------
  shift_reg_reg[0][1]/CK                             -       -      R     (arrival)        80    -     0     0       0    (-,-) 
  shift_reg_reg[0][1]/QN                             -       CK->QN R     DFFX2LVT          1  4.2    40   185     185    (-,-) 
  csa_tree_ADD_TC_OP_13_groupi_cdnfadd_005_3__3056/S -       B->S   F     ADDFHX1LVT        1  3.8    75   198     384    (-,-) 
  csa_tree_ADD_TC_OP_13_groupi_cdnfadd_005_5__3058/S -       CI->S  R     ADDFHX1LVT        1  3.8    69   203     587    (-,-) 
  g351/CO                                            -       CI->CO R     ADDFHX2LVT        1  3.8    51   148     734    (-,-) 
  g348/CO                                            -       CI->CO R     ADDFHX2LVT        3 13.0   116   177     911    (-,-) 
  fopt2769/Y                                         -       A->Y   F     CLKINVX8LVT       2  9.9    50    57     969    (-,-) 
  g275/Y                                             -       B->Y   R     NAND2X8LVT        1  4.7    26    30     998    (-,-) 
  g2344/Y                                            -       A1->Y  F     AOI21X4LVT        1  6.0    82    68    1066    (-,-) 
  g2343/Y                                            -       A->Y   R     NOR2X8LVT         3 12.0    65    72    1139    (-,-) 
  g49/Y                                              -       A->Y   F     CLKINVX6LVT       2  9.1    43    44    1183    (-,-) 
  g2423/Y                                            -       B->Y   R     NAND2X8LVT        1  8.3    32    31    1214    (-,-) 
  fopt2431/Y                                         -       A->Y   F     CLKINVX12LVT      4 14.6    33    31    1245    (-,-) 
  g2522/Y                                            -       A->Y   R     NOR3X8LVT         2  8.4    77    78    1323    (-,-) 
  g2/Y                                               -       B->Y   F     NOR2X8LVT         2  7.9    40    44    1368    (-,-) 
  g2551/Y                                            -       B->Y   R     NOR2X8LVT         2 11.6    61    50    1418    (-,-) 
  g2552/Y                                            -       A->Y   F     CLKINVX8LVT       2  9.1    37    39    1456    (-,-) 
  g2236/Y                                            -       B->Y   R     NAND2X8LVT        1  6.5    28    28    1484    (-,-) 
  g1900/Y                                            -       B->Y   F     NAND2X8LVT        1  5.3    49    42    1526    (-,-) 
  g16/Y                                              -       C->Y   R     NAND3X6LVT        1  3.2    34    31    1556    (-,-) 
  data_out_reg_reg[14]/D                             -       -      R     DFFHQX1LVT        1    -     -     0    1556    (-,-) 
#-------------------------------------------------------------------------------------------------------------------------------



Path 2: VIOLATED (-30 ps) Setup Check with Pin data_out_reg_reg[12]/CK->D
          Group: clock
     Startpoint: (R) shift_reg_reg[5][1]/CK
          Clock: (R) clock
       Endpoint: (R) data_out_reg_reg[12]/D
          Clock: (R) clock

                     Capture       Launch     
        Clock Edge:+    1600            0     
       Src Latency:+       0            0     
       Net Latency:+       0 (I)        0 (I) 
           Arrival:=    1600            0     
                                              
             Setup:-      73                  
     Required Time:=    1527                  
      Launch Clock:-       0                  
         Data Path:-    1558                  
             Slack:=     -30                  

#---------------------------------------------------------------------------------------------------
#     Timing Point       Flags    Arc   Edge     Cell      Fanout Load Trans Delay Arrival Instance 
#                                                                 (fF)  (ps)  (ps)   (ps)  Location 
#---------------------------------------------------------------------------------------------------
  shift_reg_reg[5][1]/CK -       -      R     (arrival)        80    -     0     0       0    (-,-) 
  shift_reg_reg[5][1]/Q  -       CK->Q  F     DFFHQX8LVT        6 19.2    54   182     182    (-,-) 
  g2328/Y                -       A->Y   R     CLKINVX12LVT      4 14.4    33    35     217    (-,-) 
  g2519/Y                -       B->Y   F     NAND2X4LVT        1  4.5    61    52     269    (-,-) 
  g2517/Y                -       B0->Y  R     OAI21X4LVT        1  4.2    58    38     307    (-,-) 
  g2516/CO               -       B->CO  R     ADDFHX2LVT        1  3.8    51   152     459    (-,-) 
  g214/CO                -       CI->CO R     ADDFHX1LVT        1  3.8    68   139     598    (-,-) 
  g2168/Y                -       A->Y   R     BUFX6LVT          3 13.0    43    80     678    (-,-) 
  g2167/Y                -       A->Y   F     CLKINVX6LVT       3 13.7    52    44     722    (-,-) 
  g2166/Y                -       A->Y   R     NOR2X8LVT         2 10.7    63    60     782    (-,-) 
  g187/Y                 -       A->Y   F     NOR2X8LVT         3 12.9    50    52     833    (-,-) 
  g78/Y                  -       B->Y   R     NOR2X4LVT         1  6.5    66    57     890    (-,-) 
  g2619/Y                -       A->Y   F     NOR2X8LVT         2  7.6    40    46     937    (-,-) 
  g74/Y                  -       A->Y   R     CLKINVX4LVT       1  5.6    32    32     969    (-,-) 
  g2623/Y                -       B->Y   F     NOR2X6LVT         1  6.0    37    30     998    (-,-) 
  g71/Y                  -       B->Y   R     NOR2X8LVT         3 12.1    62    50    1048    (-,-) 
  g2745/Y                -       A->Y   F     CLKINVX4LVT       1  6.0    42    45    1093    (-,-) 
  g2744/Y                -       A->Y   R     NOR2X8LVT         1  6.5    43    48    1141    (-,-) 
  g2215/Y                -       B->Y   F     NOR2X8LVT         3 10.1    47    36    1177    (-,-) 
  g559/Y                 -       B->Y   F     OR2X6LVT          3 12.4    55   104    1281    (-,-) 
  g2526/Y                -       A->Y   R     NAND2X8LVT        1  6.5    33    36    1317    (-,-) 
  g14/Y                  -       A->Y   F     NAND2X8LVT        2  9.9    72    60    1378    (-,-) 
  g2805/Y                -       A->Y   R     CLKINVX8LVT       2 11.6    39    40    1418    (-,-) 
  g34/Y                  -       B->Y   F     NOR2X8LVT         2  9.1    37    33    1451    (-,-) 
  g2757/Y                -       A->Y   R     CLKINVX4LVT       1  6.5    34    32    1484    (-,-) 
  g130/Y                 -       B->Y   F     NAND2X8LVT        1  5.3    48    44    1527    (-,-) 
  g128/Y                 -       C->Y   R     NAND3X6LVT        1  3.2    30    30    1558    (-,-) 
  data_out_reg_reg[12]/D -       -      R     DFFHQX1LVT        1    -     -     0    1558    (-,-) 
#---------------------------------------------------------------------------------------------------



Path 3: VIOLATED (-30 ps) Setup Check with Pin data_out_reg_reg[10]/CK->D
          Group: clock
     Startpoint: (R) shift_reg_reg[0][1]/CK
          Clock: (R) clock
       Endpoint: (F) data_out_reg_reg[10]/D
          Clock: (R) clock

                     Capture       Launch     
        Clock Edge:+    1600            0     
       Src Latency:+       0            0     
       Net Latency:+       0 (I)        0 (I) 
           Arrival:=    1600            0     
                                              
             Setup:-      54                  
     Required Time:=    1546                  
      Launch Clock:-       0                  
         Data Path:-    1576                  
             Slack:=     -30                  

#-------------------------------------------------------------------------------------------------------------------------------
#                   Timing Point                     Flags    Arc   Edge     Cell      Fanout Load Trans Delay Arrival Instance 
#                                                                                             (fF)  (ps)  (ps)   (ps)  Location 
#-------------------------------------------------------------------------------------------------------------------------------
  shift_reg_reg[0][1]/CK                             -       -      R     (arrival)        80    -     0     0       0    (-,-) 
  shift_reg_reg[0][1]/QN                             -       CK->QN R     DFFX2LVT          1  4.2    40   185     185    (-,-) 
  csa_tree_ADD_TC_OP_13_groupi_cdnfadd_005_3__3056/S -       B->S   F     ADDFHX1LVT        1  3.8    75   198     384    (-,-) 
  csa_tree_ADD_TC_OP_13_groupi_cdnfadd_005_5__3058/S -       CI->S  R     ADDFHX1LVT        1  3.8    69   203     587    (-,-) 
  g351/CO                                            -       CI->CO R     ADDFHX2LVT        1  3.8    51   148     734    (-,-) 
  g348/CO                                            -       CI->CO R     ADDFHX2LVT        3 13.0   116   177     911    (-,-) 
  fopt2769/Y                                         -       A->Y   F     CLKINVX8LVT       2  9.9    50    57     969    (-,-) 
  g275/Y                                             -       B->Y   R     NAND2X8LVT        1  4.7    26    30     998    (-,-) 
  g2344/Y                                            -       A1->Y  F     AOI21X4LVT        1  6.0    82    68    1066    (-,-) 
  g2343/Y                                            -       A->Y   R     NOR2X8LVT         3 12.0    65    72    1139    (-,-) 
  g49/Y                                              -       A->Y   F     CLKINVX6LVT       2  9.1    43    44    1183    (-,-) 
  g2423/Y                                            -       B->Y   R     NAND2X8LVT        1  8.3    32    31    1214    (-,-) 
  fopt2431/Y                                         -       A->Y   F     CLKINVX12LVT      4 14.6    33    31    1245    (-,-) 
  g2522/Y                                            -       A->Y   R     NOR3X8LVT         2  8.4    77    78    1323    (-,-) 
  g2/Y                                               -       B->Y   F     NOR2X8LVT         2  7.9    40    44    1368    (-,-) 
  g3039/Y                                            -       B->Y   F     OR2X4LVT          2  7.6    54   115    1483    (-,-) 
  g2714/Y                                            -       A->Y   R     CLKINVX4LVT       1  4.7    31    35    1518    (-,-) 
  g2711/Y                                            -       B1->Y  F     OAI22X4LVT        1  3.2    72    58    1576    (-,-) 
  data_out_reg_reg[10]/D                             -       -      F     DFFHQX1LVT        1    -     -     0    1576    (-,-) 
#-------------------------------------------------------------------------------------------------------------------------------



Path 4: VIOLATED (-30 ps) Setup Check with Pin data_out_reg_reg[11]/CK->D
          Group: clock
     Startpoint: (R) shift_reg_reg[0][1]/CK
          Clock: (R) clock
       Endpoint: (R) data_out_reg_reg[11]/D
          Clock: (R) clock

                     Capture       Launch     
        Clock Edge:+    1600            0     
       Src Latency:+       0            0     
       Net Latency:+       0 (I)        0 (I) 
           Arrival:=    1600            0     
                                              
             Setup:-      99                  
     Required Time:=    1501                  
      Launch Clock:-       0                  
         Data Path:-    1531                  
             Slack:=     -30                  

#-------------------------------------------------------------------------------------------------------------------------------
#                   Timing Point                     Flags    Arc   Edge     Cell      Fanout Load Trans Delay Arrival Instance 
#                                                                                             (fF)  (ps)  (ps)   (ps)  Location 
#-------------------------------------------------------------------------------------------------------------------------------
  shift_reg_reg[0][1]/CK                             -       -      R     (arrival)        80    -     0     0       0    (-,-) 
  shift_reg_reg[0][1]/QN                             -       CK->QN R     DFFX2LVT          1  4.2    40   185     185    (-,-) 
  csa_tree_ADD_TC_OP_13_groupi_cdnfadd_005_3__3056/S -       B->S   F     ADDFHX1LVT        1  3.8    75   198     384    (-,-) 
  csa_tree_ADD_TC_OP_13_groupi_cdnfadd_005_5__3058/S -       CI->S  R     ADDFHX1LVT        1  3.8    69   203     587    (-,-) 
  g351/CO                                            -       CI->CO R     ADDFHX2LVT        1  3.8    51   148     734    (-,-) 
  g348/CO                                            -       CI->CO R     ADDFHX2LVT        3 13.0   116   177     911    (-,-) 
  fopt2769/Y                                         -       A->Y   F     CLKINVX8LVT       2  9.9    50    57     969    (-,-) 
  g275/Y                                             -       B->Y   R     NAND2X8LVT        1  4.7    26    30     998    (-,-) 
  g2344/Y                                            -       A1->Y  F     AOI21X4LVT        1  6.0    82    68    1066    (-,-) 
  g2343/Y                                            -       A->Y   R     NOR2X8LVT         3 12.0    65    72    1139    (-,-) 
  g49/Y                                              -       A->Y   F     CLKINVX6LVT       2  9.1    43    44    1183    (-,-) 
  g2423/Y                                            -       B->Y   R     NAND2X8LVT        1  8.3    32    31    1214    (-,-) 
  fopt2431/Y                                         -       A->Y   F     CLKINVX12LVT      4 14.6    33    31    1245    (-,-) 
  g2522/Y                                            -       A->Y   R     NOR3X8LVT         2  8.4    77    78    1323    (-,-) 
  g2/Y                                               -       B->Y   F     NOR2X8LVT         2  7.9    40    44    1368    (-,-) 
  g2551/Y                                            -       B->Y   R     NOR2X8LVT         2 11.6    61    50    1418    (-,-) 
  g82/Y                                              -       B->Y   F     NOR2X8LVT         2  8.4    38    40    1457    (-,-) 
  g230/Y                                             -       A2->Y  R     OAI32X4LVT        1  3.2    99    74    1531    (-,-) 
  data_out_reg_reg[11]/D                             -       -      R     DFFHQX1LVT        1    -     -     0    1531    (-,-) 
#-------------------------------------------------------------------------------------------------------------------------------



Path 5: VIOLATED (-30 ps) Setup Check with Pin data_out_reg_reg[13]/CK->D
          Group: clock
     Startpoint: (R) shift_reg_reg[6][5]/CK
          Clock: (R) clock
       Endpoint: (R) data_out_reg_reg[13]/D
          Clock: (R) clock

                     Capture       Launch     
        Clock Edge:+    1600            0     
       Src Latency:+       0            0     
       Net Latency:+       0 (I)        0 (I) 
           Arrival:=    1600            0     
                                              
             Setup:-      74                  
     Required Time:=    1526                  
      Launch Clock:-       0                  
         Data Path:-    1555                  
             Slack:=     -30                  

#---------------------------------------------------------------------------------------------------------------------------------
#                    Timing Point                     Flags    Arc   Edge     Cell       Fanout Load Trans Delay Arrival Instance 
#                                                                                               (fF)  (ps)  (ps)   (ps)  Location 
#---------------------------------------------------------------------------------------------------------------------------------
  shift_reg_reg[6][5]/CK                              -       -      R     (arrival)         80    -     0     0       0    (-,-) 
  shift_reg_reg[6][5]/Q                               -       CK->Q  R     DFFHQX4LVT         3 11.4    50   148     148    (-,-) 
  g2126/Y                                             -       A->Y   F     CLKINVX8LVT        4 16.0    49    44     191    (-,-) 
  g2493/Y                                             -       A->Y   R     NAND2X6LVT         1  4.7    29    34     225    (-,-) 
  g120/Y                                              -       B0->Y  F     OAI21X4LVT         1  3.8    63    58     283    (-,-) 
  csa_tree_ADD_TC_OP_13_groupi_cdnfadd_009_4__7098/CO -       CI->CO F     ADDFHX1LVT         1  3.8    76   142     425    (-,-) 
  g287/S                                              -       CI->S  R     ADDFHX1LVT         1  5.6    95   218     642    (-,-) 
  fopt188/Y                                           -       A->Y   F     CLKINVX6LVT        2  9.9    52    56     698    (-,-) 
  fopt187/Y                                           -       A->Y   R     CLKINVX8LVT        2 10.7    34    34     732    (-,-) 
  g176/Y                                              -       B->Y   F     NAND2X8LVT         2  7.6    58    49     782    (-,-) 
  g173/Y                                              -       B->Y   R     NAND2X4LVT         1  5.6    42    40     821    (-,-) 
  g21/Y                                               -       B->Y   F     NAND2X6LVT         1  6.1    60    53     875    (-,-) 
  g2624/Y                                             -       A->Y   R     NAND2X8LVT         3 13.0    54    44     919    (-,-) 
  g2721/Y                                             -       A->Y   F     NAND2X4LVT         1  5.3    70    69     988    (-,-) 
  g2720/Y                                             -       A->Y   R     NOR2X6LVT          1  6.5    51    61    1049    (-,-) 
  g2405/Y                                             -       A->Y   F     NOR2X8LVT          1  7.6    39    41    1090    (-,-) 
  fopt66/Y                                            -       A->Y   R     CLKINVX12LVT       3 13.0    28    30    1120    (-,-) 
  fopt2404/Y                                          -       A->Y   F     CLKINVX6LVT        1  5.3    25    26    1146    (-,-) 
  g2707/Y                                             -       A->Y   R     NAND2X6LVT         1  6.5    29    28    1174    (-,-) 
  g2705/Y                                             -       B->Y   F     NAND2X8LVT         2 10.6    70    55    1229    (-,-) 
  g2210/Y                                             -       B->Y   R     NOR2X8LVT          2  8.9    58    53    1282    (-,-) 
  g2510/Y                                             -       B->Y   F     NOR2X8LVT          2  9.3    44    40    1322    (-,-) 
  g2147/Y                                             -       B->Y   F     CLKAND2X12LVT      4 14.8    37    77    1399    (-,-) 
  g2753/Y                                             -       A0->Y  R     AOI21X4LVT         1  5.6    64    63    1462    (-,-) 
  g2752/Y                                             -       B->Y   F     NAND2X6LVT         1  5.3    60    59    1521    (-,-) 
  g2079/Y                                             -       C->Y   R     NAND3X6LVT         1  3.2    35    34    1555    (-,-) 
  data_out_reg_reg[13]/D                              -       -      R     DFFHQX1LVT         1    -     -     0    1555    (-,-) 
#---------------------------------------------------------------------------------------------------------------------------------



Path 6: VIOLATED (-24 ps) Setup Check with Pin data_out_reg_reg[15]/CK->D
          Group: clock
     Startpoint: (R) shift_reg_reg[3][3]/CK
          Clock: (R) clock
       Endpoint: (R) data_out_reg_reg[15]/D
          Clock: (R) clock

                     Capture       Launch     
        Clock Edge:+    1600            0     
       Src Latency:+       0            0     
       Net Latency:+       0 (I)        0 (I) 
           Arrival:=    1600            0     
                                              
             Setup:-      80                  
     Required Time:=    1520                  
      Launch Clock:-       0                  
         Data Path:-    1544                  
             Slack:=     -24                  

#---------------------------------------------------------------------------------------------------------------------------------
#                    Timing Point                      Flags    Arc   Edge     Cell      Fanout Load Trans Delay Arrival Instance 
#                                                                                               (fF)  (ps)  (ps)   (ps)  Location 
#---------------------------------------------------------------------------------------------------------------------------------
  shift_reg_reg[3][3]/CK                               -       -      R     (arrival)        80    -     0     0       0    (-,-) 
  shift_reg_reg[3][3]/Q                                -       CK->Q  F     DFFHQX4LVT        3  7.5    41   157     157    (-,-) 
  fopt3061/Y                                           -       A->Y   R     INVX3LVT          1  3.8    30    32     188    (-,-) 
  g2947/S                                              -       CI->S  F     ADDFHX1LVT        1  3.8    75   180     368    (-,-) 
  g430/S                                               -       CI->S  R     ADDFHX2LVT        1  3.8    55   226     594    (-,-) 
  csa_tree_ADD_TC_OP_13_groupi_cdnfadd_006_10__1617/CO -       CI->CO R     ADDFHX2LVT        1  4.6    57   145     739    (-,-) 
  g2240/S                                              -       B->S   F     ADDFHX4LVT        2  9.1    76   269    1008    (-,-) 
  g2718/Y                                              -       A->Y   R     CLKINVX8LVT       2  9.8    37    40    1048    (-,-) 
  g2241/Y                                              -       A1->Y  F     OAI21X4LVT        4 11.0   128    92    1139    (-,-) 
  csa_tree_ADD_TC_OP_13_groupi_g1119__2038/Y           -       A->Y   F     CLKAND2X6LVT      1  6.0    30   108    1247    (-,-) 
  g2527/Y                                              -       B->Y   R     NAND2X8LVT        2 11.6    43    31    1278    (-,-) 
  g2526/Y                                              -       B->Y   F     NAND2X8LVT        1  6.1    53    48    1326    (-,-) 
  g14/Y                                                -       A->Y   R     NAND2X8LVT        2 10.7    38    40    1366    (-,-) 
  g2805/Y                                              -       A->Y   F     CLKINVX8LVT       2 10.6    35    33    1399    (-,-) 
  g34/Y                                                -       B->Y   R     NOR2X8LVT         2  9.8    54    45    1444    (-,-) 
  g2247/Y                                              -       B->Y   F     NAND2X8LVT        1  4.5    48    48    1492    (-,-) 
  g126/Y                                               -       A1->Y  R     AOI21X4LVT        1  3.2    49    52    1544    (-,-) 
  data_out_reg_reg[15]/D                               -       -      R     DFFHQX1LVT        1    -     -     0    1544    (-,-) 
#---------------------------------------------------------------------------------------------------------------------------------



Path 7: VIOLATED (-14 ps) Setup Check with Pin data_out_reg_reg[9]/CK->D
          Group: clock
     Startpoint: (R) shift_reg_reg[0][1]/CK
          Clock: (R) clock
       Endpoint: (R) data_out_reg_reg[9]/D
          Clock: (R) clock

                     Capture       Launch     
        Clock Edge:+    1600            0     
       Src Latency:+       0            0     
       Net Latency:+       0 (I)        0 (I) 
           Arrival:=    1600            0     
                                              
             Setup:-      85                  
     Required Time:=    1515                  
      Launch Clock:-       0                  
         Data Path:-    1530                  
             Slack:=     -14                  

#-------------------------------------------------------------------------------------------------------------------------------
#                   Timing Point                     Flags    Arc   Edge     Cell      Fanout Load Trans Delay Arrival Instance 
#                                                                                             (fF)  (ps)  (ps)   (ps)  Location 
#-------------------------------------------------------------------------------------------------------------------------------
  shift_reg_reg[0][1]/CK                             -       -      R     (arrival)        80    -     0     0       0    (-,-) 
  shift_reg_reg[0][1]/QN                             -       CK->QN R     DFFX2LVT          1  4.2    40   185     185    (-,-) 
  csa_tree_ADD_TC_OP_13_groupi_cdnfadd_005_3__3056/S -       B->S   F     ADDFHX1LVT        1  3.8    75   198     384    (-,-) 
  csa_tree_ADD_TC_OP_13_groupi_cdnfadd_005_5__3058/S -       CI->S  R     ADDFHX1LVT        1  3.8    69   203     587    (-,-) 
  g351/CO                                            -       CI->CO R     ADDFHX2LVT        1  3.8    51   148     734    (-,-) 
  g348/CO                                            -       CI->CO R     ADDFHX2LVT        3 13.0   116   177     911    (-,-) 
  fopt2769/Y                                         -       A->Y   F     CLKINVX8LVT       2  9.9    50    57     969    (-,-) 
  g275/Y                                             -       B->Y   R     NAND2X8LVT        1  4.7    26    30     998    (-,-) 
  g2344/Y                                            -       A1->Y  F     AOI21X4LVT        1  6.0    82    68    1066    (-,-) 
  g2343/Y                                            -       A->Y   R     NOR2X8LVT         3 12.0    65    72    1139    (-,-) 
  g49/Y                                              -       A->Y   F     CLKINVX6LVT       2  9.1    43    44    1183    (-,-) 
  g2423/Y                                            -       B->Y   R     NAND2X8LVT        1  8.3    32    31    1214    (-,-) 
  fopt2431/Y                                         -       A->Y   F     CLKINVX12LVT      4 14.6    33    31    1245    (-,-) 
  g2522/Y                                            -       A->Y   R     NOR3X8LVT         2  8.4    77    78    1323    (-,-) 
  g2812/Y                                            -       A1N->Y R     AOI2BB1X4LVT      2  6.6    66   107    1430    (-,-) 
  g1592/Y                                            -       A1N->Y R     OAI2BB2X4LVT      1  3.2    62   100    1530    (-,-) 
  data_out_reg_reg[9]/D                              -       -      R     DFFHQX1LVT        1    -     -     0    1530    (-,-) 
#-------------------------------------------------------------------------------------------------------------------------------



Path 8: MET (1 ps) Setup Check with Pin data_out_reg_reg[8]/CK->D
          Group: clock
     Startpoint: (R) shift_reg_reg[0][1]/CK
          Clock: (R) clock
       Endpoint: (R) data_out_reg_reg[8]/D
          Clock: (R) clock

                     Capture       Launch     
        Clock Edge:+    1600            0     
       Src Latency:+       0            0     
       Net Latency:+       0 (I)        0 (I) 
           Arrival:=    1600            0     
                                              
             Setup:-      83                  
     Required Time:=    1517                  
      Launch Clock:-       0                  
         Data Path:-    1516                  
             Slack:=       1                  

#--------------------------------------------------------------------------------------------------------------------------------
#                   Timing Point                     Flags    Arc   Edge     Cell       Fanout Load Trans Delay Arrival Instance 
#                                                                                              (fF)  (ps)  (ps)   (ps)  Location 
#--------------------------------------------------------------------------------------------------------------------------------
  shift_reg_reg[0][1]/CK                             -       -      R     (arrival)         80    -     0     0       0    (-,-) 
  shift_reg_reg[0][1]/QN                             -       CK->QN R     DFFX2LVT           1  4.2    40   185     185    (-,-) 
  csa_tree_ADD_TC_OP_13_groupi_cdnfadd_005_3__3056/S -       B->S   F     ADDFHX1LVT         1  3.8    75   198     384    (-,-) 
  csa_tree_ADD_TC_OP_13_groupi_cdnfadd_005_5__3058/S -       CI->S  R     ADDFHX1LVT         1  3.8    69   203     587    (-,-) 
  g351/CO                                            -       CI->CO R     ADDFHX2LVT         1  3.8    51   148     734    (-,-) 
  g348/CO                                            -       CI->CO R     ADDFHX2LVT         3 13.0   116   177     911    (-,-) 
  fopt2769/Y                                         -       A->Y   F     CLKINVX8LVT        2  9.9    50    57     969    (-,-) 
  g275/Y                                             -       B->Y   R     NAND2X8LVT         1  4.7    26    30     998    (-,-) 
  g2344/Y                                            -       A1->Y  F     AOI21X4LVT         1  6.0    82    68    1066    (-,-) 
  g2343/Y                                            -       A->Y   R     NOR2X8LVT          3 12.0    65    72    1139    (-,-) 
  g2479/Y                                            -       B->Y   R     CLKAND2X12LVT      3 14.3    35    86    1224    (-,-) 
  fopt1/Y                                            -       A->Y   F     INVX3LVT           2  6.4    46    40    1265    (-,-) 
  g2440/Y                                            -       A1->Y  R     AOI21X4LVT         1  6.5    68    65    1329    (-,-) 
  g1493/Y                                            -       B->Y   F     NAND2X8LVT         3 10.5    76    68    1397    (-,-) 
  csa_tree_ADD_TC_OP_13_groupi_g1087__1497/Y         -       B->Y   R     CLKXOR2X1LVT       1  3.2    57   119    1516    (-,-) 
  data_out_reg_reg[8]/D                              -       -      R     DFFHQX1LVT         1    -     -     0    1516    (-,-) 
#--------------------------------------------------------------------------------------------------------------------------------



Path 9: MET (14 ps) Setup Check with Pin data_out_reg_reg[7]/CK->D
          Group: clock
     Startpoint: (R) shift_reg_reg[2][3]/CK
          Clock: (R) clock
       Endpoint: (R) data_out_reg_reg[7]/D
          Clock: (R) clock

                     Capture       Launch     
        Clock Edge:+    1600            0     
       Src Latency:+       0            0     
       Net Latency:+       0 (I)        0 (I) 
           Arrival:=    1600            0     
                                              
             Setup:-      81                  
     Required Time:=    1519                  
      Launch Clock:-       0                  
         Data Path:-    1505                  
             Slack:=      14                  

#--------------------------------------------------------------------------------------------------
#     Timing Point       Flags   Arc   Edge     Cell      Fanout Load Trans Delay Arrival Instance 
#                                                                (fF)  (ps)  (ps)   (ps)  Location 
#--------------------------------------------------------------------------------------------------
  shift_reg_reg[2][3]/CK -       -     R     (arrival)        80    -     0     0       0    (-,-) 
  shift_reg_reg[2][3]/Q  -       CK->Q R     DFFHQX4LVT        1  6.5    33   138     138    (-,-) 
  fopt2653/Y             -       A->Y  F     CLKINVX8LVT       2  5.7    24    26     164    (-,-) 
  g1394/S                -       CI->S R     ADDFHX1LVT        1  4.2    75   188     352    (-,-) 
  g430/CO                -       B->CO R     ADDFHX2LVT        1  4.2    54   160     512    (-,-) 
  g428/S                 -       B->S  F     ADDFHX2LVT        1  4.0    58   224     736    (-,-) 
  g2240/S                -       CI->S R     ADDFHX4LVT        2  9.8    76   264    1001    (-,-) 
  g2718/Y                -       A->Y  F     CLKINVX8LVT       2  9.1    40    43    1044    (-,-) 
  g2716/Y                -       B->Y  R     NOR3X8LVT         1  6.5    65    68    1112    (-,-) 
  g2343/Y                -       B->Y  F     NOR2X8LVT         3 11.6    50    45    1157    (-,-) 
  g49/Y                  -       A->Y  R     CLKINVX6LVT       2  9.8    37    36    1193    (-,-) 
  g2423/Y                -       B->Y  F     NAND2X8LVT        1  7.6    58    50    1243    (-,-) 
  fopt2431/Y             -       A->Y  R     CLKINVX12LVT      4 15.5    35    37    1279    (-,-) 
  fopt2430/Y             -       A->Y  R     CLKBUFX2LVT       1  3.8    37    73    1353    (-,-) 
  g2888/Y                -       B->Y  R     OR2X6LVT          2  8.0    31    64    1417    (-,-) 
  g2889/Y                -       B->Y  F     NAND2X4LVT        1  4.5    62    52    1468    (-,-) 
  g2885/Y                -       B0->Y R     OAI21X4LVT        1  3.2    53    37    1505    (-,-) 
  data_out_reg_reg[7]/D  -       -     R     DFFHQX1LVT        1    -     -     0    1505    (-,-) 
#--------------------------------------------------------------------------------------------------



Path 10: MET (15 ps) Setup Check with Pin data_out_reg_reg[6]/CK->D
          Group: clock
     Startpoint: (R) shift_reg_reg[5][1]/CK
          Clock: (R) clock
       Endpoint: (R) data_out_reg_reg[6]/D
          Clock: (R) clock

                     Capture       Launch     
        Clock Edge:+    1600            0     
       Src Latency:+       0            0     
       Net Latency:+       0 (I)        0 (I) 
           Arrival:=    1600            0     
                                              
             Setup:-      83                  
     Required Time:=    1517                  
      Launch Clock:-       0                  
         Data Path:-    1502                  
             Slack:=      15                  

#----------------------------------------------------------------------------------------------------------------------
#               Timing Point                 Flags   Arc   Edge     Cell      Fanout Load Trans Delay Arrival Instance 
#                                                                                    (fF)  (ps)  (ps)   (ps)  Location 
#----------------------------------------------------------------------------------------------------------------------
  shift_reg_reg[5][1]/CK                     -       -     R     (arrival)        80    -     0     0       0    (-,-) 
  shift_reg_reg[5][1]/Q                      -       CK->Q R     DFFHQX8LVT        6 20.4    50   170     170    (-,-) 
  g2328/Y                                    -       A->Y  F     CLKINVX12LVT      4 13.6    35    35     204    (-,-) 
  g2518/Y                                    -       B->Y  R     NOR2X4LVT         1  4.7    52    44     249    (-,-) 
  g2517/Y                                    -       A1->Y F     OAI21X4LVT        1  4.1    68    64     313    (-,-) 
  g2516/S                                    -       B->S  R     ADDFHX2LVT        2  6.4    73   237     550    (-,-) 
  g215/Y                                     -       C->Y  F     XOR3X1LVT         1  4.1    97   152     702    (-,-) 
  g348/S                                     -       B->S  R     ADDFHX2LVT        2  8.9    91   258     960    (-,-) 
  fopt2577/Y                                 -       A->Y  F     CLKINVX6LVT       2  9.1    49    53    1013    (-,-) 
  g2322/Y                                    -       B->Y  R     NAND2X8LVT        2  8.9    37    34    1047    (-,-) 
  g2326/Y                                    -       B->Y  F     NAND2X8LVT        2  7.2    56    49    1096    (-,-) 
  g2050/Y                                    -       B->Y  F     OR2X4LVT          2  7.9    55   122    1218    (-,-) 
  csa_tree_ADD_TC_OP_13_groupi_g1162/Y       -       A->Y  R     INVX3             3  8.9    75    69    1286    (-,-) 
  csa_tree_ADD_TC_OP_13_groupi_g1150__1543/Y -       A->Y  F     NOR2X1LVT         1  3.3    75    78    1364    (-,-) 
  g3041/Y                                    -       B->Y  R     XNOR2X1LVT        1  3.2    57   138    1502    (-,-) 
  data_out_reg_reg[6]/D                      -       -     R     DFFHQX1LVT        1    -     -     0    1502    (-,-) 
#----------------------------------------------------------------------------------------------------------------------



Path 11: MET (251 ps) Setup Check with Pin data_out_reg_reg[5]/CK->D
          Group: clock
     Startpoint: (R) shift_reg_reg[5][0]/CK
          Clock: (R) clock
       Endpoint: (R) data_out_reg_reg[5]/D
          Clock: (R) clock

                     Capture       Launch     
        Clock Edge:+    1600            0     
       Src Latency:+       0            0     
       Net Latency:+       0 (I)        0 (I) 
           Arrival:=    1600            0     
                                              
             Setup:-      81                  
     Required Time:=    1519                  
      Launch Clock:-       0                  
         Data Path:-    1268                  
             Slack:=     251                  

#------------------------------------------------------------------------------------------------------------------------------
#                   Timing Point                     Flags    Arc   Edge    Cell      Fanout Load Trans Delay Arrival Instance 
#                                                                                            (fF)  (ps)  (ps)   (ps)  Location 
#------------------------------------------------------------------------------------------------------------------------------
  shift_reg_reg[5][0]/CK                             -       -      R     (arrival)       80    -     0     0       0    (-,-) 
  shift_reg_reg[5][0]/QN                             -       CK->QN F     DFFX4LVT         2  5.3    34   186     186    (-,-) 
  csa_tree_ADD_TC_OP_13_groupi_cdnfadd_004_0__1617/S -       CI->S  R     ADDFX1LVT        1  4.3    80   213     399    (-,-) 
  g309/S                                             -       A->S   F     ADDFHX1LVT       2  5.4   101   231     630    (-,-) 
  g304/Y                                             -       B->Y   R     XOR3X1LVT        1  4.7    82   201     831    (-,-) 
  g2065/Y                                            -       A->Y   F     CLKINVX4LVT      2  9.9    62    61     892    (-,-) 
  csa_tree_ADD_TC_OP_13_groupi_g1168__5477/Y         -       B->Y   R     NOR2X6LVT        2  6.4    54    50     943    (-,-) 
  g28/Y                                              -       A1->Y  F     OAI21X4LVT       1  4.4    70    67    1009    (-,-) 
  g346/S                                             -       B->S   R     ADDFHX4LVT       1  3.2    53   259    1268    (-,-) 
  data_out_reg_reg[5]/D                              -       -      R     DFFHQX1LVT       1    -     -     0    1268    (-,-) 
#------------------------------------------------------------------------------------------------------------------------------



Path 12: MET (308 ps) Setup Check with Pin data_out_reg_reg[4]/CK->D
          Group: clock
     Startpoint: (R) shift_reg_reg[5][0]/CK
          Clock: (R) clock
       Endpoint: (R) data_out_reg_reg[4]/D
          Clock: (R) clock

                     Capture       Launch     
        Clock Edge:+    1600            0     
       Src Latency:+       0            0     
       Net Latency:+       0 (I)        0 (I) 
           Arrival:=    1600            0     
                                              
             Setup:-      83                  
     Required Time:=    1517                  
      Launch Clock:-       0                  
         Data Path:-    1209                  
             Slack:=     308                  

#------------------------------------------------------------------------------------------------------------------------------
#                   Timing Point                     Flags    Arc   Edge    Cell      Fanout Load Trans Delay Arrival Instance 
#                                                                                            (fF)  (ps)  (ps)   (ps)  Location 
#------------------------------------------------------------------------------------------------------------------------------
  shift_reg_reg[5][0]/CK                             -       -      R     (arrival)       80    -     0     0       0    (-,-) 
  shift_reg_reg[5][0]/QN                             -       CK->QN F     DFFX4LVT         2  5.3    34   186     186    (-,-) 
  csa_tree_ADD_TC_OP_13_groupi_cdnfadd_004_0__1617/S -       CI->S  R     ADDFX1LVT        1  4.3    80   213     399    (-,-) 
  g309/S                                             -       A->S   F     ADDFHX1LVT       2  5.4   101   231     630    (-,-) 
  g304/Y                                             -       B->Y   F     XOR3X1LVT        1  4.5   105   202     832    (-,-) 
  g2065/Y                                            -       A->Y   R     CLKINVX4LVT      2 10.7    62    64     896    (-,-) 
  csa_tree_ADD_TC_OP_13_groupi_g1168__5477/Y         -       B->Y   F     NOR2X6LVT        2  6.2    48    40     937    (-,-) 
  g27/Y                                              -       AN->Y  F     NAND2BX1LVT      1  3.3   131   120    1056    (-,-) 
  csa_tree_ADD_TC_OP_13_groupi_g1164__2346/Y         -       B->Y   R     XNOR2X1LVT       1  3.2    57   153    1209    (-,-) 
  data_out_reg_reg[4]/D                              -       -      R     DFFHQX1LVT       1    -     -     0    1209    (-,-) 
#------------------------------------------------------------------------------------------------------------------------------



Path 13: MET (570 ps) Setup Check with Pin data_out_reg_reg[3]/CK->D
          Group: clock
     Startpoint: (R) shift_reg_reg[6][3]/CK
          Clock: (R) clock
       Endpoint: (R) data_out_reg_reg[3]/D
          Clock: (R) clock

                     Capture       Launch     
        Clock Edge:+    1600            0     
       Src Latency:+       0            0     
       Net Latency:+       0 (I)        0 (I) 
           Arrival:=    1600            0     
                                              
             Setup:-      80                  
     Required Time:=    1520                  
      Launch Clock:-       0                  
         Data Path:-     949                  
             Slack:=     570                  

#-----------------------------------------------------------------------------------------------------------------------------
#                   Timing Point                     Flags   Arc   Edge    Cell      Fanout Load Trans Delay Arrival Instance 
#                                                                                           (fF)  (ps)  (ps)   (ps)  Location 
#-----------------------------------------------------------------------------------------------------------------------------
  shift_reg_reg[6][3]/CK                             -       -     R     (arrival)       80    -     0     0       0    (-,-) 
  shift_reg_reg[6][3]/Q                              -       CK->Q R     DFFHQX4LVT       2  6.1    32   137     137    (-,-) 
  fopt34/Y                                           -       A->Y  R     BUFX3LVT         2  8.0    47    71     208    (-,-) 
  fopt1303/Y                                         -       A->Y  F     CLKINVX4LVT      1  4.5    32    36     244    (-,-) 
  g31/Y                                              -       B->Y  R     NOR2X4LVT        2  6.8    66    52     296    (-,-) 
  g30/Y                                              -       A->Y  F     NOR2X4LVT        1  3.8    38    48     344    (-,-) 
  csa_tree_ADD_TC_OP_13_groupi_cdnfadd_003_2__5526/S -       CI->S R     ADDFHX1LVT       2  6.9   113   214     558    (-,-) 
  g2067/Y                                            -       C->Y  F     XOR3X1LVT        1  3.8    91   161     719    (-,-) 
  csa_tree_ADD_TC_OP_13_groupi_g1170__2398/S         -       CI->S R     ADDFHX2LVT       1  3.2    51   230     949    (-,-) 
  data_out_reg_reg[3]/D                              -       -     R     DFFHQX1LVT       1    -     -     0     949    (-,-) 
#-----------------------------------------------------------------------------------------------------------------------------



Path 14: MET (753 ps) Setup Check with Pin data_out_reg_reg[2]/CK->D
          Group: clock
     Startpoint: (R) shift_reg_reg[6][1]/CK
          Clock: (R) clock
       Endpoint: (R) data_out_reg_reg[2]/D
          Clock: (R) clock

                     Capture       Launch     
        Clock Edge:+    1600            0     
       Src Latency:+       0            0     
       Net Latency:+       0 (I)        0 (I) 
           Arrival:=    1600            0     
                                              
             Setup:-      86                  
     Required Time:=    1514                  
      Launch Clock:-       0                  
         Data Path:-     762                  
             Slack:=     753                  

#-----------------------------------------------------------------------------------------------------------------------------
#                    Timing Point                     Flags   Arc   Edge    Cell     Fanout Load Trans Delay Arrival Instance 
#                                                                                           (fF)  (ps)  (ps)   (ps)  Location 
#-----------------------------------------------------------------------------------------------------------------------------
  shift_reg_reg[6][1]/CK                              -       -     R     (arrival)      80    -     0     0       0    (-,-) 
  shift_reg_reg[6][1]/Q                               -       CK->Q R     DFFX1LVT        1  3.8    61   146     146    (-,-) 
  csa_tree_ADD_TC_OP_13_groupi_cdnfadd_001_0__2398/CO -       A->CO R     ADDFX1LVT       2  7.1   118   191     337    (-,-) 
  g2611/Y                                             -       B->Y  F     XOR3X1LVT       1  3.5    85   202     539    (-,-) 
  csa_tree_ADD_TC_OP_13_groupi_g1171__5107/S          -       CI->S R     ADDFX1LVT       1  3.2    65   223     762    (-,-) 
  data_out_reg_reg[2]/D                               -       -     R     DFFHQX1LVT      1    -     -     0     762    (-,-) 
#-----------------------------------------------------------------------------------------------------------------------------



Path 15: MET (916 ps) Late External Delay Assertion at pin o_data[15]
          Group: clock
     Startpoint: (R) data_out_reg_reg[15]/CK
          Clock: (R) clock
       Endpoint: (F) o_data[15]
          Clock: (R) clock

                     Capture       Launch     
        Clock Edge:+    1600            0     
       Src Latency:+       0            0     
       Net Latency:+       0 (I)        0 (I) 
           Arrival:=    1600            0     
                                              
      Output Delay:-     500                  
     Required Time:=    1100                  
      Launch Clock:-       0                  
         Data Path:-     184                  
             Slack:=     916                  

Exceptions/Constraints:
  output_delay             500             fir_serial.sdc_line_3_9_1 

#-------------------------------------------------------------------------------------------------
#      Timing Point       Flags   Arc   Edge    Cell     Fanout Load Trans Delay Arrival Instance 
#                                                               (fF)  (ps)  (ps)   (ps)  Location 
#-------------------------------------------------------------------------------------------------
  data_out_reg_reg[15]/CK -       -     R     (arrival)      80    -     0     0       0    (-,-) 
  data_out_reg_reg[15]/Q  -       CK->Q F     DFFHQX1LVT      4  7.2   122   184     184    (-,-) 
  o_data[15]              -       -     F     (port)          -    -     -     0     184    (-,-) 
#-------------------------------------------------------------------------------------------------



Path 16: MET (916 ps) Late External Delay Assertion at pin o_data[16]
          Group: clock
     Startpoint: (R) data_out_reg_reg[15]/CK
          Clock: (R) clock
       Endpoint: (F) o_data[16]
          Clock: (R) clock

                     Capture       Launch     
        Clock Edge:+    1600            0     
       Src Latency:+       0            0     
       Net Latency:+       0 (I)        0 (I) 
           Arrival:=    1600            0     
                                              
      Output Delay:-     500                  
     Required Time:=    1100                  
      Launch Clock:-       0                  
         Data Path:-     184                  
             Slack:=     916                  

Exceptions/Constraints:
  output_delay             500             fir_serial.sdc_line_3_8_1 

#-------------------------------------------------------------------------------------------------
#      Timing Point       Flags   Arc   Edge    Cell     Fanout Load Trans Delay Arrival Instance 
#                                                               (fF)  (ps)  (ps)   (ps)  Location 
#-------------------------------------------------------------------------------------------------
  data_out_reg_reg[15]/CK -       -     R     (arrival)      80    -     0     0       0    (-,-) 
  data_out_reg_reg[15]/Q  -       CK->Q F     DFFHQX1LVT      4  7.2   122   184     184    (-,-) 
  o_data[16]              -       -     F     (port)          -    -     -     0     184    (-,-) 
#-------------------------------------------------------------------------------------------------



Path 17: MET (916 ps) Late External Delay Assertion at pin o_data[17]
          Group: clock
     Startpoint: (R) data_out_reg_reg[15]/CK
          Clock: (R) clock
       Endpoint: (F) o_data[17]
          Clock: (R) clock

                     Capture       Launch     
        Clock Edge:+    1600            0     
       Src Latency:+       0            0     
       Net Latency:+       0 (I)        0 (I) 
           Arrival:=    1600            0     
                                              
      Output Delay:-     500                  
     Required Time:=    1100                  
      Launch Clock:-       0                  
         Data Path:-     184                  
             Slack:=     916                  

Exceptions/Constraints:
  output_delay             500             fir_serial.sdc_line_3_7_1 

#-------------------------------------------------------------------------------------------------
#      Timing Point       Flags   Arc   Edge    Cell     Fanout Load Trans Delay Arrival Instance 
#                                                               (fF)  (ps)  (ps)   (ps)  Location 
#-------------------------------------------------------------------------------------------------
  data_out_reg_reg[15]/CK -       -     R     (arrival)      80    -     0     0       0    (-,-) 
  data_out_reg_reg[15]/Q  -       CK->Q F     DFFHQX1LVT      4  7.2   122   184     184    (-,-) 
  o_data[17]              -       -     F     (port)          -    -     -     0     184    (-,-) 
#-------------------------------------------------------------------------------------------------



Path 18: MET (916 ps) Late External Delay Assertion at pin o_data[18]
          Group: clock
     Startpoint: (R) data_out_reg_reg[15]/CK
          Clock: (R) clock
       Endpoint: (F) o_data[18]
          Clock: (R) clock

                     Capture       Launch     
        Clock Edge:+    1600            0     
       Src Latency:+       0            0     
       Net Latency:+       0 (I)        0 (I) 
           Arrival:=    1600            0     
                                              
      Output Delay:-     500                  
     Required Time:=    1100                  
      Launch Clock:-       0                  
         Data Path:-     184                  
             Slack:=     916                  

Exceptions/Constraints:
  output_delay             500             fir_serial.sdc_line_3 

#-------------------------------------------------------------------------------------------------
#      Timing Point       Flags   Arc   Edge    Cell     Fanout Load Trans Delay Arrival Instance 
#                                                               (fF)  (ps)  (ps)   (ps)  Location 
#-------------------------------------------------------------------------------------------------
  data_out_reg_reg[15]/CK -       -     R     (arrival)      80    -     0     0       0    (-,-) 
  data_out_reg_reg[15]/Q  -       CK->Q F     DFFHQX1LVT      4  7.2   122   184     184    (-,-) 
  o_data[18]              -       -     F     (port)          -    -     -     0     184    (-,-) 
#-------------------------------------------------------------------------------------------------



Path 19: MET (923 ps) Setup Check with Pin data_out_reg_reg[1]/CK->D
          Group: clock
     Startpoint: (R) shift_reg_reg[6][1]/CK
          Clock: (R) clock
       Endpoint: (R) data_out_reg_reg[1]/D
          Clock: (R) clock

                     Capture       Launch     
        Clock Edge:+    1600            0     
       Src Latency:+       0            0     
       Net Latency:+       0 (I)        0 (I) 
           Arrival:=    1600            0     
                                              
             Setup:-      86                  
     Required Time:=    1514                  
      Launch Clock:-       0                  
         Data Path:-     591                  
             Slack:=     923                  

#----------------------------------------------------------------------------------------------------------------------------
#                   Timing Point                     Flags   Arc   Edge    Cell     Fanout Load Trans Delay Arrival Instance 
#                                                                                          (fF)  (ps)  (ps)   (ps)  Location 
#----------------------------------------------------------------------------------------------------------------------------
  shift_reg_reg[6][1]/CK                             -       -     R     (arrival)      80    -     0     0       0    (-,-) 
  shift_reg_reg[6][1]/Q                              -       CK->Q R     DFFX1LVT        1  3.8    61   146     146    (-,-) 
  csa_tree_ADD_TC_OP_13_groupi_cdnfadd_001_0__2398/S -       A->S  F     ADDFX1LVT       1  3.5    73   227     373    (-,-) 
  csa_tree_ADD_TC_OP_13_groupi_g1172__6260/S         -       CI->S R     ADDFX1LVT       1  3.2    65   218     591    (-,-) 
  data_out_reg_reg[1]/D                              -       -     R     DFFHQX1LVT      1    -     -     0     591    (-,-) 
#----------------------------------------------------------------------------------------------------------------------------



Path 20: MET (953 ps) Late External Delay Assertion at pin o_data[0]
          Group: clock
     Startpoint: (R) data_out_reg_reg[0]/CK
          Clock: (R) clock
       Endpoint: (F) o_data[0]
          Clock: (R) clock

                     Capture       Launch     
        Clock Edge:+    1600            0     
       Src Latency:+       0            0     
       Net Latency:+       0 (I)        0 (I) 
           Arrival:=    1600            0     
                                              
      Output Delay:-     500                  
     Required Time:=    1100                  
      Launch Clock:-       0                  
         Data Path:-     147                  
             Slack:=     953                  

Exceptions/Constraints:
  output_delay             500             fir_serial.sdc_line_3_24_1 

#------------------------------------------------------------------------------------------------
#     Timing Point       Flags   Arc   Edge    Cell     Fanout Load Trans Delay Arrival Instance 
#                                                              (fF)  (ps)  (ps)   (ps)  Location 
#------------------------------------------------------------------------------------------------
  data_out_reg_reg[0]/CK -       -     R     (arrival)      80    -     0     0       0    (-,-) 
  data_out_reg_reg[0]/Q  -       CK->Q F     DFFHQX1LVT      1  2.9    53   147     147    (-,-) 
  o_data[0]              -       -     F     (port)          -    -     -     0     147    (-,-) 
#------------------------------------------------------------------------------------------------



Path 21: MET (953 ps) Late External Delay Assertion at pin o_data[1]
          Group: clock
     Startpoint: (R) data_out_reg_reg[1]/CK
          Clock: (R) clock
       Endpoint: (F) o_data[1]
          Clock: (R) clock

                     Capture       Launch     
        Clock Edge:+    1600            0     
       Src Latency:+       0            0     
       Net Latency:+       0 (I)        0 (I) 
           Arrival:=    1600            0     
                                              
      Output Delay:-     500                  
     Required Time:=    1100                  
      Launch Clock:-       0                  
         Data Path:-     147                  
             Slack:=     953                  

Exceptions/Constraints:
  output_delay             500             fir_serial.sdc_line_3_23_1 

#------------------------------------------------------------------------------------------------
#     Timing Point       Flags   Arc   Edge    Cell     Fanout Load Trans Delay Arrival Instance 
#                                                              (fF)  (ps)  (ps)   (ps)  Location 
#------------------------------------------------------------------------------------------------
  data_out_reg_reg[1]/CK -       -     R     (arrival)      80    -     0     0       0    (-,-) 
  data_out_reg_reg[1]/Q  -       CK->Q F     DFFHQX1LVT      1  2.9    53   147     147    (-,-) 
  o_data[1]              -       -     F     (port)          -    -     -     0     147    (-,-) 
#------------------------------------------------------------------------------------------------



Path 22: MET (953 ps) Late External Delay Assertion at pin o_data[2]
          Group: clock
     Startpoint: (R) data_out_reg_reg[2]/CK
          Clock: (R) clock
       Endpoint: (F) o_data[2]
          Clock: (R) clock

                     Capture       Launch     
        Clock Edge:+    1600            0     
       Src Latency:+       0            0     
       Net Latency:+       0 (I)        0 (I) 
           Arrival:=    1600            0     
                                              
      Output Delay:-     500                  
     Required Time:=    1100                  
      Launch Clock:-       0                  
         Data Path:-     147                  
             Slack:=     953                  

Exceptions/Constraints:
  output_delay             500             fir_serial.sdc_line_3_22_1 

#------------------------------------------------------------------------------------------------
#     Timing Point       Flags   Arc   Edge    Cell     Fanout Load Trans Delay Arrival Instance 
#                                                              (fF)  (ps)  (ps)   (ps)  Location 
#------------------------------------------------------------------------------------------------
  data_out_reg_reg[2]/CK -       -     R     (arrival)      80    -     0     0       0    (-,-) 
  data_out_reg_reg[2]/Q  -       CK->Q F     DFFHQX1LVT      1  2.9    53   147     147    (-,-) 
  o_data[2]              -       -     F     (port)          -    -     -     0     147    (-,-) 
#------------------------------------------------------------------------------------------------



Path 23: MET (953 ps) Late External Delay Assertion at pin o_data[3]
          Group: clock
     Startpoint: (R) data_out_reg_reg[3]/CK
          Clock: (R) clock
       Endpoint: (F) o_data[3]
          Clock: (R) clock

                     Capture       Launch     
        Clock Edge:+    1600            0     
       Src Latency:+       0            0     
       Net Latency:+       0 (I)        0 (I) 
           Arrival:=    1600            0     
                                              
      Output Delay:-     500                  
     Required Time:=    1100                  
      Launch Clock:-       0                  
         Data Path:-     147                  
             Slack:=     953                  

Exceptions/Constraints:
  output_delay             500             fir_serial.sdc_line_3_21_1 

#------------------------------------------------------------------------------------------------
#     Timing Point       Flags   Arc   Edge    Cell     Fanout Load Trans Delay Arrival Instance 
#                                                              (fF)  (ps)  (ps)   (ps)  Location 
#------------------------------------------------------------------------------------------------
  data_out_reg_reg[3]/CK -       -     R     (arrival)      80    -     0     0       0    (-,-) 
  data_out_reg_reg[3]/Q  -       CK->Q F     DFFHQX1LVT      1  2.9    53   147     147    (-,-) 
  o_data[3]              -       -     F     (port)          -    -     -     0     147    (-,-) 
#------------------------------------------------------------------------------------------------



Path 24: MET (953 ps) Late External Delay Assertion at pin o_data[4]
          Group: clock
     Startpoint: (R) data_out_reg_reg[4]/CK
          Clock: (R) clock
       Endpoint: (F) o_data[4]
          Clock: (R) clock

                     Capture       Launch     
        Clock Edge:+    1600            0     
       Src Latency:+       0            0     
       Net Latency:+       0 (I)        0 (I) 
           Arrival:=    1600            0     
                                              
      Output Delay:-     500                  
     Required Time:=    1100                  
      Launch Clock:-       0                  
         Data Path:-     147                  
             Slack:=     953                  

Exceptions/Constraints:
  output_delay             500             fir_serial.sdc_line_3_20_1 

#------------------------------------------------------------------------------------------------
#     Timing Point       Flags   Arc   Edge    Cell     Fanout Load Trans Delay Arrival Instance 
#                                                              (fF)  (ps)  (ps)   (ps)  Location 
#------------------------------------------------------------------------------------------------
  data_out_reg_reg[4]/CK -       -     R     (arrival)      80    -     0     0       0    (-,-) 
  data_out_reg_reg[4]/Q  -       CK->Q F     DFFHQX1LVT      1  2.9    53   147     147    (-,-) 
  o_data[4]              -       -     F     (port)          -    -     -     0     147    (-,-) 
#------------------------------------------------------------------------------------------------



Path 25: MET (953 ps) Late External Delay Assertion at pin o_data[5]
          Group: clock
     Startpoint: (R) data_out_reg_reg[5]/CK
          Clock: (R) clock
       Endpoint: (F) o_data[5]
          Clock: (R) clock

                     Capture       Launch     
        Clock Edge:+    1600            0     
       Src Latency:+       0            0     
       Net Latency:+       0 (I)        0 (I) 
           Arrival:=    1600            0     
                                              
      Output Delay:-     500                  
     Required Time:=    1100                  
      Launch Clock:-       0                  
         Data Path:-     147                  
             Slack:=     953                  

Exceptions/Constraints:
  output_delay             500             fir_serial.sdc_line_3_19_1 

#------------------------------------------------------------------------------------------------
#     Timing Point       Flags   Arc   Edge    Cell     Fanout Load Trans Delay Arrival Instance 
#                                                              (fF)  (ps)  (ps)   (ps)  Location 
#------------------------------------------------------------------------------------------------
  data_out_reg_reg[5]/CK -       -     R     (arrival)      80    -     0     0       0    (-,-) 
  data_out_reg_reg[5]/Q  -       CK->Q F     DFFHQX1LVT      1  2.9    53   147     147    (-,-) 
  o_data[5]              -       -     F     (port)          -    -     -     0     147    (-,-) 
#------------------------------------------------------------------------------------------------



Path 26: MET (953 ps) Late External Delay Assertion at pin o_data[6]
          Group: clock
     Startpoint: (R) data_out_reg_reg[6]/CK
          Clock: (R) clock
       Endpoint: (F) o_data[6]
          Clock: (R) clock

                     Capture       Launch     
        Clock Edge:+    1600            0     
       Src Latency:+       0            0     
       Net Latency:+       0 (I)        0 (I) 
           Arrival:=    1600            0     
                                              
      Output Delay:-     500                  
     Required Time:=    1100                  
      Launch Clock:-       0                  
         Data Path:-     147                  
             Slack:=     953                  

Exceptions/Constraints:
  output_delay             500             fir_serial.sdc_line_3_18_1 

#------------------------------------------------------------------------------------------------
#     Timing Point       Flags   Arc   Edge    Cell     Fanout Load Trans Delay Arrival Instance 
#                                                              (fF)  (ps)  (ps)   (ps)  Location 
#------------------------------------------------------------------------------------------------
  data_out_reg_reg[6]/CK -       -     R     (arrival)      80    -     0     0       0    (-,-) 
  data_out_reg_reg[6]/Q  -       CK->Q F     DFFHQX1LVT      1  2.9    53   147     147    (-,-) 
  o_data[6]              -       -     F     (port)          -    -     -     0     147    (-,-) 
#------------------------------------------------------------------------------------------------



Path 27: MET (953 ps) Late External Delay Assertion at pin o_data[7]
          Group: clock
     Startpoint: (R) data_out_reg_reg[7]/CK
          Clock: (R) clock
       Endpoint: (F) o_data[7]
          Clock: (R) clock

                     Capture       Launch     
        Clock Edge:+    1600            0     
       Src Latency:+       0            0     
       Net Latency:+       0 (I)        0 (I) 
           Arrival:=    1600            0     
                                              
      Output Delay:-     500                  
     Required Time:=    1100                  
      Launch Clock:-       0                  
         Data Path:-     147                  
             Slack:=     953                  

Exceptions/Constraints:
  output_delay             500             fir_serial.sdc_line_3_17_1 

#------------------------------------------------------------------------------------------------
#     Timing Point       Flags   Arc   Edge    Cell     Fanout Load Trans Delay Arrival Instance 
#                                                              (fF)  (ps)  (ps)   (ps)  Location 
#------------------------------------------------------------------------------------------------
  data_out_reg_reg[7]/CK -       -     R     (arrival)      80    -     0     0       0    (-,-) 
  data_out_reg_reg[7]/Q  -       CK->Q F     DFFHQX1LVT      1  2.9    53   147     147    (-,-) 
  o_data[7]              -       -     F     (port)          -    -     -     0     147    (-,-) 
#------------------------------------------------------------------------------------------------



Path 28: MET (953 ps) Late External Delay Assertion at pin o_data[8]
          Group: clock
     Startpoint: (R) data_out_reg_reg[8]/CK
          Clock: (R) clock
       Endpoint: (F) o_data[8]
          Clock: (R) clock

                     Capture       Launch     
        Clock Edge:+    1600            0     
       Src Latency:+       0            0     
       Net Latency:+       0 (I)        0 (I) 
           Arrival:=    1600            0     
                                              
      Output Delay:-     500                  
     Required Time:=    1100                  
      Launch Clock:-       0                  
         Data Path:-     147                  
             Slack:=     953                  

Exceptions/Constraints:
  output_delay             500             fir_serial.sdc_line_3_16_1 

#------------------------------------------------------------------------------------------------
#     Timing Point       Flags   Arc   Edge    Cell     Fanout Load Trans Delay Arrival Instance 
#                                                              (fF)  (ps)  (ps)   (ps)  Location 
#------------------------------------------------------------------------------------------------
  data_out_reg_reg[8]/CK -       -     R     (arrival)      80    -     0     0       0    (-,-) 
  data_out_reg_reg[8]/Q  -       CK->Q F     DFFHQX1LVT      1  2.9    53   147     147    (-,-) 
  o_data[8]              -       -     F     (port)          -    -     -     0     147    (-,-) 
#------------------------------------------------------------------------------------------------



Path 29: MET (953 ps) Late External Delay Assertion at pin o_data[9]
          Group: clock
     Startpoint: (R) data_out_reg_reg[9]/CK
          Clock: (R) clock
       Endpoint: (F) o_data[9]
          Clock: (R) clock

                     Capture       Launch     
        Clock Edge:+    1600            0     
       Src Latency:+       0            0     
       Net Latency:+       0 (I)        0 (I) 
           Arrival:=    1600            0     
                                              
      Output Delay:-     500                  
     Required Time:=    1100                  
      Launch Clock:-       0                  
         Data Path:-     147                  
             Slack:=     953                  

Exceptions/Constraints:
  output_delay             500             fir_serial.sdc_line_3_15_1 

#------------------------------------------------------------------------------------------------
#     Timing Point       Flags   Arc   Edge    Cell     Fanout Load Trans Delay Arrival Instance 
#                                                              (fF)  (ps)  (ps)   (ps)  Location 
#------------------------------------------------------------------------------------------------
  data_out_reg_reg[9]/CK -       -     R     (arrival)      80    -     0     0       0    (-,-) 
  data_out_reg_reg[9]/Q  -       CK->Q F     DFFHQX1LVT      1  2.9    53   147     147    (-,-) 
  o_data[9]              -       -     F     (port)          -    -     -     0     147    (-,-) 
#------------------------------------------------------------------------------------------------



Path 30: MET (953 ps) Late External Delay Assertion at pin o_data[10]
          Group: clock
     Startpoint: (R) data_out_reg_reg[10]/CK
          Clock: (R) clock
       Endpoint: (F) o_data[10]
          Clock: (R) clock

                     Capture       Launch     
        Clock Edge:+    1600            0     
       Src Latency:+       0            0     
       Net Latency:+       0 (I)        0 (I) 
           Arrival:=    1600            0     
                                              
      Output Delay:-     500                  
     Required Time:=    1100                  
      Launch Clock:-       0                  
         Data Path:-     147                  
             Slack:=     953                  

Exceptions/Constraints:
  output_delay             500             fir_serial.sdc_line_3_14_1 

#-------------------------------------------------------------------------------------------------
#      Timing Point       Flags   Arc   Edge    Cell     Fanout Load Trans Delay Arrival Instance 
#                                                               (fF)  (ps)  (ps)   (ps)  Location 
#-------------------------------------------------------------------------------------------------
  data_out_reg_reg[10]/CK -       -     R     (arrival)      80    -     0     0       0    (-,-) 
  data_out_reg_reg[10]/Q  -       CK->Q F     DFFHQX1LVT      1  2.9    53   147     147    (-,-) 
  o_data[10]              -       -     F     (port)          -    -     -     0     147    (-,-) 
#-------------------------------------------------------------------------------------------------



Path 31: MET (953 ps) Late External Delay Assertion at pin o_data[11]
          Group: clock
     Startpoint: (R) data_out_reg_reg[11]/CK
          Clock: (R) clock
       Endpoint: (F) o_data[11]
          Clock: (R) clock

                     Capture       Launch     
        Clock Edge:+    1600            0     
       Src Latency:+       0            0     
       Net Latency:+       0 (I)        0 (I) 
           Arrival:=    1600            0     
                                              
      Output Delay:-     500                  
     Required Time:=    1100                  
      Launch Clock:-       0                  
         Data Path:-     147                  
             Slack:=     953                  

Exceptions/Constraints:
  output_delay             500             fir_serial.sdc_line_3_13_1 

#-------------------------------------------------------------------------------------------------
#      Timing Point       Flags   Arc   Edge    Cell     Fanout Load Trans Delay Arrival Instance 
#                                                               (fF)  (ps)  (ps)   (ps)  Location 
#-------------------------------------------------------------------------------------------------
  data_out_reg_reg[11]/CK -       -     R     (arrival)      80    -     0     0       0    (-,-) 
  data_out_reg_reg[11]/Q  -       CK->Q F     DFFHQX1LVT      1  2.9    53   147     147    (-,-) 
  o_data[11]              -       -     F     (port)          -    -     -     0     147    (-,-) 
#-------------------------------------------------------------------------------------------------



Path 32: MET (953 ps) Late External Delay Assertion at pin o_data[12]
          Group: clock
     Startpoint: (R) data_out_reg_reg[12]/CK
          Clock: (R) clock
       Endpoint: (F) o_data[12]
          Clock: (R) clock

                     Capture       Launch     
        Clock Edge:+    1600            0     
       Src Latency:+       0            0     
       Net Latency:+       0 (I)        0 (I) 
           Arrival:=    1600            0     
                                              
      Output Delay:-     500                  
     Required Time:=    1100                  
      Launch Clock:-       0                  
         Data Path:-     147                  
             Slack:=     953                  

Exceptions/Constraints:
  output_delay             500             fir_serial.sdc_line_3_12_1 

#-------------------------------------------------------------------------------------------------
#      Timing Point       Flags   Arc   Edge    Cell     Fanout Load Trans Delay Arrival Instance 
#                                                               (fF)  (ps)  (ps)   (ps)  Location 
#-------------------------------------------------------------------------------------------------
  data_out_reg_reg[12]/CK -       -     R     (arrival)      80    -     0     0       0    (-,-) 
  data_out_reg_reg[12]/Q  -       CK->Q F     DFFHQX1LVT      1  2.9    53   147     147    (-,-) 
  o_data[12]              -       -     F     (port)          -    -     -     0     147    (-,-) 
#-------------------------------------------------------------------------------------------------



Path 33: MET (953 ps) Late External Delay Assertion at pin o_data[13]
          Group: clock
     Startpoint: (R) data_out_reg_reg[13]/CK
          Clock: (R) clock
       Endpoint: (F) o_data[13]
          Clock: (R) clock

                     Capture       Launch     
        Clock Edge:+    1600            0     
       Src Latency:+       0            0     
       Net Latency:+       0 (I)        0 (I) 
           Arrival:=    1600            0     
                                              
      Output Delay:-     500                  
     Required Time:=    1100                  
      Launch Clock:-       0                  
         Data Path:-     147                  
             Slack:=     953                  

Exceptions/Constraints:
  output_delay             500             fir_serial.sdc_line_3_11_1 

#-------------------------------------------------------------------------------------------------
#      Timing Point       Flags   Arc   Edge    Cell     Fanout Load Trans Delay Arrival Instance 
#                                                               (fF)  (ps)  (ps)   (ps)  Location 
#-------------------------------------------------------------------------------------------------
  data_out_reg_reg[13]/CK -       -     R     (arrival)      80    -     0     0       0    (-,-) 
  data_out_reg_reg[13]/Q  -       CK->Q F     DFFHQX1LVT      1  2.9    53   147     147    (-,-) 
  o_data[13]              -       -     F     (port)          -    -     -     0     147    (-,-) 
#-------------------------------------------------------------------------------------------------



Path 34: MET (953 ps) Late External Delay Assertion at pin o_data[14]
          Group: clock
     Startpoint: (R) data_out_reg_reg[14]/CK
          Clock: (R) clock
       Endpoint: (F) o_data[14]
          Clock: (R) clock

                     Capture       Launch     
        Clock Edge:+    1600            0     
       Src Latency:+       0            0     
       Net Latency:+       0 (I)        0 (I) 
           Arrival:=    1600            0     
                                              
      Output Delay:-     500                  
     Required Time:=    1100                  
      Launch Clock:-       0                  
         Data Path:-     147                  
             Slack:=     953                  

Exceptions/Constraints:
  output_delay             500             fir_serial.sdc_line_3_10_1 

#-------------------------------------------------------------------------------------------------
#      Timing Point       Flags   Arc   Edge    Cell     Fanout Load Trans Delay Arrival Instance 
#                                                               (fF)  (ps)  (ps)   (ps)  Location 
#-------------------------------------------------------------------------------------------------
  data_out_reg_reg[14]/CK -       -     R     (arrival)      80    -     0     0       0    (-,-) 
  data_out_reg_reg[14]/Q  -       CK->Q F     DFFHQX1LVT      1  2.9    53   147     147    (-,-) 
  o_data[14]              -       -     F     (port)          -    -     -     0     147    (-,-) 
#-------------------------------------------------------------------------------------------------



Path 35: MET (1033 ps) Setup Check with Pin data_in_reg_reg[3]/CK->D
          Group: clock
     Startpoint: (R) i_data[3]
          Clock: (R) clock
       Endpoint: (R) data_in_reg_reg[3]/D
          Clock: (R) clock

                     Capture       Launch     
        Clock Edge:+    1600            0     
        Drv Adjust:+       0            0     
       Src Latency:+       0            0     
       Net Latency:+       0 (I)        0 (I) 
           Arrival:=    1600            0     
                                              
             Setup:-      67                  
     Required Time:=    1533                  
      Launch Clock:-       0                  
       Input Delay:-     500                  
         Data Path:-       0                  
             Slack:=    1033                  

Exceptions/Constraints:
  input_delay             500             fir_serial.sdc_line_2_4_1 

#---------------------------------------------------------------------------------------------
#    Timing Point      Flags   Arc   Edge   Cell     Fanout Load Trans Delay Arrival Instance 
#                                                           (fF)  (ps)  (ps)   (ps)  Location 
#---------------------------------------------------------------------------------------------
  i_data[3]            -       -     R     (arrival)      1  3.1     0     0     500    (-,-) 
  data_in_reg_reg[3]/D -       -     R     DFFX4LVT       1    -     -     0     500    (-,-) 
#---------------------------------------------------------------------------------------------



Path 36: MET (1033 ps) Setup Check with Pin data_in_reg_reg[2]/CK->D
          Group: clock
     Startpoint: (R) i_data[2]
          Clock: (R) clock
       Endpoint: (R) data_in_reg_reg[2]/D
          Clock: (R) clock

                     Capture       Launch     
        Clock Edge:+    1600            0     
        Drv Adjust:+       0            0     
       Src Latency:+       0            0     
       Net Latency:+       0 (I)        0 (I) 
           Arrival:=    1600            0     
                                              
             Setup:-      67                  
     Required Time:=    1533                  
      Launch Clock:-       0                  
       Input Delay:-     500                  
         Data Path:-       0                  
             Slack:=    1033                  

Exceptions/Constraints:
  input_delay             500             fir_serial.sdc_line_2_5_1 

#---------------------------------------------------------------------------------------------
#    Timing Point      Flags   Arc   Edge   Cell     Fanout Load Trans Delay Arrival Instance 
#                                                           (fF)  (ps)  (ps)   (ps)  Location 
#---------------------------------------------------------------------------------------------
  i_data[2]            -       -     R     (arrival)      1  3.1     0     0     500    (-,-) 
  data_in_reg_reg[2]/D -       -     R     DFFX4LVT       1    -     -     0     500    (-,-) 
#---------------------------------------------------------------------------------------------



Path 37: MET (1033 ps) Setup Check with Pin data_in_reg_reg[4]/CK->D
          Group: clock
     Startpoint: (R) i_data[4]
          Clock: (R) clock
       Endpoint: (R) data_in_reg_reg[4]/D
          Clock: (R) clock

                     Capture       Launch     
        Clock Edge:+    1600            0     
        Drv Adjust:+       0            0     
       Src Latency:+       0            0     
       Net Latency:+       0 (I)        0 (I) 
           Arrival:=    1600            0     
                                              
             Setup:-      67                  
     Required Time:=    1533                  
      Launch Clock:-       0                  
       Input Delay:-     500                  
         Data Path:-       0                  
             Slack:=    1033                  

Exceptions/Constraints:
  input_delay             500             fir_serial.sdc_line_2_3_1 

#---------------------------------------------------------------------------------------------
#    Timing Point      Flags   Arc   Edge   Cell     Fanout Load Trans Delay Arrival Instance 
#                                                           (fF)  (ps)  (ps)   (ps)  Location 
#---------------------------------------------------------------------------------------------
  i_data[4]            -       -     R     (arrival)      1  3.1     0     0     500    (-,-) 
  data_in_reg_reg[4]/D -       -     R     DFFX4LVT       1    -     -     0     500    (-,-) 
#---------------------------------------------------------------------------------------------



Path 38: MET (1033 ps) Setup Check with Pin data_in_reg_reg[7]/CK->D
          Group: clock
     Startpoint: (R) i_data[7]
          Clock: (R) clock
       Endpoint: (R) data_in_reg_reg[7]/D
          Clock: (R) clock

                     Capture       Launch     
        Clock Edge:+    1600            0     
        Drv Adjust:+       0            0     
       Src Latency:+       0            0     
       Net Latency:+       0 (I)        0 (I) 
           Arrival:=    1600            0     
                                              
             Setup:-      67                  
     Required Time:=    1533                  
      Launch Clock:-       0                  
       Input Delay:-     500                  
         Data Path:-       0                  
             Slack:=    1033                  

Exceptions/Constraints:
  input_delay             500             fir_serial.sdc_line_2 

#---------------------------------------------------------------------------------------------
#    Timing Point      Flags   Arc   Edge   Cell     Fanout Load Trans Delay Arrival Instance 
#                                                           (fF)  (ps)  (ps)   (ps)  Location 
#---------------------------------------------------------------------------------------------
  i_data[7]            -       -     R     (arrival)      1  3.1     0     0     500    (-,-) 
  data_in_reg_reg[7]/D -       -     R     DFFX4LVT       1    -     -     0     500    (-,-) 
#---------------------------------------------------------------------------------------------



Path 39: MET (1033 ps) Setup Check with Pin data_in_reg_reg[1]/CK->D
          Group: clock
     Startpoint: (R) i_data[1]
          Clock: (R) clock
       Endpoint: (R) data_in_reg_reg[1]/D
          Clock: (R) clock

                     Capture       Launch     
        Clock Edge:+    1600            0     
        Drv Adjust:+       0            0     
       Src Latency:+       0            0     
       Net Latency:+       0 (I)        0 (I) 
           Arrival:=    1600            0     
                                              
             Setup:-      67                  
     Required Time:=    1533                  
      Launch Clock:-       0                  
       Input Delay:-     500                  
         Data Path:-       0                  
             Slack:=    1033                  

Exceptions/Constraints:
  input_delay             500             fir_serial.sdc_line_2_6_1 

#---------------------------------------------------------------------------------------------
#    Timing Point      Flags   Arc   Edge   Cell     Fanout Load Trans Delay Arrival Instance 
#                                                           (fF)  (ps)  (ps)   (ps)  Location 
#---------------------------------------------------------------------------------------------
  i_data[1]            -       -     R     (arrival)      1  3.1     0     0     500    (-,-) 
  data_in_reg_reg[1]/D -       -     R     DFFX4LVT       1    -     -     0     500    (-,-) 
#---------------------------------------------------------------------------------------------



Path 40: MET (1036 ps) Setup Check with Pin data_in_reg_reg[0]/CK->D
          Group: clock
     Startpoint: (R) i_data[0]
          Clock: (R) clock
       Endpoint: (R) data_in_reg_reg[0]/D
          Clock: (R) clock

                     Capture       Launch     
        Clock Edge:+    1600            0     
        Drv Adjust:+       0            0     
       Src Latency:+       0            0     
       Net Latency:+       0 (I)        0 (I) 
           Arrival:=    1600            0     
                                              
             Setup:-      64                  
     Required Time:=    1536                  
      Launch Clock:-       0                  
       Input Delay:-     500                  
         Data Path:-       0                  
             Slack:=    1036                  

Exceptions/Constraints:
  input_delay             500             fir_serial.sdc_line_2_7_1 

#---------------------------------------------------------------------------------------------
#    Timing Point      Flags   Arc   Edge   Cell     Fanout Load Trans Delay Arrival Instance 
#                                                           (fF)  (ps)  (ps)   (ps)  Location 
#---------------------------------------------------------------------------------------------
  i_data[0]            -       -     R     (arrival)      1  3.1     0     0     500    (-,-) 
  data_in_reg_reg[0]/D -       -     R     DFFX1LVT       1    -     -     0     500    (-,-) 
#---------------------------------------------------------------------------------------------



Path 41: MET (1037 ps) Setup Check with Pin data_in_reg_reg[5]/CK->D
          Group: clock
     Startpoint: (R) i_data[5]
          Clock: (R) clock
       Endpoint: (R) data_in_reg_reg[5]/D
          Clock: (R) clock

                     Capture       Launch     
        Clock Edge:+    1600            0     
        Drv Adjust:+       0            0     
       Src Latency:+       0            0     
       Net Latency:+       0 (I)        0 (I) 
           Arrival:=    1600            0     
                                              
             Setup:-      63                  
     Required Time:=    1537                  
      Launch Clock:-       0                  
       Input Delay:-     500                  
         Data Path:-       0                  
             Slack:=    1037                  

Exceptions/Constraints:
  input_delay             500             fir_serial.sdc_line_2_2_1 

#----------------------------------------------------------------------------------------------
#    Timing Point      Flags   Arc   Edge    Cell     Fanout Load Trans Delay Arrival Instance 
#                                                            (fF)  (ps)  (ps)   (ps)  Location 
#----------------------------------------------------------------------------------------------
  i_data[5]            -       -     R     (arrival)       1  3.2     0     0     500    (-,-) 
  data_in_reg_reg[5]/D -       -     R     DFFHQX4LVT      1    -     -     0     500    (-,-) 
#----------------------------------------------------------------------------------------------



Path 42: MET (1037 ps) Setup Check with Pin data_in_reg_reg[6]/CK->D
          Group: clock
     Startpoint: (R) i_data[6]
          Clock: (R) clock
       Endpoint: (R) data_in_reg_reg[6]/D
          Clock: (R) clock

                     Capture       Launch     
        Clock Edge:+    1600            0     
        Drv Adjust:+       0            0     
       Src Latency:+       0            0     
       Net Latency:+       0 (I)        0 (I) 
           Arrival:=    1600            0     
                                              
             Setup:-      63                  
     Required Time:=    1537                  
      Launch Clock:-       0                  
       Input Delay:-     500                  
         Data Path:-       0                  
             Slack:=    1037                  

Exceptions/Constraints:
  input_delay             500             fir_serial.sdc_line_2_1_1 

#----------------------------------------------------------------------------------------------
#    Timing Point      Flags   Arc   Edge    Cell     Fanout Load Trans Delay Arrival Instance 
#                                                            (fF)  (ps)  (ps)   (ps)  Location 
#----------------------------------------------------------------------------------------------
  i_data[6]            -       -     R     (arrival)       1  3.2     0     0     500    (-,-) 
  data_in_reg_reg[6]/D -       -     R     DFFHQX4LVT      1    -     -     0     500    (-,-) 
#----------------------------------------------------------------------------------------------



Path 43: MET (1166 ps) Setup Check with Pin shift_reg_reg[3][3]/CK->D
          Group: clock
     Startpoint: (R) shift_reg_reg[2][3]/CK
          Clock: (R) clock
       Endpoint: (R) shift_reg_reg[3][3]/D
          Clock: (R) clock

                     Capture       Launch     
        Clock Edge:+    1600            0     
       Src Latency:+       0            0     
       Net Latency:+       0 (I)        0 (I) 
           Arrival:=    1600            0     
                                              
             Setup:-      84                  
     Required Time:=    1516                  
      Launch Clock:-       0                  
         Data Path:-     350                  
             Slack:=    1166                  

#-------------------------------------------------------------------------------------------------
#     Timing Point       Flags   Arc   Edge    Cell      Fanout Load Trans Delay Arrival Instance 
#                                                               (fF)  (ps)  (ps)   (ps)  Location 
#-------------------------------------------------------------------------------------------------
  shift_reg_reg[2][3]/CK -       -     R     (arrival)       80    -     0     0       0    (-,-) 
  shift_reg_reg[2][3]/Q  -       CK->Q R     DFFHQX4LVT       1  6.5    33   138     138    (-,-) 
  fopt2653/Y             -       A->Y  F     CLKINVX8LVT      2  5.7    24    26     164    (-,-) 
  fopt2655/Y             -       A->Y  F     BUFX4LVT         2  7.0    41    68     232    (-,-) 
  g2657/Y                -       A->Y  F     BUFX2LVT         1  3.3    36    70     302    (-,-) 
  fopt2656/Y             -       A->Y  R     INVX1LVT         1  3.2    55    48     350    (-,-) 
  shift_reg_reg[3][3]/D  -       -     R     DFFHQX4LVT       1    -     -     0     350    (-,-) 
#-------------------------------------------------------------------------------------------------



Path 44: MET (1185 ps) Setup Check with Pin data_out_reg_reg[0]/CK->D
          Group: clock
     Startpoint: (R) data_in_reg_reg[0]/CK
          Clock: (R) clock
       Endpoint: (R) data_out_reg_reg[0]/D
          Clock: (R) clock

                     Capture       Launch     
        Clock Edge:+    1600            0     
       Src Latency:+       0            0     
       Net Latency:+       0 (I)        0 (I) 
           Arrival:=    1600            0     
                                              
             Setup:-      83                  
     Required Time:=    1517                  
      Launch Clock:-       0                  
         Data Path:-     332                  
             Slack:=    1185                  

#--------------------------------------------------------------------------------------------------------------------
#               Timing Point                 Flags   Arc   Edge    Cell     Fanout Load Trans Delay Arrival Instance 
#                                                                                  (fF)  (ps)  (ps)   (ps)  Location 
#--------------------------------------------------------------------------------------------------------------------
  data_in_reg_reg[0]/CK                      -       -     R     (arrival)      80    -     0     0       0    (-,-) 
  data_in_reg_reg[0]/Q                       -       CK->Q F     DFFX1LVT        2  5.0    87   170     170    (-,-) 
  csa_tree_ADD_TC_OP_13_groupi_g1173__4319/S -       A->S  R     ADDHX1LVT       1  3.2    57   163     332    (-,-) 
  data_out_reg_reg[0]/D                      -       -     R     DFFHQX1LVT      1    -     -     0     332    (-,-) 
#--------------------------------------------------------------------------------------------------------------------



Path 45: MET (1277 ps) Setup Check with Pin shift_reg_reg[1][0]/CK->D
          Group: clock
     Startpoint: (R) shift_reg_reg[0][0]/CK
          Clock: (R) clock
       Endpoint: (R) shift_reg_reg[1][0]/D
          Clock: (R) clock

                     Capture       Launch     
        Clock Edge:+    1600            0     
       Src Latency:+       0            0     
       Net Latency:+       0 (I)        0 (I) 
           Arrival:=    1600            0     
                                              
             Setup:-      88                  
     Required Time:=    1512                  
      Launch Clock:-       0                  
         Data Path:-     235                  
             Slack:=    1277                  

#------------------------------------------------------------------------------------------------
#     Timing Point       Flags    Arc   Edge   Cell     Fanout Load Trans Delay Arrival Instance 
#                                                              (fF)  (ps)  (ps)   (ps)  Location 
#------------------------------------------------------------------------------------------------
  shift_reg_reg[0][0]/CK -       -      R     (arrival)     80    -     0     0       0    (-,-) 
  shift_reg_reg[0][0]/QN -       CK->QN F     DFFX4LVT       2  6.0    37   188     188    (-,-) 
  fopt2579/Y             -       A->Y   R     INVX1LVT       1  3.1    53    47     235    (-,-) 
  shift_reg_reg[1][0]/D  -       -      R     DFFQX2LVT      1    -     -     0     235    (-,-) 
#------------------------------------------------------------------------------------------------



Path 46: MET (1280 ps) Setup Check with Pin shift_reg_reg[5][6]/CK->D
          Group: clock
     Startpoint: (R) shift_reg_reg[4][6]/CK
          Clock: (R) clock
       Endpoint: (R) shift_reg_reg[5][6]/D
          Clock: (R) clock

                     Capture       Launch     
        Clock Edge:+    1600            0     
       Src Latency:+       0            0     
       Net Latency:+       0 (I)        0 (I) 
           Arrival:=    1600            0     
                                              
             Setup:-      86                  
     Required Time:=    1514                  
      Launch Clock:-       0                  
         Data Path:-     233                  
             Slack:=    1280                  

#------------------------------------------------------------------------------------------------
#     Timing Point       Flags   Arc   Edge    Cell     Fanout Load Trans Delay Arrival Instance 
#                                                              (fF)  (ps)  (ps)   (ps)  Location 
#------------------------------------------------------------------------------------------------
  shift_reg_reg[4][6]/CK -       -     R     (arrival)      80    -     0     0       0    (-,-) 
  shift_reg_reg[4][6]/Q  -       CK->Q R     DFFHQX8LVT      3  7.9    28   157     157    (-,-) 
  fopt1581/Y             -       A->Y  R     BUFX4LVT        3 10.5    49    76     233    (-,-) 
  shift_reg_reg[5][6]/D  -       -     R     DFFX4LVT        3    -     -     0     233    (-,-) 
#------------------------------------------------------------------------------------------------



Path 47: MET (1282 ps) Setup Check with Pin shift_reg_reg[6][5]/CK->D
          Group: clock
     Startpoint: (R) shift_reg_reg[5][5]/CK
          Clock: (R) clock
       Endpoint: (R) shift_reg_reg[6][5]/D
          Clock: (R) clock

                     Capture       Launch     
        Clock Edge:+    1600            0     
       Src Latency:+       0            0     
       Net Latency:+       0 (I)        0 (I) 
           Arrival:=    1600            0     
                                              
             Setup:-      84                  
     Required Time:=    1516                  
      Launch Clock:-       0                  
         Data Path:-     234                  
             Slack:=    1282                  

#-------------------------------------------------------------------------------------------------
#     Timing Point       Flags    Arc   Edge    Cell     Fanout Load Trans Delay Arrival Instance 
#                                                               (fF)  (ps)  (ps)   (ps)  Location 
#-------------------------------------------------------------------------------------------------
  shift_reg_reg[5][5]/CK -       -      R     (arrival)      80    -     0     0       0    (-,-) 
  shift_reg_reg[5][5]/QN -       CK->QN F     DFFX4LVT        2  5.4    34   187     187    (-,-) 
  fopt2647/Y             -       A->Y   R     INVX1LVT        1  3.2    54    47     234    (-,-) 
  shift_reg_reg[6][5]/D  -       -      R     DFFHQX4LVT      1    -     -     0     234    (-,-) 
#-------------------------------------------------------------------------------------------------



Path 48: MET (1289 ps) Setup Check with Pin shift_reg_reg[4][3]/CK->D
          Group: clock
     Startpoint: (R) shift_reg_reg[3][3]/CK
          Clock: (R) clock
       Endpoint: (R) shift_reg_reg[4][3]/D
          Clock: (R) clock

                     Capture       Launch     
        Clock Edge:+    1600            0     
       Src Latency:+       0            0     
       Net Latency:+       0 (I)        0 (I) 
           Arrival:=    1600            0     
                                              
             Setup:-      88                  
     Required Time:=    1512                  
      Launch Clock:-       0                  
         Data Path:-     224                  
             Slack:=    1289                  

#------------------------------------------------------------------------------------------------
#     Timing Point       Flags   Arc   Edge    Cell     Fanout Load Trans Delay Arrival Instance 
#                                                              (fF)  (ps)  (ps)   (ps)  Location 
#------------------------------------------------------------------------------------------------
  shift_reg_reg[3][3]/CK -       -     R     (arrival)      80    -     0     0       0    (-,-) 
  shift_reg_reg[3][3]/Q  -       CK->Q R     DFFHQX4LVT      3  7.7    38   140     140    (-,-) 
  fopt3062/Y             -       A->Y  R     BUFX2LVT        2  6.0    53    83     224    (-,-) 
  shift_reg_reg[4][3]/D  -       -     R     DFFX4LVT        2    -     -     0     224    (-,-) 
#------------------------------------------------------------------------------------------------



Path 49: MET (1290 ps) Setup Check with Pin shift_reg_reg[1][4]/CK->D
          Group: clock
     Startpoint: (R) shift_reg_reg[0][4]/CK
          Clock: (R) clock
       Endpoint: (R) shift_reg_reg[1][4]/D
          Clock: (R) clock

                     Capture       Launch     
        Clock Edge:+    1600            0     
       Src Latency:+       0            0     
       Net Latency:+       0 (I)        0 (I) 
           Arrival:=    1600            0     
                                              
             Setup:-      79                  
     Required Time:=    1521                  
      Launch Clock:-       0                  
         Data Path:-     231                  
             Slack:=    1290                  

#--------------------------------------------------------------------------------------------------
#     Timing Point       Flags   Arc   Edge     Cell      Fanout Load Trans Delay Arrival Instance 
#                                                                (fF)  (ps)  (ps)   (ps)  Location 
#--------------------------------------------------------------------------------------------------
  shift_reg_reg[0][4]/CK -       -     R     (arrival)        80    -     0     0       0    (-,-) 
  shift_reg_reg[0][4]/Q  -       CK->Q R     DFFHQX4LVT        3 13.7    59   152     152    (-,-) 
  fopt2488/Y             -       A->Y  F     CLKINVX12LVT      5 16.2    41    40     192    (-,-) 
  fopt2665/Y             -       A->Y  R     INVX3LVT          2  6.5    42    39     231    (-,-) 
  shift_reg_reg[1][4]/D  -       -     R     DFFHQX4LVT        2    -     -     0     231    (-,-) 
#--------------------------------------------------------------------------------------------------



Path 50: MET (1293 ps) Setup Check with Pin shift_reg_reg[3][4]/CK->D
          Group: clock
     Startpoint: (R) shift_reg_reg[2][4]/CK
          Clock: (R) clock
       Endpoint: (R) shift_reg_reg[3][4]/D
          Clock: (R) clock

                     Capture       Launch     
        Clock Edge:+    1600            0     
       Src Latency:+       0            0     
       Net Latency:+       0 (I)        0 (I) 
           Arrival:=    1600            0     
                                              
             Setup:-      88                  
     Required Time:=    1512                  
      Launch Clock:-       0                  
         Data Path:-     219                  
             Slack:=    1293                  

#-----------------------------------------------------------------------------------------------
#     Timing Point       Flags   Arc   Edge   Cell     Fanout Load Trans Delay Arrival Instance 
#                                                             (fF)  (ps)  (ps)   (ps)  Location 
#-----------------------------------------------------------------------------------------------
  shift_reg_reg[2][4]/CK -       -     R     (arrival)     80    -     0     0       0    (-,-) 
  shift_reg_reg[2][4]/Q  -       CK->Q R     DFFX4LVT       1  3.1    23   142     142    (-,-) 
  g2052/Y                -       A->Y  R     BUFX2LVT       2  6.0    53    77     219    (-,-) 
  shift_reg_reg[3][4]/D  -       -     R     DFFX4LVT       2    -     -     0     219    (-,-) 
#-----------------------------------------------------------------------------------------------

