============================================================
  Generated by:           Genus(TM) Synthesis Solution 23.10-p004_1
  Generated on:           Oct 08 2026  09:49:21 pm
  Module:                 fir_serial_pipe
  Operating conditions:   PVT_0P9V_125C 
  Interconnect mode:      global
  Area mode:              physical library
============================================================


Path 1: VIOLATED (-152 ps) Setup Check with Pin data_out_reg_reg[14]/clk->d
          Group: clock
     Startpoint: (R) prod_reg_reg[3][6]/clk
          Clock: (R) clock
       Endpoint: (R) data_out_reg_reg[14]/d
          Clock: (R) clock

                     Capture       Launch     
        Clock Edge:+    1400            0     
       Src Latency:+       0            0     
       Net Latency:+       0 (I)        0 (I) 
           Arrival:=    1400            0     
                                              
             Setup:-      69                  
     Required Time:=    1331                  
      Launch Clock:-       0                  
         Data Path:-    1483                  
             Slack:=    -152                  

#-----------------------------------------------------------------------------------------------------------------------
#            Timing Point              Flags    Arc    Edge       Cell         Fanout Load Trans Delay Arrival Instance 
#                                                                                     (fF)  (ps)  (ps)   (ps)  Location 
#-----------------------------------------------------------------------------------------------------------------------
  prod_reg_reg[3][6]/clk               -       -       R     (arrival)            149    -     0     0       0    (-,-) 
  prod_reg_reg[3][6]/q                 (u)     clk->q  F     unmapped_d_flop        4  2.0     0   212     212    (-,-) 
  csa_tree_ADD_TC_OP_12_groupi/g2290/z (u)     in_1->z R     unmapped_nand2         1  0.5     0    52     264    (-,-) 
  csa_tree_ADD_TC_OP_12_groupi/g2216/z (u)     in_1->z F     unmapped_nand2         1  0.5     0    52     316    (-,-) 
  csa_tree_ADD_TC_OP_12_groupi/g2133/z (u)     in_1->z F     unmapped_complex2      4  2.0     0    68     384    (-,-) 
  csa_tree_ADD_TC_OP_12_groupi/g238/z  (u)     in_1->z R     unmapped_nand2         1  0.5     0    52     436    (-,-) 
  csa_tree_ADD_TC_OP_12_groupi/g1984/z (u)     in_1->z F     unmapped_nand3         3  1.5     0    93     528    (-,-) 
  csa_tree_ADD_TC_OP_12_groupi/g1975/z (u)     in_0->z R     unmapped_complex2      1  0.5     0    52     581    (-,-) 
  csa_tree_ADD_TC_OP_12_groupi/g1976/z (u)     in_1->z F     unmapped_nand2         2  1.0     0    58     639    (-,-) 
  csa_tree_ADD_TC_OP_12_groupi/g1934/z (u)     in_0->z F     unmapped_complex2      1  0.5     0    52     691    (-,-) 
  csa_tree_ADD_TC_OP_12_groupi/g1935/z (u)     in_1->z R     unmapped_nand2         3  1.5     0    63     754    (-,-) 
  csa_tree_ADD_TC_OP_12_groupi/g1885/z (u)     in_0->z F     unmapped_complex2      1  0.5     0    52     806    (-,-) 
  csa_tree_ADD_TC_OP_12_groupi/g1886/z (u)     in_1->z R     unmapped_nand2         2  1.0     0    58     864    (-,-) 
  csa_tree_ADD_TC_OP_12_groupi/g1851/z (u)     in_1->z R     unmapped_complex2      1  0.5     0    52     917    (-,-) 
  csa_tree_ADD_TC_OP_12_groupi/g1852/z (u)     in_1->z F     unmapped_nand2         2  1.0     0    58     975    (-,-) 
  csa_tree_ADD_TC_OP_12_groupi/g1672/z (u)     in_1->z R     unmapped_nand2         3  1.5     0    63    1038    (-,-) 
  csa_tree_ADD_TC_OP_12_groupi/g1777/z (u)     in_1->z F     unmapped_nand2         1  0.5     0    52    1090    (-,-) 
  csa_tree_ADD_TC_OP_12_groupi/g1762/z (u)     in_1->z R     unmapped_nand2         3  1.5     0    63    1153    (-,-) 
  csa_tree_ADD_TC_OP_12_groupi/g1758/z (u)     in_1->z R     unmapped_or2           1  0.5     0    52    1205    (-,-) 
  csa_tree_ADD_TC_OP_12_groupi/g1738/z (u)     in_1->z F     unmapped_complex2      3  1.5     0    63    1268    (-,-) 
  csa_tree_ADD_TC_OP_12_groupi/g1726/z (u)     in_0->z R     unmapped_complex2      1  0.5     0    52    1320    (-,-) 
  csa_tree_ADD_TC_OP_12_groupi/g1703/z (u)     in_1->z F     unmapped_complex2      2  1.0     0    58    1379    (-,-) 
  csa_tree_ADD_TC_OP_12_groupi/g1711/z (u)     in_0->z F     unmapped_or2           1  0.5     0    52    1431    (-,-) 
  csa_tree_ADD_TC_OP_12_groupi/g1712/z (u)     in_1->z R     unmapped_nand2         1  0.5     0    52    1483    (-,-) 
  data_out_reg_reg[14]/d               -       -       R     unmapped_d_flop        1    -     -     0    1483    (-,-) 
#-----------------------------------------------------------------------------------------------------------------------

(u) : Net has unmapped pin(s).



Path 2: VIOLATED (-152 ps) Setup Check with Pin data_out_reg_reg[13]/clk->d
          Group: clock
     Startpoint: (R) prod_reg_reg[3][6]/clk
          Clock: (R) clock
       Endpoint: (R) data_out_reg_reg[13]/d
          Clock: (R) clock

                     Capture       Launch     
        Clock Edge:+    1400            0     
       Src Latency:+       0            0     
       Net Latency:+       0 (I)        0 (I) 
           Arrival:=    1400            0     
                                              
             Setup:-      69                  
     Required Time:=    1331                  
      Launch Clock:-       0                  
         Data Path:-    1483                  
             Slack:=    -152                  

#-----------------------------------------------------------------------------------------------------------------------
#            Timing Point              Flags    Arc    Edge       Cell         Fanout Load Trans Delay Arrival Instance 
#                                                                                     (fF)  (ps)  (ps)   (ps)  Location 
#-----------------------------------------------------------------------------------------------------------------------
  prod_reg_reg[3][6]/clk               -       -       R     (arrival)            149    -     0     0       0    (-,-) 
  prod_reg_reg[3][6]/q                 (u)     clk->q  F     unmapped_d_flop        4  2.0     0   212     212    (-,-) 
  csa_tree_ADD_TC_OP_12_groupi/g2290/z (u)     in_1->z R     unmapped_nand2         1  0.5     0    52     264    (-,-) 
  csa_tree_ADD_TC_OP_12_groupi/g2216/z (u)     in_1->z F     unmapped_nand2         1  0.5     0    52     316    (-,-) 
  csa_tree_ADD_TC_OP_12_groupi/g2133/z (u)     in_1->z F     unmapped_complex2      4  2.0     0    68     384    (-,-) 
  csa_tree_ADD_TC_OP_12_groupi/g238/z  (u)     in_1->z R     unmapped_nand2         1  0.5     0    52     436    (-,-) 
  csa_tree_ADD_TC_OP_12_groupi/g1984/z (u)     in_1->z F     unmapped_nand3         3  1.5     0    93     528    (-,-) 
  csa_tree_ADD_TC_OP_12_groupi/g1975/z (u)     in_0->z R     unmapped_complex2      1  0.5     0    52     581    (-,-) 
  csa_tree_ADD_TC_OP_12_groupi/g1976/z (u)     in_1->z F     unmapped_nand2         2  1.0     0    58     639    (-,-) 
  csa_tree_ADD_TC_OP_12_groupi/g1934/z (u)     in_0->z F     unmapped_complex2      1  0.5     0    52     691    (-,-) 
  csa_tree_ADD_TC_OP_12_groupi/g1935/z (u)     in_1->z R     unmapped_nand2         3  1.5     0    63     754    (-,-) 
  csa_tree_ADD_TC_OP_12_groupi/g1885/z (u)     in_0->z F     unmapped_complex2      1  0.5     0    52     806    (-,-) 
  csa_tree_ADD_TC_OP_12_groupi/g1886/z (u)     in_1->z R     unmapped_nand2         2  1.0     0    58     864    (-,-) 
  csa_tree_ADD_TC_OP_12_groupi/g1851/z (u)     in_1->z R     unmapped_complex2      1  0.5     0    52     917    (-,-) 
  csa_tree_ADD_TC_OP_12_groupi/g1852/z (u)     in_1->z F     unmapped_nand2         2  1.0     0    58     975    (-,-) 
  csa_tree_ADD_TC_OP_12_groupi/g1672/z (u)     in_1->z R     unmapped_nand2         3  1.5     0    63    1038    (-,-) 
  csa_tree_ADD_TC_OP_12_groupi/g1777/z (u)     in_1->z F     unmapped_nand2         1  0.5     0    52    1090    (-,-) 
  csa_tree_ADD_TC_OP_12_groupi/g1762/z (u)     in_1->z R     unmapped_nand2         3  1.5     0    63    1153    (-,-) 
  csa_tree_ADD_TC_OP_12_groupi/g1758/z (u)     in_1->z R     unmapped_or2           1  0.5     0    52    1205    (-,-) 
  csa_tree_ADD_TC_OP_12_groupi/g1738/z (u)     in_1->z F     unmapped_complex2      3  1.5     0    63    1268    (-,-) 
  csa_tree_ADD_TC_OP_12_groupi/g1737/z (u)     in_1->z R     unmapped_nand2         1  0.5     0    52    1320    (-,-) 
  csa_tree_ADD_TC_OP_12_groupi/g1702/z (u)     in_1->z F     unmapped_complex2      2  1.0     0    58    1379    (-,-) 
  csa_tree_ADD_TC_OP_12_groupi/g1714/z (u)     in_0->z F     unmapped_or2           1  0.5     0    52    1431    (-,-) 
  csa_tree_ADD_TC_OP_12_groupi/g1715/z (u)     in_1->z R     unmapped_nand2         1  0.5     0    52    1483    (-,-) 
  data_out_reg_reg[13]/d               -       -       R     unmapped_d_flop        1    -     -     0    1483    (-,-) 
#-----------------------------------------------------------------------------------------------------------------------

(u) : Net has unmapped pin(s).



Path 3: VIOLATED (-105 ps) Setup Check with Pin data_out_reg_reg[15]/clk->d
          Group: clock
     Startpoint: (R) prod_reg_reg[3][6]/clk
          Clock: (R) clock
       Endpoint: (R) data_out_reg_reg[15]/d
          Clock: (R) clock

                     Capture       Launch     
        Clock Edge:+    1400            0     
       Src Latency:+       0            0     
       Net Latency:+       0 (I)        0 (I) 
           Arrival:=    1400            0     
                                              
             Setup:-      69                  
     Required Time:=    1331                  
      Launch Clock:-       0                  
         Data Path:-    1436                  
             Slack:=    -105                  

#-----------------------------------------------------------------------------------------------------------------------
#            Timing Point              Flags    Arc    Edge       Cell         Fanout Load Trans Delay Arrival Instance 
#                                                                                     (fF)  (ps)  (ps)   (ps)  Location 
#-----------------------------------------------------------------------------------------------------------------------
  prod_reg_reg[3][6]/clk               -       -       R     (arrival)            149    -     0     0       0    (-,-) 
  prod_reg_reg[3][6]/q                 (u)     clk->q  F     unmapped_d_flop        4  2.0     0   212     212    (-,-) 
  csa_tree_ADD_TC_OP_12_groupi/g2290/z (u)     in_1->z R     unmapped_nand2         1  0.5     0    52     264    (-,-) 
  csa_tree_ADD_TC_OP_12_groupi/g2216/z (u)     in_1->z F     unmapped_nand2         1  0.5     0    52     316    (-,-) 
  csa_tree_ADD_TC_OP_12_groupi/g2133/z (u)     in_1->z F     unmapped_complex2      4  2.0     0    68     384    (-,-) 
  csa_tree_ADD_TC_OP_12_groupi/g238/z  (u)     in_1->z R     unmapped_nand2         1  0.5     0    52     436    (-,-) 
  csa_tree_ADD_TC_OP_12_groupi/g1984/z (u)     in_1->z F     unmapped_nand3         3  1.5     0    93     528    (-,-) 
  csa_tree_ADD_TC_OP_12_groupi/g1975/z (u)     in_0->z R     unmapped_complex2      1  0.5     0    52     581    (-,-) 
  csa_tree_ADD_TC_OP_12_groupi/g1976/z (u)     in_1->z F     unmapped_nand2         2  1.0     0    58     639    (-,-) 
  csa_tree_ADD_TC_OP_12_groupi/g1934/z (u)     in_0->z F     unmapped_complex2      1  0.5     0    52     691    (-,-) 
  csa_tree_ADD_TC_OP_12_groupi/g1935/z (u)     in_1->z R     unmapped_nand2         3  1.5     0    63     754    (-,-) 
  csa_tree_ADD_TC_OP_12_groupi/g1885/z (u)     in_0->z F     unmapped_complex2      1  0.5     0    52     806    (-,-) 
  csa_tree_ADD_TC_OP_12_groupi/g1886/z (u)     in_1->z R     unmapped_nand2         2  1.0     0    58     864    (-,-) 
  csa_tree_ADD_TC_OP_12_groupi/g1851/z (u)     in_1->z R     unmapped_complex2      1  0.5     0    52     917    (-,-) 
  csa_tree_ADD_TC_OP_12_groupi/g1852/z (u)     in_1->z F     unmapped_nand2         2  1.0     0    58     975    (-,-) 
  csa_tree_ADD_TC_OP_12_groupi/g1672/z (u)     in_1->z R     unmapped_nand2         3  1.5     0    63    1038    (-,-) 
  csa_tree_ADD_TC_OP_12_groupi/g1777/z (u)     in_1->z F     unmapped_nand2         1  0.5     0    52    1090    (-,-) 
  csa_tree_ADD_TC_OP_12_groupi/g1762/z (u)     in_1->z R     unmapped_nand2         3  1.5     0    63    1153    (-,-) 
  csa_tree_ADD_TC_OP_12_groupi/g1758/z (u)     in_1->z R     unmapped_or2           1  0.5     0    52    1205    (-,-) 
  csa_tree_ADD_TC_OP_12_groupi/g1738/z (u)     in_1->z F     unmapped_complex2      3  1.5     0    63    1268    (-,-) 
  csa_tree_ADD_TC_OP_12_groupi/g1731/z (u)     in_1->z F     unmapped_complex2      3  1.5     0    63    1331    (-,-) 
  csa_tree_ADD_TC_OP_12_groupi/g1663/z (u)     in_0->z R     unmapped_complex2      1  0.5     0    52    1384    (-,-) 
  csa_tree_ADD_TC_OP_12_groupi/g2387/z (u)     in_0->z R     unmapped_complex2      1  0.5     0    52    1436    (-,-) 
  data_out_reg_reg[15]/d               -       -       R     unmapped_d_flop        1    -     -     0    1436    (-,-) 
#-----------------------------------------------------------------------------------------------------------------------

(u) : Net has unmapped pin(s).



Path 4: VIOLATED (-105 ps) Setup Check with Pin data_out_reg_reg[12]/clk->d
          Group: clock
     Startpoint: (R) prod_reg_reg[3][6]/clk
          Clock: (R) clock
       Endpoint: (R) data_out_reg_reg[12]/d
          Clock: (R) clock

                     Capture       Launch     
        Clock Edge:+    1400            0     
       Src Latency:+       0            0     
       Net Latency:+       0 (I)        0 (I) 
           Arrival:=    1400            0     
                                              
             Setup:-      69                  
     Required Time:=    1331                  
      Launch Clock:-       0                  
         Data Path:-    1436                  
             Slack:=    -105                  

#-----------------------------------------------------------------------------------------------------------------------
#            Timing Point              Flags    Arc    Edge       Cell         Fanout Load Trans Delay Arrival Instance 
#                                                                                     (fF)  (ps)  (ps)   (ps)  Location 
#-----------------------------------------------------------------------------------------------------------------------
  prod_reg_reg[3][6]/clk               -       -       R     (arrival)            149    -     0     0       0    (-,-) 
  prod_reg_reg[3][6]/q                 (u)     clk->q  F     unmapped_d_flop        4  2.0     0   212     212    (-,-) 
  csa_tree_ADD_TC_OP_12_groupi/g2290/z (u)     in_1->z R     unmapped_nand2         1  0.5     0    52     264    (-,-) 
  csa_tree_ADD_TC_OP_12_groupi/g2216/z (u)     in_1->z F     unmapped_nand2         1  0.5     0    52     316    (-,-) 
  csa_tree_ADD_TC_OP_12_groupi/g2133/z (u)     in_1->z F     unmapped_complex2      4  2.0     0    68     384    (-,-) 
  csa_tree_ADD_TC_OP_12_groupi/g238/z  (u)     in_1->z R     unmapped_nand2         1  0.5     0    52     436    (-,-) 
  csa_tree_ADD_TC_OP_12_groupi/g1984/z (u)     in_1->z F     unmapped_nand3         3  1.5     0    93     528    (-,-) 
  csa_tree_ADD_TC_OP_12_groupi/g1975/z (u)     in_0->z R     unmapped_complex2      1  0.5     0    52     581    (-,-) 
  csa_tree_ADD_TC_OP_12_groupi/g1976/z (u)     in_1->z F     unmapped_nand2         2  1.0     0    58     639    (-,-) 
  csa_tree_ADD_TC_OP_12_groupi/g1934/z (u)     in_0->z F     unmapped_complex2      1  0.5     0    52     691    (-,-) 
  csa_tree_ADD_TC_OP_12_groupi/g1935/z (u)     in_1->z R     unmapped_nand2         3  1.5     0    63     754    (-,-) 
  csa_tree_ADD_TC_OP_12_groupi/g1885/z (u)     in_0->z F     unmapped_complex2      1  0.5     0    52     806    (-,-) 
  csa_tree_ADD_TC_OP_12_groupi/g1886/z (u)     in_1->z R     unmapped_nand2         2  1.0     0    58     864    (-,-) 
  csa_tree_ADD_TC_OP_12_groupi/g1851/z (u)     in_1->z R     unmapped_complex2      1  0.5     0    52     917    (-,-) 
  csa_tree_ADD_TC_OP_12_groupi/g1852/z (u)     in_1->z F     unmapped_nand2         2  1.0     0    58     975    (-,-) 
  csa_tree_ADD_TC_OP_12_groupi/g1672/z (u)     in_1->z R     unmapped_nand2         3  1.5     0    63    1038    (-,-) 
  csa_tree_ADD_TC_OP_12_groupi/g1777/z (u)     in_1->z F     unmapped_nand2         1  0.5     0    52    1090    (-,-) 
  csa_tree_ADD_TC_OP_12_groupi/g1762/z (u)     in_1->z R     unmapped_nand2         3  1.5     0    63    1153    (-,-) 
  csa_tree_ADD_TC_OP_12_groupi/g1758/z (u)     in_1->z R     unmapped_or2           1  0.5     0    52    1205    (-,-) 
  csa_tree_ADD_TC_OP_12_groupi/g1738/z (u)     in_1->z F     unmapped_complex2      3  1.5     0    63    1268    (-,-) 
  csa_tree_ADD_TC_OP_12_groupi/g1731/z (u)     in_1->z F     unmapped_complex2      3  1.5     0    63    1331    (-,-) 
  csa_tree_ADD_TC_OP_12_groupi/g1719/z (u)     in_0->z F     unmapped_or2           1  0.5     0    52    1384    (-,-) 
  csa_tree_ADD_TC_OP_12_groupi/g1720/z (u)     in_1->z R     unmapped_nand2         1  0.5     0    52    1436    (-,-) 
  data_out_reg_reg[12]/d               -       -       R     unmapped_d_flop        1    -     -     0    1436    (-,-) 
#-----------------------------------------------------------------------------------------------------------------------

(u) : Net has unmapped pin(s).



Path 5: VIOLATED (-90 ps) Setup Check with Pin data_out_reg_reg[11]/clk->d
          Group: clock
     Startpoint: (R) prod_reg_reg[5][4]/clk
          Clock: (R) clock
       Endpoint: (R) data_out_reg_reg[11]/d
          Clock: (R) clock

                     Capture       Launch     
        Clock Edge:+    1400            0     
       Src Latency:+       0            0     
       Net Latency:+       0 (I)        0 (I) 
           Arrival:=    1400            0     
                                              
             Setup:-      69                  
     Required Time:=    1331                  
      Launch Clock:-       0                  
         Data Path:-    1421                  
             Slack:=     -90                  

#-----------------------------------------------------------------------------------------------------------------------
#            Timing Point              Flags    Arc    Edge       Cell         Fanout Load Trans Delay Arrival Instance 
#                                                                                     (fF)  (ps)  (ps)   (ps)  Location 
#-----------------------------------------------------------------------------------------------------------------------
  prod_reg_reg[5][4]/clk               -       -       R     (arrival)            149    -     0     0       0    (-,-) 
  prod_reg_reg[5][4]/q                 (u)     clk->q  R     unmapped_d_flop        4  2.0     0   212     212    (-,-) 
  csa_tree_ADD_TC_OP_12_groupi/g1275/z (u)     in_1->z R     unmapped_or2           1  0.5     0    52     264    (-,-) 
  csa_tree_ADD_TC_OP_12_groupi/g2182/z (u)     in_0->z F     unmapped_nand2         1  0.5     0    52     316    (-,-) 
  csa_tree_ADD_TC_OP_12_groupi/g2143/z (u)     in_0->z R     unmapped_nand2         4  2.0     0    68     384    (-,-) 
  csa_tree_ADD_TC_OP_12_groupi/g2050/z (u)     in_1->z R     unmapped_complex2      1  0.5     0    52     436    (-,-) 
  csa_tree_ADD_TC_OP_12_groupi/g2051/z (u)     in_1->z F     unmapped_nand2         2  1.0     0    58     494    (-,-) 
  csa_tree_ADD_TC_OP_12_groupi/g2020/z (u)     in_0->z F     unmapped_complex2      1  0.5     0    52     546    (-,-) 
  csa_tree_ADD_TC_OP_12_groupi/g2021/z (u)     in_1->z R     unmapped_nand2         4  2.0     0    68     614    (-,-) 
  csa_tree_ADD_TC_OP_12_groupi/g1904/z (u)     in_1->z F     unmapped_complex2      1  0.5     0    52     666    (-,-) 
  csa_tree_ADD_TC_OP_12_groupi/g1905/z (u)     in_1->z R     unmapped_nand2         2  1.0     0    58     724    (-,-) 
  csa_tree_ADD_TC_OP_12_groupi/g1891/z (u)     in_0->z R     unmapped_complex2      1  0.5     0    52     776    (-,-) 
  csa_tree_ADD_TC_OP_12_groupi/g1892/z (u)     in_1->z F     unmapped_nand2         2  1.0     0    58     835    (-,-) 
  csa_tree_ADD_TC_OP_12_groupi/g1848/z (u)     in_1->z F     unmapped_or2           3  1.5     0    63     898    (-,-) 
  csa_tree_ADD_TC_OP_12_groupi/g1827/z (u)     in_1->z R     unmapped_complex2      1  0.5     0    52     950    (-,-) 
  csa_tree_ADD_TC_OP_12_groupi/g1804/z (u)     in_0->z F     unmapped_nand2         1  0.5     0    52    1002    (-,-) 
  csa_tree_ADD_TC_OP_12_groupi/g1796/z (u)     in_1->z F     unmapped_complex2      4  2.0     0    68    1070    (-,-) 
  csa_tree_ADD_TC_OP_12_groupi/g1780/z (u)     in_1->z R     unmapped_complex2      1  0.5     0    52    1122    (-,-) 
  csa_tree_ADD_TC_OP_12_groupi/g1761/z (u)     in_1->z F     unmapped_complex2      8  4.0     0    84    1206    (-,-) 
  csa_tree_ADD_TC_OP_12_groupi/g1751/z (u)     in_0->z R     unmapped_complex2      1  0.5     0    52    1258    (-,-) 
  csa_tree_ADD_TC_OP_12_groupi/g1736/z (u)     in_1->z F     unmapped_complex2      2  1.0     0    58    1316    (-,-) 
  csa_tree_ADD_TC_OP_12_groupi/g1724/z (u)     in_0->z F     unmapped_or2           1  0.5     0    52    1369    (-,-) 
  csa_tree_ADD_TC_OP_12_groupi/g1725/z (u)     in_1->z R     unmapped_nand2         1  0.5     0    52    1421    (-,-) 
  data_out_reg_reg[11]/d               -       -       R     unmapped_d_flop        1    -     -     0    1421    (-,-) 
#-----------------------------------------------------------------------------------------------------------------------

(u) : Net has unmapped pin(s).



Path 6: VIOLATED (-90 ps) Setup Check with Pin data_out_reg_reg[10]/clk->d
          Group: clock
     Startpoint: (R) prod_reg_reg[5][4]/clk
          Clock: (R) clock
       Endpoint: (R) data_out_reg_reg[10]/d
          Clock: (R) clock

                     Capture       Launch     
        Clock Edge:+    1400            0     
       Src Latency:+       0            0     
       Net Latency:+       0 (I)        0 (I) 
           Arrival:=    1400            0     
                                              
             Setup:-      69                  
     Required Time:=    1331                  
      Launch Clock:-       0                  
         Data Path:-    1421                  
             Slack:=     -90                  

#-----------------------------------------------------------------------------------------------------------------------
#            Timing Point              Flags    Arc    Edge       Cell         Fanout Load Trans Delay Arrival Instance 
#                                                                                     (fF)  (ps)  (ps)   (ps)  Location 
#-----------------------------------------------------------------------------------------------------------------------
  prod_reg_reg[5][4]/clk               -       -       R     (arrival)            149    -     0     0       0    (-,-) 
  prod_reg_reg[5][4]/q                 (u)     clk->q  R     unmapped_d_flop        4  2.0     0   212     212    (-,-) 
  csa_tree_ADD_TC_OP_12_groupi/g1275/z (u)     in_1->z R     unmapped_or2           1  0.5     0    52     264    (-,-) 
  csa_tree_ADD_TC_OP_12_groupi/g2182/z (u)     in_0->z F     unmapped_nand2         1  0.5     0    52     316    (-,-) 
  csa_tree_ADD_TC_OP_12_groupi/g2143/z (u)     in_0->z R     unmapped_nand2         4  2.0     0    68     384    (-,-) 
  csa_tree_ADD_TC_OP_12_groupi/g2050/z (u)     in_1->z R     unmapped_complex2      1  0.5     0    52     436    (-,-) 
  csa_tree_ADD_TC_OP_12_groupi/g2051/z (u)     in_1->z F     unmapped_nand2         2  1.0     0    58     494    (-,-) 
  csa_tree_ADD_TC_OP_12_groupi/g2020/z (u)     in_0->z F     unmapped_complex2      1  0.5     0    52     546    (-,-) 
  csa_tree_ADD_TC_OP_12_groupi/g2021/z (u)     in_1->z R     unmapped_nand2         4  2.0     0    68     614    (-,-) 
  csa_tree_ADD_TC_OP_12_groupi/g1904/z (u)     in_1->z F     unmapped_complex2      1  0.5     0    52     666    (-,-) 
  csa_tree_ADD_TC_OP_12_groupi/g1905/z (u)     in_1->z R     unmapped_nand2         2  1.0     0    58     724    (-,-) 
  csa_tree_ADD_TC_OP_12_groupi/g1891/z (u)     in_0->z R     unmapped_complex2      1  0.5     0    52     776    (-,-) 
  csa_tree_ADD_TC_OP_12_groupi/g1892/z (u)     in_1->z F     unmapped_nand2         2  1.0     0    58     835    (-,-) 
  csa_tree_ADD_TC_OP_12_groupi/g1848/z (u)     in_1->z F     unmapped_or2           3  1.5     0    63     898    (-,-) 
  csa_tree_ADD_TC_OP_12_groupi/g1827/z (u)     in_1->z R     unmapped_complex2      1  0.5     0    52     950    (-,-) 
  csa_tree_ADD_TC_OP_12_groupi/g1804/z (u)     in_0->z F     unmapped_nand2         1  0.5     0    52    1002    (-,-) 
  csa_tree_ADD_TC_OP_12_groupi/g1796/z (u)     in_1->z F     unmapped_complex2      4  2.0     0    68    1070    (-,-) 
  csa_tree_ADD_TC_OP_12_groupi/g1780/z (u)     in_1->z R     unmapped_complex2      1  0.5     0    52    1122    (-,-) 
  csa_tree_ADD_TC_OP_12_groupi/g1761/z (u)     in_1->z F     unmapped_complex2      8  4.0     0    84    1206    (-,-) 
  csa_tree_ADD_TC_OP_12_groupi/g1747/z (u)     in_0->z R     unmapped_complex2      1  0.5     0    52    1258    (-,-) 
  csa_tree_ADD_TC_OP_12_groupi/g1742/z (u)     in_0->z F     unmapped_nand2         2  1.0     0    58    1316    (-,-) 
  csa_tree_ADD_TC_OP_12_groupi/g1733/z (u)     in_0->z F     unmapped_or2           1  0.5     0    52    1369    (-,-) 
  csa_tree_ADD_TC_OP_12_groupi/g1734/z (u)     in_1->z R     unmapped_nand2         1  0.5     0    52    1421    (-,-) 
  data_out_reg_reg[10]/d               -       -       R     unmapped_d_flop        1    -     -     0    1421    (-,-) 
#-----------------------------------------------------------------------------------------------------------------------

(u) : Net has unmapped pin(s).



Path 7: VIOLATED (-90 ps) Setup Check with Pin data_out_reg_reg[9]/clk->d
          Group: clock
     Startpoint: (R) prod_reg_reg[5][4]/clk
          Clock: (R) clock
       Endpoint: (R) data_out_reg_reg[9]/d
          Clock: (R) clock

                     Capture       Launch     
        Clock Edge:+    1400            0     
       Src Latency:+       0            0     
       Net Latency:+       0 (I)        0 (I) 
           Arrival:=    1400            0     
                                              
             Setup:-      69                  
     Required Time:=    1331                  
      Launch Clock:-       0                  
         Data Path:-    1421                  
             Slack:=     -90                  

#-----------------------------------------------------------------------------------------------------------------------
#            Timing Point              Flags    Arc    Edge       Cell         Fanout Load Trans Delay Arrival Instance 
#                                                                                     (fF)  (ps)  (ps)   (ps)  Location 
#-----------------------------------------------------------------------------------------------------------------------
  prod_reg_reg[5][4]/clk               -       -       R     (arrival)            149    -     0     0       0    (-,-) 
  prod_reg_reg[5][4]/q                 (u)     clk->q  R     unmapped_d_flop        4  2.0     0   212     212    (-,-) 
  csa_tree_ADD_TC_OP_12_groupi/g1275/z (u)     in_1->z R     unmapped_or2           1  0.5     0    52     264    (-,-) 
  csa_tree_ADD_TC_OP_12_groupi/g2182/z (u)     in_0->z F     unmapped_nand2         1  0.5     0    52     316    (-,-) 
  csa_tree_ADD_TC_OP_12_groupi/g2143/z (u)     in_0->z R     unmapped_nand2         4  2.0     0    68     384    (-,-) 
  csa_tree_ADD_TC_OP_12_groupi/g2050/z (u)     in_1->z R     unmapped_complex2      1  0.5     0    52     436    (-,-) 
  csa_tree_ADD_TC_OP_12_groupi/g2051/z (u)     in_1->z F     unmapped_nand2         2  1.0     0    58     494    (-,-) 
  csa_tree_ADD_TC_OP_12_groupi/g2020/z (u)     in_0->z F     unmapped_complex2      1  0.5     0    52     546    (-,-) 
  csa_tree_ADD_TC_OP_12_groupi/g2021/z (u)     in_1->z R     unmapped_nand2         4  2.0     0    68     614    (-,-) 
  csa_tree_ADD_TC_OP_12_groupi/g1904/z (u)     in_1->z F     unmapped_complex2      1  0.5     0    52     666    (-,-) 
  csa_tree_ADD_TC_OP_12_groupi/g1905/z (u)     in_1->z R     unmapped_nand2         2  1.0     0    58     724    (-,-) 
  csa_tree_ADD_TC_OP_12_groupi/g1891/z (u)     in_0->z R     unmapped_complex2      1  0.5     0    52     776    (-,-) 
  csa_tree_ADD_TC_OP_12_groupi/g1892/z (u)     in_1->z F     unmapped_nand2         2  1.0     0    58     835    (-,-) 
  csa_tree_ADD_TC_OP_12_groupi/g1848/z (u)     in_1->z F     unmapped_or2           3  1.5     0    63     898    (-,-) 
  csa_tree_ADD_TC_OP_12_groupi/g1827/z (u)     in_1->z R     unmapped_complex2      1  0.5     0    52     950    (-,-) 
  csa_tree_ADD_TC_OP_12_groupi/g1804/z (u)     in_0->z F     unmapped_nand2         1  0.5     0    52    1002    (-,-) 
  csa_tree_ADD_TC_OP_12_groupi/g1796/z (u)     in_1->z F     unmapped_complex2      4  2.0     0    68    1070    (-,-) 
  csa_tree_ADD_TC_OP_12_groupi/g1780/z (u)     in_1->z R     unmapped_complex2      1  0.5     0    52    1122    (-,-) 
  csa_tree_ADD_TC_OP_12_groupi/g1761/z (u)     in_1->z F     unmapped_complex2      8  4.0     0    84    1206    (-,-) 
  csa_tree_ADD_TC_OP_12_groupi/g1746/z (u)     in_1->z R     unmapped_nand2         1  0.5     0    52    1258    (-,-) 
  csa_tree_ADD_TC_OP_12_groupi/g1744/z (u)     in_1->z F     unmapped_nand2         2  1.0     0    58    1316    (-,-) 
  csa_tree_ADD_TC_OP_12_groupi/g1729/z (u)     in_0->z F     unmapped_or2           1  0.5     0    52    1369    (-,-) 
  csa_tree_ADD_TC_OP_12_groupi/g1730/z (u)     in_1->z R     unmapped_nand2         1  0.5     0    52    1421    (-,-) 
  data_out_reg_reg[9]/d                -       -       R     unmapped_d_flop        1    -     -     0    1421    (-,-) 
#-----------------------------------------------------------------------------------------------------------------------

(u) : Net has unmapped pin(s).



Path 8: MET (20 ps) Setup Check with Pin data_out_reg_reg[8]/clk->d
          Group: clock
     Startpoint: (R) prod_reg_reg[5][4]/clk
          Clock: (R) clock
       Endpoint: (R) data_out_reg_reg[8]/d
          Clock: (R) clock

                     Capture       Launch     
        Clock Edge:+    1400            0     
       Src Latency:+       0            0     
       Net Latency:+       0 (I)        0 (I) 
           Arrival:=    1400            0     
                                              
             Setup:-      69                  
     Required Time:=    1331                  
      Launch Clock:-       0                  
         Data Path:-    1310                  
             Slack:=      20                  

#-----------------------------------------------------------------------------------------------------------------------
#            Timing Point              Flags    Arc    Edge       Cell         Fanout Load Trans Delay Arrival Instance 
#                                                                                     (fF)  (ps)  (ps)   (ps)  Location 
#-----------------------------------------------------------------------------------------------------------------------
  prod_reg_reg[5][4]/clk               -       -       R     (arrival)            149    -     0     0       0    (-,-) 
  prod_reg_reg[5][4]/q                 (u)     clk->q  R     unmapped_d_flop        4  2.0     0   212     212    (-,-) 
  csa_tree_ADD_TC_OP_12_groupi/g1275/z (u)     in_1->z R     unmapped_or2           1  0.5     0    52     264    (-,-) 
  csa_tree_ADD_TC_OP_12_groupi/g2182/z (u)     in_0->z F     unmapped_nand2         1  0.5     0    52     316    (-,-) 
  csa_tree_ADD_TC_OP_12_groupi/g2143/z (u)     in_0->z R     unmapped_nand2         4  2.0     0    68     384    (-,-) 
  csa_tree_ADD_TC_OP_12_groupi/g2050/z (u)     in_1->z R     unmapped_complex2      1  0.5     0    52     436    (-,-) 
  csa_tree_ADD_TC_OP_12_groupi/g2051/z (u)     in_1->z F     unmapped_nand2         2  1.0     0    58     494    (-,-) 
  csa_tree_ADD_TC_OP_12_groupi/g2020/z (u)     in_0->z F     unmapped_complex2      1  0.5     0    52     546    (-,-) 
  csa_tree_ADD_TC_OP_12_groupi/g2021/z (u)     in_1->z R     unmapped_nand2         4  2.0     0    68     614    (-,-) 
  csa_tree_ADD_TC_OP_12_groupi/g1904/z (u)     in_1->z F     unmapped_complex2      1  0.5     0    52     666    (-,-) 
  csa_tree_ADD_TC_OP_12_groupi/g1905/z (u)     in_1->z R     unmapped_nand2         2  1.0     0    58     724    (-,-) 
  csa_tree_ADD_TC_OP_12_groupi/g1891/z (u)     in_0->z R     unmapped_complex2      1  0.5     0    52     776    (-,-) 
  csa_tree_ADD_TC_OP_12_groupi/g1892/z (u)     in_1->z F     unmapped_nand2         2  1.0     0    58     835    (-,-) 
  csa_tree_ADD_TC_OP_12_groupi/g1848/z (u)     in_1->z F     unmapped_or2           3  1.5     0    63     898    (-,-) 
  csa_tree_ADD_TC_OP_12_groupi/g1827/z (u)     in_1->z R     unmapped_complex2      1  0.5     0    52     950    (-,-) 
  csa_tree_ADD_TC_OP_12_groupi/g1804/z (u)     in_0->z F     unmapped_nand2         1  0.5     0    52    1002    (-,-) 
  csa_tree_ADD_TC_OP_12_groupi/g1796/z (u)     in_1->z F     unmapped_complex2      4  2.0     0    68    1070    (-,-) 
  csa_tree_ADD_TC_OP_12_groupi/g1780/z (u)     in_1->z R     unmapped_complex2      1  0.5     0    52    1122    (-,-) 
  csa_tree_ADD_TC_OP_12_groupi/g1761/z (u)     in_1->z F     unmapped_complex2      8  4.0     0    84    1206    (-,-) 
  csa_tree_ADD_TC_OP_12_groupi/g1749/z (u)     in_0->z F     unmapped_or2           1  0.5     0    52    1258    (-,-) 
  csa_tree_ADD_TC_OP_12_groupi/g1750/z (u)     in_1->z R     unmapped_nand2         1  0.5     0    52    1310    (-,-) 
  data_out_reg_reg[8]/d                -       -       R     unmapped_d_flop        1    -     -     0    1310    (-,-) 
#-----------------------------------------------------------------------------------------------------------------------

(u) : Net has unmapped pin(s).



Path 9: MET (46 ps) Setup Check with Pin data_out_reg_reg[7]/clk->d
          Group: clock
     Startpoint: (R) prod_reg_reg[5][4]/clk
          Clock: (R) clock
       Endpoint: (R) data_out_reg_reg[7]/d
          Clock: (R) clock

                     Capture       Launch     
        Clock Edge:+    1400            0     
       Src Latency:+       0            0     
       Net Latency:+       0 (I)        0 (I) 
           Arrival:=    1400            0     
                                              
             Setup:-      69                  
     Required Time:=    1331                  
      Launch Clock:-       0                  
         Data Path:-    1284                  
             Slack:=      46                  

#-----------------------------------------------------------------------------------------------------------------------
#            Timing Point              Flags    Arc    Edge       Cell         Fanout Load Trans Delay Arrival Instance 
#                                                                                     (fF)  (ps)  (ps)   (ps)  Location 
#-----------------------------------------------------------------------------------------------------------------------
  prod_reg_reg[5][4]/clk               -       -       R     (arrival)            149    -     0     0       0    (-,-) 
  prod_reg_reg[5][4]/q                 (u)     clk->q  R     unmapped_d_flop        4  2.0     0   212     212    (-,-) 
  csa_tree_ADD_TC_OP_12_groupi/g1275/z (u)     in_1->z R     unmapped_or2           1  0.5     0    52     264    (-,-) 
  csa_tree_ADD_TC_OP_12_groupi/g2182/z (u)     in_0->z F     unmapped_nand2         1  0.5     0    52     316    (-,-) 
  csa_tree_ADD_TC_OP_12_groupi/g2143/z (u)     in_0->z R     unmapped_nand2         4  2.0     0    68     384    (-,-) 
  csa_tree_ADD_TC_OP_12_groupi/g2050/z (u)     in_1->z R     unmapped_complex2      1  0.5     0    52     436    (-,-) 
  csa_tree_ADD_TC_OP_12_groupi/g2051/z (u)     in_1->z F     unmapped_nand2         2  1.0     0    58     494    (-,-) 
  csa_tree_ADD_TC_OP_12_groupi/g2020/z (u)     in_0->z F     unmapped_complex2      1  0.5     0    52     546    (-,-) 
  csa_tree_ADD_TC_OP_12_groupi/g2021/z (u)     in_1->z R     unmapped_nand2         4  2.0     0    68     614    (-,-) 
  csa_tree_ADD_TC_OP_12_groupi/g1904/z (u)     in_1->z F     unmapped_complex2      1  0.5     0    52     666    (-,-) 
  csa_tree_ADD_TC_OP_12_groupi/g1905/z (u)     in_1->z R     unmapped_nand2         2  1.0     0    58     724    (-,-) 
  csa_tree_ADD_TC_OP_12_groupi/g1891/z (u)     in_0->z R     unmapped_complex2      1  0.5     0    52     776    (-,-) 
  csa_tree_ADD_TC_OP_12_groupi/g1892/z (u)     in_1->z F     unmapped_nand2         2  1.0     0    58     835    (-,-) 
  csa_tree_ADD_TC_OP_12_groupi/g1848/z (u)     in_1->z F     unmapped_or2           3  1.5     0    63     898    (-,-) 
  csa_tree_ADD_TC_OP_12_groupi/g1827/z (u)     in_1->z R     unmapped_complex2      1  0.5     0    52     950    (-,-) 
  csa_tree_ADD_TC_OP_12_groupi/g1804/z (u)     in_0->z F     unmapped_nand2         1  0.5     0    52    1002    (-,-) 
  csa_tree_ADD_TC_OP_12_groupi/g1796/z (u)     in_1->z F     unmapped_complex2      4  2.0     0    68    1070    (-,-) 
  csa_tree_ADD_TC_OP_12_groupi/g1781/z (u)     in_1->z R     unmapped_nand2         1  0.5     0    52    1122    (-,-) 
  csa_tree_ADD_TC_OP_12_groupi/g1760/z (u)     in_1->z F     unmapped_nand2         2  1.0     0    58    1180    (-,-) 
  csa_tree_ADD_TC_OP_12_groupi/g1754/z (u)     in_0->z F     unmapped_or2           1  0.5     0    52    1232    (-,-) 
  csa_tree_ADD_TC_OP_12_groupi/g1755/z (u)     in_1->z R     unmapped_nand2         1  0.5     0    52    1284    (-,-) 
  data_out_reg_reg[7]/d                -       -       R     unmapped_d_flop        1    -     -     0    1284    (-,-) 
#-----------------------------------------------------------------------------------------------------------------------

(u) : Net has unmapped pin(s).



Path 10: MET (156 ps) Setup Check with Pin data_out_reg_reg[6]/clk->d
          Group: clock
     Startpoint: (R) prod_reg_reg[5][4]/clk
          Clock: (R) clock
       Endpoint: (R) data_out_reg_reg[6]/d
          Clock: (R) clock

                     Capture       Launch     
        Clock Edge:+    1400            0     
       Src Latency:+       0            0     
       Net Latency:+       0 (I)        0 (I) 
           Arrival:=    1400            0     
                                              
             Setup:-      69                  
     Required Time:=    1331                  
      Launch Clock:-       0                  
         Data Path:-    1174                  
             Slack:=     156                  

#-----------------------------------------------------------------------------------------------------------------------
#            Timing Point              Flags    Arc    Edge       Cell         Fanout Load Trans Delay Arrival Instance 
#                                                                                     (fF)  (ps)  (ps)   (ps)  Location 
#-----------------------------------------------------------------------------------------------------------------------
  prod_reg_reg[5][4]/clk               -       -       R     (arrival)            149    -     0     0       0    (-,-) 
  prod_reg_reg[5][4]/q                 (u)     clk->q  R     unmapped_d_flop        4  2.0     0   212     212    (-,-) 
  csa_tree_ADD_TC_OP_12_groupi/g1275/z (u)     in_1->z R     unmapped_or2           1  0.5     0    52     264    (-,-) 
  csa_tree_ADD_TC_OP_12_groupi/g2182/z (u)     in_0->z F     unmapped_nand2         1  0.5     0    52     316    (-,-) 
  csa_tree_ADD_TC_OP_12_groupi/g2143/z (u)     in_0->z R     unmapped_nand2         4  2.0     0    68     384    (-,-) 
  csa_tree_ADD_TC_OP_12_groupi/g2050/z (u)     in_1->z R     unmapped_complex2      1  0.5     0    52     436    (-,-) 
  csa_tree_ADD_TC_OP_12_groupi/g2051/z (u)     in_1->z F     unmapped_nand2         2  1.0     0    58     494    (-,-) 
  csa_tree_ADD_TC_OP_12_groupi/g2020/z (u)     in_0->z F     unmapped_complex2      1  0.5     0    52     546    (-,-) 
  csa_tree_ADD_TC_OP_12_groupi/g2021/z (u)     in_1->z R     unmapped_nand2         4  2.0     0    68     614    (-,-) 
  csa_tree_ADD_TC_OP_12_groupi/g1904/z (u)     in_1->z F     unmapped_complex2      1  0.5     0    52     666    (-,-) 
  csa_tree_ADD_TC_OP_12_groupi/g1905/z (u)     in_1->z R     unmapped_nand2         2  1.0     0    58     724    (-,-) 
  csa_tree_ADD_TC_OP_12_groupi/g1891/z (u)     in_0->z R     unmapped_complex2      1  0.5     0    52     776    (-,-) 
  csa_tree_ADD_TC_OP_12_groupi/g1892/z (u)     in_1->z F     unmapped_nand2         2  1.0     0    58     835    (-,-) 
  csa_tree_ADD_TC_OP_12_groupi/g1848/z (u)     in_1->z F     unmapped_or2           3  1.5     0    63     898    (-,-) 
  csa_tree_ADD_TC_OP_12_groupi/g1827/z (u)     in_1->z R     unmapped_complex2      1  0.5     0    52     950    (-,-) 
  csa_tree_ADD_TC_OP_12_groupi/g1804/z (u)     in_0->z F     unmapped_nand2         1  0.5     0    52    1002    (-,-) 
  csa_tree_ADD_TC_OP_12_groupi/g1796/z (u)     in_1->z F     unmapped_complex2      4  2.0     0    68    1070    (-,-) 
  csa_tree_ADD_TC_OP_12_groupi/g1770/z (u)     in_0->z F     unmapped_or2           1  0.5     0    52    1122    (-,-) 
  csa_tree_ADD_TC_OP_12_groupi/g1771/z (u)     in_1->z R     unmapped_nand2         1  0.5     0    52    1174    (-,-) 
  data_out_reg_reg[6]/d                -       -       R     unmapped_d_flop        1    -     -     0    1174    (-,-) 
#-----------------------------------------------------------------------------------------------------------------------

(u) : Net has unmapped pin(s).



Path 11: MET (183 ps) Setup Check with Pin prod_reg_reg[4][12]/clk->d
          Group: clock
     Startpoint: (R) prod_reg_reg[3][3]/clk
          Clock: (R) clock
       Endpoint: (R) prod_reg_reg[4][12]/d
          Clock: (R) clock

                     Capture       Launch     
        Clock Edge:+    1400            0     
       Src Latency:+       0            0     
       Net Latency:+       0 (I)        0 (I) 
           Arrival:=    1400            0     
                                              
             Setup:-      69                  
     Required Time:=    1331                  
      Launch Clock:-       0                  
         Data Path:-    1148                  
             Slack:=     183                  

#---------------------------------------------------------------------------------------------------------
#     Timing Point       Flags    Arc    Edge       Cell         Fanout Load Trans Delay Arrival Instance 
#                                                                       (fF)  (ps)  (ps)   (ps)  Location 
#---------------------------------------------------------------------------------------------------------
  prod_reg_reg[3][3]/clk -       -       R     (arrival)            149    -     0     0       0    (-,-) 
  prod_reg_reg[3][3]/q   (u)     clk->q  R     unmapped_d_flop        9  4.5     0   231     231    (-,-) 
  g725/z                 (u)     in_0->z R     unmapped_or2           3  1.5     0    63     294    (-,-) 
  g820/z                 (u)     in_1->z R     unmapped_or2           3  1.5     0    63     357    (-,-) 
  g2483/z                (u)     in_0->z R     unmapped_complex2      1  0.5     0    52     409    (-,-) 
  g2446/z                (u)     in_1->z F     unmapped_nand2         3  1.5     0    63     472    (-,-) 
  g2434/z                (u)     in_1->z R     unmapped_nand2         1  0.5     0    52     524    (-,-) 
  g2415/z                (u)     in_1->z F     unmapped_nand2         3  1.5     0    63     588    (-,-) 
  g2391/z                (u)     in_1->z R     unmapped_nand2         1  0.5     0    52     640    (-,-) 
  g2381/z                (u)     in_1->z F     unmapped_nand2         3  1.5     0    63     703    (-,-) 
  g2345/z                (u)     in_1->z R     unmapped_nand2         1  0.5     0    52     755    (-,-) 
  g2340/z                (u)     in_1->z F     unmapped_nand2         3  1.5     0    63     818    (-,-) 
  g2313/z                (u)     in_1->z R     unmapped_nand2         1  0.5     0    52     870    (-,-) 
  g2303/z                (u)     in_1->z F     unmapped_nand2         3  1.5     0    63     933    (-,-) 
  g2268/z                (u)     in_1->z R     unmapped_nand2         1  0.5     0    52     985    (-,-) 
  g2264/z                (u)     in_1->z F     unmapped_nand2         2  1.0     0    58    1044    (-,-) 
  g2261/z                (u)     in_0->z F     unmapped_or2           1  0.5     0    52    1096    (-,-) 
  g2262/z                (u)     in_1->z R     unmapped_nand2         1  0.5     0    52    1148    (-,-) 
  prod_reg_reg[4][12]/d  -       -       R     unmapped_d_flop        1    -     -     0    1148    (-,-) 
#---------------------------------------------------------------------------------------------------------

(u) : Net has unmapped pin(s).



Path 12: MET (183 ps) Setup Check with Pin prod_reg_reg[3][12]/clk->d
          Group: clock
     Startpoint: (R) prod_reg_reg[2][3]/clk
          Clock: (R) clock
       Endpoint: (R) prod_reg_reg[3][12]/d
          Clock: (R) clock

                     Capture       Launch     
        Clock Edge:+    1400            0     
       Src Latency:+       0            0     
       Net Latency:+       0 (I)        0 (I) 
           Arrival:=    1400            0     
                                              
             Setup:-      69                  
     Required Time:=    1331                  
      Launch Clock:-       0                  
         Data Path:-    1148                  
             Slack:=     183                  

#---------------------------------------------------------------------------------------------------------
#     Timing Point       Flags    Arc    Edge       Cell         Fanout Load Trans Delay Arrival Instance 
#                                                                       (fF)  (ps)  (ps)   (ps)  Location 
#---------------------------------------------------------------------------------------------------------
  prod_reg_reg[2][3]/clk -       -       R     (arrival)            149    -     0     0       0    (-,-) 
  prod_reg_reg[2][3]/q   (u)     clk->q  R     unmapped_d_flop        9  4.5     0   231     231    (-,-) 
  g658/z                 (u)     in_1->z R     unmapped_or2           3  1.5     0    63     294    (-,-) 
  g812/z                 (u)     in_1->z R     unmapped_or2           3  1.5     0    63     357    (-,-) 
  g2488/z                (u)     in_0->z R     unmapped_complex2      1  0.5     0    52     409    (-,-) 
  g2444/z                (u)     in_1->z F     unmapped_nand2         3  1.5     0    63     472    (-,-) 
  g2433/z                (u)     in_1->z R     unmapped_nand2         1  0.5     0    52     524    (-,-) 
  g2423/z                (u)     in_1->z F     unmapped_nand2         3  1.5     0    63     588    (-,-) 
  g2389/z                (u)     in_1->z R     unmapped_nand2         1  0.5     0    52     640    (-,-) 
  g2379/z                (u)     in_1->z F     unmapped_nand2         3  1.5     0    63     703    (-,-) 
  g2355/z                (u)     in_1->z R     unmapped_nand2         1  0.5     0    52     755    (-,-) 
  g2333/z                (u)     in_1->z F     unmapped_nand2         3  1.5     0    63     818    (-,-) 
  g2305/z                (u)     in_1->z R     unmapped_nand2         1  0.5     0    52     870    (-,-) 
  g2279/z                (u)     in_1->z F     unmapped_nand2         3  1.5     0    63     933    (-,-) 
  g2272/z                (u)     in_1->z R     unmapped_nand2         1  0.5     0    52     985    (-,-) 
  g2263/z                (u)     in_1->z F     unmapped_nand2         2  1.0     0    58    1044    (-,-) 
  g2258/z                (u)     in_0->z F     unmapped_or2           1  0.5     0    52    1096    (-,-) 
  g2259/z                (u)     in_1->z R     unmapped_nand2         1  0.5     0    52    1148    (-,-) 
  prod_reg_reg[3][12]/d  -       -       R     unmapped_d_flop        1    -     -     0    1148    (-,-) 
#---------------------------------------------------------------------------------------------------------

(u) : Net has unmapped pin(s).



Path 13: MET (250 ps) Setup Check with Pin data_out_reg_reg[5]/clk->d
          Group: clock
     Startpoint: (R) prod_reg_reg[2][2]/clk
          Clock: (R) clock
       Endpoint: (R) data_out_reg_reg[5]/d
          Clock: (R) clock

                     Capture       Launch     
        Clock Edge:+    1400            0     
       Src Latency:+       0            0     
       Net Latency:+       0 (I)        0 (I) 
           Arrival:=    1400            0     
                                              
             Setup:-      69                  
     Required Time:=    1331                  
      Launch Clock:-       0                  
         Data Path:-    1081                  
             Slack:=     250                  

#-----------------------------------------------------------------------------------------------------------------------
#            Timing Point              Flags    Arc    Edge       Cell         Fanout Load Trans Delay Arrival Instance 
#                                                                                     (fF)  (ps)  (ps)   (ps)  Location 
#-----------------------------------------------------------------------------------------------------------------------
  prod_reg_reg[2][2]/clk               -       -       R     (arrival)            149    -     0     0       0    (-,-) 
  prod_reg_reg[2][2]/q                 (u)     clk->q  F     unmapped_d_flop        9  4.5     0   231     231    (-,-) 
  csa_tree_ADD_TC_OP_12_groupi/g2385/z (u)     in_0->z F     unmapped_complex2      1  0.5     0    52     283    (-,-) 
  csa_tree_ADD_TC_OP_12_groupi/g2386/z (u)     in_1->z R     unmapped_nand2         4  2.0     0    68     351    (-,-) 
  csa_tree_ADD_TC_OP_12_groupi/g2256/z (u)     in_0->z F     unmapped_complex2      1  0.5     0    52     403    (-,-) 
  csa_tree_ADD_TC_OP_12_groupi/g2257/z (u)     in_1->z R     unmapped_nand2         2  1.0     0    58     461    (-,-) 
  csa_tree_ADD_TC_OP_12_groupi/g2098/z (u)     in_1->z R     unmapped_complex2      1  0.5     0    52     514    (-,-) 
  csa_tree_ADD_TC_OP_12_groupi/g2099/z (u)     in_1->z F     unmapped_nand2         2  1.0     0    58     572    (-,-) 
  csa_tree_ADD_TC_OP_12_groupi/g2029/z (u)     in_1->z F     unmapped_or2           2  1.0     0    58     630    (-,-) 
  csa_tree_ADD_TC_OP_12_groupi/g1969/z (u)     in_0->z R     unmapped_nand2         1  0.5     0    52     682    (-,-) 
  csa_tree_ADD_TC_OP_12_groupi/g1924/z (u)     in_1->z F     unmapped_nand2         3  1.5     0    63     745    (-,-) 
  csa_tree_ADD_TC_OP_12_groupi/g1876/z (u)     in_1->z R     unmapped_nand2         1  0.5     0    52     797    (-,-) 
  csa_tree_ADD_TC_OP_12_groupi/g1855/z (u)     in_0->z F     unmapped_nand2         3  1.5     0    63     860    (-,-) 
  csa_tree_ADD_TC_OP_12_groupi/g1811/z (u)     in_1->z R     unmapped_nand2         2  1.0     0    58     918    (-,-) 
  csa_tree_ADD_TC_OP_12_groupi/g1806/z (u)     in_1->z F     unmapped_nand2         2  1.0     0    58     977    (-,-) 
  csa_tree_ADD_TC_OP_12_groupi/g1792/z (u)     in_0->z F     unmapped_or2           1  0.5     0    52    1029    (-,-) 
  csa_tree_ADD_TC_OP_12_groupi/g1793/z (u)     in_1->z R     unmapped_nand2         1  0.5     0    52    1081    (-,-) 
  data_out_reg_reg[5]/d                -       -       R     unmapped_d_flop        1    -     -     0    1081    (-,-) 
#-----------------------------------------------------------------------------------------------------------------------

(u) : Net has unmapped pin(s).



Path 14: MET (293 ps) Setup Check with Pin prod_reg_reg[4][11]/clk->d
          Group: clock
     Startpoint: (R) prod_reg_reg[3][3]/clk
          Clock: (R) clock
       Endpoint: (R) prod_reg_reg[4][11]/d
          Clock: (R) clock

                     Capture       Launch     
        Clock Edge:+    1400            0     
       Src Latency:+       0            0     
       Net Latency:+       0 (I)        0 (I) 
           Arrival:=    1400            0     
                                              
             Setup:-      69                  
     Required Time:=    1331                  
      Launch Clock:-       0                  
         Data Path:-    1038                  
             Slack:=     293                  

#---------------------------------------------------------------------------------------------------------
#     Timing Point       Flags    Arc    Edge       Cell         Fanout Load Trans Delay Arrival Instance 
#                                                                       (fF)  (ps)  (ps)   (ps)  Location 
#---------------------------------------------------------------------------------------------------------
  prod_reg_reg[3][3]/clk -       -       R     (arrival)            149    -     0     0       0    (-,-) 
  prod_reg_reg[3][3]/q   (u)     clk->q  R     unmapped_d_flop        9  4.5     0   231     231    (-,-) 
  g725/z                 (u)     in_0->z R     unmapped_or2           3  1.5     0    63     294    (-,-) 
  g820/z                 (u)     in_1->z R     unmapped_or2           3  1.5     0    63     357    (-,-) 
  g2483/z                (u)     in_0->z R     unmapped_complex2      1  0.5     0    52     409    (-,-) 
  g2446/z                (u)     in_1->z F     unmapped_nand2         3  1.5     0    63     472    (-,-) 
  g2434/z                (u)     in_1->z R     unmapped_nand2         1  0.5     0    52     524    (-,-) 
  g2415/z                (u)     in_1->z F     unmapped_nand2         3  1.5     0    63     588    (-,-) 
  g2391/z                (u)     in_1->z R     unmapped_nand2         1  0.5     0    52     640    (-,-) 
  g2381/z                (u)     in_1->z F     unmapped_nand2         3  1.5     0    63     703    (-,-) 
  g2345/z                (u)     in_1->z R     unmapped_nand2         1  0.5     0    52     755    (-,-) 
  g2340/z                (u)     in_1->z F     unmapped_nand2         3  1.5     0    63     818    (-,-) 
  g2313/z                (u)     in_1->z R     unmapped_nand2         1  0.5     0    52     870    (-,-) 
  g2303/z                (u)     in_1->z F     unmapped_nand2         3  1.5     0    63     933    (-,-) 
  g2270/z                (u)     in_0->z F     unmapped_or2           1  0.5     0    52     985    (-,-) 
  g2271/z                (u)     in_1->z R     unmapped_nand2         1  0.5     0    52    1038    (-,-) 
  prod_reg_reg[4][11]/d  -       -       R     unmapped_d_flop        1    -     -     0    1038    (-,-) 
#---------------------------------------------------------------------------------------------------------

(u) : Net has unmapped pin(s).



Path 15: MET (293 ps) Setup Check with Pin prod_reg_reg[3][11]/clk->d
          Group: clock
     Startpoint: (R) prod_reg_reg[2][3]/clk
          Clock: (R) clock
       Endpoint: (R) prod_reg_reg[3][11]/d
          Clock: (R) clock

                     Capture       Launch     
        Clock Edge:+    1400            0     
       Src Latency:+       0            0     
       Net Latency:+       0 (I)        0 (I) 
           Arrival:=    1400            0     
                                              
             Setup:-      69                  
     Required Time:=    1331                  
      Launch Clock:-       0                  
         Data Path:-    1038                  
             Slack:=     293                  

#---------------------------------------------------------------------------------------------------------
#     Timing Point       Flags    Arc    Edge       Cell         Fanout Load Trans Delay Arrival Instance 
#                                                                       (fF)  (ps)  (ps)   (ps)  Location 
#---------------------------------------------------------------------------------------------------------
  prod_reg_reg[2][3]/clk -       -       R     (arrival)            149    -     0     0       0    (-,-) 
  prod_reg_reg[2][3]/q   (u)     clk->q  R     unmapped_d_flop        9  4.5     0   231     231    (-,-) 
  g658/z                 (u)     in_1->z R     unmapped_or2           3  1.5     0    63     294    (-,-) 
  g812/z                 (u)     in_1->z R     unmapped_or2           3  1.5     0    63     357    (-,-) 
  g2488/z                (u)     in_0->z R     unmapped_complex2      1  0.5     0    52     409    (-,-) 
  g2444/z                (u)     in_1->z F     unmapped_nand2         3  1.5     0    63     472    (-,-) 
  g2433/z                (u)     in_1->z R     unmapped_nand2         1  0.5     0    52     524    (-,-) 
  g2423/z                (u)     in_1->z F     unmapped_nand2         3  1.5     0    63     588    (-,-) 
  g2389/z                (u)     in_1->z R     unmapped_nand2         1  0.5     0    52     640    (-,-) 
  g2379/z                (u)     in_1->z F     unmapped_nand2         3  1.5     0    63     703    (-,-) 
  g2355/z                (u)     in_1->z R     unmapped_nand2         1  0.5     0    52     755    (-,-) 
  g2333/z                (u)     in_1->z F     unmapped_nand2         3  1.5     0    63     818    (-,-) 
  g2305/z                (u)     in_1->z R     unmapped_nand2         1  0.5     0    52     870    (-,-) 
  g2279/z                (u)     in_1->z F     unmapped_nand2         3  1.5     0    63     933    (-,-) 
  g2266/z                (u)     in_0->z F     unmapped_or2           1  0.5     0    52     985    (-,-) 
  g2267/z                (u)     in_1->z R     unmapped_nand2         1  0.5     0    52    1038    (-,-) 
  prod_reg_reg[3][11]/d  -       -       R     unmapped_d_flop        1    -     -     0    1038    (-,-) 
#---------------------------------------------------------------------------------------------------------

(u) : Net has unmapped pin(s).



Path 16: MET (308 ps) Setup Check with Pin data_out_reg_reg[4]/clk->d
          Group: clock
     Startpoint: (R) prod_reg_reg[2][3]/clk
          Clock: (R) clock
       Endpoint: (R) data_out_reg_reg[4]/d
          Clock: (R) clock

                     Capture       Launch     
        Clock Edge:+    1400            0     
       Src Latency:+       0            0     
       Net Latency:+       0 (I)        0 (I) 
           Arrival:=    1400            0     
                                              
             Setup:-      69                  
     Required Time:=    1331                  
      Launch Clock:-       0                  
         Data Path:-    1023                  
             Slack:=     308                  

#-----------------------------------------------------------------------------------------------------------------------
#            Timing Point              Flags    Arc    Edge       Cell         Fanout Load Trans Delay Arrival Instance 
#                                                                                     (fF)  (ps)  (ps)   (ps)  Location 
#-----------------------------------------------------------------------------------------------------------------------
  prod_reg_reg[2][3]/clk               -       -       R     (arrival)            149    -     0     0       0    (-,-) 
  prod_reg_reg[2][3]/q                 (u)     clk->q  R     unmapped_d_flop        9  4.5     0   231     231    (-,-) 
  csa_tree_ADD_TC_OP_12_groupi/g2359/z (u)     in_1->z R     unmapped_complex2      1  0.5     0    52     283    (-,-) 
  csa_tree_ADD_TC_OP_12_groupi/g2360/z (u)     in_1->z F     unmapped_nand2         2  1.0     0    58     342    (-,-) 
  csa_tree_ADD_TC_OP_12_groupi/g2214/z (u)     in_0->z F     unmapped_complex2      1  0.5     0    52     394    (-,-) 
  csa_tree_ADD_TC_OP_12_groupi/g2215/z (u)     in_1->z R     unmapped_nand2         3  1.5     0    63     457    (-,-) 
  csa_tree_ADD_TC_OP_12_groupi/g2151/z (u)     in_1->z F     unmapped_nand2         1  0.5     0    52     509    (-,-) 
  csa_tree_ADD_TC_OP_12_groupi/g2061/z (u)     in_0->z R     unmapped_nand2         4  2.0     0    68     576    (-,-) 
  csa_tree_ADD_TC_OP_12_groupi/g2039/z (u)     in_0->z F     unmapped_complex2      1  0.5     0    52     629    (-,-) 
  csa_tree_ADD_TC_OP_12_groupi/g2040/z (u)     in_1->z R     unmapped_nand2         2  1.0     0    58     687    (-,-) 
  csa_tree_ADD_TC_OP_12_groupi/g1972/z (u)     in_1->z R     unmapped_complex2      1  0.5     0    52     739    (-,-) 
  csa_tree_ADD_TC_OP_12_groupi/g1973/z (u)     in_1->z F     unmapped_nand2         2  1.0     0    58     797    (-,-) 
  csa_tree_ADD_TC_OP_12_groupi/g13/z   (u)     in_1->z R     unmapped_nand2         3  1.5     0    63     860    (-,-) 
  csa_tree_ADD_TC_OP_12_groupi/g1867/z (u)     in_1->z F     unmapped_nand2         2  1.0     0    58     918    (-,-) 
  csa_tree_ADD_TC_OP_12_groupi/g1821/z (u)     in_1->z F     unmapped_or2           1  0.5     0    52     971    (-,-) 
  csa_tree_ADD_TC_OP_12_groupi/g1822/z (u)     in_1->z R     unmapped_nand2         1  0.5     0    52    1023    (-,-) 
  data_out_reg_reg[4]/d                -       -       R     unmapped_d_flop        1    -     -     0    1023    (-,-) 
#-----------------------------------------------------------------------------------------------------------------------

(u) : Net has unmapped pin(s).



Path 17: MET (352 ps) Setup Check with Pin prod_reg_reg[2][11]/clk->d
          Group: clock
     Startpoint: (R) prod_reg_reg[1][3]/clk
          Clock: (R) clock
       Endpoint: (R) prod_reg_reg[2][11]/d
          Clock: (R) clock

                     Capture       Launch     
        Clock Edge:+    1400            0     
       Src Latency:+       0            0     
       Net Latency:+       0 (I)        0 (I) 
           Arrival:=    1400            0     
                                              
             Setup:-      69                  
     Required Time:=    1331                  
      Launch Clock:-       0                  
         Data Path:-     979                  
             Slack:=     352                  

#---------------------------------------------------------------------------------------------------------
#     Timing Point       Flags    Arc    Edge       Cell         Fanout Load Trans Delay Arrival Instance 
#                                                                       (fF)  (ps)  (ps)   (ps)  Location 
#---------------------------------------------------------------------------------------------------------
  prod_reg_reg[1][3]/clk -       -       R     (arrival)            149    -     0     0       0    (-,-) 
  prod_reg_reg[1][3]/q   (u)     clk->q  R     unmapped_d_flop        9  4.5     0   231     231    (-,-) 
  g12/z                  (u)     in_0->z F     unmapped_nand2         4  2.0     0    68     299    (-,-) 
  g2557/z                (u)     in_0->z R     unmapped_nand2         1  0.5     0    52     351    (-,-) 
  g2492/z                (u)     in_1->z F     unmapped_nand2         3  1.5     0    63     414    (-,-) 
  g2461/z                (u)     in_1->z F     unmapped_complex2      1  0.5     0    52     466    (-,-) 
  g2427/z                (u)     in_1->z R     unmapped_nand2         3  1.5     0    63     529    (-,-) 
  g2402/z                (u)     in_1->z F     unmapped_nand2         1  0.5     0    52     581    (-,-) 
  g2388/z                (u)     in_1->z R     unmapped_nand2         3  1.5     0    63     644    (-,-) 
  g2374/z                (u)     in_1->z F     unmapped_nand2         1  0.5     0    52     696    (-,-) 
  g2346/z                (u)     in_1->z R     unmapped_nand2         3  1.5     0    63     760    (-,-) 
  g2326/z                (u)     in_1->z F     unmapped_nand2         1  0.5     0    52     812    (-,-) 
  g2315/z                (u)     in_1->z R     unmapped_nand2         3  1.5     0    63     875    (-,-) 
  g2281/z                (u)     in_1->z F     unmapped_nand2         1  0.5     0    52     927    (-,-) 
  g2277/z                (u)     in_1->z R     unmapped_nand2         1  0.5     0    52     979    (-,-) 
  prod_reg_reg[2][11]/d  -       -       R     unmapped_d_flop        1    -     -     0     979    (-,-) 
#---------------------------------------------------------------------------------------------------------

(u) : Net has unmapped pin(s).



Path 18: MET (352 ps) Setup Check with Pin prod_reg_reg[2][10]/clk->d
          Group: clock
     Startpoint: (R) prod_reg_reg[1][3]/clk
          Clock: (R) clock
       Endpoint: (R) prod_reg_reg[2][10]/d
          Clock: (R) clock

                     Capture       Launch     
        Clock Edge:+    1400            0     
       Src Latency:+       0            0     
       Net Latency:+       0 (I)        0 (I) 
           Arrival:=    1400            0     
                                              
             Setup:-      69                  
     Required Time:=    1331                  
      Launch Clock:-       0                  
         Data Path:-     979                  
             Slack:=     352                  

#---------------------------------------------------------------------------------------------------------
#     Timing Point       Flags    Arc    Edge       Cell         Fanout Load Trans Delay Arrival Instance 
#                                                                       (fF)  (ps)  (ps)   (ps)  Location 
#---------------------------------------------------------------------------------------------------------
  prod_reg_reg[1][3]/clk -       -       R     (arrival)            149    -     0     0       0    (-,-) 
  prod_reg_reg[1][3]/q   (u)     clk->q  F     unmapped_d_flop        9  4.5     0   231     231    (-,-) 
  g12/z                  (u)     in_0->z R     unmapped_nand2         4  2.0     0    68     299    (-,-) 
  g2557/z                (u)     in_0->z F     unmapped_nand2         1  0.5     0    52     351    (-,-) 
  g2492/z                (u)     in_1->z R     unmapped_nand2         3  1.5     0    63     414    (-,-) 
  g2461/z                (u)     in_1->z R     unmapped_complex2      1  0.5     0    52     466    (-,-) 
  g2427/z                (u)     in_1->z F     unmapped_nand2         3  1.5     0    63     529    (-,-) 
  g2402/z                (u)     in_1->z R     unmapped_nand2         1  0.5     0    52     581    (-,-) 
  g2388/z                (u)     in_1->z F     unmapped_nand2         3  1.5     0    63     644    (-,-) 
  g2374/z                (u)     in_1->z R     unmapped_nand2         1  0.5     0    52     696    (-,-) 
  g2346/z                (u)     in_1->z F     unmapped_nand2         3  1.5     0    63     760    (-,-) 
  g2326/z                (u)     in_1->z R     unmapped_nand2         1  0.5     0    52     812    (-,-) 
  g2315/z                (u)     in_1->z F     unmapped_nand2         3  1.5     0    63     875    (-,-) 
  g2289/z                (u)     in_0->z F     unmapped_or2           1  0.5     0    52     927    (-,-) 
  g2290/z                (u)     in_1->z R     unmapped_nand2         1  0.5     0    52     979    (-,-) 
  prod_reg_reg[2][10]/d  -       -       R     unmapped_d_flop        1    -     -     0     979    (-,-) 
#---------------------------------------------------------------------------------------------------------

(u) : Net has unmapped pin(s).



Path 19: MET (358 ps) Setup Check with Pin prod_reg_reg[7][10]/clk->d
          Group: clock
     Startpoint: (R) prod_reg_reg[6][1]/clk
          Clock: (R) clock
       Endpoint: (R) prod_reg_reg[7][10]/d
          Clock: (R) clock

                     Capture       Launch     
        Clock Edge:+    1400            0     
       Src Latency:+       0            0     
       Net Latency:+       0 (I)        0 (I) 
           Arrival:=    1400            0     
                                              
             Setup:-      69                  
     Required Time:=    1331                  
      Launch Clock:-       0                  
         Data Path:-     972                  
             Slack:=     358                  

#---------------------------------------------------------------------------------------------------------
#     Timing Point       Flags    Arc    Edge       Cell         Fanout Load Trans Delay Arrival Instance 
#                                                                       (fF)  (ps)  (ps)   (ps)  Location 
#---------------------------------------------------------------------------------------------------------
  prod_reg_reg[6][1]/clk -       -       R     (arrival)            149    -     0     0       0    (-,-) 
  prod_reg_reg[6][1]/q   (u)     clk->q  R     unmapped_d_flop        7  3.5     0   224     224    (-,-) 
  g2575/z                (u)     in_0->z F     unmapped_complex2      4  2.0     0    68     292    (-,-) 
  g2515/z                (u)     in_0->z R     unmapped_nand2         1  0.5     0    52     344    (-,-) 
  g2472/z                (u)     in_1->z F     unmapped_nand2         3  1.5     0    63     407    (-,-) 
  g2445/z                (u)     in_1->z R     unmapped_nand2         1  0.5     0    52     459    (-,-) 
  g2438/z                (u)     in_1->z F     unmapped_nand2         3  1.5     0    63     522    (-,-) 
  g2403/z                (u)     in_1->z R     unmapped_nand2         1  0.5     0    52     574    (-,-) 
  g2390/z                (u)     in_1->z F     unmapped_nand2         3  1.5     0    63     638    (-,-) 
  g2380/z                (u)     in_1->z R     unmapped_nand2         1  0.5     0    52     690    (-,-) 
  g2348/z                (u)     in_1->z F     unmapped_nand2         3  1.5     0    63     753    (-,-) 
  g2327/z                (u)     in_1->z R     unmapped_nand2         1  0.5     0    52     805    (-,-) 
  g2317/z                (u)     in_1->z F     unmapped_nand2         3  1.5     0    63     868    (-,-) 
  g2280/z                (u)     in_1->z F     unmapped_complex2      1  0.5     0    52     920    (-,-) 
  g2278/z                (u)     in_1->z R     unmapped_nand2         1  0.5     0    52     972    (-,-) 
  prod_reg_reg[7][10]/d  -       -       R     unmapped_d_flop        1    -     -     0     972    (-,-) 
#---------------------------------------------------------------------------------------------------------

(u) : Net has unmapped pin(s).



Path 20: MET (358 ps) Setup Check with Pin prod_reg_reg[7][9]/clk->d
          Group: clock
     Startpoint: (R) prod_reg_reg[6][1]/clk
          Clock: (R) clock
       Endpoint: (R) prod_reg_reg[7][9]/d
          Clock: (R) clock

                     Capture       Launch     
        Clock Edge:+    1400            0     
       Src Latency:+       0            0     
       Net Latency:+       0 (I)        0 (I) 
           Arrival:=    1400            0     
                                              
             Setup:-      69                  
     Required Time:=    1331                  
      Launch Clock:-       0                  
         Data Path:-     972                  
             Slack:=     358                  

#---------------------------------------------------------------------------------------------------------
#     Timing Point       Flags    Arc    Edge       Cell         Fanout Load Trans Delay Arrival Instance 
#                                                                       (fF)  (ps)  (ps)   (ps)  Location 
#---------------------------------------------------------------------------------------------------------
  prod_reg_reg[6][1]/clk -       -       R     (arrival)            149    -     0     0       0    (-,-) 
  prod_reg_reg[6][1]/q   (u)     clk->q  R     unmapped_d_flop        7  3.5     0   224     224    (-,-) 
  g2575/z                (u)     in_0->z F     unmapped_complex2      4  2.0     0    68     292    (-,-) 
  g2515/z                (u)     in_0->z R     unmapped_nand2         1  0.5     0    52     344    (-,-) 
  g2472/z                (u)     in_1->z F     unmapped_nand2         3  1.5     0    63     407    (-,-) 
  g2445/z                (u)     in_1->z R     unmapped_nand2         1  0.5     0    52     459    (-,-) 
  g2438/z                (u)     in_1->z F     unmapped_nand2         3  1.5     0    63     522    (-,-) 
  g2403/z                (u)     in_1->z R     unmapped_nand2         1  0.5     0    52     574    (-,-) 
  g2390/z                (u)     in_1->z F     unmapped_nand2         3  1.5     0    63     638    (-,-) 
  g2380/z                (u)     in_1->z R     unmapped_nand2         1  0.5     0    52     690    (-,-) 
  g2348/z                (u)     in_1->z F     unmapped_nand2         3  1.5     0    63     753    (-,-) 
  g2327/z                (u)     in_1->z R     unmapped_nand2         1  0.5     0    52     805    (-,-) 
  g2317/z                (u)     in_1->z F     unmapped_nand2         3  1.5     0    63     868    (-,-) 
  g2300/z                (u)     in_0->z F     unmapped_or2           1  0.5     0    52     920    (-,-) 
  g2301/z                (u)     in_1->z R     unmapped_nand2         1  0.5     0    52     972    (-,-) 
  prod_reg_reg[7][9]/d   -       -       R     unmapped_d_flop        1    -     -     0     972    (-,-) 
#---------------------------------------------------------------------------------------------------------

(u) : Net has unmapped pin(s).



Path 21: MET (358 ps) Setup Check with Pin prod_reg_reg[6][11]/clk->d
          Group: clock
     Startpoint: (R) prod_reg_reg[5][2]/clk
          Clock: (R) clock
       Endpoint: (R) prod_reg_reg[6][11]/d
          Clock: (R) clock

                     Capture       Launch     
        Clock Edge:+    1400            0     
       Src Latency:+       0            0     
       Net Latency:+       0 (I)        0 (I) 
           Arrival:=    1400            0     
                                              
             Setup:-      69                  
     Required Time:=    1331                  
      Launch Clock:-       0                  
         Data Path:-     972                  
             Slack:=     358                  

#---------------------------------------------------------------------------------------------------------
#     Timing Point       Flags    Arc    Edge       Cell         Fanout Load Trans Delay Arrival Instance 
#                                                                       (fF)  (ps)  (ps)   (ps)  Location 
#---------------------------------------------------------------------------------------------------------
  prod_reg_reg[5][2]/clk -       -       R     (arrival)            149    -     0     0       0    (-,-) 
  prod_reg_reg[5][2]/q   (u)     clk->q  R     unmapped_d_flop        7  3.5     0   224     224    (-,-) 
  g2570/z                (u)     in_0->z F     unmapped_complex2      4  2.0     0    68     292    (-,-) 
  g2530/z                (u)     in_0->z R     unmapped_nand2         1  0.5     0    52     344    (-,-) 
  g2487/z                (u)     in_1->z F     unmapped_nand2         3  1.5     0    63     407    (-,-) 
  g2454/z                (u)     in_1->z R     unmapped_nand2         1  0.5     0    52     459    (-,-) 
  g2425/z                (u)     in_1->z F     unmapped_nand2         3  1.5     0    63     522    (-,-) 
  g2414/z                (u)     in_1->z R     unmapped_nand2         1  0.5     0    52     574    (-,-) 
  g2387/z                (u)     in_1->z F     unmapped_nand2         3  1.5     0    63     638    (-,-) 
  g2370/z                (u)     in_1->z R     unmapped_nand2         1  0.5     0    52     690    (-,-) 
  g2354/z                (u)     in_1->z F     unmapped_nand2         3  1.5     0    63     753    (-,-) 
  g2344/z                (u)     in_1->z R     unmapped_nand2         1  0.5     0    52     805    (-,-) 
  g2314/z                (u)     in_1->z F     unmapped_nand2         3  1.5     0    63     868    (-,-) 
  g2295/z                (u)     in_1->z F     unmapped_complex2      1  0.5     0    52     920    (-,-) 
  g2275/z                (u)     in_1->z R     unmapped_nand2         1  0.5     0    52     972    (-,-) 
  prod_reg_reg[6][11]/d  -       -       R     unmapped_d_flop        1    -     -     0     972    (-,-) 
#---------------------------------------------------------------------------------------------------------

(u) : Net has unmapped pin(s).



Path 22: MET (358 ps) Setup Check with Pin prod_reg_reg[6][10]/clk->d
          Group: clock
     Startpoint: (R) prod_reg_reg[5][2]/clk
          Clock: (R) clock
       Endpoint: (R) prod_reg_reg[6][10]/d
          Clock: (R) clock

                     Capture       Launch     
        Clock Edge:+    1400            0     
       Src Latency:+       0            0     
       Net Latency:+       0 (I)        0 (I) 
           Arrival:=    1400            0     
                                              
             Setup:-      69                  
     Required Time:=    1331                  
      Launch Clock:-       0                  
         Data Path:-     972                  
             Slack:=     358                  

#---------------------------------------------------------------------------------------------------------
#     Timing Point       Flags    Arc    Edge       Cell         Fanout Load Trans Delay Arrival Instance 
#                                                                       (fF)  (ps)  (ps)   (ps)  Location 
#---------------------------------------------------------------------------------------------------------
  prod_reg_reg[5][2]/clk -       -       R     (arrival)            149    -     0     0       0    (-,-) 
  prod_reg_reg[5][2]/q   (u)     clk->q  R     unmapped_d_flop        7  3.5     0   224     224    (-,-) 
  g2570/z                (u)     in_0->z F     unmapped_complex2      4  2.0     0    68     292    (-,-) 
  g2530/z                (u)     in_0->z R     unmapped_nand2         1  0.5     0    52     344    (-,-) 
  g2487/z                (u)     in_1->z F     unmapped_nand2         3  1.5     0    63     407    (-,-) 
  g2454/z                (u)     in_1->z R     unmapped_nand2         1  0.5     0    52     459    (-,-) 
  g2425/z                (u)     in_1->z F     unmapped_nand2         3  1.5     0    63     522    (-,-) 
  g2414/z                (u)     in_1->z R     unmapped_nand2         1  0.5     0    52     574    (-,-) 
  g2387/z                (u)     in_1->z F     unmapped_nand2         3  1.5     0    63     638    (-,-) 
  g2370/z                (u)     in_1->z R     unmapped_nand2         1  0.5     0    52     690    (-,-) 
  g2354/z                (u)     in_1->z F     unmapped_nand2         3  1.5     0    63     753    (-,-) 
  g2344/z                (u)     in_1->z R     unmapped_nand2         1  0.5     0    52     805    (-,-) 
  g2314/z                (u)     in_1->z F     unmapped_nand2         3  1.5     0    63     868    (-,-) 
  g2293/z                (u)     in_0->z F     unmapped_or2           1  0.5     0    52     920    (-,-) 
  g2294/z                (u)     in_1->z R     unmapped_nand2         1  0.5     0    52     972    (-,-) 
  prod_reg_reg[6][10]/d  -       -       R     unmapped_d_flop        1    -     -     0     972    (-,-) 
#---------------------------------------------------------------------------------------------------------

(u) : Net has unmapped pin(s).



Path 23: MET (362 ps) Setup Check with Pin prod_reg_reg[5][11]/clk->d
          Group: clock
     Startpoint: (R) prod_reg_reg[4][3]/clk
          Clock: (R) clock
       Endpoint: (R) prod_reg_reg[5][11]/d
          Clock: (R) clock

                     Capture       Launch     
        Clock Edge:+    1400            0     
       Src Latency:+       0            0     
       Net Latency:+       0 (I)        0 (I) 
           Arrival:=    1400            0     
                                              
             Setup:-      69                  
     Required Time:=    1331                  
      Launch Clock:-       0                  
         Data Path:-     968                  
             Slack:=     362                  

#---------------------------------------------------------------------------------------------------------
#     Timing Point       Flags    Arc    Edge       Cell         Fanout Load Trans Delay Arrival Instance 
#                                                                       (fF)  (ps)  (ps)   (ps)  Location 
#---------------------------------------------------------------------------------------------------------
  prod_reg_reg[4][3]/clk -       -       R     (arrival)            149    -     0     0       0    (-,-) 
  prod_reg_reg[4][3]/q   (u)     clk->q  R     unmapped_d_flop        6  3.0     0   220     220    (-,-) 
  g414/z                 (u)     in_1->z F     unmapped_nand2         4  2.0     0    68     288    (-,-) 
  g2497/z                (u)     in_0->z R     unmapped_nand2         1  0.5     0    52     340    (-,-) 
  g2482/z                (u)     in_1->z F     unmapped_nand2         3  1.5     0    63     403    (-,-) 
  g2439/z                (u)     in_1->z F     unmapped_complex2      1  0.5     0    52     455    (-,-) 
  g2426/z                (u)     in_1->z R     unmapped_nand2         3  1.5     0    63     518    (-,-) 
  g2410/z                (u)     in_1->z F     unmapped_nand2         1  0.5     0    52     570    (-,-) 
  g2385/z                (u)     in_1->z R     unmapped_nand2         3  1.5     0    63     634    (-,-) 
  g2366/z                (u)     in_1->z F     unmapped_nand2         1  0.5     0    52     686    (-,-) 
  g2350/z                (u)     in_1->z R     unmapped_nand2         3  1.5     0    63     749    (-,-) 
  g2322/z                (u)     in_1->z F     unmapped_nand2         1  0.5     0    52     801    (-,-) 
  g2309/z                (u)     in_1->z R     unmapped_nand2         3  1.5     0    63     864    (-,-) 
  g2302/z                (u)     in_1->z F     unmapped_nand2         1  0.5     0    52     916    (-,-) 
  g2273/z                (u)     in_1->z R     unmapped_nand2         1  0.5     0    52     968    (-,-) 
  prod_reg_reg[5][11]/d  -       -       R     unmapped_d_flop        1    -     -     0     968    (-,-) 
#---------------------------------------------------------------------------------------------------------

(u) : Net has unmapped pin(s).



Path 24: MET (362 ps) Setup Check with Pin prod_reg_reg[5][10]/clk->d
          Group: clock
     Startpoint: (R) prod_reg_reg[4][3]/clk
          Clock: (R) clock
       Endpoint: (R) prod_reg_reg[5][10]/d
          Clock: (R) clock

                     Capture       Launch     
        Clock Edge:+    1400            0     
       Src Latency:+       0            0     
       Net Latency:+       0 (I)        0 (I) 
           Arrival:=    1400            0     
                                              
             Setup:-      69                  
     Required Time:=    1331                  
      Launch Clock:-       0                  
         Data Path:-     968                  
             Slack:=     362                  

#---------------------------------------------------------------------------------------------------------
#     Timing Point       Flags    Arc    Edge       Cell         Fanout Load Trans Delay Arrival Instance 
#                                                                       (fF)  (ps)  (ps)   (ps)  Location 
#---------------------------------------------------------------------------------------------------------
  prod_reg_reg[4][3]/clk -       -       R     (arrival)            149    -     0     0       0    (-,-) 
  prod_reg_reg[4][3]/q   (u)     clk->q  F     unmapped_d_flop        6  3.0     0   220     220    (-,-) 
  g414/z                 (u)     in_1->z R     unmapped_nand2         4  2.0     0    68     288    (-,-) 
  g2497/z                (u)     in_0->z F     unmapped_nand2         1  0.5     0    52     340    (-,-) 
  g2482/z                (u)     in_1->z R     unmapped_nand2         3  1.5     0    63     403    (-,-) 
  g2439/z                (u)     in_1->z R     unmapped_complex2      1  0.5     0    52     455    (-,-) 
  g2426/z                (u)     in_1->z F     unmapped_nand2         3  1.5     0    63     518    (-,-) 
  g2410/z                (u)     in_1->z R     unmapped_nand2         1  0.5     0    52     570    (-,-) 
  g2385/z                (u)     in_1->z F     unmapped_nand2         3  1.5     0    63     634    (-,-) 
  g2366/z                (u)     in_1->z R     unmapped_nand2         1  0.5     0    52     686    (-,-) 
  g2350/z                (u)     in_1->z F     unmapped_nand2         3  1.5     0    63     749    (-,-) 
  g2322/z                (u)     in_1->z R     unmapped_nand2         1  0.5     0    52     801    (-,-) 
  g2309/z                (u)     in_1->z F     unmapped_nand2         3  1.5     0    63     864    (-,-) 
  g2297/z                (u)     in_0->z F     unmapped_or2           1  0.5     0    52     916    (-,-) 
  g2298/z                (u)     in_1->z R     unmapped_nand2         1  0.5     0    52     968    (-,-) 
  prod_reg_reg[5][10]/d  -       -       R     unmapped_d_flop        1    -     -     0     968    (-,-) 
#---------------------------------------------------------------------------------------------------------

(u) : Net has unmapped pin(s).



Path 25: MET (362 ps) Setup Check with Pin prod_reg_reg[1][11]/clk->d
          Group: clock
     Startpoint: (R) prod_reg_reg[0][0]/clk
          Clock: (R) clock
       Endpoint: (R) prod_reg_reg[1][11]/d
          Clock: (R) clock

                     Capture       Launch     
        Clock Edge:+    1400            0     
       Src Latency:+       0            0     
       Net Latency:+       0 (I)        0 (I) 
           Arrival:=    1400            0     
                                              
             Setup:-      69                  
     Required Time:=    1331                  
      Launch Clock:-       0                  
         Data Path:-     968                  
             Slack:=     362                  

#---------------------------------------------------------------------------------------------------------
#     Timing Point       Flags    Arc    Edge       Cell         Fanout Load Trans Delay Arrival Instance 
#                                                                       (fF)  (ps)  (ps)   (ps)  Location 
#---------------------------------------------------------------------------------------------------------
  prod_reg_reg[0][0]/clk -       -       R     (arrival)            149    -     0     0       0    (-,-) 
  prod_reg_reg[0][0]/q   (u)     clk->q  R     unmapped_d_flop        6  3.0     0   220     220    (-,-) 
  g2562/z                (u)     in_0->z F     unmapped_complex2      4  2.0     0    68     288    (-,-) 
  g2500/z                (u)     in_0->z R     unmapped_nand2         1  0.5     0    52     340    (-,-) 
  g2493/z                (u)     in_1->z F     unmapped_nand2         3  1.5     0    63     403    (-,-) 
  g2443/z                (u)     in_1->z R     unmapped_nand2         1  0.5     0    52     455    (-,-) 
  g2428/z                (u)     in_1->z F     unmapped_nand2         3  1.5     0    63     518    (-,-) 
  g2424/z                (u)     in_1->z R     unmapped_nand2         1  0.5     0    52     570    (-,-) 
  g2386/z                (u)     in_1->z F     unmapped_nand2         3  1.5     0    63     634    (-,-) 
  g2378/z                (u)     in_1->z R     unmapped_nand2         1  0.5     0    52     686    (-,-) 
  g2349/z                (u)     in_1->z F     unmapped_nand2         3  1.5     0    63     749    (-,-) 
  g2328/z                (u)     in_1->z R     unmapped_nand2         1  0.5     0    52     801    (-,-) 
  g2316/z                (u)     in_1->z F     unmapped_nand2         3  1.5     0    63     864    (-,-) 
  g2291/z                (u)     in_1->z F     unmapped_complex2      1  0.5     0    52     916    (-,-) 
  g2276/z                (u)     in_1->z R     unmapped_nand2         1  0.5     0    52     968    (-,-) 
  prod_reg_reg[1][11]/d  -       -       R     unmapped_d_flop        1    -     -     0     968    (-,-) 
#---------------------------------------------------------------------------------------------------------

(u) : Net has unmapped pin(s).



Path 26: MET (362 ps) Setup Check with Pin prod_reg_reg[1][10]/clk->d
          Group: clock
     Startpoint: (R) prod_reg_reg[0][0]/clk
          Clock: (R) clock
       Endpoint: (R) prod_reg_reg[1][10]/d
          Clock: (R) clock

                     Capture       Launch     
        Clock Edge:+    1400            0     
       Src Latency:+       0            0     
       Net Latency:+       0 (I)        0 (I) 
           Arrival:=    1400            0     
                                              
             Setup:-      69                  
     Required Time:=    1331                  
      Launch Clock:-       0                  
         Data Path:-     968                  
             Slack:=     362                  

#---------------------------------------------------------------------------------------------------------
#     Timing Point       Flags    Arc    Edge       Cell         Fanout Load Trans Delay Arrival Instance 
#                                                                       (fF)  (ps)  (ps)   (ps)  Location 
#---------------------------------------------------------------------------------------------------------
  prod_reg_reg[0][0]/clk -       -       R     (arrival)            149    -     0     0       0    (-,-) 
  prod_reg_reg[0][0]/q   (u)     clk->q  R     unmapped_d_flop        6  3.0     0   220     220    (-,-) 
  g2562/z                (u)     in_0->z F     unmapped_complex2      4  2.0     0    68     288    (-,-) 
  g2500/z                (u)     in_0->z R     unmapped_nand2         1  0.5     0    52     340    (-,-) 
  g2493/z                (u)     in_1->z F     unmapped_nand2         3  1.5     0    63     403    (-,-) 
  g2443/z                (u)     in_1->z R     unmapped_nand2         1  0.5     0    52     455    (-,-) 
  g2428/z                (u)     in_1->z F     unmapped_nand2         3  1.5     0    63     518    (-,-) 
  g2424/z                (u)     in_1->z R     unmapped_nand2         1  0.5     0    52     570    (-,-) 
  g2386/z                (u)     in_1->z F     unmapped_nand2         3  1.5     0    63     634    (-,-) 
  g2378/z                (u)     in_1->z R     unmapped_nand2         1  0.5     0    52     686    (-,-) 
  g2349/z                (u)     in_1->z F     unmapped_nand2         3  1.5     0    63     749    (-,-) 
  g2328/z                (u)     in_1->z R     unmapped_nand2         1  0.5     0    52     801    (-,-) 
  g2316/z                (u)     in_1->z F     unmapped_nand2         3  1.5     0    63     864    (-,-) 
  g2283/z                (u)     in_0->z F     unmapped_or2           1  0.5     0    52     916    (-,-) 
  g2284/z                (u)     in_1->z R     unmapped_nand2         1  0.5     0    52     968    (-,-) 
  prod_reg_reg[1][10]/d  -       -       R     unmapped_d_flop        1    -     -     0     968    (-,-) 
#---------------------------------------------------------------------------------------------------------

(u) : Net has unmapped pin(s).



Path 27: MET (366 ps) Setup Check with Pin prod_reg_reg[0][10]/clk->d
          Group: clock
     Startpoint: (R) data_in_reg_reg[3]/clk
          Clock: (R) clock
       Endpoint: (R) prod_reg_reg[0][10]/d
          Clock: (R) clock

                     Capture       Launch     
        Clock Edge:+    1400            0     
       Src Latency:+       0            0     
       Net Latency:+       0 (I)        0 (I) 
           Arrival:=    1400            0     
                                              
             Setup:-      69                  
     Required Time:=    1331                  
      Launch Clock:-       0                  
         Data Path:-     964                  
             Slack:=     366                  

#---------------------------------------------------------------------------------------------------------
#     Timing Point       Flags    Arc    Edge       Cell         Fanout Load Trans Delay Arrival Instance 
#                                                                       (fF)  (ps)  (ps)   (ps)  Location 
#---------------------------------------------------------------------------------------------------------
  data_in_reg_reg[3]/clk -       -       R     (arrival)            149    -     0     0       0    (-,-) 
  data_in_reg_reg[3]/q   (u)     clk->q  F     unmapped_d_flop        5  2.5     0   216     216    (-,-) 
  g2590/z                (u)     in_1->z F     unmapped_complex2      4  2.0     0    68     284    (-,-) 
  g2520/z                (u)     in_0->z R     unmapped_nand2         1  0.5     0    52     336    (-,-) 
  g2465/z                (u)     in_1->z F     unmapped_nand2         3  1.5     0    63     399    (-,-) 
  g2447/z                (u)     in_1->z R     unmapped_nand2         1  0.5     0    52     451    (-,-) 
  g2429/z                (u)     in_1->z F     unmapped_nand2         3  1.5     0    63     514    (-,-) 
  g2422/z                (u)     in_1->z R     unmapped_nand2         1  0.5     0    52     566    (-,-) 
  g2398/z                (u)     in_1->z F     unmapped_nand2         3  1.5     0    63     629    (-,-) 
  g2362/z                (u)     in_1->z R     unmapped_nand2         1  0.5     0    52     682    (-,-) 
  g2347/z                (u)     in_1->z F     unmapped_nand2         3  1.5     0    63     744    (-,-) 
  g2332/z                (u)     in_1->z R     unmapped_nand2         1  0.5     0    52     797    (-,-) 
  g2318/z                (u)     in_1->z F     unmapped_nand2         3  1.5     0    63     860    (-,-) 
  g2304/z                (u)     in_1->z F     unmapped_complex2      1  0.5     0    52     912    (-,-) 
  g2274/z                (u)     in_1->z R     unmapped_nand2         1  0.5     0    52     964    (-,-) 
  prod_reg_reg[0][10]/d  -       -       R     unmapped_d_flop        1    -     -     0     964    (-,-) 
#---------------------------------------------------------------------------------------------------------

(u) : Net has unmapped pin(s).



Path 28: MET (366 ps) Setup Check with Pin prod_reg_reg[0][9]/clk->d
          Group: clock
     Startpoint: (R) data_in_reg_reg[3]/clk
          Clock: (R) clock
       Endpoint: (R) prod_reg_reg[0][9]/d
          Clock: (R) clock

                     Capture       Launch     
        Clock Edge:+    1400            0     
       Src Latency:+       0            0     
       Net Latency:+       0 (I)        0 (I) 
           Arrival:=    1400            0     
                                              
             Setup:-      69                  
     Required Time:=    1331                  
      Launch Clock:-       0                  
         Data Path:-     964                  
             Slack:=     366                  

#---------------------------------------------------------------------------------------------------------
#     Timing Point       Flags    Arc    Edge       Cell         Fanout Load Trans Delay Arrival Instance 
#                                                                       (fF)  (ps)  (ps)   (ps)  Location 
#---------------------------------------------------------------------------------------------------------
  data_in_reg_reg[3]/clk -       -       R     (arrival)            149    -     0     0       0    (-,-) 
  data_in_reg_reg[3]/q   (u)     clk->q  F     unmapped_d_flop        5  2.5     0   216     216    (-,-) 
  g2590/z                (u)     in_1->z F     unmapped_complex2      4  2.0     0    68     284    (-,-) 
  g2520/z                (u)     in_0->z R     unmapped_nand2         1  0.5     0    52     336    (-,-) 
  g2465/z                (u)     in_1->z F     unmapped_nand2         3  1.5     0    63     399    (-,-) 
  g2447/z                (u)     in_1->z R     unmapped_nand2         1  0.5     0    52     451    (-,-) 
  g2429/z                (u)     in_1->z F     unmapped_nand2         3  1.5     0    63     514    (-,-) 
  g2422/z                (u)     in_1->z R     unmapped_nand2         1  0.5     0    52     566    (-,-) 
  g2398/z                (u)     in_1->z F     unmapped_nand2         3  1.5     0    63     629    (-,-) 
  g2362/z                (u)     in_1->z R     unmapped_nand2         1  0.5     0    52     682    (-,-) 
  g2347/z                (u)     in_1->z F     unmapped_nand2         3  1.5     0    63     744    (-,-) 
  g2332/z                (u)     in_1->z R     unmapped_nand2         1  0.5     0    52     797    (-,-) 
  g2318/z                (u)     in_1->z F     unmapped_nand2         3  1.5     0    63     860    (-,-) 
  g2286/z                (u)     in_0->z F     unmapped_or2           1  0.5     0    52     912    (-,-) 
  g2287/z                (u)     in_1->z R     unmapped_nand2         1  0.5     0    52     964    (-,-) 
  prod_reg_reg[0][9]/d   -       -       R     unmapped_d_flop        1    -     -     0     964    (-,-) 
#---------------------------------------------------------------------------------------------------------

(u) : Net has unmapped pin(s).



Path 29: MET (408 ps) Setup Check with Pin prod_reg_reg[4][10]/clk->d
          Group: clock
     Startpoint: (R) prod_reg_reg[3][3]/clk
          Clock: (R) clock
       Endpoint: (R) prod_reg_reg[4][10]/d
          Clock: (R) clock

                     Capture       Launch     
        Clock Edge:+    1400            0     
       Src Latency:+       0            0     
       Net Latency:+       0 (I)        0 (I) 
           Arrival:=    1400            0     
                                              
             Setup:-      69                  
     Required Time:=    1331                  
      Launch Clock:-       0                  
         Data Path:-     922                  
             Slack:=     408                  

#---------------------------------------------------------------------------------------------------------
#     Timing Point       Flags    Arc    Edge       Cell         Fanout Load Trans Delay Arrival Instance 
#                                                                       (fF)  (ps)  (ps)   (ps)  Location 
#---------------------------------------------------------------------------------------------------------
  prod_reg_reg[3][3]/clk -       -       R     (arrival)            149    -     0     0       0    (-,-) 
  prod_reg_reg[3][3]/q   (u)     clk->q  R     unmapped_d_flop        9  4.5     0   231     231    (-,-) 
  g725/z                 (u)     in_0->z R     unmapped_or2           3  1.5     0    63     294    (-,-) 
  g820/z                 (u)     in_1->z R     unmapped_or2           3  1.5     0    63     357    (-,-) 
  g2483/z                (u)     in_0->z R     unmapped_complex2      1  0.5     0    52     409    (-,-) 
  g2446/z                (u)     in_1->z F     unmapped_nand2         3  1.5     0    63     472    (-,-) 
  g2434/z                (u)     in_1->z R     unmapped_nand2         1  0.5     0    52     524    (-,-) 
  g2415/z                (u)     in_1->z F     unmapped_nand2         3  1.5     0    63     588    (-,-) 
  g2391/z                (u)     in_1->z R     unmapped_nand2         1  0.5     0    52     640    (-,-) 
  g2381/z                (u)     in_1->z F     unmapped_nand2         3  1.5     0    63     703    (-,-) 
  g2345/z                (u)     in_1->z R     unmapped_nand2         1  0.5     0    52     755    (-,-) 
  g2340/z                (u)     in_1->z F     unmapped_nand2         3  1.5     0    63     818    (-,-) 
  g2311/z                (u)     in_0->z F     unmapped_or2           1  0.5     0    52     870    (-,-) 
  g2312/z                (u)     in_1->z R     unmapped_nand2         1  0.5     0    52     922    (-,-) 
  prod_reg_reg[4][10]/d  -       -       R     unmapped_d_flop        1    -     -     0     922    (-,-) 
#---------------------------------------------------------------------------------------------------------

(u) : Net has unmapped pin(s).



Path 30: MET (408 ps) Setup Check with Pin prod_reg_reg[3][10]/clk->d
          Group: clock
     Startpoint: (R) prod_reg_reg[2][3]/clk
          Clock: (R) clock
       Endpoint: (R) prod_reg_reg[3][10]/d
          Clock: (R) clock

                     Capture       Launch     
        Clock Edge:+    1400            0     
       Src Latency:+       0            0     
       Net Latency:+       0 (I)        0 (I) 
           Arrival:=    1400            0     
                                              
             Setup:-      69                  
     Required Time:=    1331                  
      Launch Clock:-       0                  
         Data Path:-     922                  
             Slack:=     408                  

#---------------------------------------------------------------------------------------------------------
#     Timing Point       Flags    Arc    Edge       Cell         Fanout Load Trans Delay Arrival Instance 
#                                                                       (fF)  (ps)  (ps)   (ps)  Location 
#---------------------------------------------------------------------------------------------------------
  prod_reg_reg[2][3]/clk -       -       R     (arrival)            149    -     0     0       0    (-,-) 
  prod_reg_reg[2][3]/q   (u)     clk->q  R     unmapped_d_flop        9  4.5     0   231     231    (-,-) 
  g658/z                 (u)     in_1->z R     unmapped_or2           3  1.5     0    63     294    (-,-) 
  g812/z                 (u)     in_1->z R     unmapped_or2           3  1.5     0    63     357    (-,-) 
  g2488/z                (u)     in_0->z R     unmapped_complex2      1  0.5     0    52     409    (-,-) 
  g2444/z                (u)     in_1->z F     unmapped_nand2         3  1.5     0    63     472    (-,-) 
  g2433/z                (u)     in_1->z R     unmapped_nand2         1  0.5     0    52     524    (-,-) 
  g2423/z                (u)     in_1->z F     unmapped_nand2         3  1.5     0    63     588    (-,-) 
  g2389/z                (u)     in_1->z R     unmapped_nand2         1  0.5     0    52     640    (-,-) 
  g2379/z                (u)     in_1->z F     unmapped_nand2         3  1.5     0    63     703    (-,-) 
  g2355/z                (u)     in_1->z R     unmapped_nand2         1  0.5     0    52     755    (-,-) 
  g2333/z                (u)     in_1->z F     unmapped_nand2         3  1.5     0    63     818    (-,-) 
  g2307/z                (u)     in_0->z F     unmapped_or2           1  0.5     0    52     870    (-,-) 
  g2308/z                (u)     in_1->z R     unmapped_nand2         1  0.5     0    52     922    (-,-) 
  prod_reg_reg[3][10]/d  -       -       R     unmapped_d_flop        1    -     -     0     922    (-,-) 
#---------------------------------------------------------------------------------------------------------

(u) : Net has unmapped pin(s).



Path 31: MET (423 ps) Setup Check with Pin data_out_reg_reg[3]/clk->d
          Group: clock
     Startpoint: (R) prod_reg_reg[3][3]/clk
          Clock: (R) clock
       Endpoint: (R) data_out_reg_reg[3]/d
          Clock: (R) clock

                     Capture       Launch     
        Clock Edge:+    1400            0     
       Src Latency:+       0            0     
       Net Latency:+       0 (I)        0 (I) 
           Arrival:=    1400            0     
                                              
             Setup:-      69                  
     Required Time:=    1331                  
      Launch Clock:-       0                  
         Data Path:-     908                  
             Slack:=     423                  

#-----------------------------------------------------------------------------------------------------------------------
#            Timing Point              Flags    Arc    Edge       Cell         Fanout Load Trans Delay Arrival Instance 
#                                                                                     (fF)  (ps)  (ps)   (ps)  Location 
#-----------------------------------------------------------------------------------------------------------------------
  prod_reg_reg[3][3]/clk               -       -       R     (arrival)            149    -     0     0       0    (-,-) 
  prod_reg_reg[3][3]/q                 (u)     clk->q  F     unmapped_d_flop        9  4.5     0   231     231    (-,-) 
  csa_tree_ADD_TC_OP_12_groupi/g2365/z (u)     in_1->z R     unmapped_complex2      1  0.5     0    52     283    (-,-) 
  csa_tree_ADD_TC_OP_12_groupi/g2366/z (u)     in_1->z F     unmapped_nand2         4  2.0     0    68     351    (-,-) 
  csa_tree_ADD_TC_OP_12_groupi/g2218/z (u)     in_1->z R     unmapped_nand2         1  0.5     0    52     403    (-,-) 
  csa_tree_ADD_TC_OP_12_groupi/g2219/z (u)     in_1->z F     unmapped_nand2         2  1.0     0    58     461    (-,-) 
  csa_tree_ADD_TC_OP_12_groupi/g2137/z (u)     in_1->z F     unmapped_complex2      1  0.5     0    52     514    (-,-) 
  csa_tree_ADD_TC_OP_12_groupi/g2138/z (u)     in_1->z R     unmapped_nand2         3  1.5     0    63     576    (-,-) 
  csa_tree_ADD_TC_OP_12_groupi/g2024/z (u)     in_1->z F     unmapped_complex2      1  0.5     0    52     629    (-,-) 
  csa_tree_ADD_TC_OP_12_groupi/g2025/z (u)     in_1->z R     unmapped_nand2         2  1.0     0    58     687    (-,-) 
  csa_tree_ADD_TC_OP_12_groupi/g1265/z (u)     in_0->z R     unmapped_or2           2  1.0     0    58     745    (-,-) 
  csa_tree_ADD_TC_OP_12_groupi/g1966/z (u)     in_1->z F     unmapped_nand2         2  1.0     0    58     803    (-,-) 
  csa_tree_ADD_TC_OP_12_groupi/g1858/z (u)     in_1->z F     unmapped_or2           1  0.5     0    52     856    (-,-) 
  csa_tree_ADD_TC_OP_12_groupi/g1859/z (u)     in_1->z R     unmapped_nand2         1  0.5     0    52     908    (-,-) 
  data_out_reg_reg[3]/d                -       -       R     unmapped_d_flop        1    -     -     0     908    (-,-) 
#-----------------------------------------------------------------------------------------------------------------------

(u) : Net has unmapped pin(s).



Path 32: MET (467 ps) Setup Check with Pin prod_reg_reg[2][9]/clk->d
          Group: clock
     Startpoint: (R) prod_reg_reg[1][3]/clk
          Clock: (R) clock
       Endpoint: (R) prod_reg_reg[2][9]/d
          Clock: (R) clock

                     Capture       Launch     
        Clock Edge:+    1400            0     
       Src Latency:+       0            0     
       Net Latency:+       0 (I)        0 (I) 
           Arrival:=    1400            0     
                                              
             Setup:-      69                  
     Required Time:=    1331                  
      Launch Clock:-       0                  
         Data Path:-     864                  
             Slack:=     467                  

#---------------------------------------------------------------------------------------------------------
#     Timing Point       Flags    Arc    Edge       Cell         Fanout Load Trans Delay Arrival Instance 
#                                                                       (fF)  (ps)  (ps)   (ps)  Location 
#---------------------------------------------------------------------------------------------------------
  prod_reg_reg[1][3]/clk -       -       R     (arrival)            149    -     0     0       0    (-,-) 
  prod_reg_reg[1][3]/q   (u)     clk->q  F     unmapped_d_flop        9  4.5     0   231     231    (-,-) 
  g12/z                  (u)     in_0->z R     unmapped_nand2         4  2.0     0    68     299    (-,-) 
  g2557/z                (u)     in_0->z F     unmapped_nand2         1  0.5     0    52     351    (-,-) 
  g2492/z                (u)     in_1->z R     unmapped_nand2         3  1.5     0    63     414    (-,-) 
  g2461/z                (u)     in_1->z R     unmapped_complex2      1  0.5     0    52     466    (-,-) 
  g2427/z                (u)     in_1->z F     unmapped_nand2         3  1.5     0    63     529    (-,-) 
  g2402/z                (u)     in_1->z R     unmapped_nand2         1  0.5     0    52     581    (-,-) 
  g2388/z                (u)     in_1->z F     unmapped_nand2         3  1.5     0    63     644    (-,-) 
  g2374/z                (u)     in_1->z R     unmapped_nand2         1  0.5     0    52     696    (-,-) 
  g2346/z                (u)     in_1->z F     unmapped_nand2         3  1.5     0    63     760    (-,-) 
  g2342/z                (u)     in_0->z F     unmapped_or2           1  0.5     0    52     812    (-,-) 
  g2343/z                (u)     in_1->z R     unmapped_nand2         1  0.5     0    52     864    (-,-) 
  prod_reg_reg[2][9]/d   -       -       R     unmapped_d_flop        1    -     -     0     864    (-,-) 
#---------------------------------------------------------------------------------------------------------

(u) : Net has unmapped pin(s).



Path 33: MET (474 ps) Setup Check with Pin prod_reg_reg[7][8]/clk->d
          Group: clock
     Startpoint: (R) prod_reg_reg[6][1]/clk
          Clock: (R) clock
       Endpoint: (R) prod_reg_reg[7][8]/d
          Clock: (R) clock

                     Capture       Launch     
        Clock Edge:+    1400            0     
       Src Latency:+       0            0     
       Net Latency:+       0 (I)        0 (I) 
           Arrival:=    1400            0     
                                              
             Setup:-      69                  
     Required Time:=    1331                  
      Launch Clock:-       0                  
         Data Path:-     857                  
             Slack:=     474                  

#---------------------------------------------------------------------------------------------------------
#     Timing Point       Flags    Arc    Edge       Cell         Fanout Load Trans Delay Arrival Instance 
#                                                                       (fF)  (ps)  (ps)   (ps)  Location 
#---------------------------------------------------------------------------------------------------------
  prod_reg_reg[6][1]/clk -       -       R     (arrival)            149    -     0     0       0    (-,-) 
  prod_reg_reg[6][1]/q   (u)     clk->q  R     unmapped_d_flop        7  3.5     0   224     224    (-,-) 
  g2575/z                (u)     in_0->z F     unmapped_complex2      4  2.0     0    68     292    (-,-) 
  g2515/z                (u)     in_0->z R     unmapped_nand2         1  0.5     0    52     344    (-,-) 
  g2472/z                (u)     in_1->z F     unmapped_nand2         3  1.5     0    63     407    (-,-) 
  g2445/z                (u)     in_1->z R     unmapped_nand2         1  0.5     0    52     459    (-,-) 
  g2438/z                (u)     in_1->z F     unmapped_nand2         3  1.5     0    63     522    (-,-) 
  g2403/z                (u)     in_1->z R     unmapped_nand2         1  0.5     0    52     574    (-,-) 
  g2390/z                (u)     in_1->z F     unmapped_nand2         3  1.5     0    63     638    (-,-) 
  g2380/z                (u)     in_1->z R     unmapped_nand2         1  0.5     0    52     690    (-,-) 
  g2348/z                (u)     in_1->z F     unmapped_nand2         3  1.5     0    63     753    (-,-) 
  g2338/z                (u)     in_0->z F     unmapped_or2           1  0.5     0    52     805    (-,-) 
  g2339/z                (u)     in_1->z R     unmapped_nand2         1  0.5     0    52     857    (-,-) 
  prod_reg_reg[7][8]/d   -       -       R     unmapped_d_flop        1    -     -     0     857    (-,-) 
#---------------------------------------------------------------------------------------------------------

(u) : Net has unmapped pin(s).



Path 34: MET (474 ps) Setup Check with Pin prod_reg_reg[6][9]/clk->d
          Group: clock
     Startpoint: (R) prod_reg_reg[5][2]/clk
          Clock: (R) clock
       Endpoint: (R) prod_reg_reg[6][9]/d
          Clock: (R) clock

                     Capture       Launch     
        Clock Edge:+    1400            0     
       Src Latency:+       0            0     
       Net Latency:+       0 (I)        0 (I) 
           Arrival:=    1400            0     
                                              
             Setup:-      69                  
     Required Time:=    1331                  
      Launch Clock:-       0                  
         Data Path:-     857                  
             Slack:=     474                  

#---------------------------------------------------------------------------------------------------------
#     Timing Point       Flags    Arc    Edge       Cell         Fanout Load Trans Delay Arrival Instance 
#                                                                       (fF)  (ps)  (ps)   (ps)  Location 
#---------------------------------------------------------------------------------------------------------
  prod_reg_reg[5][2]/clk -       -       R     (arrival)            149    -     0     0       0    (-,-) 
  prod_reg_reg[5][2]/q   (u)     clk->q  R     unmapped_d_flop        7  3.5     0   224     224    (-,-) 
  g2570/z                (u)     in_0->z F     unmapped_complex2      4  2.0     0    68     292    (-,-) 
  g2530/z                (u)     in_0->z R     unmapped_nand2         1  0.5     0    52     344    (-,-) 
  g2487/z                (u)     in_1->z F     unmapped_nand2         3  1.5     0    63     407    (-,-) 
  g2454/z                (u)     in_1->z R     unmapped_nand2         1  0.5     0    52     459    (-,-) 
  g2425/z                (u)     in_1->z F     unmapped_nand2         3  1.5     0    63     522    (-,-) 
  g2414/z                (u)     in_1->z R     unmapped_nand2         1  0.5     0    52     574    (-,-) 
  g2387/z                (u)     in_1->z F     unmapped_nand2         3  1.5     0    63     638    (-,-) 
  g2370/z                (u)     in_1->z R     unmapped_nand2         1  0.5     0    52     690    (-,-) 
  g2354/z                (u)     in_1->z F     unmapped_nand2         3  1.5     0    63     753    (-,-) 
  g2320/z                (u)     in_0->z F     unmapped_or2           1  0.5     0    52     805    (-,-) 
  g2321/z                (u)     in_1->z R     unmapped_nand2         1  0.5     0    52     857    (-,-) 
  prod_reg_reg[6][9]/d   -       -       R     unmapped_d_flop        1    -     -     0     857    (-,-) 
#---------------------------------------------------------------------------------------------------------

(u) : Net has unmapped pin(s).



Path 35: MET (478 ps) Setup Check with Pin prod_reg_reg[5][9]/clk->d
          Group: clock
     Startpoint: (R) prod_reg_reg[4][3]/clk
          Clock: (R) clock
       Endpoint: (R) prod_reg_reg[5][9]/d
          Clock: (R) clock

                     Capture       Launch     
        Clock Edge:+    1400            0     
       Src Latency:+       0            0     
       Net Latency:+       0 (I)        0 (I) 
           Arrival:=    1400            0     
                                              
             Setup:-      69                  
     Required Time:=    1331                  
      Launch Clock:-       0                  
         Data Path:-     853                  
             Slack:=     478                  

#---------------------------------------------------------------------------------------------------------
#     Timing Point       Flags    Arc    Edge       Cell         Fanout Load Trans Delay Arrival Instance 
#                                                                       (fF)  (ps)  (ps)   (ps)  Location 
#---------------------------------------------------------------------------------------------------------
  prod_reg_reg[4][3]/clk -       -       R     (arrival)            149    -     0     0       0    (-,-) 
  prod_reg_reg[4][3]/q   (u)     clk->q  F     unmapped_d_flop        6  3.0     0   220     220    (-,-) 
  g414/z                 (u)     in_1->z R     unmapped_nand2         4  2.0     0    68     288    (-,-) 
  g2497/z                (u)     in_0->z F     unmapped_nand2         1  0.5     0    52     340    (-,-) 
  g2482/z                (u)     in_1->z R     unmapped_nand2         3  1.5     0    63     403    (-,-) 
  g2439/z                (u)     in_1->z R     unmapped_complex2      1  0.5     0    52     455    (-,-) 
  g2426/z                (u)     in_1->z F     unmapped_nand2         3  1.5     0    63     518    (-,-) 
  g2410/z                (u)     in_1->z R     unmapped_nand2         1  0.5     0    52     570    (-,-) 
  g2385/z                (u)     in_1->z F     unmapped_nand2         3  1.5     0    63     634    (-,-) 
  g2366/z                (u)     in_1->z R     unmapped_nand2         1  0.5     0    52     686    (-,-) 
  g2350/z                (u)     in_1->z F     unmapped_nand2         3  1.5     0    63     749    (-,-) 
  g2324/z                (u)     in_0->z F     unmapped_or2           1  0.5     0    52     801    (-,-) 
  g2325/z                (u)     in_1->z R     unmapped_nand2         1  0.5     0    52     853    (-,-) 
  prod_reg_reg[5][9]/d   -       -       R     unmapped_d_flop        1    -     -     0     853    (-,-) 
#---------------------------------------------------------------------------------------------------------

(u) : Net has unmapped pin(s).



Path 36: MET (478 ps) Setup Check with Pin prod_reg_reg[1][9]/clk->d
          Group: clock
     Startpoint: (R) prod_reg_reg[0][0]/clk
          Clock: (R) clock
       Endpoint: (R) prod_reg_reg[1][9]/d
          Clock: (R) clock

                     Capture       Launch     
        Clock Edge:+    1400            0     
       Src Latency:+       0            0     
       Net Latency:+       0 (I)        0 (I) 
           Arrival:=    1400            0     
                                              
             Setup:-      69                  
     Required Time:=    1331                  
      Launch Clock:-       0                  
         Data Path:-     853                  
             Slack:=     478                  

#---------------------------------------------------------------------------------------------------------
#     Timing Point       Flags    Arc    Edge       Cell         Fanout Load Trans Delay Arrival Instance 
#                                                                       (fF)  (ps)  (ps)   (ps)  Location 
#---------------------------------------------------------------------------------------------------------
  prod_reg_reg[0][0]/clk -       -       R     (arrival)            149    -     0     0       0    (-,-) 
  prod_reg_reg[0][0]/q   (u)     clk->q  R     unmapped_d_flop        6  3.0     0   220     220    (-,-) 
  g2562/z                (u)     in_0->z F     unmapped_complex2      4  2.0     0    68     288    (-,-) 
  g2500/z                (u)     in_0->z R     unmapped_nand2         1  0.5     0    52     340    (-,-) 
  g2493/z                (u)     in_1->z F     unmapped_nand2         3  1.5     0    63     403    (-,-) 
  g2443/z                (u)     in_1->z R     unmapped_nand2         1  0.5     0    52     455    (-,-) 
  g2428/z                (u)     in_1->z F     unmapped_nand2         3  1.5     0    63     518    (-,-) 
  g2424/z                (u)     in_1->z R     unmapped_nand2         1  0.5     0    52     570    (-,-) 
  g2386/z                (u)     in_1->z F     unmapped_nand2         3  1.5     0    63     634    (-,-) 
  g2378/z                (u)     in_1->z R     unmapped_nand2         1  0.5     0    52     686    (-,-) 
  g2349/z                (u)     in_1->z F     unmapped_nand2         3  1.5     0    63     749    (-,-) 
  g2330/z                (u)     in_0->z F     unmapped_or2           1  0.5     0    52     801    (-,-) 
  g2331/z                (u)     in_1->z R     unmapped_nand2         1  0.5     0    52     853    (-,-) 
  prod_reg_reg[1][9]/d   -       -       R     unmapped_d_flop        1    -     -     0     853    (-,-) 
#---------------------------------------------------------------------------------------------------------

(u) : Net has unmapped pin(s).



Path 37: MET (482 ps) Setup Check with Pin prod_reg_reg[0][8]/clk->d
          Group: clock
     Startpoint: (R) data_in_reg_reg[3]/clk
          Clock: (R) clock
       Endpoint: (R) prod_reg_reg[0][8]/d
          Clock: (R) clock

                     Capture       Launch     
        Clock Edge:+    1400            0     
       Src Latency:+       0            0     
       Net Latency:+       0 (I)        0 (I) 
           Arrival:=    1400            0     
                                              
             Setup:-      69                  
     Required Time:=    1331                  
      Launch Clock:-       0                  
         Data Path:-     849                  
             Slack:=     482                  

#---------------------------------------------------------------------------------------------------------
#     Timing Point       Flags    Arc    Edge       Cell         Fanout Load Trans Delay Arrival Instance 
#                                                                       (fF)  (ps)  (ps)   (ps)  Location 
#---------------------------------------------------------------------------------------------------------
  data_in_reg_reg[3]/clk -       -       R     (arrival)            149    -     0     0       0    (-,-) 
  data_in_reg_reg[3]/q   (u)     clk->q  F     unmapped_d_flop        5  2.5     0   216     216    (-,-) 
  g2590/z                (u)     in_1->z F     unmapped_complex2      4  2.0     0    68     284    (-,-) 
  g2520/z                (u)     in_0->z R     unmapped_nand2         1  0.5     0    52     336    (-,-) 
  g2465/z                (u)     in_1->z F     unmapped_nand2         3  1.5     0    63     399    (-,-) 
  g2447/z                (u)     in_1->z R     unmapped_nand2         1  0.5     0    52     451    (-,-) 
  g2429/z                (u)     in_1->z F     unmapped_nand2         3  1.5     0    63     514    (-,-) 
  g2422/z                (u)     in_1->z R     unmapped_nand2         1  0.5     0    52     566    (-,-) 
  g2398/z                (u)     in_1->z F     unmapped_nand2         3  1.5     0    63     629    (-,-) 
  g2362/z                (u)     in_1->z R     unmapped_nand2         1  0.5     0    52     682    (-,-) 
  g2347/z                (u)     in_1->z F     unmapped_nand2         3  1.5     0    63     744    (-,-) 
  g2335/z                (u)     in_0->z F     unmapped_or2           1  0.5     0    52     797    (-,-) 
  g2336/z                (u)     in_1->z R     unmapped_nand2         1  0.5     0    52     849    (-,-) 
  prod_reg_reg[0][8]/d   -       -       R     unmapped_d_flop        1    -     -     0     849    (-,-) 
#---------------------------------------------------------------------------------------------------------

(u) : Net has unmapped pin(s).



Path 38: MET (524 ps) Setup Check with Pin prod_reg_reg[4][9]/clk->d
          Group: clock
     Startpoint: (R) prod_reg_reg[3][3]/clk
          Clock: (R) clock
       Endpoint: (R) prod_reg_reg[4][9]/d
          Clock: (R) clock

                     Capture       Launch     
        Clock Edge:+    1400            0     
       Src Latency:+       0            0     
       Net Latency:+       0 (I)        0 (I) 
           Arrival:=    1400            0     
                                              
             Setup:-      69                  
     Required Time:=    1331                  
      Launch Clock:-       0                  
         Data Path:-     807                  
             Slack:=     524                  

#---------------------------------------------------------------------------------------------------------
#     Timing Point       Flags    Arc    Edge       Cell         Fanout Load Trans Delay Arrival Instance 
#                                                                       (fF)  (ps)  (ps)   (ps)  Location 
#---------------------------------------------------------------------------------------------------------
  prod_reg_reg[3][3]/clk -       -       R     (arrival)            149    -     0     0       0    (-,-) 
  prod_reg_reg[3][3]/q   (u)     clk->q  R     unmapped_d_flop        9  4.5     0   231     231    (-,-) 
  g725/z                 (u)     in_0->z R     unmapped_or2           3  1.5     0    63     294    (-,-) 
  g820/z                 (u)     in_1->z R     unmapped_or2           3  1.5     0    63     357    (-,-) 
  g2483/z                (u)     in_0->z R     unmapped_complex2      1  0.5     0    52     409    (-,-) 
  g2446/z                (u)     in_1->z F     unmapped_nand2         3  1.5     0    63     472    (-,-) 
  g2434/z                (u)     in_1->z R     unmapped_nand2         1  0.5     0    52     524    (-,-) 
  g2415/z                (u)     in_1->z F     unmapped_nand2         3  1.5     0    63     588    (-,-) 
  g2391/z                (u)     in_1->z R     unmapped_nand2         1  0.5     0    52     640    (-,-) 
  g2381/z                (u)     in_1->z F     unmapped_nand2         3  1.5     0    63     703    (-,-) 
  g2352/z                (u)     in_0->z F     unmapped_or2           1  0.5     0    52     755    (-,-) 
  g2353/z                (u)     in_1->z R     unmapped_nand2         1  0.5     0    52     807    (-,-) 
  prod_reg_reg[4][9]/d   -       -       R     unmapped_d_flop        1    -     -     0     807    (-,-) 
#---------------------------------------------------------------------------------------------------------

(u) : Net has unmapped pin(s).



Path 39: MET (524 ps) Setup Check with Pin prod_reg_reg[3][9]/clk->d
          Group: clock
     Startpoint: (R) prod_reg_reg[2][3]/clk
          Clock: (R) clock
       Endpoint: (R) prod_reg_reg[3][9]/d
          Clock: (R) clock

                     Capture       Launch     
        Clock Edge:+    1400            0     
       Src Latency:+       0            0     
       Net Latency:+       0 (I)        0 (I) 
           Arrival:=    1400            0     
                                              
             Setup:-      69                  
     Required Time:=    1331                  
      Launch Clock:-       0                  
         Data Path:-     807                  
             Slack:=     524                  

#---------------------------------------------------------------------------------------------------------
#     Timing Point       Flags    Arc    Edge       Cell         Fanout Load Trans Delay Arrival Instance 
#                                                                       (fF)  (ps)  (ps)   (ps)  Location 
#---------------------------------------------------------------------------------------------------------
  prod_reg_reg[2][3]/clk -       -       R     (arrival)            149    -     0     0       0    (-,-) 
  prod_reg_reg[2][3]/q   (u)     clk->q  R     unmapped_d_flop        9  4.5     0   231     231    (-,-) 
  g658/z                 (u)     in_1->z R     unmapped_or2           3  1.5     0    63     294    (-,-) 
  g812/z                 (u)     in_1->z R     unmapped_or2           3  1.5     0    63     357    (-,-) 
  g2488/z                (u)     in_0->z R     unmapped_complex2      1  0.5     0    52     409    (-,-) 
  g2444/z                (u)     in_1->z F     unmapped_nand2         3  1.5     0    63     472    (-,-) 
  g2433/z                (u)     in_1->z R     unmapped_nand2         1  0.5     0    52     524    (-,-) 
  g2423/z                (u)     in_1->z F     unmapped_nand2         3  1.5     0    63     588    (-,-) 
  g2389/z                (u)     in_1->z R     unmapped_nand2         1  0.5     0    52     640    (-,-) 
  g2379/z                (u)     in_1->z F     unmapped_nand2         3  1.5     0    63     703    (-,-) 
  g2357/z                (u)     in_0->z F     unmapped_or2           1  0.5     0    52     755    (-,-) 
  g2358/z                (u)     in_1->z R     unmapped_nand2         1  0.5     0    52     807    (-,-) 
  prod_reg_reg[3][9]/d   -       -       R     unmapped_d_flop        1    -     -     0     807    (-,-) 
#---------------------------------------------------------------------------------------------------------

(u) : Net has unmapped pin(s).



Path 40: MET (538 ps) Setup Check with Pin data_out_reg_reg[2]/clk->d
          Group: clock
     Startpoint: (R) prod_reg_reg[2][2]/clk
          Clock: (R) clock
       Endpoint: (R) data_out_reg_reg[2]/d
          Clock: (R) clock

                     Capture       Launch     
        Clock Edge:+    1400            0     
       Src Latency:+       0            0     
       Net Latency:+       0 (I)        0 (I) 
           Arrival:=    1400            0     
                                              
             Setup:-      69                  
     Required Time:=    1331                  
      Launch Clock:-       0                  
         Data Path:-     792                  
             Slack:=     538                  

#-----------------------------------------------------------------------------------------------------------------------
#            Timing Point              Flags    Arc    Edge       Cell         Fanout Load Trans Delay Arrival Instance 
#                                                                                     (fF)  (ps)  (ps)   (ps)  Location 
#-----------------------------------------------------------------------------------------------------------------------
  prod_reg_reg[2][2]/clk               -       -       R     (arrival)            149    -     0     0       0    (-,-) 
  prod_reg_reg[2][2]/q                 (u)     clk->q  R     unmapped_d_flop        9  4.5     0   231     231    (-,-) 
  csa_tree_ADD_TC_OP_12_groupi/g2385/z (u)     in_0->z R     unmapped_complex2      1  0.5     0    52     283    (-,-) 
  csa_tree_ADD_TC_OP_12_groupi/g2386/z (u)     in_1->z F     unmapped_nand2         4  2.0     0    68     351    (-,-) 
  csa_tree_ADD_TC_OP_12_groupi/g2256/z (u)     in_0->z R     unmapped_complex2      1  0.5     0    52     403    (-,-) 
  csa_tree_ADD_TC_OP_12_groupi/g2257/z (u)     in_1->z F     unmapped_nand2         2  1.0     0    58     461    (-,-) 
  csa_tree_ADD_TC_OP_12_groupi/g2098/z (u)     in_1->z F     unmapped_complex2      1  0.5     0    52     514    (-,-) 
  csa_tree_ADD_TC_OP_12_groupi/g2099/z (u)     in_1->z R     unmapped_nand2         2  1.0     0    58     572    (-,-) 
  csa_tree_ADD_TC_OP_12_groupi/g2029/z (u)     in_1->z R     unmapped_or2           2  1.0     0    58     630    (-,-) 
  csa_tree_ADD_TC_OP_12_groupi/g1968/z (u)     in_1->z F     unmapped_nand2         2  1.0     0    58     688    (-,-) 
  csa_tree_ADD_TC_OP_12_groupi/g1922/z (u)     in_1->z F     unmapped_or2           1  0.5     0    52     740    (-,-) 
  csa_tree_ADD_TC_OP_12_groupi/g1923/z (u)     in_1->z R     unmapped_nand2         1  0.5     0    52     792    (-,-) 
  data_out_reg_reg[2]/d                -       -       R     unmapped_d_flop        1    -     -     0     792    (-,-) 
#-----------------------------------------------------------------------------------------------------------------------

(u) : Net has unmapped pin(s).



Path 41: MET (582 ps) Setup Check with Pin prod_reg_reg[2][8]/clk->d
          Group: clock
     Startpoint: (R) prod_reg_reg[1][3]/clk
          Clock: (R) clock
       Endpoint: (R) prod_reg_reg[2][8]/d
          Clock: (R) clock

                     Capture       Launch     
        Clock Edge:+    1400            0     
       Src Latency:+       0            0     
       Net Latency:+       0 (I)        0 (I) 
           Arrival:=    1400            0     
                                              
             Setup:-      69                  
     Required Time:=    1331                  
      Launch Clock:-       0                  
         Data Path:-     749                  
             Slack:=     582                  

#---------------------------------------------------------------------------------------------------------
#     Timing Point       Flags    Arc    Edge       Cell         Fanout Load Trans Delay Arrival Instance 
#                                                                       (fF)  (ps)  (ps)   (ps)  Location 
#---------------------------------------------------------------------------------------------------------
  prod_reg_reg[1][3]/clk -       -       R     (arrival)            149    -     0     0       0    (-,-) 
  prod_reg_reg[1][3]/q   (u)     clk->q  F     unmapped_d_flop        9  4.5     0   231     231    (-,-) 
  g12/z                  (u)     in_0->z R     unmapped_nand2         4  2.0     0    68     299    (-,-) 
  g2557/z                (u)     in_0->z F     unmapped_nand2         1  0.5     0    52     351    (-,-) 
  g2492/z                (u)     in_1->z R     unmapped_nand2         3  1.5     0    63     414    (-,-) 
  g2461/z                (u)     in_1->z R     unmapped_complex2      1  0.5     0    52     466    (-,-) 
  g2427/z                (u)     in_1->z F     unmapped_nand2         3  1.5     0    63     529    (-,-) 
  g2402/z                (u)     in_1->z R     unmapped_nand2         1  0.5     0    52     581    (-,-) 
  g2388/z                (u)     in_1->z F     unmapped_nand2         3  1.5     0    63     644    (-,-) 
  g2368/z                (u)     in_0->z F     unmapped_or2           1  0.5     0    52     696    (-,-) 
  g2369/z                (u)     in_1->z R     unmapped_nand2         1  0.5     0    52     749    (-,-) 
  prod_reg_reg[2][8]/d   -       -       R     unmapped_d_flop        1    -     -     0     749    (-,-) 
#---------------------------------------------------------------------------------------------------------

(u) : Net has unmapped pin(s).



Path 42: MET (589 ps) Setup Check with Pin prod_reg_reg[7][7]/clk->d
          Group: clock
     Startpoint: (R) prod_reg_reg[6][1]/clk
          Clock: (R) clock
       Endpoint: (R) prod_reg_reg[7][7]/d
          Clock: (R) clock

                     Capture       Launch     
        Clock Edge:+    1400            0     
       Src Latency:+       0            0     
       Net Latency:+       0 (I)        0 (I) 
           Arrival:=    1400            0     
                                              
             Setup:-      69                  
     Required Time:=    1331                  
      Launch Clock:-       0                  
         Data Path:-     742                  
             Slack:=     589                  

#---------------------------------------------------------------------------------------------------------
#     Timing Point       Flags    Arc    Edge       Cell         Fanout Load Trans Delay Arrival Instance 
#                                                                       (fF)  (ps)  (ps)   (ps)  Location 
#---------------------------------------------------------------------------------------------------------
  prod_reg_reg[6][1]/clk -       -       R     (arrival)            149    -     0     0       0    (-,-) 
  prod_reg_reg[6][1]/q   (u)     clk->q  R     unmapped_d_flop        7  3.5     0   224     224    (-,-) 
  g2575/z                (u)     in_0->z F     unmapped_complex2      4  2.0     0    68     292    (-,-) 
  g2515/z                (u)     in_0->z R     unmapped_nand2         1  0.5     0    52     344    (-,-) 
  g2472/z                (u)     in_1->z F     unmapped_nand2         3  1.5     0    63     407    (-,-) 
  g2445/z                (u)     in_1->z R     unmapped_nand2         1  0.5     0    52     459    (-,-) 
  g2438/z                (u)     in_1->z F     unmapped_nand2         3  1.5     0    63     522    (-,-) 
  g2403/z                (u)     in_1->z R     unmapped_nand2         1  0.5     0    52     574    (-,-) 
  g2390/z                (u)     in_1->z F     unmapped_nand2         3  1.5     0    63     638    (-,-) 
  g2360/z                (u)     in_0->z F     unmapped_or2           1  0.5     0    52     690    (-,-) 
  g2361/z                (u)     in_1->z R     unmapped_nand2         1  0.5     0    52     742    (-,-) 
  prod_reg_reg[7][7]/d   -       -       R     unmapped_d_flop        1    -     -     0     742    (-,-) 
#---------------------------------------------------------------------------------------------------------

(u) : Net has unmapped pin(s).



Path 43: MET (589 ps) Setup Check with Pin prod_reg_reg[6][8]/clk->d
          Group: clock
     Startpoint: (R) prod_reg_reg[5][2]/clk
          Clock: (R) clock
       Endpoint: (R) prod_reg_reg[6][8]/d
          Clock: (R) clock

                     Capture       Launch     
        Clock Edge:+    1400            0     
       Src Latency:+       0            0     
       Net Latency:+       0 (I)        0 (I) 
           Arrival:=    1400            0     
                                              
             Setup:-      69                  
     Required Time:=    1331                  
      Launch Clock:-       0                  
         Data Path:-     742                  
             Slack:=     589                  

#---------------------------------------------------------------------------------------------------------
#     Timing Point       Flags    Arc    Edge       Cell         Fanout Load Trans Delay Arrival Instance 
#                                                                       (fF)  (ps)  (ps)   (ps)  Location 
#---------------------------------------------------------------------------------------------------------
  prod_reg_reg[5][2]/clk -       -       R     (arrival)            149    -     0     0       0    (-,-) 
  prod_reg_reg[5][2]/q   (u)     clk->q  R     unmapped_d_flop        7  3.5     0   224     224    (-,-) 
  g2570/z                (u)     in_0->z F     unmapped_complex2      4  2.0     0    68     292    (-,-) 
  g2530/z                (u)     in_0->z R     unmapped_nand2         1  0.5     0    52     344    (-,-) 
  g2487/z                (u)     in_1->z F     unmapped_nand2         3  1.5     0    63     407    (-,-) 
  g2454/z                (u)     in_1->z R     unmapped_nand2         1  0.5     0    52     459    (-,-) 
  g2425/z                (u)     in_1->z F     unmapped_nand2         3  1.5     0    63     522    (-,-) 
  g2414/z                (u)     in_1->z R     unmapped_nand2         1  0.5     0    52     574    (-,-) 
  g2387/z                (u)     in_1->z F     unmapped_nand2         3  1.5     0    63     638    (-,-) 
  g2372/z                (u)     in_0->z F     unmapped_or2           1  0.5     0    52     690    (-,-) 
  g2373/z                (u)     in_1->z R     unmapped_nand2         1  0.5     0    52     742    (-,-) 
  prod_reg_reg[6][8]/d   -       -       R     unmapped_d_flop        1    -     -     0     742    (-,-) 
#---------------------------------------------------------------------------------------------------------

(u) : Net has unmapped pin(s).



Path 44: MET (593 ps) Setup Check with Pin prod_reg_reg[5][8]/clk->d
          Group: clock
     Startpoint: (R) prod_reg_reg[4][3]/clk
          Clock: (R) clock
       Endpoint: (R) prod_reg_reg[5][8]/d
          Clock: (R) clock

                     Capture       Launch     
        Clock Edge:+    1400            0     
       Src Latency:+       0            0     
       Net Latency:+       0 (I)        0 (I) 
           Arrival:=    1400            0     
                                              
             Setup:-      69                  
     Required Time:=    1331                  
      Launch Clock:-       0                  
         Data Path:-     738                  
             Slack:=     593                  

#---------------------------------------------------------------------------------------------------------
#     Timing Point       Flags    Arc    Edge       Cell         Fanout Load Trans Delay Arrival Instance 
#                                                                       (fF)  (ps)  (ps)   (ps)  Location 
#---------------------------------------------------------------------------------------------------------
  prod_reg_reg[4][3]/clk -       -       R     (arrival)            149    -     0     0       0    (-,-) 
  prod_reg_reg[4][3]/q   (u)     clk->q  F     unmapped_d_flop        6  3.0     0   220     220    (-,-) 
  g414/z                 (u)     in_1->z R     unmapped_nand2         4  2.0     0    68     288    (-,-) 
  g2497/z                (u)     in_0->z F     unmapped_nand2         1  0.5     0    52     340    (-,-) 
  g2482/z                (u)     in_1->z R     unmapped_nand2         3  1.5     0    63     403    (-,-) 
  g2439/z                (u)     in_1->z R     unmapped_complex2      1  0.5     0    52     455    (-,-) 
  g2426/z                (u)     in_1->z F     unmapped_nand2         3  1.5     0    63     518    (-,-) 
  g2410/z                (u)     in_1->z R     unmapped_nand2         1  0.5     0    52     570    (-,-) 
  g2385/z                (u)     in_1->z F     unmapped_nand2         3  1.5     0    63     634    (-,-) 
  g2364/z                (u)     in_0->z F     unmapped_or2           1  0.5     0    52     686    (-,-) 
  g2365/z                (u)     in_1->z R     unmapped_nand2         1  0.5     0    52     738    (-,-) 
  prod_reg_reg[5][8]/d   -       -       R     unmapped_d_flop        1    -     -     0     738    (-,-) 
#---------------------------------------------------------------------------------------------------------

(u) : Net has unmapped pin(s).



Path 45: MET (593 ps) Setup Check with Pin prod_reg_reg[1][8]/clk->d
          Group: clock
     Startpoint: (R) prod_reg_reg[0][0]/clk
          Clock: (R) clock
       Endpoint: (R) prod_reg_reg[1][8]/d
          Clock: (R) clock

                     Capture       Launch     
        Clock Edge:+    1400            0     
       Src Latency:+       0            0     
       Net Latency:+       0 (I)        0 (I) 
           Arrival:=    1400            0     
                                              
             Setup:-      69                  
     Required Time:=    1331                  
      Launch Clock:-       0                  
         Data Path:-     738                  
             Slack:=     593                  

#---------------------------------------------------------------------------------------------------------
#     Timing Point       Flags    Arc    Edge       Cell         Fanout Load Trans Delay Arrival Instance 
#                                                                       (fF)  (ps)  (ps)   (ps)  Location 
#---------------------------------------------------------------------------------------------------------
  prod_reg_reg[0][0]/clk -       -       R     (arrival)            149    -     0     0       0    (-,-) 
  prod_reg_reg[0][0]/q   (u)     clk->q  R     unmapped_d_flop        6  3.0     0   220     220    (-,-) 
  g2562/z                (u)     in_0->z F     unmapped_complex2      4  2.0     0    68     288    (-,-) 
  g2500/z                (u)     in_0->z R     unmapped_nand2         1  0.5     0    52     340    (-,-) 
  g2493/z                (u)     in_1->z F     unmapped_nand2         3  1.5     0    63     403    (-,-) 
  g2443/z                (u)     in_1->z R     unmapped_nand2         1  0.5     0    52     455    (-,-) 
  g2428/z                (u)     in_1->z F     unmapped_nand2         3  1.5     0    63     518    (-,-) 
  g2424/z                (u)     in_1->z R     unmapped_nand2         1  0.5     0    52     570    (-,-) 
  g2386/z                (u)     in_1->z F     unmapped_nand2         3  1.5     0    63     634    (-,-) 
  g2376/z                (u)     in_0->z F     unmapped_or2           1  0.5     0    52     686    (-,-) 
  g2377/z                (u)     in_1->z R     unmapped_nand2         1  0.5     0    52     738    (-,-) 
  prod_reg_reg[1][8]/d   -       -       R     unmapped_d_flop        1    -     -     0     738    (-,-) 
#---------------------------------------------------------------------------------------------------------

(u) : Net has unmapped pin(s).



Path 46: MET (597 ps) Setup Check with Pin prod_reg_reg[0][7]/clk->d
          Group: clock
     Startpoint: (R) data_in_reg_reg[3]/clk
          Clock: (R) clock
       Endpoint: (R) prod_reg_reg[0][7]/d
          Clock: (R) clock

                     Capture       Launch     
        Clock Edge:+    1400            0     
       Src Latency:+       0            0     
       Net Latency:+       0 (I)        0 (I) 
           Arrival:=    1400            0     
                                              
             Setup:-      69                  
     Required Time:=    1331                  
      Launch Clock:-       0                  
         Data Path:-     734                  
             Slack:=     597                  

#---------------------------------------------------------------------------------------------------------
#     Timing Point       Flags    Arc    Edge       Cell         Fanout Load Trans Delay Arrival Instance 
#                                                                       (fF)  (ps)  (ps)   (ps)  Location 
#---------------------------------------------------------------------------------------------------------
  data_in_reg_reg[3]/clk -       -       R     (arrival)            149    -     0     0       0    (-,-) 
  data_in_reg_reg[3]/q   (u)     clk->q  F     unmapped_d_flop        5  2.5     0   216     216    (-,-) 
  g2590/z                (u)     in_1->z F     unmapped_complex2      4  2.0     0    68     284    (-,-) 
  g2520/z                (u)     in_0->z R     unmapped_nand2         1  0.5     0    52     336    (-,-) 
  g2465/z                (u)     in_1->z F     unmapped_nand2         3  1.5     0    63     399    (-,-) 
  g2447/z                (u)     in_1->z R     unmapped_nand2         1  0.5     0    52     451    (-,-) 
  g2429/z                (u)     in_1->z F     unmapped_nand2         3  1.5     0    63     514    (-,-) 
  g2422/z                (u)     in_1->z R     unmapped_nand2         1  0.5     0    52     566    (-,-) 
  g2398/z                (u)     in_1->z F     unmapped_nand2         3  1.5     0    63     629    (-,-) 
  g2383/z                (u)     in_0->z F     unmapped_or2           1  0.5     0    52     682    (-,-) 
  g2384/z                (u)     in_1->z R     unmapped_nand2         1  0.5     0    52     734    (-,-) 
  prod_reg_reg[0][7]/d   -       -       R     unmapped_d_flop        1    -     -     0     734    (-,-) 
#---------------------------------------------------------------------------------------------------------

(u) : Net has unmapped pin(s).



Path 47: MET (639 ps) Setup Check with Pin prod_reg_reg[4][8]/clk->d
          Group: clock
     Startpoint: (R) prod_reg_reg[3][3]/clk
          Clock: (R) clock
       Endpoint: (R) prod_reg_reg[4][8]/d
          Clock: (R) clock

                     Capture       Launch     
        Clock Edge:+    1400            0     
       Src Latency:+       0            0     
       Net Latency:+       0 (I)        0 (I) 
           Arrival:=    1400            0     
                                              
             Setup:-      69                  
     Required Time:=    1331                  
      Launch Clock:-       0                  
         Data Path:-     692                  
             Slack:=     639                  

#---------------------------------------------------------------------------------------------------------
#     Timing Point       Flags    Arc    Edge       Cell         Fanout Load Trans Delay Arrival Instance 
#                                                                       (fF)  (ps)  (ps)   (ps)  Location 
#---------------------------------------------------------------------------------------------------------
  prod_reg_reg[3][3]/clk -       -       R     (arrival)            149    -     0     0       0    (-,-) 
  prod_reg_reg[3][3]/q   (u)     clk->q  R     unmapped_d_flop        9  4.5     0   231     231    (-,-) 
  g725/z                 (u)     in_0->z R     unmapped_or2           3  1.5     0    63     294    (-,-) 
  g820/z                 (u)     in_1->z R     unmapped_or2           3  1.5     0    63     357    (-,-) 
  g2483/z                (u)     in_0->z R     unmapped_complex2      1  0.5     0    52     409    (-,-) 
  g2446/z                (u)     in_1->z F     unmapped_nand2         3  1.5     0    63     472    (-,-) 
  g2434/z                (u)     in_1->z R     unmapped_nand2         1  0.5     0    52     524    (-,-) 
  g2415/z                (u)     in_1->z F     unmapped_nand2         3  1.5     0    63     588    (-,-) 
  g2393/z                (u)     in_0->z F     unmapped_or2           1  0.5     0    52     640    (-,-) 
  g2394/z                (u)     in_1->z R     unmapped_nand2         1  0.5     0    52     692    (-,-) 
  prod_reg_reg[4][8]/d   -       -       R     unmapped_d_flop        1    -     -     0     692    (-,-) 
#---------------------------------------------------------------------------------------------------------

(u) : Net has unmapped pin(s).



Path 48: MET (639 ps) Setup Check with Pin prod_reg_reg[3][8]/clk->d
          Group: clock
     Startpoint: (R) prod_reg_reg[2][3]/clk
          Clock: (R) clock
       Endpoint: (R) prod_reg_reg[3][8]/d
          Clock: (R) clock

                     Capture       Launch     
        Clock Edge:+    1400            0     
       Src Latency:+       0            0     
       Net Latency:+       0 (I)        0 (I) 
           Arrival:=    1400            0     
                                              
             Setup:-      69                  
     Required Time:=    1331                  
      Launch Clock:-       0                  
         Data Path:-     692                  
             Slack:=     639                  

#---------------------------------------------------------------------------------------------------------
#     Timing Point       Flags    Arc    Edge       Cell         Fanout Load Trans Delay Arrival Instance 
#                                                                       (fF)  (ps)  (ps)   (ps)  Location 
#---------------------------------------------------------------------------------------------------------
  prod_reg_reg[2][3]/clk -       -       R     (arrival)            149    -     0     0       0    (-,-) 
  prod_reg_reg[2][3]/q   (u)     clk->q  R     unmapped_d_flop        9  4.5     0   231     231    (-,-) 
  g658/z                 (u)     in_1->z R     unmapped_or2           3  1.5     0    63     294    (-,-) 
  g812/z                 (u)     in_1->z R     unmapped_or2           3  1.5     0    63     357    (-,-) 
  g2488/z                (u)     in_0->z R     unmapped_complex2      1  0.5     0    52     409    (-,-) 
  g2444/z                (u)     in_1->z F     unmapped_nand2         3  1.5     0    63     472    (-,-) 
  g2433/z                (u)     in_1->z R     unmapped_nand2         1  0.5     0    52     524    (-,-) 
  g2423/z                (u)     in_1->z F     unmapped_nand2         3  1.5     0    63     588    (-,-) 
  g2396/z                (u)     in_0->z F     unmapped_or2           1  0.5     0    52     640    (-,-) 
  g2397/z                (u)     in_1->z R     unmapped_nand2         1  0.5     0    52     692    (-,-) 
  prod_reg_reg[3][8]/d   -       -       R     unmapped_d_flop        1    -     -     0     692    (-,-) 
#---------------------------------------------------------------------------------------------------------

(u) : Net has unmapped pin(s).



Path 49: MET (670 ps) Setup Check with Pin data_out_reg_reg[1]/clk->d
          Group: clock
     Startpoint: (R) prod_reg_reg[1][1]/clk
          Clock: (R) clock
       Endpoint: (R) data_out_reg_reg[1]/d
          Clock: (R) clock

                     Capture       Launch     
        Clock Edge:+    1400            0     
       Src Latency:+       0            0     
       Net Latency:+       0 (I)        0 (I) 
           Arrival:=    1400            0     
                                              
             Setup:-      69                  
     Required Time:=    1331                  
      Launch Clock:-       0                  
         Data Path:-     661                  
             Slack:=     670                  

#-----------------------------------------------------------------------------------------------------------------------
#            Timing Point              Flags    Arc    Edge       Cell         Fanout Load Trans Delay Arrival Instance 
#                                                                                     (fF)  (ps)  (ps)   (ps)  Location 
#-----------------------------------------------------------------------------------------------------------------------
  prod_reg_reg[1][1]/clk               -       -       R     (arrival)            149    -     0     0       0    (-,-) 
  prod_reg_reg[1][1]/q                 (u)     clk->q  F     unmapped_d_flop        6  3.0     0   220     220    (-,-) 
  csa_tree_ADD_TC_OP_12_groupi/g2317/z (u)     in_1->z F     unmapped_complex2      1  0.5     0    52     272    (-,-) 
  csa_tree_ADD_TC_OP_12_groupi/g2318/z (u)     in_1->z R     unmapped_nand2         2  1.0     0    58     331    (-,-) 
  csa_tree_ADD_TC_OP_12_groupi/g2177/z (u)     in_0->z R     unmapped_complex2      1  0.5     0    52     383    (-,-) 
  csa_tree_ADD_TC_OP_12_groupi/g2178/z (u)     in_1->z F     unmapped_nand2         3  1.5     0    63     446    (-,-) 
  csa_tree_ADD_TC_OP_12_groupi/g2140/z (u)     in_0->z F     unmapped_or2           1  0.5     0    52     498    (-,-) 
  csa_tree_ADD_TC_OP_12_groupi/g2141/z (u)     in_1->z R     unmapped_nand2         2  1.0     0    58     556    (-,-) 
  csa_tree_ADD_TC_OP_12_groupi/g2073/z (u)     in_1->z F     unmapped_complex2      1  0.5     0    52     608    (-,-) 
  csa_tree_ADD_TC_OP_12_groupi/g2074/z (u)     in_1->z R     unmapped_nand2         1  0.5     0    52     661    (-,-) 
  data_out_reg_reg[1]/d                -       -       R     unmapped_d_flop        1    -     -     0     661    (-,-) 
#-----------------------------------------------------------------------------------------------------------------------

(u) : Net has unmapped pin(s).



Path 50: MET (697 ps) Setup Check with Pin prod_reg_reg[2][7]/clk->d
          Group: clock
     Startpoint: (R) prod_reg_reg[1][3]/clk
          Clock: (R) clock
       Endpoint: (R) prod_reg_reg[2][7]/d
          Clock: (R) clock

                     Capture       Launch     
        Clock Edge:+    1400            0     
       Src Latency:+       0            0     
       Net Latency:+       0 (I)        0 (I) 
           Arrival:=    1400            0     
                                              
             Setup:-      69                  
     Required Time:=    1331                  
      Launch Clock:-       0                  
         Data Path:-     634                  
             Slack:=     697                  

#---------------------------------------------------------------------------------------------------------
#     Timing Point       Flags    Arc    Edge       Cell         Fanout Load Trans Delay Arrival Instance 
#                                                                       (fF)  (ps)  (ps)   (ps)  Location 
#---------------------------------------------------------------------------------------------------------
  prod_reg_reg[1][3]/clk -       -       R     (arrival)            149    -     0     0       0    (-,-) 
  prod_reg_reg[1][3]/q   (u)     clk->q  F     unmapped_d_flop        9  4.5     0   231     231    (-,-) 
  g12/z                  (u)     in_0->z R     unmapped_nand2         4  2.0     0    68     299    (-,-) 
  g2557/z                (u)     in_0->z F     unmapped_nand2         1  0.5     0    52     351    (-,-) 
  g2492/z                (u)     in_1->z R     unmapped_nand2         3  1.5     0    63     414    (-,-) 
  g2461/z                (u)     in_1->z R     unmapped_complex2      1  0.5     0    52     466    (-,-) 
  g2427/z                (u)     in_1->z F     unmapped_nand2         3  1.5     0    63     529    (-,-) 
  g2417/z                (u)     in_0->z F     unmapped_or2           1  0.5     0    52     581    (-,-) 
  g2418/z                (u)     in_1->z R     unmapped_nand2         1  0.5     0    52     634    (-,-) 
  prod_reg_reg[2][7]/d   -       -       R     unmapped_d_flop        1    -     -     0     634    (-,-) 
#---------------------------------------------------------------------------------------------------------

(u) : Net has unmapped pin(s).

