============================================================
  Generated by:           Genus(TM) Synthesis Solution 23.10-p004_1
  Generated on:           Oct 08 2026  09:49:40 pm
  Module:                 fir_serial_pipe
  Operating conditions:   PVT_0P9V_125C 
  Interconnect mode:      global
  Area mode:              physical library
============================================================


Path 1: VIOLATED (-70 ps) Setup Check with Pin data_out_reg_reg[11]/CK->D
          Group: clock
     Startpoint: (R) prod_reg_reg[3][6]/CK
          Clock: (R) clock
       Endpoint: (R) data_out_reg_reg[11]/D
          Clock: (R) clock

                     Capture       Launch     
        Clock Edge:+    1400            0     
       Src Latency:+       0            0     
       Net Latency:+       0 (I)        0 (I) 
           Arrival:=    1400            0     
                                              
             Setup:-      83                  
     Required Time:=    1317                  
      Launch Clock:-       0                  
         Data Path:-    1387                  
             Slack:=     -70                  

#-------------------------------------------------------------------------------------------------------------------------------
#                    Timing Point                     Flags   Arc   Edge     Cell      Fanout Load Trans Delay Arrival Instance 
#                                                                                             (fF)  (ps)  (ps)   (ps)  Location 
#-------------------------------------------------------------------------------------------------------------------------------
  prod_reg_reg[3][6]/CK                               -       -     R     (arrival)       149    -     0     0       0    (-,-) 
  prod_reg_reg[3][6]/Q                                -       CK->Q F     DFFHQX4LVT        1  4.1    27   149     149    (-,-) 
  csa_tree_ADD_TC_OP_12_groupi_cdnfadd_006_0__2802/CO -       B->CO F     ADDFHX1LVT        1  3.8    76   130     279    (-,-) 
  csa_tree_ADD_TC_OP_12_groupi_cdnfadd_007_2__7482/S  -       CI->S R     ADDFHX1LVT        1  4.3    76   207     486    (-,-) 
  csa_tree_ADD_TC_OP_12_groupi_cdnfadd_007_4__6161/S  -       A->S  R     ADDFHX1LVT        1  3.8    69   193     679    (-,-) 
  csa_tree_ADD_TC_OP_12_groupi_cdnfadd_007_5__9315/S  -       CI->S F     ADDFHX1LVT        2  5.6   104   210     890    (-,-) 
  csa_tree_ADD_TC_OP_12_groupi_g3746__1881/Y          -       B->Y  F     OR2X6LVT          3 10.8    51   122    1012    (-,-) 
  csa_tree_ADD_TC_OP_12_groupi_g3693__8246/Y          -       A1->Y R     AOI21X4LVT        1  6.5    69    66    1078    (-,-) 
  csa_tree_ADD_TC_OP_12_groupi_g3669__2883/Y          -       A->Y  F     NAND2X8LVT        3 14.4    89    84    1163    (-,-) 
  csa_tree_ADD_TC_OP_12_groupi_g3668/Y                -       A->Y  R     CLKINVX12LVT      6 22.0    49    50    1212    (-,-) 
  csa_tree_ADD_TC_OP_12_groupi_g3654__1617/Y          -       A1->Y F     OAI21X4LVT        1  3.3    63    59    1272    (-,-) 
  csa_tree_ADD_TC_OP_12_groupi_g3647__5107/Y          -       B->Y  R     CLKXOR2X1LVT      1  3.2    57   115    1387    (-,-) 
  data_out_reg_reg[11]/D                              -       -     R     DFFHQX1LVT        1    -     -     0    1387    (-,-) 
#-------------------------------------------------------------------------------------------------------------------------------



Path 2: VIOLATED (-70 ps) Setup Check with Pin data_out_reg_reg[9]/CK->D
          Group: clock
     Startpoint: (R) prod_reg_reg[3][6]/CK
          Clock: (R) clock
       Endpoint: (R) data_out_reg_reg[9]/D
          Clock: (R) clock

                     Capture       Launch     
        Clock Edge:+    1400            0     
       Src Latency:+       0            0     
       Net Latency:+       0 (I)        0 (I) 
           Arrival:=    1400            0     
                                              
             Setup:-      83                  
     Required Time:=    1317                  
      Launch Clock:-       0                  
         Data Path:-    1387                  
             Slack:=     -70                  

#-------------------------------------------------------------------------------------------------------------------------------
#                    Timing Point                     Flags   Arc   Edge     Cell      Fanout Load Trans Delay Arrival Instance 
#                                                                                             (fF)  (ps)  (ps)   (ps)  Location 
#-------------------------------------------------------------------------------------------------------------------------------
  prod_reg_reg[3][6]/CK                               -       -     R     (arrival)       149    -     0     0       0    (-,-) 
  prod_reg_reg[3][6]/Q                                -       CK->Q F     DFFHQX4LVT        1  4.1    27   149     149    (-,-) 
  csa_tree_ADD_TC_OP_12_groupi_cdnfadd_006_0__2802/CO -       B->CO F     ADDFHX1LVT        1  3.8    76   130     279    (-,-) 
  csa_tree_ADD_TC_OP_12_groupi_cdnfadd_007_2__7482/S  -       CI->S R     ADDFHX1LVT        1  4.3    76   207     486    (-,-) 
  csa_tree_ADD_TC_OP_12_groupi_cdnfadd_007_4__6161/S  -       A->S  R     ADDFHX1LVT        1  3.8    69   193     679    (-,-) 
  csa_tree_ADD_TC_OP_12_groupi_cdnfadd_007_5__9315/S  -       CI->S F     ADDFHX1LVT        2  5.6   104   210     890    (-,-) 
  csa_tree_ADD_TC_OP_12_groupi_g3746__1881/Y          -       B->Y  F     OR2X6LVT          3 10.8    51   122    1012    (-,-) 
  csa_tree_ADD_TC_OP_12_groupi_g3693__8246/Y          -       A1->Y R     AOI21X4LVT        1  6.5    69    66    1078    (-,-) 
  csa_tree_ADD_TC_OP_12_groupi_g3669__2883/Y          -       A->Y  F     NAND2X8LVT        3 14.4    89    84    1163    (-,-) 
  csa_tree_ADD_TC_OP_12_groupi_g3668/Y                -       A->Y  R     CLKINVX12LVT      6 22.0    49    50    1212    (-,-) 
  csa_tree_ADD_TC_OP_12_groupi_g3651__5526/Y          -       A1->Y F     OAI21X4LVT        1  3.3    63    59    1272    (-,-) 
  csa_tree_ADD_TC_OP_12_groupi_g3644__6417/Y          -       B->Y  R     CLKXOR2X1LVT      1  3.2    57   115    1387    (-,-) 
  data_out_reg_reg[9]/D                               -       -     R     DFFHQX1LVT        1    -     -     0    1387    (-,-) 
#-------------------------------------------------------------------------------------------------------------------------------



Path 3: VIOLATED (-69 ps) Setup Check with Pin data_out_reg_reg[10]/CK->D
          Group: clock
     Startpoint: (R) prod_reg_reg[3][6]/CK
          Clock: (R) clock
       Endpoint: (R) data_out_reg_reg[10]/D
          Clock: (R) clock

                     Capture       Launch     
        Clock Edge:+    1400            0     
       Src Latency:+       0            0     
       Net Latency:+       0 (I)        0 (I) 
           Arrival:=    1400            0     
                                              
             Setup:-      83                  
     Required Time:=    1317                  
      Launch Clock:-       0                  
         Data Path:-    1386                  
             Slack:=     -69                  

#-------------------------------------------------------------------------------------------------------------------------------
#                    Timing Point                     Flags   Arc   Edge     Cell      Fanout Load Trans Delay Arrival Instance 
#                                                                                             (fF)  (ps)  (ps)   (ps)  Location 
#-------------------------------------------------------------------------------------------------------------------------------
  prod_reg_reg[3][6]/CK                               -       -     R     (arrival)       149    -     0     0       0    (-,-) 
  prod_reg_reg[3][6]/Q                                -       CK->Q F     DFFHQX4LVT        1  4.1    27   149     149    (-,-) 
  csa_tree_ADD_TC_OP_12_groupi_cdnfadd_006_0__2802/CO -       B->CO F     ADDFHX1LVT        1  3.8    76   130     279    (-,-) 
  csa_tree_ADD_TC_OP_12_groupi_cdnfadd_007_2__7482/S  -       CI->S R     ADDFHX1LVT        1  4.3    76   207     486    (-,-) 
  csa_tree_ADD_TC_OP_12_groupi_cdnfadd_007_4__6161/S  -       A->S  R     ADDFHX1LVT        1  3.8    69   193     679    (-,-) 
  csa_tree_ADD_TC_OP_12_groupi_cdnfadd_007_5__9315/S  -       CI->S F     ADDFHX1LVT        2  5.6   104   210     890    (-,-) 
  csa_tree_ADD_TC_OP_12_groupi_g3746__1881/Y          -       B->Y  F     OR2X6LVT          3 10.8    51   122    1012    (-,-) 
  csa_tree_ADD_TC_OP_12_groupi_g3693__8246/Y          -       A1->Y R     AOI21X4LVT        1  6.5    69    66    1078    (-,-) 
  csa_tree_ADD_TC_OP_12_groupi_g3669__2883/Y          -       A->Y  F     NAND2X8LVT        3 14.4    89    84    1163    (-,-) 
  csa_tree_ADD_TC_OP_12_groupi_g3668/Y                -       A->Y  R     CLKINVX12LVT      6 22.0    49    50    1212    (-,-) 
  csa_tree_ADD_TC_OP_12_groupi_g3650__8428/Y          -       A1->Y F     OAI21X4LVT        1  3.3    61    59    1272    (-,-) 
  csa_tree_ADD_TC_OP_12_groupi_g3643__7410/Y          -       B->Y  R     CLKXOR2X1LVT      1  3.2    57   114    1386    (-,-) 
  data_out_reg_reg[10]/D                              -       -     R     DFFHQX1LVT        1    -     -     0    1386    (-,-) 
#-------------------------------------------------------------------------------------------------------------------------------



Path 4: VIOLATED (-69 ps) Setup Check with Pin data_out_reg_reg[14]/CK->D
          Group: clock
     Startpoint: (R) prod_reg_reg[3][4]/CK
          Clock: (R) clock
       Endpoint: (R) data_out_reg_reg[14]/D
          Clock: (R) clock

                     Capture       Launch     
        Clock Edge:+    1400            0     
       Src Latency:+       0            0     
       Net Latency:+       0 (I)        0 (I) 
           Arrival:=    1400            0     
                                              
             Setup:-     101                  
     Required Time:=    1299                  
      Launch Clock:-       0                  
         Data Path:-    1368                  
             Slack:=     -69                  

#-------------------------------------------------------------------------------------------------------------------------------
#                    Timing Point                     Flags   Arc   Edge     Cell      Fanout Load Trans Delay Arrival Instance 
#                                                                                             (fF)  (ps)  (ps)   (ps)  Location 
#-------------------------------------------------------------------------------------------------------------------------------
  prod_reg_reg[3][4]/CK                               -       -     R     (arrival)       149    -     0     0       0    (-,-) 
  prod_reg_reg[3][4]/Q                                -       CK->Q R     DFFHQX4LVT        1  5.6    30   136     136    (-,-) 
  csa_tree_ADD_TC_OP_12_groupi_g3785/Y                -       A->Y  F     CLKINVX6LVT       2  7.4    31    30     166    (-,-) 
  csa_tree_ADD_TC_OP_12_groupi_g3800__7482/Y          -       A->Y  F     CLKAND2X3LVT      1  4.5    35    75     241    (-,-) 
  csa_tree_ADD_TC_OP_12_groupi_g3771__4319/Y          -       A->Y  R     NOR2X4LVT         1  4.2    48    49     290    (-,-) 
  csa_tree_ADD_TC_OP_12_groupi_cdnfadd_004_2__2398/CO -       B->CO R     ADDFHX2LVT        1  3.8    51   147     437    (-,-) 
  csa_tree_ADD_TC_OP_12_groupi_cdnfadd_005_4__3680/S  -       CI->S F     ADDFHX1LVT        1  3.8    76   188     625    (-,-) 
  csa_tree_ADD_TC_OP_12_groupi_cdnfadd_005_5__1617/S  -       CI->S R     ADDFHX2LVT        2  9.1    93   247     872    (-,-) 
  csa_tree_ADD_TC_OP_12_groupi_g3727__5107/Y          -       B->Y  F     NOR2X8LVT         2  9.9    49    52     924    (-,-) 
  csa_tree_ADD_TC_OP_12_groupi_fopt1/Y                -       A->Y  R     CLKINVX6LVT       2  8.4    33    34     957    (-,-) 
  csa_tree_ADD_TC_OP_12_groupi_g3697__1881/Y          -       B->Y  F     NAND2X8LVT        1  6.1    51    45    1002    (-,-) 
  csa_tree_ADD_TC_OP_12_groupi_g3679__4319/Y          -       A->Y  R     NAND2X8LVT        2  8.4    34    37    1039    (-,-) 
  csa_tree_ADD_TC_OP_12_groupi_g3672__7410/Y          -       C->Y  F     NAND3X8LVT        1  6.0    85    68    1107    (-,-) 
  csa_tree_ADD_TC_OP_12_groupi_g3669__2883/Y          -       B->Y  R     NAND2X8LVT        3 15.7    53    51    1158    (-,-) 
  csa_tree_ADD_TC_OP_12_groupi_g3668/Y                -       A->Y  F     CLKINVX12LVT      6 20.6    46    42    1200    (-,-) 
  csa_tree_ADD_TC_OP_12_groupi_g3663__7482/Y          -       B->Y  R     NOR3X8LVT         2  8.0    73    74    1275    (-,-) 
  csa_tree_ADD_TC_OP_12_groupi_g3655__2802/Y          -       C->Y  F     NOR3X4LVT         1  4.5    42    48    1323    (-,-) 
  csa_tree_ADD_TC_OP_12_groupi_g3645__5477/Y          -       B1->Y R     OAI32X4LVT        1  3.2   106    44    1368    (-,-) 
  data_out_reg_reg[14]/D                              -       -     R     DFFHQX1LVT        1    -     -     0    1368    (-,-) 
#-------------------------------------------------------------------------------------------------------------------------------



Path 5: VIOLATED (-66 ps) Setup Check with Pin data_out_reg_reg[13]/CK->D
          Group: clock
     Startpoint: (R) prod_reg_reg[1][8]/CK
          Clock: (R) clock
       Endpoint: (R) data_out_reg_reg[13]/D
          Clock: (R) clock

                     Capture       Launch     
        Clock Edge:+    1400            0     
       Src Latency:+       0            0     
       Net Latency:+       0 (I)        0 (I) 
           Arrival:=    1400            0     
                                              
             Setup:-      72                  
     Required Time:=    1328                  
      Launch Clock:-       0                  
         Data Path:-    1395                  
             Slack:=     -66                  

#-------------------------------------------------------------------------------------------------------------------------------
#                    Timing Point                     Flags   Arc   Edge     Cell      Fanout Load Trans Delay Arrival Instance 
#                                                                                             (fF)  (ps)  (ps)   (ps)  Location 
#-------------------------------------------------------------------------------------------------------------------------------
  prod_reg_reg[1][8]/CK                               -       -     R     (arrival)       149    -     0     0       0    (-,-) 
  prod_reg_reg[1][8]/Q                                -       CK->Q F     DFFQX4LVT         1  4.1    27   152     152    (-,-) 
  csa_tree_ADD_TC_OP_12_groupi_cdnfadd_008_1__2883/S  -       B->S  R     ADDFHX1LVT        1  4.2    75   193     345    (-,-) 
  csa_tree_ADD_TC_OP_12_groupi_cdnfadd_008_3__1666/CO -       B->CO R     ADDFHX2LVT        1  3.8    51   158     504    (-,-) 
  csa_tree_ADD_TC_OP_12_groupi_cdnfadd_009_4__4319/S  -       CI->S F     ADDFHX1LVT        1  3.8    76   188     692    (-,-) 
  csa_tree_ADD_TC_OP_12_groupi_cdnfadd_009_5__8428/S  -       CI->S R     ADDFHX1LVT        2  6.4   106   224     916    (-,-) 
  csa_tree_ADD_TC_OP_12_groupi_g3724__6417/Y          -       B->Y  R     CLKAND2X6LVT      2  6.6    30    90    1005    (-,-) 
  csa_tree_ADD_TC_OP_12_groupi_g3691__1705/Y          -       A0->Y F     OAI21X4LVT        2  8.4   102    87    1092    (-,-) 
  csa_tree_ADD_TC_OP_12_groupi_g3676__5107/Y          -       A->Y  R     NOR2X6LVT         1  6.5    54    72    1164    (-,-) 
  csa_tree_ADD_TC_OP_12_groupi_g3675__2398/Y          -       B->Y  F     NOR2X8LVT         4 16.7    60    47    1211    (-,-) 
  csa_tree_ADD_TC_OP_12_groupi_g3666__9315/Y          -       B->Y  R     NOR2X8LVT         3 11.4    64    56    1267    (-,-) 
  csa_tree_ADD_TC_OP_12_groupi_g3659__7098/Y          -       B->Y  R     CLKAND2X6LVT      1  5.6    27    75    1341    (-,-) 
  csa_tree_ADD_TC_OP_12_groupi_g3641__2346/Y          -       B->Y  F     NOR2X6LVT         1  4.5    37    26    1367    (-,-) 
  csa_tree_ADD_TC_OP_12_groupi_g3640__2883/Y          -       B->Y  R     NAND2X4LVT        1  3.2    27    28    1395    (-,-) 
  data_out_reg_reg[13]/D                              -       -     R     DFFHQX1LVT        1    -     -     0    1395    (-,-) 
#-------------------------------------------------------------------------------------------------------------------------------



Path 6: VIOLATED (-42 ps) Setup Check with Pin data_out_reg_reg[12]/CK->D
          Group: clock
     Startpoint: (R) prod_reg_reg[3][7]/CK
          Clock: (R) clock
       Endpoint: (R) data_out_reg_reg[12]/D
          Clock: (R) clock

                     Capture       Launch     
        Clock Edge:+    1400            0     
       Src Latency:+       0            0     
       Net Latency:+       0 (I)        0 (I) 
           Arrival:=    1400            0     
                                              
             Setup:-      84                  
     Required Time:=    1316                  
      Launch Clock:-       0                  
         Data Path:-    1358                  
             Slack:=     -42                  

#--------------------------------------------------------------------------------------------------------------------------------
#                    Timing Point                     Flags    Arc   Edge     Cell      Fanout Load Trans Delay Arrival Instance 
#                                                                                              (fF)  (ps)  (ps)   (ps)  Location 
#--------------------------------------------------------------------------------------------------------------------------------
  prod_reg_reg[3][7]/CK                               -       -      R     (arrival)       149    -     0     0       0    (-,-) 
  prod_reg_reg[3][7]/Q                                -       CK->Q  F     DFFHQX4LVT        1  4.1    27   149     149    (-,-) 
  csa_tree_ADD_TC_OP_12_groupi_cdnfadd_007_0__1881/CO -       B->CO  F     ADDFHX1LVT        1  3.8    76   130     279    (-,-) 
  csa_tree_ADD_TC_OP_12_groupi_cdnfadd_008_2__2346/S  -       CI->S  R     ADDFHX1LVT        1  4.3    76   207     486    (-,-) 
  csa_tree_ADD_TC_OP_12_groupi_cdnfadd_008_4__7410/S  -       A->S   F     ADDFHX1LVT        1  3.8    76   216     702    (-,-) 
  csa_tree_ADD_TC_OP_12_groupi_cdnfadd_008_5__6417/S  -       CI->S  R     ADDFHX1LVT        2  5.9    99   220     922    (-,-) 
  csa_tree_ADD_TC_OP_12_groupi_g3749/Y                -       A->Y   R     BUFX3LVT          1  6.5    41    93    1014    (-,-) 
  csa_tree_ADD_TC_OP_12_groupi_g3729__4319/Y          -       B->Y   F     NOR2X8LVT         3 10.0    40    35    1050    (-,-) 
  csa_tree_ADD_TC_OP_12_groupi_g3714__2346/Y          -       B->Y   R     NOR2X6LVT         2  6.4    50    44    1093    (-,-) 
  csa_tree_ADD_TC_OP_12_groupi_g3684__3680/Y          -       B->Y   R     CLKAND2X6LVT      3 15.7    50    83    1176    (-,-) 
  csa_tree_ADD_TC_OP_12_groupi_g3658__8246/Y          -       A->Y   F     NAND2X8LVT        1  6.0    54    57    1233    (-,-) 
  csa_tree_ADD_TC_OP_12_groupi_g3652__6783/Y          -       B->Y   R     NAND2X8LVT        3  9.8    38    36    1269    (-,-) 
  csa_tree_ADD_TC_OP_12_groupi_g3646__2398/Y          -       A1N->Y R     OAI2BB2X4LVT      1  3.2    62    89    1358    (-,-) 
  data_out_reg_reg[12]/D                              -       -      R     DFFHQX1LVT        1    -     -     0    1358    (-,-) 
#--------------------------------------------------------------------------------------------------------------------------------



Path 7: VIOLATED (-32 ps) Setup Check with Pin data_out_reg_reg[8]/CK->D
          Group: clock
     Startpoint: (R) prod_reg_reg[3][4]/CK
          Clock: (R) clock
       Endpoint: (R) data_out_reg_reg[8]/D
          Clock: (R) clock

                     Capture       Launch     
        Clock Edge:+    1400            0     
       Src Latency:+       0            0     
       Net Latency:+       0 (I)        0 (I) 
           Arrival:=    1400            0     
                                              
             Setup:-      83                  
     Required Time:=    1317                  
      Launch Clock:-       0                  
         Data Path:-    1350                  
             Slack:=     -32                  

#-------------------------------------------------------------------------------------------------------------------------------
#                    Timing Point                     Flags   Arc   Edge     Cell      Fanout Load Trans Delay Arrival Instance 
#                                                                                             (fF)  (ps)  (ps)   (ps)  Location 
#-------------------------------------------------------------------------------------------------------------------------------
  prod_reg_reg[3][4]/CK                               -       -     R     (arrival)       149    -     0     0       0    (-,-) 
  prod_reg_reg[3][4]/Q                                -       CK->Q R     DFFHQX4LVT        1  5.6    30   136     136    (-,-) 
  csa_tree_ADD_TC_OP_12_groupi_g3785/Y                -       A->Y  F     CLKINVX6LVT       2  7.4    31    30     166    (-,-) 
  csa_tree_ADD_TC_OP_12_groupi_g3800__7482/Y          -       A->Y  F     CLKAND2X3LVT      1  4.5    35    75     241    (-,-) 
  csa_tree_ADD_TC_OP_12_groupi_g3771__4319/Y          -       A->Y  R     NOR2X4LVT         1  4.2    48    49     290    (-,-) 
  csa_tree_ADD_TC_OP_12_groupi_cdnfadd_004_2__2398/CO -       B->CO R     ADDFHX2LVT        1  3.8    51   147     437    (-,-) 
  csa_tree_ADD_TC_OP_12_groupi_cdnfadd_005_4__3680/S  -       CI->S F     ADDFHX1LVT        1  3.8    76   188     625    (-,-) 
  csa_tree_ADD_TC_OP_12_groupi_cdnfadd_005_5__1617/S  -       CI->S R     ADDFHX2LVT        2  9.1    93   247     872    (-,-) 
  csa_tree_ADD_TC_OP_12_groupi_g3727__5107/Y          -       B->Y  F     NOR2X8LVT         2  9.9    49    52     924    (-,-) 
  csa_tree_ADD_TC_OP_12_groupi_fopt1/Y                -       A->Y  R     CLKINVX6LVT       2  8.4    33    34     957    (-,-) 
  csa_tree_ADD_TC_OP_12_groupi_g3697__1881/Y          -       B->Y  F     NAND2X8LVT        1  6.1    51    45    1002    (-,-) 
  csa_tree_ADD_TC_OP_12_groupi_g3679__4319/Y          -       A->Y  R     NAND2X8LVT        2  8.4    34    37    1039    (-,-) 
  csa_tree_ADD_TC_OP_12_groupi_g3672__7410/Y          -       C->Y  F     NAND3X8LVT        1  6.0    85    68    1107    (-,-) 
  csa_tree_ADD_TC_OP_12_groupi_g3669__2883/Y          -       B->Y  R     NAND2X8LVT        3 15.7    53    51    1158    (-,-) 
  csa_tree_ADD_TC_OP_12_groupi_g3668/Y                -       A->Y  F     CLKINVX12LVT      6 20.6    46    42    1200    (-,-) 
  csa_tree_ADD_TC_OP_12_groupi_g3656__1705/Y          -       A->Y  R     CLKXOR2X1LVT      1  3.2    57   149    1350    (-,-) 
  data_out_reg_reg[8]/D                               -       -     R     DFFHQX1LVT        1    -     -     0    1350    (-,-) 
#-------------------------------------------------------------------------------------------------------------------------------



Path 8: VIOLATED (-11 ps) Setup Check with Pin data_out_reg_reg[15]/CK->D
          Group: clock
     Startpoint: (R) prod_reg_reg[7][10]/CK
          Clock: (R) clock
       Endpoint: (R) data_out_reg_reg[15]/D
          Clock: (R) clock

                     Capture       Launch     
        Clock Edge:+    1400            0     
       Src Latency:+       0            0     
       Net Latency:+       0 (I)        0 (I) 
           Arrival:=    1400            0     
                                              
             Setup:-      83                  
     Required Time:=    1317                  
      Launch Clock:-       0                  
         Data Path:-    1328                  
             Slack:=     -11                  

#-------------------------------------------------------------------------------------------------------------------------------
#                    Timing Point                     Flags    Arc   Edge    Cell      Fanout Load Trans Delay Arrival Instance 
#                                                                                             (fF)  (ps)  (ps)   (ps)  Location 
#-------------------------------------------------------------------------------------------------------------------------------
  prod_reg_reg[7][10]/CK                              -       -      R     (arrival)      149    -     0     0       0    (-,-) 
  prod_reg_reg[7][10]/Q                               -       CK->Q  F     DFFHQX4LVT       1  5.3    32   152     152    (-,-) 
  csa_tree_ADD_TC_OP_12_groupi_g3779/Y                -       A->Y   R     CLKINVX6LVT      1  4.3    20    23     175    (-,-) 
  csa_tree_ADD_TC_OP_12_groupi_cdnfadd_010_1__6783/S  -       A->S   F     ADDFHX1LVT       1  3.8    75   193     368    (-,-) 
  csa_tree_ADD_TC_OP_12_groupi_cdnfadd_010_3__1617/CO -       CI->CO F     ADDFHX2LVT       1  3.8    55   143     511    (-,-) 
  csa_tree_ADD_TC_OP_12_groupi_cdnfadd_011_3__6131/S  -       CI->S  R     ADDFHX1LVT       1  3.8    69   196     708    (-,-) 
  csa_tree_ADD_TC_OP_12_groupi_cdnfadd_011_4__1881/S  -       CI->S  F     ADDFHX2LVT       2  9.1    98   238     945    (-,-) 
  csa_tree_ADD_TC_OP_12_groupi_g3744__7098/Y          -       B->Y   R     NOR2X8LVT        3  9.8    66    64    1009    (-,-) 
  csa_tree_ADD_TC_OP_12_groupi_g3698__5115/Y          -       B->Y   F     NOR2X4LVT        2  7.2    53    50    1059    (-,-) 
  csa_tree_ADD_TC_OP_12_groupi_g3695/Y                -       A->Y   R     CLKINVX4LVT      1  5.6    34    36    1096    (-,-) 
  csa_tree_ADD_TC_OP_12_groupi_g3676__5107/Y          -       B->Y   F     NOR2X6LVT        1  6.0    44    31    1126    (-,-) 
  csa_tree_ADD_TC_OP_12_groupi_g3675__2398/Y          -       B->Y   R     NOR2X8LVT        4 18.0    86    64    1191    (-,-) 
  csa_tree_ADD_TC_OP_12_groupi_g3652__6783/Y          -       A->Y   F     NAND2X8LVT       3  9.4    69    78    1268    (-,-) 
  csa_tree_ADD_TC_OP_12_groupi_g3642__1666/Y          -       A1->Y  R     AOI21X4LVT       1  3.2    57    60    1328    (-,-) 
  data_out_reg_reg[15]/D                              -       -      R     DFFHQX1LVT       1    -     -     0    1328    (-,-) 
#-------------------------------------------------------------------------------------------------------------------------------



Path 9: MET (0 ps) Setup Check with Pin prod_reg_reg[7][9]/CK->D
          Group: clock
     Startpoint: (R) shift_reg_reg[6][3]/CK
          Clock: (R) clock
       Endpoint: (R) prod_reg_reg[7][9]/D
          Clock: (R) clock

                     Capture       Launch     
        Clock Edge:+    1400            0     
       Src Latency:+       0            0     
       Net Latency:+       0 (I)        0 (I) 
           Arrival:=    1400            0     
                                              
             Setup:-      79                  
     Required Time:=    1321                  
      Launch Clock:-       0                  
         Data Path:-    1321                  
             Slack:=       0                  

#-------------------------------------------------------------------------------------------------
#     Timing Point       Flags    Arc   Edge    Cell     Fanout Load Trans Delay Arrival Instance 
#                                                               (fF)  (ps)  (ps)   (ps)  Location 
#-------------------------------------------------------------------------------------------------
  shift_reg_reg[6][3]/CK -       -      R     (arrival)     149    -     0     0       0    (-,-) 
  shift_reg_reg[6][3]/QN -       CK->QN R     DFFX4LVT        3  9.7    46   205     205    (-,-) 
  g5400__9315/Y          -       B->Y   F     NAND2X6LVT      2  5.6    58    53     258    (-,-) 
  g5371__6783/CO         -       CI->CO F     ADDFHX2LVT      1  3.5    52   135     393    (-,-) 
  g5354__7410/CO         -       CI->CO F     ADDFX1LVT       1  3.5    73   142     535    (-,-) 
  g5338__4733/CO         -       CI->CO F     ADDFX1LVT       1  3.5    73   150     685    (-,-) 
  g5318__1705/CO         -       CI->CO F     ADDFX1LVT       1  3.5    73   150     835    (-,-) 
  g5302__4319/CO         -       CI->CO F     ADDFX1LVT       1  3.6    74   151     986    (-,-) 
  g5300/Y                -       A->Y   R     CLKINVX2        1  3.5    54    66    1052    (-,-) 
  g5291__2398/S          -       CI->S  F     ADDFX1LVT       1  4.0    81   210    1262    (-,-) 
  g5290/Y                -       A->Y   R     CLKINVX3        1  3.2    40    60    1321    (-,-) 
  prod_reg_reg[7][9]/D   -       -      R     DFFHQX4LVT      1    -     -     0    1321    (-,-) 
#-------------------------------------------------------------------------------------------------



Path 10: MET (0 ps) Setup Check with Pin prod_reg_reg[6][10]/CK->D
          Group: clock
     Startpoint: (R) shift_reg_reg[5][3]/CK
          Clock: (R) clock
       Endpoint: (R) prod_reg_reg[6][10]/D
          Clock: (R) clock

                     Capture       Launch     
        Clock Edge:+    1400            0     
       Src Latency:+       0            0     
       Net Latency:+       0 (I)        0 (I) 
           Arrival:=    1400            0     
                                              
             Setup:-      79                  
     Required Time:=    1321                  
      Launch Clock:-       0                  
         Data Path:-    1321                  
             Slack:=       0                  

#-------------------------------------------------------------------------------------------------
#     Timing Point       Flags    Arc   Edge    Cell     Fanout Load Trans Delay Arrival Instance 
#                                                               (fF)  (ps)  (ps)   (ps)  Location 
#-------------------------------------------------------------------------------------------------
  shift_reg_reg[5][3]/CK -       -      R     (arrival)     149    -     0     0       0    (-,-) 
  shift_reg_reg[5][3]/QN -       CK->QN R     DFFX4LVT        3  9.7    46   205     205    (-,-) 
  g5414__1666/Y          -       B->Y   F     NAND2X6LVT      2  5.6    58    53     258    (-,-) 
  g5376__2802/CO         -       CI->CO F     ADDFHX2LVT      1  3.5    52   135     393    (-,-) 
  g5360__5107/CO         -       CI->CO F     ADDFX1LVT       1  3.5    73   142     535    (-,-) 
  g5344__9945/CO         -       CI->CO F     ADDFX1LVT       1  3.5    73   150     685    (-,-) 
  g5326__8246/CO         -       CI->CO F     ADDFX1LVT       1  3.5    73   150     835    (-,-) 
  g5307__5526/CO         -       CI->CO F     ADDFX1LVT       1  3.6    74   151     986    (-,-) 
  g5306/Y                -       A->Y   R     CLKINVX2        1  3.5    54    66    1052    (-,-) 
  g5295__5107/S          -       CI->S  F     ADDFX1LVT       1  4.0    81   210    1262    (-,-) 
  g5294/Y                -       A->Y   R     CLKINVX3        1  3.2    40    60    1321    (-,-) 
  prod_reg_reg[6][10]/D  -       -      R     DFFHQX4LVT      1    -     -     0    1321    (-,-) 
#-------------------------------------------------------------------------------------------------



Path 11: MET (0 ps) Setup Check with Pin prod_reg_reg[0][9]/CK->D
          Group: clock
     Startpoint: (R) data_in_reg_reg[3]/CK
          Clock: (R) clock
       Endpoint: (R) prod_reg_reg[0][9]/D
          Clock: (R) clock

                     Capture       Launch     
        Clock Edge:+    1400            0     
       Src Latency:+       0            0     
       Net Latency:+       0 (I)        0 (I) 
           Arrival:=    1400            0     
                                              
             Setup:-      90                  
     Required Time:=    1310                  
      Launch Clock:-       0                  
         Data Path:-    1310                  
             Slack:=       0                  

#-------------------------------------------------------------------------------------------------
#     Timing Point      Flags    Arc   Edge    Cell      Fanout Load Trans Delay Arrival Instance 
#                                                               (fF)  (ps)  (ps)   (ps)  Location 
#-------------------------------------------------------------------------------------------------
  data_in_reg_reg[3]/CK -       -      R     (arrival)      149    -     0     0       0    (-,-) 
  data_in_reg_reg[3]/Q  -       CK->Q  F     DFFQX4LVT        2  6.3    36   157     157    (-,-) 
  g5522/Y               -       A->Y   R     CLKINVX4LVT      3  9.8    46    39     196    (-,-) 
  g5491__1881/Y         -       B->Y   F     NAND2X6LVT       2  5.7    59    53     249    (-,-) 
  g5419__7410/CO        -       CI->CO F     ADDFHX2LVT       1  3.5    52   136     384    (-,-) 
  g5391__5115/CO        -       CI->CO F     ADDFX1LVT        1  3.5    73   142     526    (-,-) 
  g5377__1705/CO        -       CI->CO F     ADDFX1LVT        1  3.5    73   150     676    (-,-) 
  g5361__6260/CO        -       CI->CO F     ADDFX1LVT        1  3.5    73   150     826    (-,-) 
  g5345__2883/CO        -       CI->CO F     ADDFX1LVT        1  3.3    70   148     974    (-,-) 
  g5343/Y               -       A->Y   R     INVX1LVT         1  3.5    64    66    1040    (-,-) 
  g5327__7098/S         -       CI->S  F     ADDFX1LVT        1  3.3    70   207    1247    (-,-) 
  g5325/Y               -       A->Y   R     INVX1LVT         1  3.1    58    63    1310    (-,-) 
  prod_reg_reg[0][9]/D  -       -      R     DFFQX4LVT        1    -     -     0    1310    (-,-) 
#-------------------------------------------------------------------------------------------------



Path 12: MET (11 ps) Setup Check with Pin prod_reg_reg[4][12]/CK->D
          Group: clock
     Startpoint: (R) prod_reg_reg[3][3]/CK
          Clock: (R) clock
       Endpoint: (R) prod_reg_reg[4][12]/D
          Clock: (R) clock

                     Capture       Launch     
        Clock Edge:+    1400            0     
       Src Latency:+       0            0     
       Net Latency:+       0 (I)        0 (I) 
           Arrival:=    1400            0     
                                              
             Setup:-      83                  
     Required Time:=    1317                  
      Launch Clock:-       0                  
         Data Path:-    1306                  
             Slack:=      11                  

#--------------------------------------------------------------------------------------------------
#     Timing Point      Flags    Arc   Edge     Cell      Fanout Load Trans Delay Arrival Instance 
#                                                                (fF)  (ps)  (ps)   (ps)  Location 
#--------------------------------------------------------------------------------------------------
  prod_reg_reg[3][3]/CK -       -      R     (arrival)       149    -     0     0       0    (-,-) 
  prod_reg_reg[3][3]/Q  -       CK->Q  F     DFFHQX8LVT        7 16.6    48   179     179    (-,-) 
  g5489__6131/Y         -       B->Y   F     OR2X6LVT          3  9.0    45    99     279    (-,-) 
  g5446__5526/Y         -       B->Y   R     NOR2X6LVT         3  7.1    57    47     325    (-,-) 
  g5399__6161/Y         -       A1N->Y R     AOI2BB1X4LVT      1  3.5    55    86     411    (-,-) 
  g5379__5122/CO        -       CI->CO R     ADDFX1LVT         1  3.5    67   150     562    (-,-) 
  g5363__4319/CO        -       CI->CO R     ADDFX1LVT         1  3.5    67   155     717    (-,-) 
  g5347__2346/CO        -       CI->CO R     ADDFX1LVT         1  3.5    67   155     872    (-,-) 
  g5330__1881/CO        -       CI->CO R     ADDFX1LVT         1  3.5    67   155    1027    (-,-) 
  g5310__3680/CO        -       CI->CO R     ADDFX1LVT         1  3.4    66   154    1182    (-,-) 
  g5305__8428/Y         -       B->Y   R     CLKXOR2X1LVT      1  3.2    57   125    1306    (-,-) 
  prod_reg_reg[4][12]/D -       -      R     DFFHQX1LVT        1    -     -     0    1306    (-,-) 
#--------------------------------------------------------------------------------------------------



Path 13: MET (12 ps) Setup Check with Pin prod_reg_reg[3][12]/CK->D
          Group: clock
     Startpoint: (R) prod_reg_reg[2][3]/CK
          Clock: (R) clock
       Endpoint: (R) prod_reg_reg[3][12]/D
          Clock: (R) clock

                     Capture       Launch     
        Clock Edge:+    1400            0     
       Src Latency:+       0            0     
       Net Latency:+       0 (I)        0 (I) 
           Arrival:=    1400            0     
                                              
             Setup:-      86                  
     Required Time:=    1314                  
      Launch Clock:-       0                  
         Data Path:-    1302                  
             Slack:=      12                  

#--------------------------------------------------------------------------------------------------
#     Timing Point      Flags    Arc   Edge     Cell      Fanout Load Trans Delay Arrival Instance 
#                                                                (fF)  (ps)  (ps)   (ps)  Location 
#--------------------------------------------------------------------------------------------------
  prod_reg_reg[2][3]/CK -       -      R     (arrival)       149    -     0     0       0    (-,-) 
  prod_reg_reg[2][3]/Q  -       CK->Q  F     DFFHQX4LVT        5 11.6    58   166     166    (-,-) 
  g5532__5115/Y         -       A->Y   F     OR2X6LVT          3  9.0    45   109     275    (-,-) 
  g5462__1617/Y         -       B->Y   R     NOR2X6LVT         3  7.1    56    47     322    (-,-) 
  g5412__2346/Y         -       A1N->Y R     AOI2BB1X4LVT      1  3.5    55    86     408    (-,-) 
  g5386__7098/CO        -       CI->CO R     ADDFX1LVT         1  3.5    67   150     558    (-,-) 
  g5370__5526/CO        -       CI->CO R     ADDFX1LVT         1  3.5    67   155     714    (-,-) 
  g5355__6417/CO        -       CI->CO R     ADDFX1LVT         1  3.5    67   155     869    (-,-) 
  g5339__6161/CO        -       CI->CO R     ADDFX1LVT         1  3.5    67   155    1024    (-,-) 
  g5317__2802/CO        -       CI->CO R     ADDFX1LVT         1  3.4    66   154    1178    (-,-) 
  g5309__6783/Y         -       B->Y   R     CLKXOR2X1LVT      1  3.1    56   124    1302    (-,-) 
  prod_reg_reg[3][12]/D -       -      R     DFFQX1LVT         1    -     -     0    1302    (-,-) 
#--------------------------------------------------------------------------------------------------



Path 14: MET (15 ps) Setup Check with Pin data_out_reg_reg[7]/CK->D
          Group: clock
     Startpoint: (R) prod_reg_reg[3][4]/CK
          Clock: (R) clock
       Endpoint: (R) data_out_reg_reg[7]/D
          Clock: (R) clock

                     Capture       Launch     
        Clock Edge:+    1400            0     
       Src Latency:+       0            0     
       Net Latency:+       0 (I)        0 (I) 
           Arrival:=    1400            0     
                                              
             Setup:-      83                  
     Required Time:=    1317                  
      Launch Clock:-       0                  
         Data Path:-    1302                  
             Slack:=      15                  

#-------------------------------------------------------------------------------------------------------------------------------
#                    Timing Point                     Flags   Arc   Edge     Cell      Fanout Load Trans Delay Arrival Instance 
#                                                                                             (fF)  (ps)  (ps)   (ps)  Location 
#-------------------------------------------------------------------------------------------------------------------------------
  prod_reg_reg[3][4]/CK                               -       -     R     (arrival)       149    -     0     0       0    (-,-) 
  prod_reg_reg[3][4]/Q                                -       CK->Q R     DFFHQX4LVT        1  5.6    30   136     136    (-,-) 
  csa_tree_ADD_TC_OP_12_groupi_g3785/Y                -       A->Y  F     CLKINVX6LVT       2  7.4    31    30     166    (-,-) 
  csa_tree_ADD_TC_OP_12_groupi_g3800__7482/Y          -       A->Y  F     CLKAND2X3LVT      1  4.5    35    75     241    (-,-) 
  csa_tree_ADD_TC_OP_12_groupi_g3771__4319/Y          -       A->Y  R     NOR2X4LVT         1  4.2    48    49     290    (-,-) 
  csa_tree_ADD_TC_OP_12_groupi_cdnfadd_004_2__2398/CO -       B->CO R     ADDFHX2LVT        1  3.8    51   147     437    (-,-) 
  csa_tree_ADD_TC_OP_12_groupi_cdnfadd_005_4__3680/S  -       CI->S F     ADDFHX1LVT        1  3.8    76   188     625    (-,-) 
  csa_tree_ADD_TC_OP_12_groupi_cdnfadd_005_5__1617/S  -       CI->S R     ADDFHX2LVT        2  9.1    93   247     872    (-,-) 
  csa_tree_ADD_TC_OP_12_groupi_g3727__5107/Y          -       B->Y  F     NOR2X8LVT         2  9.9    49    52     924    (-,-) 
  csa_tree_ADD_TC_OP_12_groupi_fopt1/Y                -       A->Y  R     CLKINVX6LVT       2  8.4    33    34     957    (-,-) 
  csa_tree_ADD_TC_OP_12_groupi_g3697__1881/Y          -       B->Y  F     NAND2X8LVT        1  6.1    51    45    1002    (-,-) 
  csa_tree_ADD_TC_OP_12_groupi_g3679__4319/Y          -       A->Y  R     NAND2X8LVT        2  8.4    34    37    1039    (-,-) 
  csa_tree_ADD_TC_OP_12_groupi_g3678/Y                -       A->Y  R     BUFX3LVT          2  6.7    41    68    1108    (-,-) 
  csa_tree_ADD_TC_OP_12_groupi_g3667__9945/Y          -       A1->Y F     AOI21X4LVT        1  3.3    60    61    1169    (-,-) 
  csa_tree_ADD_TC_OP_12_groupi_g3657__5122/Y          -       B->Y  R     XNOR2X1LVT        1  3.2    57   134    1302    (-,-) 
  data_out_reg_reg[7]/D                               -       -     R     DFFHQX1LVT        1    -     -     0    1302    (-,-) 
#-------------------------------------------------------------------------------------------------------------------------------



Path 15: MET (33 ps) Setup Check with Pin prod_reg_reg[1][11]/CK->D
          Group: clock
     Startpoint: (R) shift_reg_reg[0][3]/CK
          Clock: (R) clock
       Endpoint: (R) prod_reg_reg[1][11]/D
          Clock: (R) clock

                     Capture       Launch     
        Clock Edge:+    1400            0     
       Src Latency:+       0            0     
       Net Latency:+       0 (I)        0 (I) 
           Arrival:=    1400            0     
                                              
             Setup:-     118                  
     Required Time:=    1282                  
      Launch Clock:-       0                  
         Data Path:-    1248                  
             Slack:=      33                  

#-------------------------------------------------------------------------------------------------
#     Timing Point       Flags    Arc   Edge    Cell     Fanout Load Trans Delay Arrival Instance 
#                                                               (fF)  (ps)  (ps)   (ps)  Location 
#-------------------------------------------------------------------------------------------------
  shift_reg_reg[0][3]/CK -       -      R     (arrival)     149    -     0     0       0    (-,-) 
  shift_reg_reg[0][3]/Q  -       CK->Q  F     DFFHQX1LVT      2  5.5    95   169     169    (-,-) 
  g5487/Y                -       A->Y   R     INVX2LVT        3  8.0    76    77     246    (-,-) 
  g5474__8246/Y          -       A->Y   F     NAND2X2LVT      2  5.4   116   103     350    (-,-) 
  g5403__9945/CO         -       CI->CO F     ADDFX1LVT       1  3.5    73   166     516    (-,-) 
  g5385__8246/CO         -       CI->CO F     ADDFX1LVT       1  3.5    73   150     666    (-,-) 
  g5369__8428/CO         -       CI->CO F     ADDFX1LVT       1  3.5    73   150     816    (-,-) 
  g5353__1666/CO         -       CI->CO F     ADDFX1LVT       1  3.5    73   150     965    (-,-) 
  g5336__5115/CO         -       CI->CO F     ADDFX1LVT       2  5.4   103   166    1132    (-,-) 
  g5329__6131/Y          -       A1->Y  R     AOI21X1LVT      1  3.1   130   117    1248    (-,-) 
  prod_reg_reg[1][11]/D  -       -      R     DFFQX4LVT       1    -     -     0    1248    (-,-) 
#-------------------------------------------------------------------------------------------------



Path 16: MET (38 ps) Setup Check with Pin prod_reg_reg[5][10]/CK->D
          Group: clock
     Startpoint: (R) shift_reg_reg[4][2]/CK
          Clock: (R) clock
       Endpoint: (R) prod_reg_reg[5][10]/D
          Clock: (R) clock

                     Capture       Launch     
        Clock Edge:+    1400            0     
       Src Latency:+       0            0     
       Net Latency:+       0 (I)        0 (I) 
           Arrival:=    1400            0     
                                              
             Setup:-      88                  
     Required Time:=    1312                  
      Launch Clock:-       0                  
         Data Path:-    1274                  
             Slack:=      38                  

#-------------------------------------------------------------------------------------------------
#     Timing Point       Flags    Arc   Edge    Cell     Fanout Load Trans Delay Arrival Instance 
#                                                               (fF)  (ps)  (ps)   (ps)  Location 
#-------------------------------------------------------------------------------------------------
  shift_reg_reg[4][2]/CK -       -      R     (arrival)     149    -     0     0       0    (-,-) 
  shift_reg_reg[4][2]/Q  -       CK->Q  R     DFFHQX1LVT      3  7.5   113   165     165    (-,-) 
  g5429__2398/CO         -       A->CO  R     ADDHX1LVT       1  3.5    60   141     306    (-,-) 
  g5388__1881/CO         -       CI->CO R     ADDFX1LVT       1  3.5    67   152     458    (-,-) 
  g5372__3680/CO         -       CI->CO R     ADDFX1LVT       1  3.5    67   155     613    (-,-) 
  g5357__2398/CO         -       CI->CO R     ADDFX1LVT       1  3.5    67   155     768    (-,-) 
  g5340__9315/CO         -       CI->CO R     ADDFX1LVT       1  3.5    67   155     923    (-,-) 
  g5316__1617/CO         -       CI->CO R     ADDFX1LVT       1  3.5    67   155    1078    (-,-) 
  g5301__6260/S          -       CI->S  R     ADDFX1LVT       1  3.2    65   196    1274    (-,-) 
  prod_reg_reg[5][10]/D  -       -      R     DFFHQX4LVT      1    -     -     0    1274    (-,-) 
#-------------------------------------------------------------------------------------------------



Path 17: MET (65 ps) Setup Check with Pin data_out_reg_reg[6]/CK->D
          Group: clock
     Startpoint: (R) prod_reg_reg[0][5]/CK
          Clock: (R) clock
       Endpoint: (R) data_out_reg_reg[6]/D
          Clock: (R) clock

                     Capture       Launch     
        Clock Edge:+    1400            0     
       Src Latency:+       0            0     
       Net Latency:+       0 (I)        0 (I) 
           Arrival:=    1400            0     
                                              
             Setup:-      83                  
     Required Time:=    1317                  
      Launch Clock:-       0                  
         Data Path:-    1252                  
             Slack:=      65                  

#--------------------------------------------------------------------------------------------------------------------------------
#                    Timing Point                     Flags    Arc   Edge     Cell      Fanout Load Trans Delay Arrival Instance 
#                                                                                              (fF)  (ps)  (ps)   (ps)  Location 
#--------------------------------------------------------------------------------------------------------------------------------
  prod_reg_reg[0][5]/CK                               -       -      R     (arrival)       149    -     0     0       0    (-,-) 
  prod_reg_reg[0][5]/Q                                -       CK->Q  F     DFFQX4LVT         1  3.8    26   151     151    (-,-) 
  csa_tree_ADD_TC_OP_12_groupi_cdnfadd_005_0__4319/CO -       CI->CO F     ADDFHX1LVT        1  3.8    76   128     279    (-,-) 
  csa_tree_ADD_TC_OP_12_groupi_cdnfadd_006_2__5122/S  -       CI->S  R     ADDFHX1LVT        1  4.2    75   207     486    (-,-) 
  csa_tree_ADD_TC_OP_12_groupi_cdnfadd_006_4__7098/S  -       B->S   F     ADDFHX1LVT        1  3.8    76   212     698    (-,-) 
  csa_tree_ADD_TC_OP_12_groupi_cdnfadd_006_5__6131/S  -       CI->S  R     ADDFHX1LVT        2  6.4   106   224     922    (-,-) 
  csa_tree_ADD_TC_OP_12_groupi_g3745__6131/Y          -       B->Y   R     OR2X6LVT          3 11.4    40    95    1017    (-,-) 
  csa_tree_ADD_TC_OP_12_groupi_g3794__5122/Y          -       AN->Y  R     NOR2BX2LVT        1  3.1    64    98    1115    (-,-) 
  csa_tree_ADD_TC_OP_12_groupi_g3670__2346/Y          -       A->Y   R     CLKXOR2X1LVT      1  3.2    57   137    1252    (-,-) 
  data_out_reg_reg[6]/D                               -       -      R     DFFHQX1LVT        1    -     -     0    1252    (-,-) 
#--------------------------------------------------------------------------------------------------------------------------------



Path 18: MET (66 ps) Setup Check with Pin data_out_reg_reg[5]/CK->D
          Group: clock
     Startpoint: (R) prod_reg_reg[3][3]/CK
          Clock: (R) clock
       Endpoint: (R) data_out_reg_reg[5]/D
          Clock: (R) clock

                     Capture       Launch     
        Clock Edge:+    1400            0     
       Src Latency:+       0            0     
       Net Latency:+       0 (I)        0 (I) 
           Arrival:=    1400            0     
                                              
             Setup:-      83                  
     Required Time:=    1317                  
      Launch Clock:-       0                  
         Data Path:-    1251                  
             Slack:=      66                  

#-----------------------------------------------------------------------------------------------------------------------------
#                   Timing Point                     Flags   Arc   Edge    Cell      Fanout Load Trans Delay Arrival Instance 
#                                                                                           (fF)  (ps)  (ps)   (ps)  Location 
#-----------------------------------------------------------------------------------------------------------------------------
  prod_reg_reg[3][3]/CK                              -       -     R     (arrival)      149    -     0     0       0    (-,-) 
  prod_reg_reg[3][3]/Q                               -       CK->Q F     DFFHQX8LVT       7 16.6    48   179     179    (-,-) 
  csa_tree_ADD_TC_OP_12_groupi_g3786/Y               -       A->Y  R     INVX3LVT         2  8.0    51    46     225    (-,-) 
  csa_tree_ADD_TC_OP_12_groupi_g3769__5107/Y         -       A0->Y F     AOI22X4LVT       1  4.1    86    86     311    (-,-) 
  csa_tree_ADD_TC_OP_12_groupi_cdnfadd_003_2__1666/S -       B->S  R     ADDFHX1LVT       1  3.8    69   211     522    (-,-) 
  csa_tree_ADD_TC_OP_12_groupi_cdnfadd_003_3__7410/S -       CI->S F     ADDFHX1LVT       2  6.6   120   219     741    (-,-) 
  csa_tree_ADD_TC_OP_12_groupi_g3764__7410/Y         -       B->Y  R     NOR2X4LVT        2  6.4    77    81     822    (-,-) 
  csa_tree_ADD_TC_OP_12_groupi_g3799__5115/Y         -       B->Y  F     NOR2BX4LVT       1  5.3    44    50     873    (-,-) 
  csa_tree_ADD_TC_OP_12_groupi_g3756__6161/Y         -       B->Y  R     NOR2X6LVT        2  8.2    59    50     922    (-,-) 
  csa_tree_ADD_TC_OP_12_groupi_g3753__7482/Y         -       B->Y  F     NOR2X8LVT        2  7.8    44    38     960    (-,-) 
  csa_tree_ADD_TC_OP_12_groupi_g3797__6131/Y         -       AN->Y F     NAND2BX1LVT      1  3.1   127   115    1075    (-,-) 
  csa_tree_ADD_TC_OP_12_groupi_g3680__8428/Y         -       A->Y  R     XNOR2X1LVT       1  3.2    57   176    1251    (-,-) 
  data_out_reg_reg[5]/D                              -       -     R     DFFHQX1LVT       1    -     -     0    1251    (-,-) 
#-----------------------------------------------------------------------------------------------------------------------------



Path 19: MET (79 ps) Setup Check with Pin prod_reg_reg[5][11]/CK->D
          Group: clock
     Startpoint: (R) shift_reg_reg[4][2]/CK
          Clock: (R) clock
       Endpoint: (R) prod_reg_reg[5][11]/D
          Clock: (R) clock

                     Capture       Launch     
        Clock Edge:+    1400            0     
       Src Latency:+       0            0     
       Net Latency:+       0 (I)        0 (I) 
           Arrival:=    1400            0     
                                              
             Setup:-      91                  
     Required Time:=    1309                  
      Launch Clock:-       0                  
         Data Path:-    1231                  
             Slack:=      79                  

#-------------------------------------------------------------------------------------------------
#     Timing Point       Flags    Arc   Edge    Cell     Fanout Load Trans Delay Arrival Instance 
#                                                               (fF)  (ps)  (ps)   (ps)  Location 
#-------------------------------------------------------------------------------------------------
  shift_reg_reg[4][2]/CK -       -      R     (arrival)     149    -     0     0       0    (-,-) 
  shift_reg_reg[4][2]/Q  -       CK->Q  R     DFFHQX1LVT      3  7.5   113   165     165    (-,-) 
  g5429__2398/CO         -       A->CO  R     ADDHX1LVT       1  3.5    60   141     306    (-,-) 
  g5388__1881/CO         -       CI->CO R     ADDFX1LVT       1  3.5    67   152     458    (-,-) 
  g5372__3680/CO         -       CI->CO R     ADDFX1LVT       1  3.5    67   155     613    (-,-) 
  g5357__2398/CO         -       CI->CO R     ADDFX1LVT       1  3.5    67   155     768    (-,-) 
  g5340__9315/CO         -       CI->CO R     ADDFX1LVT       1  3.5    67   155     923    (-,-) 
  g5316__1617/CO         -       CI->CO R     ADDFX1LVT       1  3.5    67   155    1078    (-,-) 
  g5301__6260/CO         -       CI->CO R     ADDFX1LVT       1  3.1    61   152    1231    (-,-) 
  prod_reg_reg[5][11]/D  -       -      R     DFFQX2LVT       1    -     -     0    1231    (-,-) 
#-------------------------------------------------------------------------------------------------



Path 20: MET (81 ps) Setup Check with Pin prod_reg_reg[2][10]/CK->D
          Group: clock
     Startpoint: (R) prod_reg_reg[1][3]/CK
          Clock: (R) clock
       Endpoint: (R) prod_reg_reg[2][10]/D
          Clock: (R) clock

                     Capture       Launch     
        Clock Edge:+    1400            0     
       Src Latency:+       0            0     
       Net Latency:+       0 (I)        0 (I) 
           Arrival:=    1400            0     
                                              
             Setup:-      92                  
     Required Time:=    1308                  
      Launch Clock:-       0                  
         Data Path:-    1227                  
             Slack:=      81                  

#------------------------------------------------------------------------------------------------
#     Timing Point      Flags    Arc   Edge    Cell     Fanout Load Trans Delay Arrival Instance 
#                                                              (fF)  (ps)  (ps)   (ps)  Location 
#------------------------------------------------------------------------------------------------
  prod_reg_reg[1][3]/CK -       -      R     (arrival)     149    -     0     0       0    (-,-) 
  prod_reg_reg[1][3]/Q  -       CK->Q  R     DFFHQX4LVT      4  9.7    44   144     144    (-,-) 
  g5466__2802/CO        -       A->CO  R     ADDHX1LVT       1  3.5    60   114     259    (-,-) 
  g5404__2883/CO        -       CI->CO R     ADDFX1LVT       1  3.5    67   152     411    (-,-) 
  g5387__6131/CO        -       CI->CO R     ADDFX1LVT       1  3.5    67   155     566    (-,-) 
  g5373__1617/CO        -       CI->CO R     ADDFX1LVT       1  3.5    67   155     722    (-,-) 
  g5356__5477/CO        -       CI->CO R     ADDFX1LVT       1  3.5    67   155     877    (-,-) 
  g5337__7482/CO        -       CI->CO R     ADDFX1LVT       1  3.5    67   155    1032    (-,-) 
  g5319__5122/S         -       CI->S  R     ADDFX1LVT       1  3.1    63   195    1227    (-,-) 
  prod_reg_reg[2][10]/D -       -      R     DFFQX4LVT       1    -     -     0    1227    (-,-) 
#------------------------------------------------------------------------------------------------



Path 21: MET (89 ps) Setup Check with Pin prod_reg_reg[3][11]/CK->D
          Group: clock
     Startpoint: (R) prod_reg_reg[2][3]/CK
          Clock: (R) clock
       Endpoint: (R) prod_reg_reg[3][11]/D
          Clock: (R) clock

                     Capture       Launch     
        Clock Edge:+    1400            0     
       Src Latency:+       0            0     
       Net Latency:+       0 (I)        0 (I) 
           Arrival:=    1400            0     
                                              
             Setup:-      92                  
     Required Time:=    1308                  
      Launch Clock:-       0                  
         Data Path:-    1219                  
             Slack:=      89                  

#--------------------------------------------------------------------------------------------------
#     Timing Point      Flags    Arc   Edge     Cell      Fanout Load Trans Delay Arrival Instance 
#                                                                (fF)  (ps)  (ps)   (ps)  Location 
#--------------------------------------------------------------------------------------------------
  prod_reg_reg[2][3]/CK -       -      R     (arrival)       149    -     0     0       0    (-,-) 
  prod_reg_reg[2][3]/Q  -       CK->Q  F     DFFHQX4LVT        5 11.6    58   166     166    (-,-) 
  g5532__5115/Y         -       A->Y   F     OR2X6LVT          3  9.0    45   109     275    (-,-) 
  g5462__1617/Y         -       B->Y   R     NOR2X6LVT         3  7.1    56    47     322    (-,-) 
  g5412__2346/Y         -       A1N->Y R     AOI2BB1X4LVT      1  3.5    55    86     408    (-,-) 
  g5386__7098/CO        -       CI->CO R     ADDFX1LVT         1  3.5    67   150     558    (-,-) 
  g5370__5526/CO        -       CI->CO R     ADDFX1LVT         1  3.5    67   155     714    (-,-) 
  g5355__6417/CO        -       CI->CO R     ADDFX1LVT         1  3.5    67   155     869    (-,-) 
  g5339__6161/CO        -       CI->CO R     ADDFX1LVT         1  3.5    67   155    1024    (-,-) 
  g5317__2802/S         -       CI->S  R     ADDFX1LVT         1  3.1    63   195    1219    (-,-) 
  prod_reg_reg[3][11]/D -       -      R     DFFQX4LVT         1    -     -     0    1219    (-,-) 
#--------------------------------------------------------------------------------------------------



Path 22: MET (90 ps) Setup Check with Pin prod_reg_reg[4][11]/CK->D
          Group: clock
     Startpoint: (R) prod_reg_reg[3][3]/CK
          Clock: (R) clock
       Endpoint: (R) prod_reg_reg[4][11]/D
          Clock: (R) clock

                     Capture       Launch     
        Clock Edge:+    1400            0     
       Src Latency:+       0            0     
       Net Latency:+       0 (I)        0 (I) 
           Arrival:=    1400            0     
                                              
             Setup:-      88                  
     Required Time:=    1312                  
      Launch Clock:-       0                  
         Data Path:-    1223                  
             Slack:=      90                  

#--------------------------------------------------------------------------------------------------
#     Timing Point      Flags    Arc   Edge     Cell      Fanout Load Trans Delay Arrival Instance 
#                                                                (fF)  (ps)  (ps)   (ps)  Location 
#--------------------------------------------------------------------------------------------------
  prod_reg_reg[3][3]/CK -       -      R     (arrival)       149    -     0     0       0    (-,-) 
  prod_reg_reg[3][3]/Q  -       CK->Q  F     DFFHQX8LVT        7 16.6    48   179     179    (-,-) 
  g5489__6131/Y         -       B->Y   F     OR2X6LVT          3  9.0    45    99     279    (-,-) 
  g5446__5526/Y         -       B->Y   R     NOR2X6LVT         3  7.1    57    47     325    (-,-) 
  g5399__6161/Y         -       A1N->Y R     AOI2BB1X4LVT      1  3.5    55    86     411    (-,-) 
  g5379__5122/CO        -       CI->CO R     ADDFX1LVT         1  3.5    67   150     562    (-,-) 
  g5363__4319/CO        -       CI->CO R     ADDFX1LVT         1  3.5    67   155     717    (-,-) 
  g5347__2346/CO        -       CI->CO R     ADDFX1LVT         1  3.5    67   155     872    (-,-) 
  g5330__1881/CO        -       CI->CO R     ADDFX1LVT         1  3.5    67   155    1027    (-,-) 
  g5310__3680/S         -       CI->S  R     ADDFX1LVT         1  3.2    65   196    1223    (-,-) 
  prod_reg_reg[4][11]/D -       -      R     DFFHQX8LVT        1    -     -     0    1223    (-,-) 
#--------------------------------------------------------------------------------------------------



Path 23: MET (111 ps) Setup Check with Pin prod_reg_reg[6][11]/CK->D
          Group: clock
     Startpoint: (R) shift_reg_reg[5][3]/CK
          Clock: (R) clock
       Endpoint: (R) prod_reg_reg[6][11]/D
          Clock: (R) clock

                     Capture       Launch     
        Clock Edge:+    1400            0     
       Src Latency:+       0            0     
       Net Latency:+       0 (I)        0 (I) 
           Arrival:=    1400            0     
                                              
             Setup:-      91                  
     Required Time:=    1309                  
      Launch Clock:-       0                  
         Data Path:-    1199                  
             Slack:=     111                  

#-------------------------------------------------------------------------------------------------
#     Timing Point       Flags    Arc   Edge    Cell     Fanout Load Trans Delay Arrival Instance 
#                                                               (fF)  (ps)  (ps)   (ps)  Location 
#-------------------------------------------------------------------------------------------------
  shift_reg_reg[5][3]/CK -       -      R     (arrival)     149    -     0     0       0    (-,-) 
  shift_reg_reg[5][3]/QN -       CK->QN R     DFFX4LVT        3  9.7    46   205     205    (-,-) 
  g5414__1666/Y          -       B->Y   F     NAND2X6LVT      2  5.6    58    53     258    (-,-) 
  g5376__2802/CO         -       CI->CO F     ADDFHX2LVT      1  3.5    52   135     393    (-,-) 
  g5360__5107/CO         -       CI->CO F     ADDFX1LVT       1  3.5    73   142     535    (-,-) 
  g5344__9945/CO         -       CI->CO F     ADDFX1LVT       1  3.5    73   150     685    (-,-) 
  g5326__8246/CO         -       CI->CO F     ADDFX1LVT       1  3.5    73   150     835    (-,-) 
  g5307__5526/CO         -       CI->CO F     ADDFX1LVT       1  3.6    74   151     986    (-,-) 
  g5306/Y                -       A->Y   R     CLKINVX2        1  3.5    54    66    1052    (-,-) 
  g5295__5107/CO         -       CI->CO R     ADDFX1LVT       1  3.1    61   147    1199    (-,-) 
  prod_reg_reg[6][11]/D  -       -      R     DFFQX2LVT       1    -     -     0    1199    (-,-) 
#-------------------------------------------------------------------------------------------------



Path 24: MET (113 ps) Setup Check with Pin prod_reg_reg[7][10]/CK->D
          Group: clock
     Startpoint: (R) shift_reg_reg[6][3]/CK
          Clock: (R) clock
       Endpoint: (R) prod_reg_reg[7][10]/D
          Clock: (R) clock

                     Capture       Launch     
        Clock Edge:+    1400            0     
       Src Latency:+       0            0     
       Net Latency:+       0 (I)        0 (I) 
           Arrival:=    1400            0     
                                              
             Setup:-      87                  
     Required Time:=    1313                  
      Launch Clock:-       0                  
         Data Path:-    1200                  
             Slack:=     113                  

#-------------------------------------------------------------------------------------------------
#     Timing Point       Flags    Arc   Edge    Cell     Fanout Load Trans Delay Arrival Instance 
#                                                               (fF)  (ps)  (ps)   (ps)  Location 
#-------------------------------------------------------------------------------------------------
  shift_reg_reg[6][3]/CK -       -      R     (arrival)     149    -     0     0       0    (-,-) 
  shift_reg_reg[6][3]/QN -       CK->QN R     DFFX4LVT        3  9.7    46   205     205    (-,-) 
  g5400__9315/Y          -       B->Y   F     NAND2X6LVT      2  5.6    58    53     258    (-,-) 
  g5371__6783/CO         -       CI->CO F     ADDFHX2LVT      1  3.5    52   135     393    (-,-) 
  g5354__7410/CO         -       CI->CO F     ADDFX1LVT       1  3.5    73   142     535    (-,-) 
  g5338__4733/CO         -       CI->CO F     ADDFX1LVT       1  3.5    73   150     685    (-,-) 
  g5318__1705/CO         -       CI->CO F     ADDFX1LVT       1  3.5    73   150     835    (-,-) 
  g5302__4319/CO         -       CI->CO F     ADDFX1LVT       1  3.6    74   151     986    (-,-) 
  g5300/Y                -       A->Y   R     CLKINVX2        1  3.5    54    66    1052    (-,-) 
  g5291__2398/CO         -       CI->CO R     ADDFX1LVT       1  3.2    63   147    1200    (-,-) 
  prod_reg_reg[7][10]/D  -       -      R     DFFHQX4LVT      1    -     -     0    1200    (-,-) 
#-------------------------------------------------------------------------------------------------



Path 25: MET (118 ps) Setup Check with Pin prod_reg_reg[1][10]/CK->S0
          Group: clock
     Startpoint: (R) shift_reg_reg[0][3]/CK
          Clock: (R) clock
       Endpoint: (F) prod_reg_reg[1][10]/S0
          Clock: (R) clock

                     Capture       Launch     
        Clock Edge:+    1400            0     
       Src Latency:+       0            0     
       Net Latency:+       0 (I)        0 (I) 
           Arrival:=    1400            0     
                                              
             Setup:-     150                  
     Required Time:=    1250                  
      Launch Clock:-       0                  
         Data Path:-    1132                  
             Slack:=     118                  

#--------------------------------------------------------------------------------------------------
#     Timing Point       Flags    Arc   Edge    Cell      Fanout Load Trans Delay Arrival Instance 
#                                                                (fF)  (ps)  (ps)   (ps)  Location 
#--------------------------------------------------------------------------------------------------
  shift_reg_reg[0][3]/CK -       -      R     (arrival)      149    -     0     0       0    (-,-) 
  shift_reg_reg[0][3]/Q  -       CK->Q  F     DFFHQX1LVT       2  5.5    95   169     169    (-,-) 
  g5487/Y                -       A->Y   R     INVX2LVT         3  8.0    76    77     246    (-,-) 
  g5474__8246/Y          -       A->Y   F     NAND2X2LVT       2  5.4   116   103     350    (-,-) 
  g5403__9945/CO         -       CI->CO F     ADDFX1LVT        1  3.5    73   166     516    (-,-) 
  g5385__8246/CO         -       CI->CO F     ADDFX1LVT        1  3.5    73   150     666    (-,-) 
  g5369__8428/CO         -       CI->CO F     ADDFX1LVT        1  3.5    73   150     816    (-,-) 
  g5353__1666/CO         -       CI->CO F     ADDFX1LVT        1  3.5    73   150     965    (-,-) 
  g5336__5115/CO         -       CI->CO F     ADDFX1LVT        2  5.4   103   166    1132    (-,-) 
  prod_reg_reg[1][10]/S0 -       -      F     MDFFHQX4LVT      2    -     -     0    1132    (-,-) 
#--------------------------------------------------------------------------------------------------



Path 26: MET (119 ps) Setup Check with Pin prod_reg_reg[0][10]/CK->D
          Group: clock
     Startpoint: (R) data_in_reg_reg[3]/CK
          Clock: (R) clock
       Endpoint: (R) prod_reg_reg[0][10]/D
          Clock: (R) clock

                     Capture       Launch     
        Clock Edge:+    1400            0     
       Src Latency:+       0            0     
       Net Latency:+       0 (I)        0 (I) 
           Arrival:=    1400            0     
                                              
             Setup:-      91                  
     Required Time:=    1309                  
      Launch Clock:-       0                  
         Data Path:-    1190                  
             Slack:=     119                  

#-------------------------------------------------------------------------------------------------
#     Timing Point      Flags    Arc   Edge    Cell      Fanout Load Trans Delay Arrival Instance 
#                                                               (fF)  (ps)  (ps)   (ps)  Location 
#-------------------------------------------------------------------------------------------------
  data_in_reg_reg[3]/CK -       -      R     (arrival)      149    -     0     0       0    (-,-) 
  data_in_reg_reg[3]/Q  -       CK->Q  F     DFFQX4LVT        2  6.3    36   157     157    (-,-) 
  g5522/Y               -       A->Y   R     CLKINVX4LVT      3  9.8    46    39     196    (-,-) 
  g5491__1881/Y         -       B->Y   F     NAND2X6LVT       2  5.7    59    53     249    (-,-) 
  g5419__7410/CO        -       CI->CO F     ADDFHX2LVT       1  3.5    52   136     384    (-,-) 
  g5391__5115/CO        -       CI->CO F     ADDFX1LVT        1  3.5    73   142     526    (-,-) 
  g5377__1705/CO        -       CI->CO F     ADDFX1LVT        1  3.5    73   150     676    (-,-) 
  g5361__6260/CO        -       CI->CO F     ADDFX1LVT        1  3.5    73   150     826    (-,-) 
  g5345__2883/CO        -       CI->CO F     ADDFX1LVT        1  3.3    70   148     974    (-,-) 
  g5343/Y               -       A->Y   R     INVX1LVT         1  3.5    64    66    1040    (-,-) 
  g5327__7098/CO        -       CI->CO R     ADDFX1LVT        1  3.1    61   151    1190    (-,-) 
  prod_reg_reg[0][10]/D -       -      R     DFFQX2LVT        1    -     -     0    1190    (-,-) 
#-------------------------------------------------------------------------------------------------



Path 27: MET (125 ps) Setup Check with Pin prod_reg_reg[1][9]/CK->D
          Group: clock
     Startpoint: (R) shift_reg_reg[0][3]/CK
          Clock: (R) clock
       Endpoint: (R) prod_reg_reg[1][9]/D
          Clock: (R) clock

                     Capture       Launch     
        Clock Edge:+    1400            0     
       Src Latency:+       0            0     
       Net Latency:+       0 (I)        0 (I) 
           Arrival:=    1400            0     
                                              
             Setup:-      92                  
     Required Time:=    1308                  
      Launch Clock:-       0                  
         Data Path:-    1183                  
             Slack:=     125                  

#-------------------------------------------------------------------------------------------------
#     Timing Point       Flags    Arc   Edge    Cell     Fanout Load Trans Delay Arrival Instance 
#                                                               (fF)  (ps)  (ps)   (ps)  Location 
#-------------------------------------------------------------------------------------------------
  shift_reg_reg[0][3]/CK -       -      R     (arrival)     149    -     0     0       0    (-,-) 
  shift_reg_reg[0][3]/Q  -       CK->Q  F     DFFHQX1LVT      2  5.5    95   169     169    (-,-) 
  g5487/Y                -       A->Y   R     INVX2LVT        3  8.0    76    77     246    (-,-) 
  g5474__8246/Y          -       A->Y   F     NAND2X2LVT      2  5.4   116   103     350    (-,-) 
  g5403__9945/CO         -       CI->CO F     ADDFX1LVT       1  3.5    73   166     516    (-,-) 
  g5385__8246/CO         -       CI->CO F     ADDFX1LVT       1  3.5    73   150     666    (-,-) 
  g5369__8428/CO         -       CI->CO F     ADDFX1LVT       1  3.5    73   150     816    (-,-) 
  g5353__1666/CO         -       CI->CO F     ADDFX1LVT       1  3.5    73   150     965    (-,-) 
  g5336__5115/S          -       CI->S  R     ADDFX1LVT       1  3.1    64   218    1183    (-,-) 
  prod_reg_reg[1][9]/D   -       -      R     DFFQX4LVT       1    -     -     0    1183    (-,-) 
#-------------------------------------------------------------------------------------------------



Path 28: MET (125 ps) Setup Check with Pin prod_reg_reg[2][11]/CK->D
          Group: clock
     Startpoint: (R) prod_reg_reg[1][3]/CK
          Clock: (R) clock
       Endpoint: (R) prod_reg_reg[2][11]/D
          Clock: (R) clock

                     Capture       Launch     
        Clock Edge:+    1400            0     
       Src Latency:+       0            0     
       Net Latency:+       0 (I)        0 (I) 
           Arrival:=    1400            0     
                                              
             Setup:-      91                  
     Required Time:=    1309                  
      Launch Clock:-       0                  
         Data Path:-    1184                  
             Slack:=     125                  

#------------------------------------------------------------------------------------------------
#     Timing Point      Flags    Arc   Edge    Cell     Fanout Load Trans Delay Arrival Instance 
#                                                              (fF)  (ps)  (ps)   (ps)  Location 
#------------------------------------------------------------------------------------------------
  prod_reg_reg[1][3]/CK -       -      R     (arrival)     149    -     0     0       0    (-,-) 
  prod_reg_reg[1][3]/Q  -       CK->Q  R     DFFHQX4LVT      4  9.7    44   144     144    (-,-) 
  g5466__2802/CO        -       A->CO  R     ADDHX1LVT       1  3.5    60   114     259    (-,-) 
  g5404__2883/CO        -       CI->CO R     ADDFX1LVT       1  3.5    67   152     411    (-,-) 
  g5387__6131/CO        -       CI->CO R     ADDFX1LVT       1  3.5    67   155     566    (-,-) 
  g5373__1617/CO        -       CI->CO R     ADDFX1LVT       1  3.5    67   155     722    (-,-) 
  g5356__5477/CO        -       CI->CO R     ADDFX1LVT       1  3.5    67   155     877    (-,-) 
  g5337__7482/CO        -       CI->CO R     ADDFX1LVT       1  3.5    67   155    1032    (-,-) 
  g5319__5122/CO        -       CI->CO R     ADDFX1LVT       1  3.1    61   152    1184    (-,-) 
  prod_reg_reg[2][11]/D -       -      R     DFFQX2LVT       1    -     -     0    1184    (-,-) 
#------------------------------------------------------------------------------------------------



Path 29: MET (174 ps) Setup Check with Pin data_out_reg_reg[4]/CK->D
          Group: clock
     Startpoint: (R) prod_reg_reg[7][4]/CK
          Clock: (R) clock
       Endpoint: (R) data_out_reg_reg[4]/D
          Clock: (R) clock

                     Capture       Launch     
        Clock Edge:+    1400            0     
       Src Latency:+       0            0     
       Net Latency:+       0 (I)        0 (I) 
           Arrival:=    1400            0     
                                              
             Setup:-      83                  
     Required Time:=    1317                  
      Launch Clock:-       0                  
         Data Path:-    1143                  
             Slack:=     174                  

#------------------------------------------------------------------------------------------------------------------------------
#                   Timing Point                     Flags   Arc   Edge     Cell      Fanout Load Trans Delay Arrival Instance 
#                                                                                            (fF)  (ps)  (ps)   (ps)  Location 
#------------------------------------------------------------------------------------------------------------------------------
  prod_reg_reg[7][4]/CK                              -       -     R     (arrival)       149    -     0     0       0    (-,-) 
  prod_reg_reg[7][4]/Q                               -       CK->Q F     DFFHQX4LVT        1  3.7    25   148     148    (-,-) 
  csa_tree_ADD_TC_OP_12_groupi_cdnfadd_004_0__6417/S -       B->S  R     ADDFX1LVT         1  4.2    79   212     360    (-,-) 
  csa_tree_ADD_TC_OP_12_groupi_cdnfadd_004_3__5107/S -       B->S  F     ADDFHX1LVT        1  3.8    76   214     574    (-,-) 
  csa_tree_ADD_TC_OP_12_groupi_cdnfadd_004_4__6260/S -       CI->S R     ADDFHX2LVT        2  8.9    91   246     820    (-,-) 
  csa_tree_ADD_TC_OP_12_groupi_g3762__2346/Y         -       B->Y  F     NOR2X4LVT         2  7.7    68    61     881    (-,-) 
  csa_tree_ADD_TC_OP_12_groupi_g3758__9315/Y         -       AN->Y F     NAND2BX1LVT       1  3.3   133   126    1007    (-,-) 
  csa_tree_ADD_TC_OP_12_groupi_g3798__1881/Y         -       B->Y  R     CLKXOR2X1LVT      1  3.2    57   135    1143    (-,-) 
  data_out_reg_reg[4]/D                              -       -     R     DFFHQX1LVT        1    -     -     0    1143    (-,-) 
#------------------------------------------------------------------------------------------------------------------------------



Path 30: MET (190 ps) Setup Check with Pin prod_reg_reg[5][9]/CK->D
          Group: clock
     Startpoint: (R) shift_reg_reg[4][2]/CK
          Clock: (R) clock
       Endpoint: (R) prod_reg_reg[5][9]/D
          Clock: (R) clock

                     Capture       Launch     
        Clock Edge:+    1400            0     
       Src Latency:+       0            0     
       Net Latency:+       0 (I)        0 (I) 
           Arrival:=    1400            0     
                                              
             Setup:-      92                  
     Required Time:=    1308                  
      Launch Clock:-       0                  
         Data Path:-    1118                  
             Slack:=     190                  

#-------------------------------------------------------------------------------------------------
#     Timing Point       Flags    Arc   Edge    Cell     Fanout Load Trans Delay Arrival Instance 
#                                                               (fF)  (ps)  (ps)   (ps)  Location 
#-------------------------------------------------------------------------------------------------
  shift_reg_reg[4][2]/CK -       -      R     (arrival)     149    -     0     0       0    (-,-) 
  shift_reg_reg[4][2]/Q  -       CK->Q  R     DFFHQX1LVT      3  7.5   113   165     165    (-,-) 
  g5429__2398/CO         -       A->CO  R     ADDHX1LVT       1  3.5    60   141     306    (-,-) 
  g5388__1881/CO         -       CI->CO R     ADDFX1LVT       1  3.5    67   152     458    (-,-) 
  g5372__3680/CO         -       CI->CO R     ADDFX1LVT       1  3.5    67   155     613    (-,-) 
  g5357__2398/CO         -       CI->CO R     ADDFX1LVT       1  3.5    67   155     768    (-,-) 
  g5340__9315/CO         -       CI->CO R     ADDFX1LVT       1  3.5    67   155     923    (-,-) 
  g5316__1617/S          -       CI->S  R     ADDFX1LVT       1  3.1    63   195    1118    (-,-) 
  prod_reg_reg[5][9]/D   -       -      R     DFFQX4LVT       1    -     -     0    1118    (-,-) 
#-------------------------------------------------------------------------------------------------



Path 31: MET (232 ps) Setup Check with Pin data_out_reg_reg[3]/CK->D
          Group: clock
     Startpoint: (R) prod_reg_reg[3][3]/CK
          Clock: (R) clock
       Endpoint: (R) data_out_reg_reg[3]/D
          Clock: (R) clock

                     Capture       Launch     
        Clock Edge:+    1400            0     
       Src Latency:+       0            0     
       Net Latency:+       0 (I)        0 (I) 
           Arrival:=    1400            0     
                                              
             Setup:-      83                  
     Required Time:=    1317                  
      Launch Clock:-       0                  
         Data Path:-    1085                  
             Slack:=     232                  

#------------------------------------------------------------------------------------------------------------------------------
#                   Timing Point                     Flags   Arc   Edge     Cell      Fanout Load Trans Delay Arrival Instance 
#                                                                                            (fF)  (ps)  (ps)   (ps)  Location 
#------------------------------------------------------------------------------------------------------------------------------
  prod_reg_reg[3][3]/CK                              -       -     R     (arrival)       149    -     0     0       0    (-,-) 
  prod_reg_reg[3][3]/Q                               -       CK->Q F     DFFHQX8LVT        7 16.6    48   179     179    (-,-) 
  csa_tree_ADD_TC_OP_12_groupi_g3786/Y               -       A->Y  R     INVX3LVT          2  8.0    51    46     225    (-,-) 
  csa_tree_ADD_TC_OP_12_groupi_g3769__5107/Y         -       A0->Y F     AOI22X4LVT        1  4.1    86    86     311    (-,-) 
  csa_tree_ADD_TC_OP_12_groupi_cdnfadd_003_2__1666/S -       B->S  R     ADDFHX1LVT        1  3.8    69   211     522    (-,-) 
  csa_tree_ADD_TC_OP_12_groupi_cdnfadd_003_3__7410/S -       CI->S F     ADDFHX1LVT        2  6.6   120   219     741    (-,-) 
  csa_tree_ADD_TC_OP_12_groupi_g3763__1666/Y         -       B->Y  F     CLKAND2X3LVT      2  7.0    50   109     850    (-,-) 
  csa_tree_ADD_TC_OP_12_groupi_g3759__9945/Y         -       B->Y  F     OR2X1LVT          1  3.3    62   100     951    (-,-) 
  csa_tree_ADD_TC_OP_12_groupi_g3755__4733/Y         -       B->Y  R     XNOR2X1LVT        1  3.2    57   134    1085    (-,-) 
  data_out_reg_reg[3]/D                              -       -     R     DFFHQX1LVT        1    -     -     0    1085    (-,-) 
#------------------------------------------------------------------------------------------------------------------------------



Path 32: MET (236 ps) Setup Check with Pin prod_reg_reg[2][9]/CK->D
          Group: clock
     Startpoint: (R) prod_reg_reg[1][3]/CK
          Clock: (R) clock
       Endpoint: (R) prod_reg_reg[2][9]/D
          Clock: (R) clock

                     Capture       Launch     
        Clock Edge:+    1400            0     
       Src Latency:+       0            0     
       Net Latency:+       0 (I)        0 (I) 
           Arrival:=    1400            0     
                                              
             Setup:-      92                  
     Required Time:=    1308                  
      Launch Clock:-       0                  
         Data Path:-    1072                  
             Slack:=     236                  

#------------------------------------------------------------------------------------------------
#     Timing Point      Flags    Arc   Edge    Cell     Fanout Load Trans Delay Arrival Instance 
#                                                              (fF)  (ps)  (ps)   (ps)  Location 
#------------------------------------------------------------------------------------------------
  prod_reg_reg[1][3]/CK -       -      R     (arrival)     149    -     0     0       0    (-,-) 
  prod_reg_reg[1][3]/Q  -       CK->Q  R     DFFHQX4LVT      4  9.7    44   144     144    (-,-) 
  g5466__2802/CO        -       A->CO  R     ADDHX1LVT       1  3.5    60   114     259    (-,-) 
  g5404__2883/CO        -       CI->CO R     ADDFX1LVT       1  3.5    67   152     411    (-,-) 
  g5387__6131/CO        -       CI->CO R     ADDFX1LVT       1  3.5    67   155     566    (-,-) 
  g5373__1617/CO        -       CI->CO R     ADDFX1LVT       1  3.5    67   155     722    (-,-) 
  g5356__5477/CO        -       CI->CO R     ADDFX1LVT       1  3.5    67   155     877    (-,-) 
  g5337__7482/S         -       CI->S  R     ADDFX1LVT       1  3.1    63   195    1072    (-,-) 
  prod_reg_reg[2][9]/D  -       -      R     DFFQX4LVT       1    -     -     0    1072    (-,-) 
#------------------------------------------------------------------------------------------------



Path 33: MET (241 ps) Setup Check with Pin prod_reg_reg[4][10]/CK->D
          Group: clock
     Startpoint: (R) prod_reg_reg[3][3]/CK
          Clock: (R) clock
       Endpoint: (R) prod_reg_reg[4][10]/D
          Clock: (R) clock

                     Capture       Launch     
        Clock Edge:+    1400            0     
       Src Latency:+       0            0     
       Net Latency:+       0 (I)        0 (I) 
           Arrival:=    1400            0     
                                              
             Setup:-      92                  
     Required Time:=    1308                  
      Launch Clock:-       0                  
         Data Path:-    1067                  
             Slack:=     241                  

#--------------------------------------------------------------------------------------------------
#     Timing Point      Flags    Arc   Edge     Cell      Fanout Load Trans Delay Arrival Instance 
#                                                                (fF)  (ps)  (ps)   (ps)  Location 
#--------------------------------------------------------------------------------------------------
  prod_reg_reg[3][3]/CK -       -      R     (arrival)       149    -     0     0       0    (-,-) 
  prod_reg_reg[3][3]/Q  -       CK->Q  F     DFFHQX8LVT        7 16.6    48   179     179    (-,-) 
  g5489__6131/Y         -       B->Y   F     OR2X6LVT          3  9.0    45    99     279    (-,-) 
  g5446__5526/Y         -       B->Y   R     NOR2X6LVT         3  7.1    57    47     325    (-,-) 
  g5399__6161/Y         -       A1N->Y R     AOI2BB1X4LVT      1  3.5    55    86     411    (-,-) 
  g5379__5122/CO        -       CI->CO R     ADDFX1LVT         1  3.5    67   150     562    (-,-) 
  g5363__4319/CO        -       CI->CO R     ADDFX1LVT         1  3.5    67   155     717    (-,-) 
  g5347__2346/CO        -       CI->CO R     ADDFX1LVT         1  3.5    67   155     872    (-,-) 
  g5330__1881/S         -       CI->S  R     ADDFX1LVT         1  3.1    63   195    1067    (-,-) 
  prod_reg_reg[4][10]/D -       -      R     DFFQX4LVT         1    -     -     0    1067    (-,-) 
#--------------------------------------------------------------------------------------------------



Path 34: MET (244 ps) Setup Check with Pin prod_reg_reg[3][10]/CK->D
          Group: clock
     Startpoint: (R) prod_reg_reg[2][3]/CK
          Clock: (R) clock
       Endpoint: (R) prod_reg_reg[3][10]/D
          Clock: (R) clock

                     Capture       Launch     
        Clock Edge:+    1400            0     
       Src Latency:+       0            0     
       Net Latency:+       0 (I)        0 (I) 
           Arrival:=    1400            0     
                                              
             Setup:-      92                  
     Required Time:=    1308                  
      Launch Clock:-       0                  
         Data Path:-    1064                  
             Slack:=     244                  

#--------------------------------------------------------------------------------------------------
#     Timing Point      Flags    Arc   Edge     Cell      Fanout Load Trans Delay Arrival Instance 
#                                                                (fF)  (ps)  (ps)   (ps)  Location 
#--------------------------------------------------------------------------------------------------
  prod_reg_reg[2][3]/CK -       -      R     (arrival)       149    -     0     0       0    (-,-) 
  prod_reg_reg[2][3]/Q  -       CK->Q  F     DFFHQX4LVT        5 11.6    58   166     166    (-,-) 
  g5532__5115/Y         -       A->Y   F     OR2X6LVT          3  9.0    45   109     275    (-,-) 
  g5462__1617/Y         -       B->Y   R     NOR2X6LVT         3  7.1    56    47     322    (-,-) 
  g5412__2346/Y         -       A1N->Y R     AOI2BB1X4LVT      1  3.5    55    86     408    (-,-) 
  g5386__7098/CO        -       CI->CO R     ADDFX1LVT         1  3.5    67   150     558    (-,-) 
  g5370__5526/CO        -       CI->CO R     ADDFX1LVT         1  3.5    67   155     714    (-,-) 
  g5355__6417/CO        -       CI->CO R     ADDFX1LVT         1  3.5    67   155     869    (-,-) 
  g5339__6161/S         -       CI->S  R     ADDFX1LVT         1  3.1    63   195    1064    (-,-) 
  prod_reg_reg[3][10]/D -       -      R     DFFQX4LVT         1    -     -     0    1064    (-,-) 
#--------------------------------------------------------------------------------------------------



Path 35: MET (256 ps) Setup Check with Pin prod_reg_reg[6][9]/CK->D
          Group: clock
     Startpoint: (R) shift_reg_reg[5][3]/CK
          Clock: (R) clock
       Endpoint: (R) prod_reg_reg[6][9]/D
          Clock: (R) clock

                     Capture       Launch     
        Clock Edge:+    1400            0     
       Src Latency:+       0            0     
       Net Latency:+       0 (I)        0 (I) 
           Arrival:=    1400            0     
                                              
             Setup:-      92                  
     Required Time:=    1308                  
      Launch Clock:-       0                  
         Data Path:-    1052                  
             Slack:=     256                  

#-------------------------------------------------------------------------------------------------
#     Timing Point       Flags    Arc   Edge    Cell     Fanout Load Trans Delay Arrival Instance 
#                                                               (fF)  (ps)  (ps)   (ps)  Location 
#-------------------------------------------------------------------------------------------------
  shift_reg_reg[5][3]/CK -       -      R     (arrival)     149    -     0     0       0    (-,-) 
  shift_reg_reg[5][3]/QN -       CK->QN R     DFFX4LVT        3  9.7    46   205     205    (-,-) 
  g5414__1666/Y          -       B->Y   F     NAND2X6LVT      2  5.6    58    53     258    (-,-) 
  g5376__2802/CO         -       CI->CO F     ADDFHX2LVT      1  3.5    52   135     393    (-,-) 
  g5360__5107/CO         -       CI->CO F     ADDFX1LVT       1  3.5    73   142     535    (-,-) 
  g5344__9945/CO         -       CI->CO F     ADDFX1LVT       1  3.5    73   150     685    (-,-) 
  g5326__8246/CO         -       CI->CO F     ADDFX1LVT       1  3.5    73   150     835    (-,-) 
  g5307__5526/S          -       CI->S  R     ADDFX1LVT       1  3.1    63   218    1052    (-,-) 
  prod_reg_reg[6][9]/D   -       -      R     DFFQX4LVT       1    -     -     0    1052    (-,-) 
#-------------------------------------------------------------------------------------------------



Path 36: MET (259 ps) Setup Check with Pin prod_reg_reg[7][8]/CK->D
          Group: clock
     Startpoint: (R) shift_reg_reg[6][3]/CK
          Clock: (R) clock
       Endpoint: (R) prod_reg_reg[7][8]/D
          Clock: (R) clock

                     Capture       Launch     
        Clock Edge:+    1400            0     
       Src Latency:+       0            0     
       Net Latency:+       0 (I)        0 (I) 
           Arrival:=    1400            0     
                                              
             Setup:-      88                  
     Required Time:=    1312                  
      Launch Clock:-       0                  
         Data Path:-    1053                  
             Slack:=     259                  

#-------------------------------------------------------------------------------------------------
#     Timing Point       Flags    Arc   Edge    Cell     Fanout Load Trans Delay Arrival Instance 
#                                                               (fF)  (ps)  (ps)   (ps)  Location 
#-------------------------------------------------------------------------------------------------
  shift_reg_reg[6][3]/CK -       -      R     (arrival)     149    -     0     0       0    (-,-) 
  shift_reg_reg[6][3]/QN -       CK->QN R     DFFX4LVT        3  9.7    46   205     205    (-,-) 
  g5400__9315/Y          -       B->Y   F     NAND2X6LVT      2  5.6    58    53     258    (-,-) 
  g5371__6783/CO         -       CI->CO F     ADDFHX2LVT      1  3.5    52   135     393    (-,-) 
  g5354__7410/CO         -       CI->CO F     ADDFX1LVT       1  3.5    73   142     535    (-,-) 
  g5338__4733/CO         -       CI->CO F     ADDFX1LVT       1  3.5    73   150     685    (-,-) 
  g5318__1705/CO         -       CI->CO F     ADDFX1LVT       1  3.5    73   150     835    (-,-) 
  g5302__4319/S          -       CI->S  R     ADDFX1LVT       1  3.2    65   218    1053    (-,-) 
  prod_reg_reg[7][8]/D   -       -      R     DFFHQX4LVT      1    -     -     0    1053    (-,-) 
#-------------------------------------------------------------------------------------------------



Path 37: MET (264 ps) Setup Check with Pin prod_reg_reg[0][8]/CK->D
          Group: clock
     Startpoint: (R) data_in_reg_reg[3]/CK
          Clock: (R) clock
       Endpoint: (R) prod_reg_reg[0][8]/D
          Clock: (R) clock

                     Capture       Launch     
        Clock Edge:+    1400            0     
       Src Latency:+       0            0     
       Net Latency:+       0 (I)        0 (I) 
           Arrival:=    1400            0     
                                              
             Setup:-      92                  
     Required Time:=    1308                  
      Launch Clock:-       0                  
         Data Path:-    1044                  
             Slack:=     264                  

#-------------------------------------------------------------------------------------------------
#     Timing Point      Flags    Arc   Edge    Cell      Fanout Load Trans Delay Arrival Instance 
#                                                               (fF)  (ps)  (ps)   (ps)  Location 
#-------------------------------------------------------------------------------------------------
  data_in_reg_reg[3]/CK -       -      R     (arrival)      149    -     0     0       0    (-,-) 
  data_in_reg_reg[3]/Q  -       CK->Q  F     DFFQX4LVT        2  6.3    36   157     157    (-,-) 
  g5522/Y               -       A->Y   R     CLKINVX4LVT      3  9.8    46    39     196    (-,-) 
  g5491__1881/Y         -       B->Y   F     NAND2X6LVT       2  5.7    59    53     249    (-,-) 
  g5419__7410/CO        -       CI->CO F     ADDFHX2LVT       1  3.5    52   136     384    (-,-) 
  g5391__5115/CO        -       CI->CO F     ADDFX1LVT        1  3.5    73   142     526    (-,-) 
  g5377__1705/CO        -       CI->CO F     ADDFX1LVT        1  3.5    73   150     676    (-,-) 
  g5361__6260/CO        -       CI->CO F     ADDFX1LVT        1  3.5    73   150     826    (-,-) 
  g5345__2883/S         -       CI->S  R     ADDFX1LVT        1  3.1    63   218    1044    (-,-) 
  prod_reg_reg[0][8]/D  -       -      R     DFFQX4LVT        1    -     -     0    1044    (-,-) 
#-------------------------------------------------------------------------------------------------



Path 38: MET (275 ps) Setup Check with Pin prod_reg_reg[1][8]/CK->D
          Group: clock
     Startpoint: (R) shift_reg_reg[0][3]/CK
          Clock: (R) clock
       Endpoint: (R) prod_reg_reg[1][8]/D
          Clock: (R) clock

                     Capture       Launch     
        Clock Edge:+    1400            0     
       Src Latency:+       0            0     
       Net Latency:+       0 (I)        0 (I) 
           Arrival:=    1400            0     
                                              
             Setup:-      92                  
     Required Time:=    1308                  
      Launch Clock:-       0                  
         Data Path:-    1033                  
             Slack:=     275                  

#-------------------------------------------------------------------------------------------------
#     Timing Point       Flags    Arc   Edge    Cell     Fanout Load Trans Delay Arrival Instance 
#                                                               (fF)  (ps)  (ps)   (ps)  Location 
#-------------------------------------------------------------------------------------------------
  shift_reg_reg[0][3]/CK -       -      R     (arrival)     149    -     0     0       0    (-,-) 
  shift_reg_reg[0][3]/Q  -       CK->Q  F     DFFHQX1LVT      2  5.5    95   169     169    (-,-) 
  g5487/Y                -       A->Y   R     INVX2LVT        3  8.0    76    77     246    (-,-) 
  g5474__8246/Y          -       A->Y   F     NAND2X2LVT      2  5.4   116   103     350    (-,-) 
  g5403__9945/CO         -       CI->CO F     ADDFX1LVT       1  3.5    73   166     516    (-,-) 
  g5385__8246/CO         -       CI->CO F     ADDFX1LVT       1  3.5    73   150     666    (-,-) 
  g5369__8428/CO         -       CI->CO F     ADDFX1LVT       1  3.5    73   150     816    (-,-) 
  g5353__1666/S          -       CI->S  R     ADDFX1LVT       1  3.1    64   218    1033    (-,-) 
  prod_reg_reg[1][8]/D   -       -      R     DFFQX4LVT       1    -     -     0    1033    (-,-) 
#-------------------------------------------------------------------------------------------------



Path 39: MET (345 ps) Setup Check with Pin prod_reg_reg[5][8]/CK->D
          Group: clock
     Startpoint: (R) shift_reg_reg[4][2]/CK
          Clock: (R) clock
       Endpoint: (R) prod_reg_reg[5][8]/D
          Clock: (R) clock

                     Capture       Launch     
        Clock Edge:+    1400            0     
       Src Latency:+       0            0     
       Net Latency:+       0 (I)        0 (I) 
           Arrival:=    1400            0     
                                              
             Setup:-      92                  
     Required Time:=    1308                  
      Launch Clock:-       0                  
         Data Path:-     963                  
             Slack:=     345                  

#-------------------------------------------------------------------------------------------------
#     Timing Point       Flags    Arc   Edge    Cell     Fanout Load Trans Delay Arrival Instance 
#                                                               (fF)  (ps)  (ps)   (ps)  Location 
#-------------------------------------------------------------------------------------------------
  shift_reg_reg[4][2]/CK -       -      R     (arrival)     149    -     0     0       0    (-,-) 
  shift_reg_reg[4][2]/Q  -       CK->Q  R     DFFHQX1LVT      3  7.5   113   165     165    (-,-) 
  g5429__2398/CO         -       A->CO  R     ADDHX1LVT       1  3.5    60   141     306    (-,-) 
  g5388__1881/CO         -       CI->CO R     ADDFX1LVT       1  3.5    67   152     458    (-,-) 
  g5372__3680/CO         -       CI->CO R     ADDFX1LVT       1  3.5    67   155     613    (-,-) 
  g5357__2398/CO         -       CI->CO R     ADDFX1LVT       1  3.5    67   155     768    (-,-) 
  g5340__9315/S          -       CI->S  R     ADDFX1LVT       1  3.1    63   195     963    (-,-) 
  prod_reg_reg[5][8]/D   -       -      R     DFFQX4LVT       1    -     -     0     963    (-,-) 
#-------------------------------------------------------------------------------------------------



Path 40: MET (395 ps) Setup Check with Pin prod_reg_reg[2][8]/CK->D
          Group: clock
     Startpoint: (R) prod_reg_reg[1][3]/CK
          Clock: (R) clock
       Endpoint: (R) prod_reg_reg[2][8]/D
          Clock: (R) clock

                     Capture       Launch     
        Clock Edge:+    1400            0     
       Src Latency:+       0            0     
       Net Latency:+       0 (I)        0 (I) 
           Arrival:=    1400            0     
                                              
             Setup:-      88                  
     Required Time:=    1312                  
      Launch Clock:-       0                  
         Data Path:-     917                  
             Slack:=     395                  

#------------------------------------------------------------------------------------------------
#     Timing Point      Flags    Arc   Edge    Cell     Fanout Load Trans Delay Arrival Instance 
#                                                              (fF)  (ps)  (ps)   (ps)  Location 
#------------------------------------------------------------------------------------------------
  prod_reg_reg[1][3]/CK -       -      R     (arrival)     149    -     0     0       0    (-,-) 
  prod_reg_reg[1][3]/Q  -       CK->Q  R     DFFHQX4LVT      4  9.7    44   144     144    (-,-) 
  g5466__2802/CO        -       A->CO  R     ADDHX1LVT       1  3.5    60   114     259    (-,-) 
  g5404__2883/CO        -       CI->CO R     ADDFX1LVT       1  3.5    67   152     411    (-,-) 
  g5387__6131/CO        -       CI->CO R     ADDFX1LVT       1  3.5    67   155     566    (-,-) 
  g5373__1617/CO        -       CI->CO R     ADDFX1LVT       1  3.5    67   155     722    (-,-) 
  g5356__5477/S         -       CI->S  R     ADDFX1LVT       1  3.2    65   196     917    (-,-) 
  prod_reg_reg[2][8]/D  -       -      R     DFFHQX4LVT      1    -     -     0     917    (-,-) 
#------------------------------------------------------------------------------------------------



Path 41: MET (400 ps) Setup Check with Pin prod_reg_reg[4][9]/CK->D
          Group: clock
     Startpoint: (R) prod_reg_reg[3][3]/CK
          Clock: (R) clock
       Endpoint: (R) prod_reg_reg[4][9]/D
          Clock: (R) clock

                     Capture       Launch     
        Clock Edge:+    1400            0     
       Src Latency:+       0            0     
       Net Latency:+       0 (I)        0 (I) 
           Arrival:=    1400            0     
                                              
             Setup:-      88                  
     Required Time:=    1312                  
      Launch Clock:-       0                  
         Data Path:-     913                  
             Slack:=     400                  

#--------------------------------------------------------------------------------------------------
#     Timing Point      Flags    Arc   Edge     Cell      Fanout Load Trans Delay Arrival Instance 
#                                                                (fF)  (ps)  (ps)   (ps)  Location 
#--------------------------------------------------------------------------------------------------
  prod_reg_reg[3][3]/CK -       -      R     (arrival)       149    -     0     0       0    (-,-) 
  prod_reg_reg[3][3]/Q  -       CK->Q  F     DFFHQX8LVT        7 16.6    48   179     179    (-,-) 
  g5489__6131/Y         -       B->Y   F     OR2X6LVT          3  9.0    45    99     279    (-,-) 
  g5446__5526/Y         -       B->Y   R     NOR2X6LVT         3  7.1    57    47     325    (-,-) 
  g5399__6161/Y         -       A1N->Y R     AOI2BB1X4LVT      1  3.5    55    86     411    (-,-) 
  g5379__5122/CO        -       CI->CO R     ADDFX1LVT         1  3.5    67   150     562    (-,-) 
  g5363__4319/CO        -       CI->CO R     ADDFX1LVT         1  3.5    67   155     717    (-,-) 
  g5347__2346/S         -       CI->S  R     ADDFX1LVT         1  3.2    65   196     913    (-,-) 
  prod_reg_reg[4][9]/D  -       -      R     DFFHQX4LVT        1    -     -     0     913    (-,-) 
#--------------------------------------------------------------------------------------------------



Path 42: MET (403 ps) Setup Check with Pin prod_reg_reg[3][9]/CK->D
          Group: clock
     Startpoint: (R) prod_reg_reg[2][3]/CK
          Clock: (R) clock
       Endpoint: (R) prod_reg_reg[3][9]/D
          Clock: (R) clock

                     Capture       Launch     
        Clock Edge:+    1400            0     
       Src Latency:+       0            0     
       Net Latency:+       0 (I)        0 (I) 
           Arrival:=    1400            0     
                                              
             Setup:-      88                  
     Required Time:=    1312                  
      Launch Clock:-       0                  
         Data Path:-     909                  
             Slack:=     403                  

#--------------------------------------------------------------------------------------------------
#     Timing Point      Flags    Arc   Edge     Cell      Fanout Load Trans Delay Arrival Instance 
#                                                                (fF)  (ps)  (ps)   (ps)  Location 
#--------------------------------------------------------------------------------------------------
  prod_reg_reg[2][3]/CK -       -      R     (arrival)       149    -     0     0       0    (-,-) 
  prod_reg_reg[2][3]/Q  -       CK->Q  F     DFFHQX4LVT        5 11.6    58   166     166    (-,-) 
  g5532__5115/Y         -       A->Y   F     OR2X6LVT          3  9.0    45   109     275    (-,-) 
  g5462__1617/Y         -       B->Y   R     NOR2X6LVT         3  7.1    56    47     322    (-,-) 
  g5412__2346/Y         -       A1N->Y R     AOI2BB1X4LVT      1  3.5    55    86     408    (-,-) 
  g5386__7098/CO        -       CI->CO R     ADDFX1LVT         1  3.5    67   150     558    (-,-) 
  g5370__5526/CO        -       CI->CO R     ADDFX1LVT         1  3.5    67   155     714    (-,-) 
  g5355__6417/S         -       CI->S  R     ADDFX1LVT         1  3.2    65   196     909    (-,-) 
  prod_reg_reg[3][9]/D  -       -      R     DFFHQX4LVT        1    -     -     0     909    (-,-) 
#--------------------------------------------------------------------------------------------------



Path 43: MET (405 ps) Setup Check with Pin prod_reg_reg[6][8]/CK->D
          Group: clock
     Startpoint: (R) shift_reg_reg[5][3]/CK
          Clock: (R) clock
       Endpoint: (R) prod_reg_reg[6][8]/D
          Clock: (R) clock

                     Capture       Launch     
        Clock Edge:+    1400            0     
       Src Latency:+       0            0     
       Net Latency:+       0 (I)        0 (I) 
           Arrival:=    1400            0     
                                              
             Setup:-      92                  
     Required Time:=    1308                  
      Launch Clock:-       0                  
         Data Path:-     903                  
             Slack:=     405                  

#-------------------------------------------------------------------------------------------------
#     Timing Point       Flags    Arc   Edge    Cell     Fanout Load Trans Delay Arrival Instance 
#                                                               (fF)  (ps)  (ps)   (ps)  Location 
#-------------------------------------------------------------------------------------------------
  shift_reg_reg[5][3]/CK -       -      R     (arrival)     149    -     0     0       0    (-,-) 
  shift_reg_reg[5][3]/QN -       CK->QN R     DFFX4LVT        3  9.7    46   205     205    (-,-) 
  g5414__1666/Y          -       B->Y   F     NAND2X6LVT      2  5.6    58    53     258    (-,-) 
  g5376__2802/CO         -       CI->CO F     ADDFHX2LVT      1  3.5    52   135     393    (-,-) 
  g5360__5107/CO         -       CI->CO F     ADDFX1LVT       1  3.5    73   142     535    (-,-) 
  g5344__9945/CO         -       CI->CO F     ADDFX1LVT       1  3.5    73   150     685    (-,-) 
  g5326__8246/S          -       CI->S  R     ADDFX1LVT       1  3.1    63   218     903    (-,-) 
  prod_reg_reg[6][8]/D   -       -      R     DFFQX4LVT       1    -     -     0     903    (-,-) 
#-------------------------------------------------------------------------------------------------



Path 44: MET (409 ps) Setup Check with Pin prod_reg_reg[7][7]/CK->D
          Group: clock
     Startpoint: (R) shift_reg_reg[6][3]/CK
          Clock: (R) clock
       Endpoint: (R) prod_reg_reg[7][7]/D
          Clock: (R) clock

                     Capture       Launch     
        Clock Edge:+    1400            0     
       Src Latency:+       0            0     
       Net Latency:+       0 (I)        0 (I) 
           Arrival:=    1400            0     
                                              
             Setup:-      88                  
     Required Time:=    1312                  
      Launch Clock:-       0                  
         Data Path:-     903                  
             Slack:=     409                  

#-------------------------------------------------------------------------------------------------
#     Timing Point       Flags    Arc   Edge    Cell     Fanout Load Trans Delay Arrival Instance 
#                                                               (fF)  (ps)  (ps)   (ps)  Location 
#-------------------------------------------------------------------------------------------------
  shift_reg_reg[6][3]/CK -       -      R     (arrival)     149    -     0     0       0    (-,-) 
  shift_reg_reg[6][3]/QN -       CK->QN R     DFFX4LVT        3  9.7    46   205     205    (-,-) 
  g5400__9315/Y          -       B->Y   F     NAND2X6LVT      2  5.6    58    53     258    (-,-) 
  g5371__6783/CO         -       CI->CO F     ADDFHX2LVT      1  3.5    52   135     393    (-,-) 
  g5354__7410/CO         -       CI->CO F     ADDFX1LVT       1  3.5    73   142     535    (-,-) 
  g5338__4733/CO         -       CI->CO F     ADDFX1LVT       1  3.5    73   150     685    (-,-) 
  g5318__1705/S          -       CI->S  R     ADDFX1LVT       1  3.2    65   218     903    (-,-) 
  prod_reg_reg[7][7]/D   -       -      R     DFFHQX4LVT      1    -     -     0     903    (-,-) 
#-------------------------------------------------------------------------------------------------



Path 45: MET (418 ps) Setup Check with Pin prod_reg_reg[0][7]/CK->D
          Group: clock
     Startpoint: (R) data_in_reg_reg[3]/CK
          Clock: (R) clock
       Endpoint: (R) prod_reg_reg[0][7]/D
          Clock: (R) clock

                     Capture       Launch     
        Clock Edge:+    1400            0     
       Src Latency:+       0            0     
       Net Latency:+       0 (I)        0 (I) 
           Arrival:=    1400            0     
                                              
             Setup:-      88                  
     Required Time:=    1312                  
      Launch Clock:-       0                  
         Data Path:-     894                  
             Slack:=     418                  

#-------------------------------------------------------------------------------------------------
#     Timing Point      Flags    Arc   Edge    Cell      Fanout Load Trans Delay Arrival Instance 
#                                                               (fF)  (ps)  (ps)   (ps)  Location 
#-------------------------------------------------------------------------------------------------
  data_in_reg_reg[3]/CK -       -      R     (arrival)      149    -     0     0       0    (-,-) 
  data_in_reg_reg[3]/Q  -       CK->Q  F     DFFQX4LVT        2  6.3    36   157     157    (-,-) 
  g5522/Y               -       A->Y   R     CLKINVX4LVT      3  9.8    46    39     196    (-,-) 
  g5491__1881/Y         -       B->Y   F     NAND2X6LVT       2  5.7    59    53     249    (-,-) 
  g5419__7410/CO        -       CI->CO F     ADDFHX2LVT       1  3.5    52   136     384    (-,-) 
  g5391__5115/CO        -       CI->CO F     ADDFX1LVT        1  3.5    73   142     526    (-,-) 
  g5377__1705/CO        -       CI->CO F     ADDFX1LVT        1  3.5    73   150     676    (-,-) 
  g5361__6260/S         -       CI->S  R     ADDFX1LVT        1  3.2    65   218     894    (-,-) 
  prod_reg_reg[0][7]/D  -       -      R     DFFHQX4LVT       1    -     -     0     894    (-,-) 
#-------------------------------------------------------------------------------------------------



Path 46: MET (425 ps) Setup Check with Pin prod_reg_reg[1][7]/CK->D
          Group: clock
     Startpoint: (R) shift_reg_reg[0][3]/CK
          Clock: (R) clock
       Endpoint: (R) prod_reg_reg[1][7]/D
          Clock: (R) clock

                     Capture       Launch     
        Clock Edge:+    1400            0     
       Src Latency:+       0            0     
       Net Latency:+       0 (I)        0 (I) 
           Arrival:=    1400            0     
                                              
             Setup:-      92                  
     Required Time:=    1308                  
      Launch Clock:-       0                  
         Data Path:-     883                  
             Slack:=     425                  

#-------------------------------------------------------------------------------------------------
#     Timing Point       Flags    Arc   Edge    Cell     Fanout Load Trans Delay Arrival Instance 
#                                                               (fF)  (ps)  (ps)   (ps)  Location 
#-------------------------------------------------------------------------------------------------
  shift_reg_reg[0][3]/CK -       -      R     (arrival)     149    -     0     0       0    (-,-) 
  shift_reg_reg[0][3]/Q  -       CK->Q  F     DFFHQX1LVT      2  5.5    95   169     169    (-,-) 
  g5487/Y                -       A->Y   R     INVX2LVT        3  8.0    76    77     246    (-,-) 
  g5474__8246/Y          -       A->Y   F     NAND2X2LVT      2  5.4   116   103     350    (-,-) 
  g5403__9945/CO         -       CI->CO F     ADDFX1LVT       1  3.5    73   166     516    (-,-) 
  g5385__8246/CO         -       CI->CO F     ADDFX1LVT       1  3.5    73   150     666    (-,-) 
  g5369__8428/S          -       CI->S  R     ADDFX1LVT       1  3.1    63   218     883    (-,-) 
  prod_reg_reg[1][7]/D   -       -      R     DFFQX4LVT       1    -     -     0     883    (-,-) 
#-------------------------------------------------------------------------------------------------



Path 47: MET (503 ps) Setup Check with Pin prod_reg_reg[5][7]/CK->D
          Group: clock
     Startpoint: (R) shift_reg_reg[4][2]/CK
          Clock: (R) clock
       Endpoint: (R) prod_reg_reg[5][7]/D
          Clock: (R) clock

                     Capture       Launch     
        Clock Edge:+    1400            0     
       Src Latency:+       0            0     
       Net Latency:+       0 (I)        0 (I) 
           Arrival:=    1400            0     
                                              
             Setup:-      88                  
     Required Time:=    1312                  
      Launch Clock:-       0                  
         Data Path:-     810                  
             Slack:=     503                  

#-------------------------------------------------------------------------------------------------
#     Timing Point       Flags    Arc   Edge    Cell     Fanout Load Trans Delay Arrival Instance 
#                                                               (fF)  (ps)  (ps)   (ps)  Location 
#-------------------------------------------------------------------------------------------------
  shift_reg_reg[4][2]/CK -       -      R     (arrival)     149    -     0     0       0    (-,-) 
  shift_reg_reg[4][2]/Q  -       CK->Q  F     DFFHQX1LVT      3  7.3   123   185     185    (-,-) 
  g5429__2398/CO         -       A->CO  F     ADDHX1LVT       1  3.5    64   110     295    (-,-) 
  g5388__1881/CO         -       CI->CO F     ADDFX1LVT       1  3.5    73   146     441    (-,-) 
  g5372__3680/CO         -       CI->CO F     ADDFX1LVT       1  3.5    73   150     591    (-,-) 
  g5357__2398/S          -       CI->S  R     ADDFX1LVT       1  3.2    65   218     810    (-,-) 
  prod_reg_reg[5][7]/D   -       -      R     DFFHQX4LVT      1    -     -     0     810    (-,-) 
#-------------------------------------------------------------------------------------------------



Path 48: MET (550 ps) Setup Check with Pin prod_reg_reg[2][7]/CK->D
          Group: clock
     Startpoint: (R) prod_reg_reg[1][3]/CK
          Clock: (R) clock
       Endpoint: (R) prod_reg_reg[2][7]/D
          Clock: (R) clock

                     Capture       Launch     
        Clock Edge:+    1400            0     
       Src Latency:+       0            0     
       Net Latency:+       0 (I)        0 (I) 
           Arrival:=    1400            0     
                                              
             Setup:-      88                  
     Required Time:=    1312                  
      Launch Clock:-       0                  
         Data Path:-     762                  
             Slack:=     550                  

#------------------------------------------------------------------------------------------------
#     Timing Point      Flags    Arc   Edge    Cell     Fanout Load Trans Delay Arrival Instance 
#                                                              (fF)  (ps)  (ps)   (ps)  Location 
#------------------------------------------------------------------------------------------------
  prod_reg_reg[1][3]/CK -       -      R     (arrival)     149    -     0     0       0    (-,-) 
  prod_reg_reg[1][3]/Q  -       CK->Q  R     DFFHQX4LVT      4  9.7    44   144     144    (-,-) 
  g5466__2802/CO        -       A->CO  R     ADDHX1LVT       1  3.5    60   114     259    (-,-) 
  g5404__2883/CO        -       CI->CO R     ADDFX1LVT       1  3.5    67   152     411    (-,-) 
  g5387__6131/CO        -       CI->CO R     ADDFX1LVT       1  3.5    67   155     566    (-,-) 
  g5373__1617/S         -       CI->S  R     ADDFX1LVT       1  3.2    65   196     762    (-,-) 
  prod_reg_reg[2][7]/D  -       -      R     DFFHQX4LVT      1    -     -     0     762    (-,-) 
#------------------------------------------------------------------------------------------------



Path 49: MET (555 ps) Setup Check with Pin prod_reg_reg[4][8]/CK->D
          Group: clock
     Startpoint: (R) prod_reg_reg[3][3]/CK
          Clock: (R) clock
       Endpoint: (R) prod_reg_reg[4][8]/D
          Clock: (R) clock

                     Capture       Launch     
        Clock Edge:+    1400            0     
       Src Latency:+       0            0     
       Net Latency:+       0 (I)        0 (I) 
           Arrival:=    1400            0     
                                              
             Setup:-      88                  
     Required Time:=    1312                  
      Launch Clock:-       0                  
         Data Path:-     757                  
             Slack:=     555                  

#--------------------------------------------------------------------------------------------------
#     Timing Point      Flags    Arc   Edge     Cell      Fanout Load Trans Delay Arrival Instance 
#                                                                (fF)  (ps)  (ps)   (ps)  Location 
#--------------------------------------------------------------------------------------------------
  prod_reg_reg[3][3]/CK -       -      R     (arrival)       149    -     0     0       0    (-,-) 
  prod_reg_reg[3][3]/Q  -       CK->Q  F     DFFHQX8LVT        7 16.6    48   179     179    (-,-) 
  g5489__6131/Y         -       B->Y   F     OR2X6LVT          3  9.0    45    99     279    (-,-) 
  g5446__5526/Y         -       B->Y   R     NOR2X6LVT         3  7.1    57    47     325    (-,-) 
  g5399__6161/Y         -       A1N->Y R     AOI2BB1X4LVT      1  3.5    55    86     411    (-,-) 
  g5379__5122/CO        -       CI->CO R     ADDFX1LVT         1  3.5    67   150     562    (-,-) 
  g5363__4319/S         -       CI->S  R     ADDFX1LVT         1  3.2    65   196     757    (-,-) 
  prod_reg_reg[4][8]/D  -       -      R     DFFHQX4LVT        1    -     -     0     757    (-,-) 
#--------------------------------------------------------------------------------------------------



Path 50: MET (558 ps) Setup Check with Pin prod_reg_reg[3][8]/CK->D
          Group: clock
     Startpoint: (R) prod_reg_reg[2][3]/CK
          Clock: (R) clock
       Endpoint: (R) prod_reg_reg[3][8]/D
          Clock: (R) clock

                     Capture       Launch     
        Clock Edge:+    1400            0     
       Src Latency:+       0            0     
       Net Latency:+       0 (I)        0 (I) 
           Arrival:=    1400            0     
                                              
             Setup:-      88                  
     Required Time:=    1312                  
      Launch Clock:-       0                  
         Data Path:-     754                  
             Slack:=     558                  

#--------------------------------------------------------------------------------------------------
#     Timing Point      Flags    Arc   Edge     Cell      Fanout Load Trans Delay Arrival Instance 
#                                                                (fF)  (ps)  (ps)   (ps)  Location 
#--------------------------------------------------------------------------------------------------
  prod_reg_reg[2][3]/CK -       -      R     (arrival)       149    -     0     0       0    (-,-) 
  prod_reg_reg[2][3]/Q  -       CK->Q  F     DFFHQX4LVT        5 11.6    58   166     166    (-,-) 
  g5532__5115/Y         -       A->Y   F     OR2X6LVT          3  9.0    45   109     275    (-,-) 
  g5462__1617/Y         -       B->Y   R     NOR2X6LVT         3  7.1    56    47     322    (-,-) 
  g5412__2346/Y         -       A1N->Y R     AOI2BB1X4LVT      1  3.5    55    86     408    (-,-) 
  g5386__7098/CO        -       CI->CO R     ADDFX1LVT         1  3.5    67   150     558    (-,-) 
  g5370__5526/S         -       CI->S  R     ADDFX1LVT         1  3.2    65   196     754    (-,-) 
  prod_reg_reg[3][8]/D  -       -      R     DFFHQX4LVT        1    -     -     0     754    (-,-) 
#--------------------------------------------------------------------------------------------------

