============================================================
  Generated by:           Genus(TM) Synthesis Solution 23.10-p004_1
  Generated on:           Oct 08 2026  09:50:50 pm
  Module:                 fir_serial_pipe
  Operating conditions:   PVT_0P9V_125C 
  Interconnect mode:      global
  Area mode:              physical library
============================================================


Path 1: MET (0 ps) Setup Check with Pin data_out_reg_reg[13]/CK->D
          Group: clock
     Startpoint: (R) prod_reg_reg[1][10]/CK
          Clock: (R) clock
       Endpoint: (R) data_out_reg_reg[13]/D
          Clock: (R) clock

                     Capture       Launch     
        Clock Edge:+    1400            0     
       Src Latency:+       0            0     
       Net Latency:+       0 (I)        0 (I) 
           Arrival:=    1400            0     
                                              
             Setup:-      70                  
     Required Time:=    1330                  
      Launch Clock:-       0                  
         Data Path:-    1330                  
             Slack:=       0                  

#----------------------------------------------------------------------------------------------------------------------
#               Timing Point                 Flags   Arc   Edge     Cell      Fanout Load Trans Delay Arrival Instance 
#                                                                                    (fF)  (ps)  (ps)   (ps)  Location 
#----------------------------------------------------------------------------------------------------------------------
  prod_reg_reg[1][10]/CK                     -       -     R     (arrival)       149    -     0     0       0    (-,-) 
  prod_reg_reg[1][10]/Q                      -       CK->Q R     MDFFHQX4LVT       4 10.7    48   146     146    (-,-) 
  g469/Y                                     -       A->Y  F     INVX3LVT          1  4.5    38    40     186    (-,-) 
  g460/Y                                     -       B->Y  R     NOR2X4LVT         2  8.0    75    59     245    (-,-) 
  g456/Y                                     -       A->Y  F     NOR2X4LVT         1  4.5    43    53     298    (-,-) 
  g452/Y                                     -       B->Y  R     NOR2BX4LVT        1  6.5    66    54     352    (-,-) 
  g451/Y                                     -       B->Y  F     NOR2X8LVT         4 13.9    59    48     400    (-,-) 
  g442/Y                                     -       A->Y  R     CLKINVX8LVT       2  8.9    32    34     435    (-,-) 
  g435/Y                                     -       A->Y  F     NAND2X6LVT        1  5.3    54    52     487    (-,-) 
  g433/Y                                     -       B->Y  R     NAND2X6LVT        2  6.0    34    34     521    (-,-) 
  g122/Y                                     -       C->Y  F     XOR3X1LVT         1  3.8    91   136     657    (-,-) 
  g5923/S                                    -       CI->S R     ADDFHX2LVT        2  9.8    97   256     913    (-,-) 
  g88/Y                                      -       B->Y  F     NOR2X8LVT         3 10.0    48    54     967    (-,-) 
  g47/Y                                      -       A->Y  R     NOR2X6LVT         1  6.5    53    54    1020    (-,-) 
  g91/Y                                      -       A->Y  F     CLKINVX8LVT       2  9.9    37    37    1058    (-,-) 
  g5866/Y                                    -       B->Y  R     NOR2X6LVT         1  6.5    52    43    1100    (-,-) 
  g29/Y                                      -       B->Y  F     NOR2X8LVT         4 16.7    61    47    1147    (-,-) 
  csa_tree_ADD_TC_OP_12_groupi_g3666__9315/Y -       B->Y  R     NOR2X8LVT         3 11.4    64    56    1203    (-,-) 
  g69/Y                                      -       B->Y  R     CLKAND2X6LVT      1  5.6    27    75    1277    (-,-) 
  g5868/Y                                    -       B->Y  F     NOR2X6LVT         1  5.3    39    27    1304    (-,-) 
  g28/Y                                      -       B->Y  R     NAND2X6LVT        1  3.2    24    26    1330    (-,-) 
  data_out_reg_reg[13]/D                     -       -     R     DFFHQX1LVT        1    -     -     0    1330    (-,-) 
#----------------------------------------------------------------------------------------------------------------------



Path 2: MET (0 ps) Setup Check with Pin data_out_reg_reg[10]/CK->D
          Group: clock
     Startpoint: (R) prod_reg_reg[4][10]/CK
          Clock: (R) clock
       Endpoint: (R) data_out_reg_reg[10]/D
          Clock: (R) clock

                     Capture       Launch     
        Clock Edge:+    1400            0     
       Src Latency:+       0            0     
       Net Latency:+       0 (I)        0 (I) 
           Arrival:=    1400            0     
                                              
             Setup:-      86                  
     Required Time:=    1314                  
      Launch Clock:-       0                  
         Data Path:-    1314                  
             Slack:=       0                  

#---------------------------------------------------------------------------------------------------
#     Timing Point       Flags    Arc   Edge     Cell      Fanout Load Trans Delay Arrival Instance 
#                                                                 (fF)  (ps)  (ps)   (ps)  Location 
#---------------------------------------------------------------------------------------------------
  prod_reg_reg[4][10]/CK -       -      R     (arrival)       149    -     0     0       0    (-,-) 
  prod_reg_reg[4][10]/QN -       CK->QN R     DFFX4LVT          2  8.4    42   202     202    (-,-) 
  g462/Y                 -       B->Y   F     NAND2X8LVT        2  7.2    57    51     253    (-,-) 
  g449/Y                 -       A0->Y  R     AOI21X4LVT        1  6.5    72    74     327    (-,-) 
  g447/Y                 -       A->Y   F     NOR2X8LVT         2  9.9    46    51     378    (-,-) 
  g441/Y                 -       A->Y   R     CLKINVX8LVT       4 16.2    42    38     416    (-,-) 
  g437/Y                 -       B->Y   F     NAND2X8LVT        2  7.2    57    51     467    (-,-) 
  g434/Y                 -       A1N->Y F     AOI2BB1X4LVT      1  5.3    48   118     585    (-,-) 
  g70/Y                  -       B->Y   R     NAND2X6LVT        2  5.0    44    31     616    (-,-) 
  g65/Y                  -       A->Y   F     XOR3X1LVT         1  4.5   105   244     860    (-,-) 
  g121/Y                 -       A->Y   R     CLKINVX4LVT       2  8.0    53    59     920    (-,-) 
  g49/Y                  -       B->Y   F     NOR2X4LVT         2  7.6    57    46     966    (-,-) 
  g48/Y                  -       A->Y   R     INVX2LVT          3  8.7    75    64    1030    (-,-) 
  g5946/Y                -       AN->Y  R     NOR2BX4LVT        2  8.0    81   148    1178    (-,-) 
  g5718/Y                -       B->Y   F     NAND2X4LVT        1  4.5    68    70    1249    (-,-) 
  g5716/Y                -       A1->Y  R     OAI22X4LVT        1  3.2    66    65    1314    (-,-) 
  data_out_reg_reg[10]/D -       -      R     DFFHQX1LVT        1    -     -     0    1314    (-,-) 
#---------------------------------------------------------------------------------------------------



Path 3: MET (0 ps) Setup Check with Pin data_out_reg_reg[14]/CK->D
          Group: clock
     Startpoint: (R) prod_reg_reg[4][4]/CK
          Clock: (R) clock
       Endpoint: (F) data_out_reg_reg[14]/D
          Clock: (R) clock

                     Capture       Launch     
        Clock Edge:+    1400            0     
       Src Latency:+       0            0     
       Net Latency:+       0 (I)        0 (I) 
           Arrival:=    1400            0     
                                              
             Setup:-      58                  
     Required Time:=    1342                  
      Launch Clock:-       0                  
         Data Path:-    1342                  
             Slack:=       0                  

#---------------------------------------------------------------------------------------------------
#     Timing Point       Flags    Arc   Edge     Cell      Fanout Load Trans Delay Arrival Instance 
#                                                                 (fF)  (ps)  (ps)   (ps)  Location 
#---------------------------------------------------------------------------------------------------
  prod_reg_reg[4][4]/CK  -       -      R     (arrival)       149    -     0     0       0    (-,-) 
  prod_reg_reg[4][4]/Q   -       CK->Q  R     DFFHQX4LVT        1  4.7    27   135     135    (-,-) 
  g5825/Y                -       A->Y   F     CLKINVX4LVT       3  9.8    50    40     175    (-,-) 
  g173/Y                 -       A->Y   R     NOR2X4LVT         2  6.6    67    64     238    (-,-) 
  g168/Y                 -       B0->Y  F     OAI21X1LVT        1  3.7   157   129     367    (-,-) 
  g164/Y                 -       B->Y   R     NAND2BX2LVT       1  4.2    63    90     457    (-,-) 
  g5870/S                -       B->S   F     ADDFHX2LVT        2  7.0    82   240     698    (-,-) 
  g201/Y                 -       A->Y   R     CLKINVX6LVT       1  3.8    29    38     735    (-,-) 
  g5942/CO               -       CI->CO R     ADDFHX2LVT        2  9.8    93   155     890    (-,-) 
  g5890/Y                -       B->Y   F     NAND2X8LVT        3 10.8    82    77     967    (-,-) 
  g5639/Y                -       A1->Y  R     AOI21X4LVT        1  6.5    71    78    1045    (-,-) 
  g24/Y                  -       B->Y   F     NAND2X8LVT        3 13.7    91    77    1122    (-,-) 
  g7/Y                   -       A->Y   R     CLKINVX12LVT      6 22.9    50    51    1173    (-,-) 
  g401/Y                 -       B->Y   F     NOR3X8LVT         2  8.4    47    43    1216    (-,-) 
  g398/Y                 -       C->Y   R     NOR3X6LVT         1  4.7    66    54    1270    (-,-) 
  g397/Y                 -       B1->Y  F     OAI22X4LVT        1  3.2    82    72    1342    (-,-) 
  data_out_reg_reg[14]/D -       -      F     DFFHQX1LVT        1    -     -     0    1342    (-,-) 
#---------------------------------------------------------------------------------------------------



Path 4: MET (1 ps) Setup Check with Pin prod_reg_reg[0][9]/CK->D
          Group: clock
     Startpoint: (R) data_in_reg_reg[3]/CK
          Clock: (R) clock
       Endpoint: (R) prod_reg_reg[0][9]/D
          Clock: (R) clock

                     Capture       Launch     
        Clock Edge:+    1400            0     
       Src Latency:+       0            0     
       Net Latency:+       0 (I)        0 (I) 
           Arrival:=    1400            0     
                                              
             Setup:-      90                  
     Required Time:=    1310                  
      Launch Clock:-       0                  
         Data Path:-    1310                  
             Slack:=       1                  

#-------------------------------------------------------------------------------------------------
#     Timing Point      Flags    Arc   Edge    Cell      Fanout Load Trans Delay Arrival Instance 
#                                                               (fF)  (ps)  (ps)   (ps)  Location 
#-------------------------------------------------------------------------------------------------
  data_in_reg_reg[3]/CK -       -      R     (arrival)      149    -     0     0       0    (-,-) 
  data_in_reg_reg[3]/Q  -       CK->Q  F     DFFQX4LVT        2  6.3    36   157     157    (-,-) 
  g5522/Y               -       A->Y   R     CLKINVX4LVT      3  9.8    46    39     196    (-,-) 
  g5491__1881/Y         -       B->Y   F     NAND2X6LVT       2  5.7    59    53     249    (-,-) 
  g5419__7410/CO        -       CI->CO F     ADDFHX2LVT       1  3.5    52   136     384    (-,-) 
  g5391__5115/CO        -       CI->CO F     ADDFX1LVT        1  3.5    73   142     526    (-,-) 
  g5377__1705/CO        -       CI->CO F     ADDFX1LVT        1  3.5    73   150     676    (-,-) 
  g5361__6260/CO        -       CI->CO F     ADDFX1LVT        1  3.5    73   150     826    (-,-) 
  g5345__2883/CO        -       CI->CO F     ADDFX1LVT        1  3.3    70   148     974    (-,-) 
  g5343/Y               -       A->Y   R     INVX1LVT         1  3.5    64    66    1040    (-,-) 
  g5327__7098/S         -       CI->S  F     ADDFX1LVT        1  3.3    70   207    1247    (-,-) 
  g5325/Y               -       A->Y   R     INVX1LVT         1  3.1    58    63    1310    (-,-) 
  prod_reg_reg[0][9]/D  -       -      R     DFFX4LVT         1    -     -     0    1310    (-,-) 
#-------------------------------------------------------------------------------------------------



Path 5: MET (1 ps) Setup Check with Pin data_out_reg_reg[11]/CK->D
          Group: clock
     Startpoint: (R) prod_reg_reg[3][7]/CK
          Clock: (R) clock
       Endpoint: (F) data_out_reg_reg[11]/D
          Clock: (R) clock

                     Capture       Launch     
        Clock Edge:+    1400            0     
       Src Latency:+       0            0     
       Net Latency:+       0 (I)        0 (I) 
           Arrival:=    1400            0     
                                              
             Setup:-      58                  
     Required Time:=    1342                  
      Launch Clock:-       0                  
         Data Path:-    1341                  
             Slack:=       1                  

#-------------------------------------------------------------------------------------------------------------------------
#                 Timing Point                   Flags   Arc   Edge    Cell      Fanout Load Trans Delay Arrival Instance 
#                                                                                       (fF)  (ps)  (ps)   (ps)  Location 
#-------------------------------------------------------------------------------------------------------------------------
  prod_reg_reg[3][7]/CK                          -       -     R     (arrival)      149    -     0     0       0    (-,-) 
  prod_reg_reg[3][7]/Q                           -       CK->Q F     DFFHQX4LVT       1  4.1    27   149     149    (-,-) 
  g5633/CO                                       -       B->CO F     ADDFHX1LVT       2  5.4   101   144     293    (-,-) 
  g5918/Y                                        -       A->Y  F     BUFX6LVT         2  7.6    34    84     377    (-,-) 
  g42/Y                                          -       A->Y  R     CLKINVX4LVT      1  5.6    30    30     407    (-,-) 
  g36/Y                                          -       B->Y  F     NAND2X6LVT       1  6.0    58    49     456    (-,-) 
  g35/Y                                          -       B->Y  R     NAND2X8LVT       3  8.5    39    36     492    (-,-) 
  g5922/Y                                        -       B->Y  R     XOR3X1LVT        2  5.3    90   190     682    (-,-) 
  g5620/Y                                        -       A->Y  R     CLKBUFX2LVT      1  4.7    44   100     781    (-,-) 
  g5619/Y                                        -       A0->Y F     OAI21X4LVT       2  6.4    88    83     864    (-,-) 
  g5744/Y                                        -       A->Y  F     OR2X6LVT         3 13.7    58   128     992    (-,-) 
  csa_tree_ADD_TC_OP_12_groupi_g3691__1705_dup/Y -       B0->Y R     OAI21X4LVT       1  4.7    60    38    1030    (-,-) 
  csa_tree_ADD_TC_OP_12_groupi_g5583/Y           -       A->Y  F     CLKINVX4LVT      2  6.8    44    46    1076    (-,-) 
  g44/Y                                          -       A1->Y R     AOI21X4LVT       2  6.4    73    64    1140    (-,-) 
  g5945/Y                                        -       AN->Y R     NOR2BX4LVT       1  4.7    55   134    1274    (-,-) 
  g215/Y                                         -       B1->Y F     OAI22X4LVT       1  3.2    82    68    1341    (-,-) 
  data_out_reg_reg[11]/D                         -       -     F     DFFHQX1LVT       1    -     -     0    1341    (-,-) 
#-------------------------------------------------------------------------------------------------------------------------



Path 6: MET (2 ps) Setup Check with Pin data_out_reg_reg[12]/CK->D
          Group: clock
     Startpoint: (R) prod_reg_reg[4][4]/CK
          Clock: (R) clock
       Endpoint: (F) data_out_reg_reg[12]/D
          Clock: (R) clock

                     Capture       Launch     
        Clock Edge:+    1400            0     
       Src Latency:+       0            0     
       Net Latency:+       0 (I)        0 (I) 
           Arrival:=    1400            0     
                                              
             Setup:-      56                  
     Required Time:=    1344                  
      Launch Clock:-       0                  
         Data Path:-    1342                  
             Slack:=       2                  

#----------------------------------------------------------------------------------------------------------------------
#               Timing Point                 Flags    Arc   Edge    Cell      Fanout Load Trans Delay Arrival Instance 
#                                                                                    (fF)  (ps)  (ps)   (ps)  Location 
#----------------------------------------------------------------------------------------------------------------------
  prod_reg_reg[4][4]/CK                      -       -      R     (arrival)      149    -     0     0       0    (-,-) 
  prod_reg_reg[4][4]/Q                       -       CK->Q  R     DFFHQX4LVT       1  4.7    27   135     135    (-,-) 
  g5825/Y                                    -       A->Y   F     CLKINVX4LVT      3  9.8    50    40     175    (-,-) 
  g173/Y                                     -       A->Y   R     NOR2X4LVT        2  6.6    67    64     238    (-,-) 
  g168/Y                                     -       B0->Y  F     OAI21X1LVT       1  3.7   157   129     367    (-,-) 
  g164/Y                                     -       B->Y   R     NAND2BX2LVT      1  4.2    63    90     457    (-,-) 
  g5870/S                                    -       B->S   F     ADDFHX2LVT       2  7.0    82   240     698    (-,-) 
  g201/Y                                     -       A->Y   R     CLKINVX6LVT      1  3.8    29    38     735    (-,-) 
  g5942/CO                                   -       CI->CO R     ADDFHX2LVT       2  9.8    93   155     890    (-,-) 
  g5890/Y                                    -       B->Y   F     NAND2X8LVT       3 10.8    82    77     967    (-,-) 
  g5639/Y                                    -       A1->Y  R     AOI21X4LVT       1  6.5    71    78    1045    (-,-) 
  g24/Y                                      -       B->Y   F     NAND2X8LVT       3 13.7    91    77    1122    (-,-) 
  g338/Y                                     -       A->Y   R     NAND2X4LVT       1  6.5    49    56    1178    (-,-) 
  csa_tree_ADD_TC_OP_12_groupi_g3652__6783/Y -       B->Y   F     NAND2X8LVT       3 10.6    74    62    1240    (-,-) 
  g5863/Y                                    -       A->Y   R     CLKINVX4LVT      1  4.7    35    42    1282    (-,-) 
  g13/Y                                      -       B1->Y  F     OAI22X4LVT       1  3.2    78    60    1342    (-,-) 
  data_out_reg_reg[12]/D                     -       -      F     DFFHQX1LVT       1    -     -     0    1342    (-,-) 
#----------------------------------------------------------------------------------------------------------------------



Path 7: MET (2 ps) Setup Check with Pin prod_reg_reg[7][9]/CK->D
          Group: clock
     Startpoint: (R) shift_reg_reg[6][3]/CK
          Clock: (R) clock
       Endpoint: (R) prod_reg_reg[7][9]/D
          Clock: (R) clock

                     Capture       Launch     
        Clock Edge:+    1400            0     
       Src Latency:+       0            0     
       Net Latency:+       0 (I)        0 (I) 
           Arrival:=    1400            0     
                                              
             Setup:-      77                  
     Required Time:=    1323                  
      Launch Clock:-       0                  
         Data Path:-    1320                  
             Slack:=       2                  

#-------------------------------------------------------------------------------------------------
#     Timing Point       Flags    Arc   Edge    Cell     Fanout Load Trans Delay Arrival Instance 
#                                                               (fF)  (ps)  (ps)   (ps)  Location 
#-------------------------------------------------------------------------------------------------
  shift_reg_reg[6][3]/CK -       -      R     (arrival)     149    -     0     0       0    (-,-) 
  shift_reg_reg[6][3]/QN -       CK->QN R     DFFX4LVT        3  8.7    43   203     203    (-,-) 
  g5400__9315/Y          -       B->Y   F     NAND2X4LVT      2  5.5    70    61     264    (-,-) 
  g5371__6783/CO         -       CI->CO F     ADDFHX2LVT      1  3.5    52   140     404    (-,-) 
  g5354__7410/CO         -       CI->CO F     ADDFX1LVT       1  3.5    73   142     546    (-,-) 
  g5338__4733/CO         -       CI->CO F     ADDFX1LVT       1  3.5    73   150     696    (-,-) 
  g5318__1705/CO         -       CI->CO F     ADDFX1LVT       1  3.5    73   150     845    (-,-) 
  g5302__4319/CO         -       CI->CO F     ADDFX1LVT       1  3.3    70   148     994    (-,-) 
  g5300/Y                -       A->Y   R     INVX1LVT        1  3.5    64    66    1059    (-,-) 
  g5291__2398/S          -       CI->S  F     ADDFX1LVT       1  3.7    76   211    1270    (-,-) 
  g5290/Y                -       A->Y   R     INVX2LVT        1  3.2    40    50    1320    (-,-) 
  prod_reg_reg[7][9]/D   -       -      R     DFFHQX2LVT      1    -     -     0    1320    (-,-) 
#-------------------------------------------------------------------------------------------------



Path 8: MET (3 ps) Setup Check with Pin prod_reg_reg[6][10]/CK->D
          Group: clock
     Startpoint: (R) shift_reg_reg[5][3]/CK
          Clock: (R) clock
       Endpoint: (R) prod_reg_reg[6][10]/D
          Clock: (R) clock

                     Capture       Launch     
        Clock Edge:+    1400            0     
       Src Latency:+       0            0     
       Net Latency:+       0 (I)        0 (I) 
           Arrival:=    1400            0     
                                              
             Setup:-      79                  
     Required Time:=    1321                  
      Launch Clock:-       0                  
         Data Path:-    1318                  
             Slack:=       3                  

#-------------------------------------------------------------------------------------------------
#     Timing Point       Flags    Arc   Edge    Cell     Fanout Load Trans Delay Arrival Instance 
#                                                               (fF)  (ps)  (ps)   (ps)  Location 
#-------------------------------------------------------------------------------------------------
  shift_reg_reg[5][3]/CK -       -      R     (arrival)     149    -     0     0       0    (-,-) 
  shift_reg_reg[5][3]/QN -       CK->QN R     DFFX4LVT        3  9.6    46   205     205    (-,-) 
  g5414__1666/Y          -       B->Y   F     NAND2X6LVT      2  5.5    57    53     257    (-,-) 
  g5376__2802/CO         -       CI->CO F     ADDFHX1LVT      1  3.5    71   137     394    (-,-) 
  g5360__5107/CO         -       CI->CO F     ADDFX1LVT       1  3.5    73   149     543    (-,-) 
  g5344__9945/CO         -       CI->CO F     ADDFX1LVT       1  3.5    73   150     693    (-,-) 
  g5326__8246/CO         -       CI->CO F     ADDFX1LVT       1  3.5    73   150     843    (-,-) 
  g5307__5526/CO         -       CI->CO F     ADDFX1LVT       1  3.3    70   148     991    (-,-) 
  g5306/Y                -       A->Y   R     INVX1LVT        1  3.5    64    66    1057    (-,-) 
  g5295__5107/S          -       CI->S  F     ADDFX1LVT       1  3.7    76   211    1268    (-,-) 
  g5294/Y                -       A->Y   R     INVX2LVT        1  3.1    39    50    1318    (-,-) 
  prod_reg_reg[6][10]/D  -       -      R     DFFX1LVT        1    -     -     0    1318    (-,-) 
#-------------------------------------------------------------------------------------------------



Path 9: MET (4 ps) Setup Check with Pin prod_reg_reg[3][12]/CK->D
          Group: clock
     Startpoint: (R) prod_reg_reg[2][3]/CK
          Clock: (R) clock
       Endpoint: (R) prod_reg_reg[3][12]/D
          Clock: (R) clock

                     Capture       Launch     
        Clock Edge:+    1400            0     
       Src Latency:+       0            0     
       Net Latency:+       0 (I)        0 (I) 
           Arrival:=    1400            0     
                                              
             Setup:-      86                  
     Required Time:=    1314                  
      Launch Clock:-       0                  
         Data Path:-    1310                  
             Slack:=       4                  

#--------------------------------------------------------------------------------------------------
#     Timing Point      Flags    Arc   Edge     Cell      Fanout Load Trans Delay Arrival Instance 
#                                                                (fF)  (ps)  (ps)   (ps)  Location 
#--------------------------------------------------------------------------------------------------
  prod_reg_reg[2][3]/CK -       -      R     (arrival)       149    -     0     0       0    (-,-) 
  prod_reg_reg[2][3]/Q  -       CK->Q  F     DFFQX4LVT         5 12.0    60   170     170    (-,-) 
  g5532__5115/Y         -       A->Y   F     OR2X6LVT          3  9.0    45   110     280    (-,-) 
  g5462__1617/Y         -       B->Y   R     NOR2X6LVT         3  7.1    66    47     327    (-,-) 
  g5412__2346/Y         -       A1N->Y R     AOI2BB1X4LVT      1  3.5    55    90     416    (-,-) 
  g5386__7098/CO        -       CI->CO R     ADDFX1LVT         1  3.5    67   150     566    (-,-) 
  g5370__5526/CO        -       CI->CO R     ADDFX1LVT         1  3.5    67   155     722    (-,-) 
  g5355__6417/CO        -       CI->CO R     ADDFX1LVT         1  3.5    67   155     877    (-,-) 
  g5339__6161/CO        -       CI->CO R     ADDFX1LVT         1  3.5    67   155    1032    (-,-) 
  g5317__2802/CO        -       CI->CO R     ADDFX1LVT         1  3.4    66   154    1187    (-,-) 
  g5309__6783/Y         -       B->Y   R     CLKXOR2X1LVT      1  3.1    56   124    1310    (-,-) 
  prod_reg_reg[3][12]/D -       -      R     DFFQX1LVT         1    -     -     0    1310    (-,-) 
#--------------------------------------------------------------------------------------------------



Path 10: MET (6 ps) Setup Check with Pin prod_reg_reg[4][12]/CK->D
          Group: clock
     Startpoint: (R) prod_reg_reg[3][3]/CK
          Clock: (R) clock
       Endpoint: (R) prod_reg_reg[4][12]/D
          Clock: (R) clock

                     Capture       Launch     
        Clock Edge:+    1400            0     
       Src Latency:+       0            0     
       Net Latency:+       0 (I)        0 (I) 
           Arrival:=    1400            0     
                                              
             Setup:-      83                  
     Required Time:=    1317                  
      Launch Clock:-       0                  
         Data Path:-    1311                  
             Slack:=       6                  

#--------------------------------------------------------------------------------------------------
#     Timing Point      Flags    Arc   Edge     Cell      Fanout Load Trans Delay Arrival Instance 
#                                                                (fF)  (ps)  (ps)   (ps)  Location 
#--------------------------------------------------------------------------------------------------
  prod_reg_reg[3][3]/CK -       -      R     (arrival)       149    -     0     0       0    (-,-) 
  prod_reg_reg[3][3]/Q  -       CK->Q  F     DFFX4LVT          6 13.1    66   178     178    (-,-) 
  g5489__6131/Y         -       B->Y   F     OR2X6LVT          3  9.0    45   106     283    (-,-) 
  g5446__5526/Y         -       B->Y   R     NOR2X6LVT         3  7.1    57    47     330    (-,-) 
  g5399__6161/Y         -       A1N->Y R     AOI2BB1X4LVT      1  3.5    55    86     416    (-,-) 
  g5379__5122/CO        -       CI->CO R     ADDFX1LVT         1  3.5    67   150     566    (-,-) 
  g5363__4319/CO        -       CI->CO R     ADDFX1LVT         1  3.5    67   155     722    (-,-) 
  g5347__2346/CO        -       CI->CO R     ADDFX1LVT         1  3.5    67   155     877    (-,-) 
  g5330__1881/CO        -       CI->CO R     ADDFX1LVT         1  3.5    67   155    1032    (-,-) 
  g5310__3680/CO        -       CI->CO R     ADDFX1LVT         1  3.4    66   154    1187    (-,-) 
  g5305__8428/Y         -       B->Y   R     CLKXOR2X1LVT      1  3.2    57   125    1311    (-,-) 
  prod_reg_reg[4][12]/D -       -      R     DFFHQX1LVT        1    -     -     0    1311    (-,-) 
#--------------------------------------------------------------------------------------------------



Path 11: MET (6 ps) Setup Check with Pin data_out_reg_reg[8]/CK->D
          Group: clock
     Startpoint: (R) prod_reg_reg[3][6]/CK
          Clock: (R) clock
       Endpoint: (R) data_out_reg_reg[8]/D
          Clock: (R) clock

                     Capture       Launch     
        Clock Edge:+    1400            0     
       Src Latency:+       0            0     
       Net Latency:+       0 (I)        0 (I) 
           Arrival:=    1400            0     
                                              
             Setup:-      83                  
     Required Time:=    1317                  
      Launch Clock:-       0                  
         Data Path:-    1311                  
             Slack:=       6                  

#----------------------------------------------------------------------------------------------------------------------
#               Timing Point                 Flags   Arc   Edge     Cell      Fanout Load Trans Delay Arrival Instance 
#                                                                                    (fF)  (ps)  (ps)   (ps)  Location 
#----------------------------------------------------------------------------------------------------------------------
  prod_reg_reg[3][6]/CK                      -       -     R     (arrival)       149    -     0     0       0    (-,-) 
  prod_reg_reg[3][6]/Q                       -       CK->Q F     DFFHQX4LVT        1  4.1    27   149     149    (-,-) 
  g92/S                                      -       B->S  R     ADDFHX2LVT        1  4.2    58   213     362    (-,-) 
  g204/CO                                    -       B->CO R     ADDFHX2LVT        2  6.9    73   164     526    (-,-) 
  g5609/Y                                    -       C->Y  F     XNOR3X1LVT        2  5.4   123   166     692    (-,-) 
  g5608/Y                                    -       A->Y  F     BUFX2LVT          1  4.5    46   106     798    (-,-) 
  g5607/Y                                    -       A0->Y R     OAI21X4LVT        2  5.9    70    68     866    (-,-) 
  csa_tree_ADD_TC_OP_12_groupi_g3748/Y       -       A->Y  R     BUFX3LVT          1  6.5    41    82     947    (-,-) 
  csa_tree_ADD_TC_OP_12_groupi_g3729__4319/Y -       A->Y  F     NOR2X8LVT         3 10.2    40    40     988    (-,-) 
  g5696/Y                                    -       A->Y  F     CLKBUFX3LVT       2  6.2    43    70    1058    (-,-) 
  csa_tree_ADD_TC_OP_12_groupi_g3793__1705/Y -       AN->Y F     NAND2BX1LVT       1  3.3   133   118    1176    (-,-) 
  csa_tree_ADD_TC_OP_12_groupi_g3656__1705/Y -       B->Y  R     CLKXOR2X1LVT      1  3.2    57   135    1311    (-,-) 
  data_out_reg_reg[8]/D                      -       -     R     DFFHQX1LVT        1    -     -     0    1311    (-,-) 
#----------------------------------------------------------------------------------------------------------------------



Path 12: MET (6 ps) Setup Check with Pin data_out_reg_reg[15]/CK->D
          Group: clock
     Startpoint: (R) prod_reg_reg[6][11]/CK
          Clock: (R) clock
       Endpoint: (F) data_out_reg_reg[15]/D
          Clock: (R) clock

                     Capture       Launch     
        Clock Edge:+    1400            0     
       Src Latency:+       0            0     
       Net Latency:+       0 (I)        0 (I) 
           Arrival:=    1400            0     
                                              
             Setup:-      55                  
     Required Time:=    1345                  
      Launch Clock:-       0                  
         Data Path:-    1339                  
             Slack:=       6                  

#-----------------------------------------------------------------------------------------------------------------------------
#                   Timing Point                     Flags    Arc   Edge    Cell     Fanout Load Trans Delay Arrival Instance 
#                                                                                           (fF)  (ps)  (ps)   (ps)  Location 
#-----------------------------------------------------------------------------------------------------------------------------
  prod_reg_reg[6][11]/CK                             -       -      R     (arrival)     149    -     0     0       0    (-,-) 
  prod_reg_reg[6][11]/QN                             -       CK->QN R     DFFX1LVT        1  3.8    61   177     177    (-,-) 
  g189/CO                                            -       CI->CO R     ADDFHX2LVT      3  8.9    87   164     341    (-,-) 
  g5909/Y                                            -       A->Y   F     INVX2LVT        1  4.5    55    65     406    (-,-) 
  g184/Y                                             -       B0->Y  R     OAI22X4LVT      1  3.8    74    58     464    (-,-) 
  csa_tree_ADD_TC_OP_12_groupi_cdnfadd_012_2__4733/S -       CI->S  F     ADDFHX1LVT      1  4.1    80   199     663    (-,-) 
  csa_tree_ADD_TC_OP_12_groupi_cdnfadd_012_3__6161/S -       B->S   R     ADDFHX2LVT      2  8.9    91   251     914    (-,-) 
  g86/Y                                              -       B->Y   F     NOR2X6LVT       3 10.1    56    57     971    (-,-) 
  csa_tree_ADD_TC_OP_12_groupi_g3703__6161/Y         -       B->Y   F     OR2X4LVT        4 14.0    80   135    1106    (-,-) 
  csa_tree_ADD_TC_OP_12_groupi_g3682__6783/Y         -       B->Y   R     NOR2X1LVT       1  4.7   159   126    1232    (-,-) 
  g16/Y                                              -       A1->Y  F     AOI21X4LVT      1  3.2    74   107    1339    (-,-) 
  data_out_reg_reg[15]/D                             -       -      F     DFFHQX1LVT      1    -     -     0    1339    (-,-) 
#-----------------------------------------------------------------------------------------------------------------------------



Path 13: MET (10 ps) Setup Check with Pin data_out_reg_reg[9]/CK->D
          Group: clock
     Startpoint: (R) prod_reg_reg[4][4]/CK
          Clock: (R) clock
       Endpoint: (F) data_out_reg_reg[9]/D
          Clock: (R) clock

                     Capture       Launch     
        Clock Edge:+    1400            0     
       Src Latency:+       0            0     
       Net Latency:+       0 (I)        0 (I) 
           Arrival:=    1400            0     
                                              
             Setup:-      55                  
     Required Time:=    1345                  
      Launch Clock:-       0                  
         Data Path:-    1334                  
             Slack:=      10                  

#--------------------------------------------------------------------------------------------------
#     Timing Point      Flags    Arc   Edge     Cell      Fanout Load Trans Delay Arrival Instance 
#                                                                (fF)  (ps)  (ps)   (ps)  Location 
#--------------------------------------------------------------------------------------------------
  prod_reg_reg[4][4]/CK -       -      R     (arrival)       149    -     0     0       0    (-,-) 
  prod_reg_reg[4][4]/Q  -       CK->Q  R     DFFHQX4LVT        1  4.7    27   135     135    (-,-) 
  g5825/Y               -       A->Y   F     CLKINVX4LVT       3  9.8    50    40     175    (-,-) 
  g173/Y                -       A->Y   R     NOR2X4LVT         2  6.6    67    64     238    (-,-) 
  g168/Y                -       B0->Y  F     OAI21X1LVT        1  3.7   157   129     367    (-,-) 
  g164/Y                -       B->Y   R     NAND2BX2LVT       1  4.2    63    90     457    (-,-) 
  g5870/S               -       B->S   F     ADDFHX2LVT        2  7.0    82   240     698    (-,-) 
  g201/Y                -       A->Y   R     CLKINVX6LVT       1  3.8    29    38     735    (-,-) 
  g5942/CO              -       CI->CO R     ADDFHX2LVT        2  9.8    93   155     890    (-,-) 
  g5890/Y               -       B->Y   F     NAND2X8LVT        3 10.8    82    77     967    (-,-) 
  g5639/Y               -       A1->Y  R     AOI21X4LVT        1  6.5    71    78    1045    (-,-) 
  g24/Y                 -       B->Y   F     NAND2X8LVT        3 13.7    91    77    1122    (-,-) 
  g7/Y                  -       A->Y   R     CLKINVX12LVT      6 22.9    50    51    1173    (-,-) 
  g214/Y                -       B->Y   F     NOR2X4LVT         2  7.6    49    45    1218    (-,-) 
  g211/Y                -       B->Y   R     NOR2BX4LVT        1  4.7    54    49    1267    (-,-) 
  g210/Y                -       B1->Y  F     OAI22X4LVT        1  3.2    75    68    1334    (-,-) 
  data_out_reg_reg[9]/D -       -      F     DFFHQX1LVT        1    -     -     0    1334    (-,-) 
#--------------------------------------------------------------------------------------------------



Path 14: MET (11 ps) Setup Check with Pin prod_reg_reg[2][10]/CK->D
          Group: clock
     Startpoint: (R) prod_reg_reg[1][3]/CK
          Clock: (R) clock
       Endpoint: (R) prod_reg_reg[2][10]/D
          Clock: (R) clock

                     Capture       Launch     
        Clock Edge:+    1400            0     
       Src Latency:+       0            0     
       Net Latency:+       0 (I)        0 (I) 
           Arrival:=    1400            0     
                                              
             Setup:-      92                  
     Required Time:=    1308                  
      Launch Clock:-       0                  
         Data Path:-    1297                  
             Slack:=      11                  

#------------------------------------------------------------------------------------------------
#     Timing Point      Flags    Arc   Edge    Cell     Fanout Load Trans Delay Arrival Instance 
#                                                              (fF)  (ps)  (ps)   (ps)  Location 
#------------------------------------------------------------------------------------------------
  prod_reg_reg[1][3]/CK -       -      R     (arrival)     149    -     0     0       0    (-,-) 
  prod_reg_reg[1][3]/Q  -       CK->Q  R     DFFHQX2LVT      2  5.7    49   139     139    (-,-) 
  g2/Y                  -       A->Y   R     BUFX3LVT        3  7.4    45    76     215    (-,-) 
  g5466__2802/CO        -       A->CO  R     ADDHX1LVT       1  3.5    60   115     330    (-,-) 
  g5404__2883/CO        -       CI->CO R     ADDFX1LVT       1  3.5    67   152     482    (-,-) 
  g5387__6131/CO        -       CI->CO R     ADDFX1LVT       1  3.5    67   155     637    (-,-) 
  g5373__1617/CO        -       CI->CO R     ADDFX1LVT       1  3.5    67   155     792    (-,-) 
  g5356__5477/CO        -       CI->CO R     ADDFX1LVT       1  3.5    67   155     947    (-,-) 
  g5337__7482/CO        -       CI->CO R     ADDFX1LVT       1  3.5    67   155    1102    (-,-) 
  g5319__5122/S         -       CI->S  R     ADDFX1LVT       1  3.1    63   195    1297    (-,-) 
  prod_reg_reg[2][10]/D -       -      R     DFFQX2LVT       1    -     -     0    1297    (-,-) 
#------------------------------------------------------------------------------------------------



Path 15: MET (17 ps) Setup Check with Pin data_out_reg_reg[6]/CK->D
          Group: clock
     Startpoint: (R) prod_reg_reg[7][4]/CK
          Clock: (R) clock
       Endpoint: (R) data_out_reg_reg[6]/D
          Clock: (R) clock

                     Capture       Launch     
        Clock Edge:+    1400            0     
       Src Latency:+       0            0     
       Net Latency:+       0 (I)        0 (I) 
           Arrival:=    1400            0     
                                              
             Setup:-      83                  
     Required Time:=    1317                  
      Launch Clock:-       0                  
         Data Path:-    1300                  
             Slack:=      17                  

#-------------------------------------------------------------------------------------------------------------------------------
#                    Timing Point                     Flags   Arc   Edge     Cell      Fanout Load Trans Delay Arrival Instance 
#                                                                                             (fF)  (ps)  (ps)   (ps)  Location 
#-------------------------------------------------------------------------------------------------------------------------------
  prod_reg_reg[7][4]/CK                               -       -     R     (arrival)       149    -     0     0       0    (-,-) 
  prod_reg_reg[7][4]/Q                                -       CK->Q F     DFFQX2LVT         1  4.1    42   145     145    (-,-) 
  csa_tree_ADD_TC_OP_12_groupi_cdnfadd_004_0__5791/CO -       B->CO F     ADDFHX1LVT        1  5.3   100   148     293    (-,-) 
  g148/Y                                              -       A->Y  R     CLKINVX6LVT       3 13.2    55    56     349    (-,-) 
  g147/Y                                              -       A->Y  F     CLKINVX8LVT       2  9.2    36    37     386    (-,-) 
  g146/Y                                              -       A->Y  R     NAND2X6LVT        1  4.7    27    29     415    (-,-) 
  g5871/Y                                             -       B0->Y F     OAI21X4LVT        1  3.8    64    57     472    (-,-) 
  g5870/S                                             -       CI->S R     ADDFHX2LVT        2  7.3    80   236     708    (-,-) 
  g199/Y                                              -       A->Y  F     CLKXOR2X2LVT      2  5.8    66   179     887    (-,-) 
  g31/Y                                               -       B->Y  F     CLKAND2X3LVT      2  6.2    45    86     973    (-,-) 
  g30/Y                                               -       A->Y  F     BUFX2LVT          2  5.6    55    82    1055    (-,-) 
  csa_tree_ADD_TC_OP_12_groupi_g3794__5122/Y          -       B->Y  R     NOR2BX1LVT        1  3.1   110    88    1143    (-,-) 
  csa_tree_ADD_TC_OP_12_groupi_g3670__2346/Y          -       A->Y  R     CLKXOR2X1LVT      1  3.2    57   157    1300    (-,-) 
  data_out_reg_reg[6]/D                               -       -     R     DFFHQX1LVT        1    -     -     0    1300    (-,-) 
#-------------------------------------------------------------------------------------------------------------------------------



Path 16: MET (29 ps) Setup Check with Pin data_out_reg_reg[7]/CK->D
          Group: clock
     Startpoint: (R) prod_reg_reg[7][4]/CK
          Clock: (R) clock
       Endpoint: (R) data_out_reg_reg[7]/D
          Clock: (R) clock

                     Capture       Launch     
        Clock Edge:+    1400            0     
       Src Latency:+       0            0     
       Net Latency:+       0 (I)        0 (I) 
           Arrival:=    1400            0     
                                              
             Setup:-      83                  
     Required Time:=    1317                  
      Launch Clock:-       0                  
         Data Path:-    1288                  
             Slack:=      29                  

#-------------------------------------------------------------------------------------------------------------------------------
#                    Timing Point                     Flags   Arc   Edge     Cell      Fanout Load Trans Delay Arrival Instance 
#                                                                                             (fF)  (ps)  (ps)   (ps)  Location 
#-------------------------------------------------------------------------------------------------------------------------------
  prod_reg_reg[7][4]/CK                               -       -     R     (arrival)       149    -     0     0       0    (-,-) 
  prod_reg_reg[7][4]/Q                                -       CK->Q F     DFFQX2LVT         1  4.1    42   145     145    (-,-) 
  csa_tree_ADD_TC_OP_12_groupi_cdnfadd_004_0__5791/CO -       B->CO F     ADDFHX1LVT        1  5.3   100   148     293    (-,-) 
  g148/Y                                              -       A->Y  R     CLKINVX6LVT       3 13.2    55    56     349    (-,-) 
  g147/Y                                              -       A->Y  F     CLKINVX8LVT       2  9.2    36    37     386    (-,-) 
  g145/Y                                              -       B->Y  R     NAND2X6LVT        1  5.6    34    28     414    (-,-) 
  g142/Y                                              -       B->Y  F     NAND2X6LVT        2  6.6    62    52     466    (-,-) 
  g5947/Y                                             -       B->Y  F     CLKAND2X3LVT      1  5.3    40    82     548    (-,-) 
  g5874/Y                                             -       A->Y  R     NOR2X6LVT         3  9.0    62    58     606    (-,-) 
  g135/Y                                              -       B->Y  R     CLKAND2X3LVT      1  6.5    42    84     690    (-,-) 
  g5916/Y                                             -       B->Y  F     NOR2X8LVT         2  8.4    41    33     723    (-,-) 
  g5776/Y                                             -       B->Y  R     NAND2X4LVT        2  8.9    49    40     763    (-,-) 
  g27/Y                                               -       B->Y  F     NAND2X6LVT        1  6.0    61    55     819    (-,-) 
  g53/Y                                               -       B->Y  R     NOR2X8LVT         2  8.0    52    49     868    (-,-) 
  g5928/Y                                             -       B->Y  F     NOR2X4LVT         1  5.3    40    41     908    (-,-) 
  g5927/Y                                             -       B->Y  R     NOR2X6LVT         1  6.5    50    44     952    (-,-) 
  csa_tree_ADD_TC_OP_12_groupi_g3679__4319/Y          -       A->Y  F     NAND2X8LVT        2  7.7    58    61    1013    (-,-) 
  csa_tree_ADD_TC_OP_12_groupi_g3678/Y                -       A->Y  F     CLKBUFX2LVT       2  5.6    55    87    1100    (-,-) 
  csa_tree_ADD_TC_OP_12_groupi_g3667__9945/Y          -       A1->Y R     AOI21X2LVT        1  3.4    74    72    1171    (-,-) 
  csa_tree_ADD_TC_OP_12_groupi_g3657__5122/Y          -       B->Y  R     XNOR2X1LVT        1  3.2    57   117    1288    (-,-) 
  data_out_reg_reg[7]/D                               -       -     R     DFFHQX1LVT        1    -     -     0    1288    (-,-) 
#-------------------------------------------------------------------------------------------------------------------------------



Path 17: MET (37 ps) Setup Check with Pin prod_reg_reg[1][11]/CK->D
          Group: clock
     Startpoint: (R) shift_reg_reg[0][3]/CK
          Clock: (R) clock
       Endpoint: (R) prod_reg_reg[1][11]/D
          Clock: (R) clock

                     Capture       Launch     
        Clock Edge:+    1400            0     
       Src Latency:+       0            0     
       Net Latency:+       0 (I)        0 (I) 
           Arrival:=    1400            0     
                                              
             Setup:-     115                  
     Required Time:=    1285                  
      Launch Clock:-       0                  
         Data Path:-    1248                  
             Slack:=      37                  

#-------------------------------------------------------------------------------------------------
#     Timing Point       Flags    Arc   Edge    Cell     Fanout Load Trans Delay Arrival Instance 
#                                                               (fF)  (ps)  (ps)   (ps)  Location 
#-------------------------------------------------------------------------------------------------
  shift_reg_reg[0][3]/CK -       -      R     (arrival)     149    -     0     0       0    (-,-) 
  shift_reg_reg[0][3]/Q  -       CK->Q  F     DFFHQX1LVT      2  5.5    95   169     169    (-,-) 
  g5487/Y                -       A->Y   R     INVX2LVT        3  8.0    76    77     246    (-,-) 
  g5474__8246/Y          -       A->Y   F     NAND2X2LVT      2  5.4   114   103     350    (-,-) 
  g5403__9945/CO         -       CI->CO F     ADDFX1LVT       1  3.5    73   166     515    (-,-) 
  g5385__8246/CO         -       CI->CO F     ADDFX1LVT       1  3.5    73   150     665    (-,-) 
  g5369__8428/CO         -       CI->CO F     ADDFX1LVT       1  3.5    73   150     815    (-,-) 
  g5353__1666/CO         -       CI->CO F     ADDFX1LVT       1  3.5    73   150     965    (-,-) 
  g5336__5115/CO         -       CI->CO F     ADDFX1LVT       2  5.4   103   166    1131    (-,-) 
  g5329__6131/Y          -       A1->Y  R     AOI21X1LVT      1  3.1   130   117    1248    (-,-) 
  prod_reg_reg[1][11]/D  -       -      R     DFFX1LVT        1    -     -     0    1248    (-,-) 
#-------------------------------------------------------------------------------------------------



Path 18: MET (40 ps) Setup Check with Pin prod_reg_reg[5][10]/CK->D
          Group: clock
     Startpoint: (R) shift_reg_reg[4][2]/CK
          Clock: (R) clock
       Endpoint: (R) prod_reg_reg[5][10]/D
          Clock: (R) clock

                     Capture       Launch     
        Clock Edge:+    1400            0     
       Src Latency:+       0            0     
       Net Latency:+       0 (I)        0 (I) 
           Arrival:=    1400            0     
                                              
             Setup:-      86                  
     Required Time:=    1314                  
      Launch Clock:-       0                  
         Data Path:-    1274                  
             Slack:=      40                  

#-------------------------------------------------------------------------------------------------
#     Timing Point       Flags    Arc   Edge    Cell     Fanout Load Trans Delay Arrival Instance 
#                                                               (fF)  (ps)  (ps)   (ps)  Location 
#-------------------------------------------------------------------------------------------------
  shift_reg_reg[4][2]/CK -       -      R     (arrival)     149    -     0     0       0    (-,-) 
  shift_reg_reg[4][2]/Q  -       CK->Q  R     DFFHQX1LVT      3  7.5   113   165     165    (-,-) 
  g5429__2398/CO         -       A->CO  R     ADDHX1LVT       1  3.5    60   141     306    (-,-) 
  g5388__1881/CO         -       CI->CO R     ADDFX1LVT       1  3.5    67   152     458    (-,-) 
  g5372__3680/CO         -       CI->CO R     ADDFX1LVT       1  3.5    67   155     613    (-,-) 
  g5357__2398/CO         -       CI->CO R     ADDFX1LVT       1  3.5    67   155     768    (-,-) 
  g5340__9315/CO         -       CI->CO R     ADDFX1LVT       1  3.5    67   155     923    (-,-) 
  g5316__1617/CO         -       CI->CO R     ADDFX1LVT       1  3.5    67   155    1078    (-,-) 
  g5301__6260/S          -       CI->S  R     ADDFX1LVT       1  3.2    65   196    1274    (-,-) 
  prod_reg_reg[5][10]/D  -       -      R     DFFHQX1LVT      1    -     -     0    1274    (-,-) 
#-------------------------------------------------------------------------------------------------



Path 19: MET (55 ps) Setup Check with Pin prod_reg_reg[2][11]/CK->D
          Group: clock
     Startpoint: (R) prod_reg_reg[1][3]/CK
          Clock: (R) clock
       Endpoint: (R) prod_reg_reg[2][11]/D
          Clock: (R) clock

                     Capture       Launch     
        Clock Edge:+    1400            0     
       Src Latency:+       0            0     
       Net Latency:+       0 (I)        0 (I) 
           Arrival:=    1400            0     
                                              
             Setup:-      91                  
     Required Time:=    1309                  
      Launch Clock:-       0                  
         Data Path:-    1255                  
             Slack:=      55                  

#------------------------------------------------------------------------------------------------
#     Timing Point      Flags    Arc   Edge    Cell     Fanout Load Trans Delay Arrival Instance 
#                                                              (fF)  (ps)  (ps)   (ps)  Location 
#------------------------------------------------------------------------------------------------
  prod_reg_reg[1][3]/CK -       -      R     (arrival)     149    -     0     0       0    (-,-) 
  prod_reg_reg[1][3]/Q  -       CK->Q  R     DFFHQX2LVT      2  5.7    49   139     139    (-,-) 
  g2/Y                  -       A->Y   R     BUFX3LVT        3  7.4    45    76     215    (-,-) 
  g5466__2802/CO        -       A->CO  R     ADDHX1LVT       1  3.5    60   115     330    (-,-) 
  g5404__2883/CO        -       CI->CO R     ADDFX1LVT       1  3.5    67   152     482    (-,-) 
  g5387__6131/CO        -       CI->CO R     ADDFX1LVT       1  3.5    67   155     637    (-,-) 
  g5373__1617/CO        -       CI->CO R     ADDFX1LVT       1  3.5    67   155     792    (-,-) 
  g5356__5477/CO        -       CI->CO R     ADDFX1LVT       1  3.5    67   155     947    (-,-) 
  g5337__7482/CO        -       CI->CO R     ADDFX1LVT       1  3.5    67   155    1102    (-,-) 
  g5319__5122/CO        -       CI->CO R     ADDFX1LVT       1  3.1    61   152    1255    (-,-) 
  prod_reg_reg[2][11]/D -       -      R     DFFQX2LVT       1    -     -     0    1255    (-,-) 
#------------------------------------------------------------------------------------------------



Path 20: MET (79 ps) Setup Check with Pin prod_reg_reg[5][11]/CK->D
          Group: clock
     Startpoint: (R) shift_reg_reg[4][2]/CK
          Clock: (R) clock
       Endpoint: (R) prod_reg_reg[5][11]/D
          Clock: (R) clock

                     Capture       Launch     
        Clock Edge:+    1400            0     
       Src Latency:+       0            0     
       Net Latency:+       0 (I)        0 (I) 
           Arrival:=    1400            0     
                                              
             Setup:-      91                  
     Required Time:=    1309                  
      Launch Clock:-       0                  
         Data Path:-    1231                  
             Slack:=      79                  

#-------------------------------------------------------------------------------------------------
#     Timing Point       Flags    Arc   Edge    Cell     Fanout Load Trans Delay Arrival Instance 
#                                                               (fF)  (ps)  (ps)   (ps)  Location 
#-------------------------------------------------------------------------------------------------
  shift_reg_reg[4][2]/CK -       -      R     (arrival)     149    -     0     0       0    (-,-) 
  shift_reg_reg[4][2]/Q  -       CK->Q  R     DFFHQX1LVT      3  7.5   113   165     165    (-,-) 
  g5429__2398/CO         -       A->CO  R     ADDHX1LVT       1  3.5    60   141     306    (-,-) 
  g5388__1881/CO         -       CI->CO R     ADDFX1LVT       1  3.5    67   152     458    (-,-) 
  g5372__3680/CO         -       CI->CO R     ADDFX1LVT       1  3.5    67   155     613    (-,-) 
  g5357__2398/CO         -       CI->CO R     ADDFX1LVT       1  3.5    67   155     768    (-,-) 
  g5340__9315/CO         -       CI->CO R     ADDFX1LVT       1  3.5    67   155     923    (-,-) 
  g5316__1617/CO         -       CI->CO R     ADDFX1LVT       1  3.5    67   155    1078    (-,-) 
  g5301__6260/CO         -       CI->CO R     ADDFX1LVT       1  3.1    61   152    1231    (-,-) 
  prod_reg_reg[5][11]/D  -       -      R     DFFQX2LVT       1    -     -     0    1231    (-,-) 
#-------------------------------------------------------------------------------------------------



Path 21: MET (84 ps) Setup Check with Pin prod_reg_reg[4][11]/CK->D
          Group: clock
     Startpoint: (R) prod_reg_reg[3][3]/CK
          Clock: (R) clock
       Endpoint: (R) prod_reg_reg[4][11]/D
          Clock: (R) clock

                     Capture       Launch     
        Clock Edge:+    1400            0     
       Src Latency:+       0            0     
       Net Latency:+       0 (I)        0 (I) 
           Arrival:=    1400            0     
                                              
             Setup:-      89                  
     Required Time:=    1311                  
      Launch Clock:-       0                  
         Data Path:-    1227                  
             Slack:=      84                  

#--------------------------------------------------------------------------------------------------
#     Timing Point      Flags    Arc   Edge     Cell      Fanout Load Trans Delay Arrival Instance 
#                                                                (fF)  (ps)  (ps)   (ps)  Location 
#--------------------------------------------------------------------------------------------------
  prod_reg_reg[3][3]/CK -       -      R     (arrival)       149    -     0     0       0    (-,-) 
  prod_reg_reg[3][3]/Q  -       CK->Q  F     DFFX4LVT          6 13.1    66   178     178    (-,-) 
  g5489__6131/Y         -       B->Y   F     OR2X6LVT          3  9.0    45   106     283    (-,-) 
  g5446__5526/Y         -       B->Y   R     NOR2X6LVT         3  7.1    57    47     330    (-,-) 
  g5399__6161/Y         -       A1N->Y R     AOI2BB1X4LVT      1  3.5    55    86     416    (-,-) 
  g5379__5122/CO        -       CI->CO R     ADDFX1LVT         1  3.5    67   150     566    (-,-) 
  g5363__4319/CO        -       CI->CO R     ADDFX1LVT         1  3.5    67   155     722    (-,-) 
  g5347__2346/CO        -       CI->CO R     ADDFX1LVT         1  3.5    67   155     877    (-,-) 
  g5330__1881/CO        -       CI->CO R     ADDFX1LVT         1  3.5    67   155    1032    (-,-) 
  g5310__3680/S         -       CI->S  R     ADDFX1LVT         1  3.1    64   195    1227    (-,-) 
  prod_reg_reg[4][11]/D -       -      R     DFFX1LVT          1    -     -     0    1227    (-,-) 
#--------------------------------------------------------------------------------------------------



Path 22: MET (87 ps) Setup Check with Pin prod_reg_reg[3][11]/CK->D
          Group: clock
     Startpoint: (R) prod_reg_reg[2][3]/CK
          Clock: (R) clock
       Endpoint: (R) prod_reg_reg[3][11]/D
          Clock: (R) clock

                     Capture       Launch     
        Clock Edge:+    1400            0     
       Src Latency:+       0            0     
       Net Latency:+       0 (I)        0 (I) 
           Arrival:=    1400            0     
                                              
             Setup:-      86                  
     Required Time:=    1314                  
      Launch Clock:-       0                  
         Data Path:-    1228                  
             Slack:=      87                  

#--------------------------------------------------------------------------------------------------
#     Timing Point      Flags    Arc   Edge     Cell      Fanout Load Trans Delay Arrival Instance 
#                                                                (fF)  (ps)  (ps)   (ps)  Location 
#--------------------------------------------------------------------------------------------------
  prod_reg_reg[2][3]/CK -       -      R     (arrival)       149    -     0     0       0    (-,-) 
  prod_reg_reg[2][3]/Q  -       CK->Q  F     DFFQX4LVT         5 12.0    60   170     170    (-,-) 
  g5532__5115/Y         -       A->Y   F     OR2X6LVT          3  9.0    45   110     280    (-,-) 
  g5462__1617/Y         -       B->Y   R     NOR2X6LVT         3  7.1    66    47     327    (-,-) 
  g5412__2346/Y         -       A1N->Y R     AOI2BB1X4LVT      1  3.5    55    90     416    (-,-) 
  g5386__7098/CO        -       CI->CO R     ADDFX1LVT         1  3.5    67   150     566    (-,-) 
  g5370__5526/CO        -       CI->CO R     ADDFX1LVT         1  3.5    67   155     722    (-,-) 
  g5355__6417/CO        -       CI->CO R     ADDFX1LVT         1  3.5    67   155     877    (-,-) 
  g5339__6161/CO        -       CI->CO R     ADDFX1LVT         1  3.5    67   155    1032    (-,-) 
  g5317__2802/S         -       CI->S  R     ADDFX1LVT         1  3.2    65   196    1228    (-,-) 
  prod_reg_reg[3][11]/D -       -      R     DFFHQX1LVT        1    -     -     0    1228    (-,-) 
#--------------------------------------------------------------------------------------------------



Path 23: MET (99 ps) Setup Check with Pin prod_reg_reg[7][10]/CK->D
          Group: clock
     Startpoint: (R) shift_reg_reg[6][3]/CK
          Clock: (R) clock
       Endpoint: (R) prod_reg_reg[7][10]/D
          Clock: (R) clock

                     Capture       Launch     
        Clock Edge:+    1400            0     
       Src Latency:+       0            0     
       Net Latency:+       0 (I)        0 (I) 
           Arrival:=    1400            0     
                                              
             Setup:-      91                  
     Required Time:=    1309                  
      Launch Clock:-       0                  
         Data Path:-    1210                  
             Slack:=      99                  

#-------------------------------------------------------------------------------------------------
#     Timing Point       Flags    Arc   Edge    Cell     Fanout Load Trans Delay Arrival Instance 
#                                                               (fF)  (ps)  (ps)   (ps)  Location 
#-------------------------------------------------------------------------------------------------
  shift_reg_reg[6][3]/CK -       -      R     (arrival)     149    -     0     0       0    (-,-) 
  shift_reg_reg[6][3]/QN -       CK->QN R     DFFX4LVT        3  8.7    43   203     203    (-,-) 
  g5400__9315/Y          -       B->Y   F     NAND2X4LVT      2  5.5    70    61     264    (-,-) 
  g5371__6783/CO         -       CI->CO F     ADDFHX2LVT      1  3.5    52   140     404    (-,-) 
  g5354__7410/CO         -       CI->CO F     ADDFX1LVT       1  3.5    73   142     546    (-,-) 
  g5338__4733/CO         -       CI->CO F     ADDFX1LVT       1  3.5    73   150     696    (-,-) 
  g5318__1705/CO         -       CI->CO F     ADDFX1LVT       1  3.5    73   150     845    (-,-) 
  g5302__4319/CO         -       CI->CO F     ADDFX1LVT       1  3.3    70   148     994    (-,-) 
  g5300/Y                -       A->Y   R     INVX1LVT        1  3.5    64    66    1059    (-,-) 
  g5291__2398/CO         -       CI->CO R     ADDFX1LVT       1  3.1    61   151    1210    (-,-) 
  prod_reg_reg[7][10]/D  -       -      R     DFFX4LVT        1    -     -     0    1210    (-,-) 
#-------------------------------------------------------------------------------------------------



Path 24: MET (104 ps) Setup Check with Pin data_out_reg_reg[5]/CK->D
          Group: clock
     Startpoint: (R) prod_reg_reg[5][2]/CK
          Clock: (R) clock
       Endpoint: (R) data_out_reg_reg[5]/D
          Clock: (R) clock

                     Capture       Launch     
        Clock Edge:+    1400            0     
       Src Latency:+       0            0     
       Net Latency:+       0 (I)        0 (I) 
           Arrival:=    1400            0     
                                              
             Setup:-      83                  
     Required Time:=    1317                  
      Launch Clock:-       0                  
         Data Path:-    1214                  
             Slack:=     104                  

#-------------------------------------------------------------------------------------------------------------------------------
#                    Timing Point                     Flags    Arc   Edge    Cell      Fanout Load Trans Delay Arrival Instance 
#                                                                                             (fF)  (ps)  (ps)   (ps)  Location 
#-------------------------------------------------------------------------------------------------------------------------------
  prod_reg_reg[5][2]/CK                               -       -      R     (arrival)      149    -     0     0       0    (-,-) 
  prod_reg_reg[5][2]/Q                                -       CK->Q  R     DFFHQX8LVT       4 11.3    34   160     160    (-,-) 
  csa_tree_ADD_TC_OP_12_groupi_cdnfadd_002_0__9315/CO -       A->CO  R     ADDFX1LVT        1  3.5    67   151     311    (-,-) 
  g5659/CO                                            -       CI->CO R     ADDFX1LVT        2  5.0    88   167     478    (-,-) 
  g5673/Y                                             -       A->Y   F     XOR3X1LVT        1  3.7    89   254     733    (-,-) 
  g5886/Y                                             -       A->Y   F     BUFX6LVT         2  8.4    36    81     814    (-,-) 
  csa_tree_ADD_TC_OP_12_groupi_g3762__5755/Y          -       B->Y   R     NOR2X4LVT        2  8.2    79    59     873    (-,-) 
  g5759/Y                                             -       A->Y   F     NOR2X8LVT        2  7.8    42    51     924    (-,-) 
  g5889/Y                                             -       AN->Y  F     NAND2BX1LVT      1  3.1   125   114    1038    (-,-) 
  csa_tree_ADD_TC_OP_12_groupi_g3680__8428/Y          -       A->Y   R     XNOR2X1LVT       1  3.2    57   175    1214    (-,-) 
  data_out_reg_reg[5]/D                               -       -      R     DFFHQX1LVT       1    -     -     0    1214    (-,-) 
#-------------------------------------------------------------------------------------------------------------------------------



Path 25: MET (104 ps) Setup Check with Pin prod_reg_reg[6][11]/CK->D
          Group: clock
     Startpoint: (R) shift_reg_reg[5][3]/CK
          Clock: (R) clock
       Endpoint: (R) prod_reg_reg[6][11]/D
          Clock: (R) clock

                     Capture       Launch     
        Clock Edge:+    1400            0     
       Src Latency:+       0            0     
       Net Latency:+       0 (I)        0 (I) 
           Arrival:=    1400            0     
                                              
             Setup:-      88                  
     Required Time:=    1312                  
      Launch Clock:-       0                  
         Data Path:-    1208                  
             Slack:=     104                  

#-------------------------------------------------------------------------------------------------
#     Timing Point       Flags    Arc   Edge    Cell     Fanout Load Trans Delay Arrival Instance 
#                                                               (fF)  (ps)  (ps)   (ps)  Location 
#-------------------------------------------------------------------------------------------------
  shift_reg_reg[5][3]/CK -       -      R     (arrival)     149    -     0     0       0    (-,-) 
  shift_reg_reg[5][3]/QN -       CK->QN R     DFFX4LVT        3  9.6    46   205     205    (-,-) 
  g5414__1666/Y          -       B->Y   F     NAND2X6LVT      2  5.5    57    53     257    (-,-) 
  g5376__2802/CO         -       CI->CO F     ADDFHX1LVT      1  3.5    71   137     394    (-,-) 
  g5360__5107/CO         -       CI->CO F     ADDFX1LVT       1  3.5    73   149     543    (-,-) 
  g5344__9945/CO         -       CI->CO F     ADDFX1LVT       1  3.5    73   150     693    (-,-) 
  g5326__8246/CO         -       CI->CO F     ADDFX1LVT       1  3.5    73   150     843    (-,-) 
  g5307__5526/CO         -       CI->CO F     ADDFX1LVT       1  3.3    70   148     991    (-,-) 
  g5306/Y                -       A->Y   R     INVX1LVT        1  3.5    64    66    1057    (-,-) 
  g5295__5107/CO         -       CI->CO R     ADDFX1LVT       1  3.1    61   151    1208    (-,-) 
  prod_reg_reg[6][11]/D  -       -      R     DFFX1LVT        1    -     -     0    1208    (-,-) 
#-------------------------------------------------------------------------------------------------



Path 26: MET (119 ps) Setup Check with Pin prod_reg_reg[0][10]/CK->D
          Group: clock
     Startpoint: (R) data_in_reg_reg[3]/CK
          Clock: (R) clock
       Endpoint: (R) prod_reg_reg[0][10]/D
          Clock: (R) clock

                     Capture       Launch     
        Clock Edge:+    1400            0     
       Src Latency:+       0            0     
       Net Latency:+       0 (I)        0 (I) 
           Arrival:=    1400            0     
                                              
             Setup:-      91                  
     Required Time:=    1309                  
      Launch Clock:-       0                  
         Data Path:-    1190                  
             Slack:=     119                  

#-------------------------------------------------------------------------------------------------
#     Timing Point      Flags    Arc   Edge    Cell      Fanout Load Trans Delay Arrival Instance 
#                                                               (fF)  (ps)  (ps)   (ps)  Location 
#-------------------------------------------------------------------------------------------------
  data_in_reg_reg[3]/CK -       -      R     (arrival)      149    -     0     0       0    (-,-) 
  data_in_reg_reg[3]/Q  -       CK->Q  F     DFFQX4LVT        2  6.3    36   157     157    (-,-) 
  g5522/Y               -       A->Y   R     CLKINVX4LVT      3  9.8    46    39     196    (-,-) 
  g5491__1881/Y         -       B->Y   F     NAND2X6LVT       2  5.7    59    53     249    (-,-) 
  g5419__7410/CO        -       CI->CO F     ADDFHX2LVT       1  3.5    52   136     384    (-,-) 
  g5391__5115/CO        -       CI->CO F     ADDFX1LVT        1  3.5    73   142     526    (-,-) 
  g5377__1705/CO        -       CI->CO F     ADDFX1LVT        1  3.5    73   150     676    (-,-) 
  g5361__6260/CO        -       CI->CO F     ADDFX1LVT        1  3.5    73   150     826    (-,-) 
  g5345__2883/CO        -       CI->CO F     ADDFX1LVT        1  3.3    70   148     974    (-,-) 
  g5343/Y               -       A->Y   R     INVX1LVT         1  3.5    64    66    1040    (-,-) 
  g5327__7098/CO        -       CI->CO R     ADDFX1LVT        1  3.1    61   151    1190    (-,-) 
  prod_reg_reg[0][10]/D -       -      R     DFFX2LVT         1    -     -     0    1190    (-,-) 
#-------------------------------------------------------------------------------------------------



Path 27: MET (119 ps) Setup Check with Pin prod_reg_reg[1][10]/CK->S0
          Group: clock
     Startpoint: (R) shift_reg_reg[0][3]/CK
          Clock: (R) clock
       Endpoint: (F) prod_reg_reg[1][10]/S0
          Clock: (R) clock

                     Capture       Launch     
        Clock Edge:+    1400            0     
       Src Latency:+       0            0     
       Net Latency:+       0 (I)        0 (I) 
           Arrival:=    1400            0     
                                              
             Setup:-     150                  
     Required Time:=    1250                  
      Launch Clock:-       0                  
         Data Path:-    1131                  
             Slack:=     119                  

#--------------------------------------------------------------------------------------------------
#     Timing Point       Flags    Arc   Edge    Cell      Fanout Load Trans Delay Arrival Instance 
#                                                                (fF)  (ps)  (ps)   (ps)  Location 
#--------------------------------------------------------------------------------------------------
  shift_reg_reg[0][3]/CK -       -      R     (arrival)      149    -     0     0       0    (-,-) 
  shift_reg_reg[0][3]/Q  -       CK->Q  F     DFFHQX1LVT       2  5.5    95   169     169    (-,-) 
  g5487/Y                -       A->Y   R     INVX2LVT         3  8.0    76    77     246    (-,-) 
  g5474__8246/Y          -       A->Y   F     NAND2X2LVT       2  5.4   114   103     350    (-,-) 
  g5403__9945/CO         -       CI->CO F     ADDFX1LVT        1  3.5    73   166     515    (-,-) 
  g5385__8246/CO         -       CI->CO F     ADDFX1LVT        1  3.5    73   150     665    (-,-) 
  g5369__8428/CO         -       CI->CO F     ADDFX1LVT        1  3.5    73   150     815    (-,-) 
  g5353__1666/CO         -       CI->CO F     ADDFX1LVT        1  3.5    73   150     965    (-,-) 
  g5336__5115/CO         -       CI->CO F     ADDFX1LVT        2  5.4   103   166    1131    (-,-) 
  prod_reg_reg[1][10]/S0 -       -      F     MDFFHQX4LVT      2    -     -     0    1131    (-,-) 
#--------------------------------------------------------------------------------------------------



Path 28: MET (126 ps) Setup Check with Pin prod_reg_reg[1][9]/CK->D
          Group: clock
     Startpoint: (R) shift_reg_reg[0][3]/CK
          Clock: (R) clock
       Endpoint: (R) prod_reg_reg[1][9]/D
          Clock: (R) clock

                     Capture       Launch     
        Clock Edge:+    1400            0     
       Src Latency:+       0            0     
       Net Latency:+       0 (I)        0 (I) 
           Arrival:=    1400            0     
                                              
             Setup:-      92                  
     Required Time:=    1308                  
      Launch Clock:-       0                  
         Data Path:-    1182                  
             Slack:=     126                  

#-------------------------------------------------------------------------------------------------
#     Timing Point       Flags    Arc   Edge    Cell     Fanout Load Trans Delay Arrival Instance 
#                                                               (fF)  (ps)  (ps)   (ps)  Location 
#-------------------------------------------------------------------------------------------------
  shift_reg_reg[0][3]/CK -       -      R     (arrival)     149    -     0     0       0    (-,-) 
  shift_reg_reg[0][3]/Q  -       CK->Q  F     DFFHQX1LVT      2  5.5    95   169     169    (-,-) 
  g5487/Y                -       A->Y   R     INVX2LVT        3  8.0    76    77     246    (-,-) 
  g5474__8246/Y          -       A->Y   F     NAND2X2LVT      2  5.4   114   103     350    (-,-) 
  g5403__9945/CO         -       CI->CO F     ADDFX1LVT       1  3.5    73   166     515    (-,-) 
  g5385__8246/CO         -       CI->CO F     ADDFX1LVT       1  3.5    73   150     665    (-,-) 
  g5369__8428/CO         -       CI->CO F     ADDFX1LVT       1  3.5    73   150     815    (-,-) 
  g5353__1666/CO         -       CI->CO F     ADDFX1LVT       1  3.5    73   150     965    (-,-) 
  g5336__5115/S          -       CI->S  R     ADDFX1LVT       1  3.1    64   218    1182    (-,-) 
  prod_reg_reg[1][9]/D   -       -      R     DFFQX2LVT       1    -     -     0    1182    (-,-) 
#-------------------------------------------------------------------------------------------------



Path 29: MET (157 ps) Setup Check with Pin data_out_reg_reg[4]/CK->D
          Group: clock
     Startpoint: (R) prod_reg_reg[5][2]/CK
          Clock: (R) clock
       Endpoint: (R) data_out_reg_reg[4]/D
          Clock: (R) clock

                     Capture       Launch     
        Clock Edge:+    1400            0     
       Src Latency:+       0            0     
       Net Latency:+       0 (I)        0 (I) 
           Arrival:=    1400            0     
                                              
             Setup:-      83                  
     Required Time:=    1317                  
      Launch Clock:-       0                  
         Data Path:-    1160                  
             Slack:=     157                  

#--------------------------------------------------------------------------------------------------------------------------------
#                    Timing Point                     Flags    Arc   Edge     Cell      Fanout Load Trans Delay Arrival Instance 
#                                                                                              (fF)  (ps)  (ps)   (ps)  Location 
#--------------------------------------------------------------------------------------------------------------------------------
  prod_reg_reg[5][2]/CK                               -       -      R     (arrival)       149    -     0     0       0    (-,-) 
  prod_reg_reg[5][2]/Q                                -       CK->Q  R     DFFHQX8LVT        4 11.3    34   160     160    (-,-) 
  csa_tree_ADD_TC_OP_12_groupi_cdnfadd_002_0__9315/CO -       A->CO  R     ADDFX1LVT         1  3.5    67   151     311    (-,-) 
  g5659/CO                                            -       CI->CO R     ADDFX1LVT         2  5.0    88   167     478    (-,-) 
  g5673/Y                                             -       A->Y   F     XOR3X1LVT         1  3.7    89   254     733    (-,-) 
  g5886/Y                                             -       A->Y   F     BUFX6LVT          2  8.4    36    81     814    (-,-) 
  g5888/Y                                             -       B->Y   R     NAND2X6LVT        2  6.4    41    29     843    (-,-) 
  g5926/Y                                             -       A->Y   R     BUFX2LVT          2  5.2    47    81     924    (-,-) 
  g21/Y                                               -       B->Y   F     NAND2BX1LVT       1  3.3   132   101    1025    (-,-) 
  csa_tree_ADD_TC_OP_12_groupi_g3798__1881/Y          -       B->Y   R     CLKXOR2X1LVT      1  3.2    57   135    1160    (-,-) 
  data_out_reg_reg[4]/D                               -       -      R     DFFHQX1LVT        1    -     -     0    1160    (-,-) 
#--------------------------------------------------------------------------------------------------------------------------------



Path 30: MET (166 ps) Setup Check with Pin prod_reg_reg[2][9]/CK->D
          Group: clock
     Startpoint: (R) prod_reg_reg[1][3]/CK
          Clock: (R) clock
       Endpoint: (R) prod_reg_reg[2][9]/D
          Clock: (R) clock

                     Capture       Launch     
        Clock Edge:+    1400            0     
       Src Latency:+       0            0     
       Net Latency:+       0 (I)        0 (I) 
           Arrival:=    1400            0     
                                              
             Setup:-      92                  
     Required Time:=    1308                  
      Launch Clock:-       0                  
         Data Path:-    1142                  
             Slack:=     166                  

#------------------------------------------------------------------------------------------------
#     Timing Point      Flags    Arc   Edge    Cell     Fanout Load Trans Delay Arrival Instance 
#                                                              (fF)  (ps)  (ps)   (ps)  Location 
#------------------------------------------------------------------------------------------------
  prod_reg_reg[1][3]/CK -       -      R     (arrival)     149    -     0     0       0    (-,-) 
  prod_reg_reg[1][3]/Q  -       CK->Q  R     DFFHQX2LVT      2  5.7    49   139     139    (-,-) 
  g2/Y                  -       A->Y   R     BUFX3LVT        3  7.4    45    76     215    (-,-) 
  g5466__2802/CO        -       A->CO  R     ADDHX1LVT       1  3.5    60   115     330    (-,-) 
  g5404__2883/CO        -       CI->CO R     ADDFX1LVT       1  3.5    67   152     482    (-,-) 
  g5387__6131/CO        -       CI->CO R     ADDFX1LVT       1  3.5    67   155     637    (-,-) 
  g5373__1617/CO        -       CI->CO R     ADDFX1LVT       1  3.5    67   155     792    (-,-) 
  g5356__5477/CO        -       CI->CO R     ADDFX1LVT       1  3.5    67   155     947    (-,-) 
  g5337__7482/S         -       CI->S  R     ADDFX1LVT       1  3.1    63   195    1142    (-,-) 
  prod_reg_reg[2][9]/D  -       -      R     DFFQX2LVT       1    -     -     0    1142    (-,-) 
#------------------------------------------------------------------------------------------------



Path 31: MET (193 ps) Setup Check with Pin prod_reg_reg[5][9]/CK->D
          Group: clock
     Startpoint: (R) shift_reg_reg[4][2]/CK
          Clock: (R) clock
       Endpoint: (R) prod_reg_reg[5][9]/D
          Clock: (R) clock

                     Capture       Launch     
        Clock Edge:+    1400            0     
       Src Latency:+       0            0     
       Net Latency:+       0 (I)        0 (I) 
           Arrival:=    1400            0     
                                              
             Setup:-      89                  
     Required Time:=    1311                  
      Launch Clock:-       0                  
         Data Path:-    1118                  
             Slack:=     193                  

#-------------------------------------------------------------------------------------------------
#     Timing Point       Flags    Arc   Edge    Cell     Fanout Load Trans Delay Arrival Instance 
#                                                               (fF)  (ps)  (ps)   (ps)  Location 
#-------------------------------------------------------------------------------------------------
  shift_reg_reg[4][2]/CK -       -      R     (arrival)     149    -     0     0       0    (-,-) 
  shift_reg_reg[4][2]/Q  -       CK->Q  R     DFFHQX1LVT      3  7.5   113   165     165    (-,-) 
  g5429__2398/CO         -       A->CO  R     ADDHX1LVT       1  3.5    60   141     306    (-,-) 
  g5388__1881/CO         -       CI->CO R     ADDFX1LVT       1  3.5    67   152     458    (-,-) 
  g5372__3680/CO         -       CI->CO R     ADDFX1LVT       1  3.5    67   155     613    (-,-) 
  g5357__2398/CO         -       CI->CO R     ADDFX1LVT       1  3.5    67   155     768    (-,-) 
  g5340__9315/CO         -       CI->CO R     ADDFX1LVT       1  3.5    67   155     923    (-,-) 
  g5316__1617/S          -       CI->S  R     ADDFX1LVT       1  3.1    64   195    1118    (-,-) 
  prod_reg_reg[5][9]/D   -       -      R     DFFX1LVT        1    -     -     0    1118    (-,-) 
#-------------------------------------------------------------------------------------------------



Path 32: MET (236 ps) Setup Check with Pin prod_reg_reg[4][10]/CK->D
          Group: clock
     Startpoint: (R) prod_reg_reg[3][3]/CK
          Clock: (R) clock
       Endpoint: (R) prod_reg_reg[4][10]/D
          Clock: (R) clock

                     Capture       Launch     
        Clock Edge:+    1400            0     
       Src Latency:+       0            0     
       Net Latency:+       0 (I)        0 (I) 
           Arrival:=    1400            0     
                                              
             Setup:-      92                  
     Required Time:=    1308                  
      Launch Clock:-       0                  
         Data Path:-    1072                  
             Slack:=     236                  

#--------------------------------------------------------------------------------------------------
#     Timing Point      Flags    Arc   Edge     Cell      Fanout Load Trans Delay Arrival Instance 
#                                                                (fF)  (ps)  (ps)   (ps)  Location 
#--------------------------------------------------------------------------------------------------
  prod_reg_reg[3][3]/CK -       -      R     (arrival)       149    -     0     0       0    (-,-) 
  prod_reg_reg[3][3]/Q  -       CK->Q  F     DFFX4LVT          6 13.1    66   178     178    (-,-) 
  g5489__6131/Y         -       B->Y   F     OR2X6LVT          3  9.0    45   106     283    (-,-) 
  g5446__5526/Y         -       B->Y   R     NOR2X6LVT         3  7.1    57    47     330    (-,-) 
  g5399__6161/Y         -       A1N->Y R     AOI2BB1X4LVT      1  3.5    55    86     416    (-,-) 
  g5379__5122/CO        -       CI->CO R     ADDFX1LVT         1  3.5    67   150     566    (-,-) 
  g5363__4319/CO        -       CI->CO R     ADDFX1LVT         1  3.5    67   155     722    (-,-) 
  g5347__2346/CO        -       CI->CO R     ADDFX1LVT         1  3.5    67   155     877    (-,-) 
  g5330__1881/S         -       CI->S  R     ADDFX1LVT         1  3.1    64   195    1072    (-,-) 
  prod_reg_reg[4][10]/D -       -      R     DFFX4LVT          1    -     -     0    1072    (-,-) 
#--------------------------------------------------------------------------------------------------



Path 33: MET (237 ps) Setup Check with Pin prod_reg_reg[3][10]/CK->D
          Group: clock
     Startpoint: (R) prod_reg_reg[2][3]/CK
          Clock: (R) clock
       Endpoint: (R) prod_reg_reg[3][10]/D
          Clock: (R) clock

                     Capture       Launch     
        Clock Edge:+    1400            0     
       Src Latency:+       0            0     
       Net Latency:+       0 (I)        0 (I) 
           Arrival:=    1400            0     
                                              
             Setup:-      92                  
     Required Time:=    1308                  
      Launch Clock:-       0                  
         Data Path:-    1072                  
             Slack:=     237                  

#--------------------------------------------------------------------------------------------------
#     Timing Point      Flags    Arc   Edge     Cell      Fanout Load Trans Delay Arrival Instance 
#                                                                (fF)  (ps)  (ps)   (ps)  Location 
#--------------------------------------------------------------------------------------------------
  prod_reg_reg[2][3]/CK -       -      R     (arrival)       149    -     0     0       0    (-,-) 
  prod_reg_reg[2][3]/Q  -       CK->Q  F     DFFQX4LVT         5 12.0    60   170     170    (-,-) 
  g5532__5115/Y         -       A->Y   F     OR2X6LVT          3  9.0    45   110     280    (-,-) 
  g5462__1617/Y         -       B->Y   R     NOR2X6LVT         3  7.1    66    47     327    (-,-) 
  g5412__2346/Y         -       A1N->Y R     AOI2BB1X4LVT      1  3.5    55    90     416    (-,-) 
  g5386__7098/CO        -       CI->CO R     ADDFX1LVT         1  3.5    67   150     566    (-,-) 
  g5370__5526/CO        -       CI->CO R     ADDFX1LVT         1  3.5    67   155     722    (-,-) 
  g5355__6417/CO        -       CI->CO R     ADDFX1LVT         1  3.5    67   155     877    (-,-) 
  g5339__6161/S         -       CI->S  R     ADDFX1LVT         1  3.1    63   195    1072    (-,-) 
  prod_reg_reg[3][10]/D -       -      R     DFFX4LVT          1    -     -     0    1072    (-,-) 
#--------------------------------------------------------------------------------------------------



Path 34: MET (248 ps) Setup Check with Pin prod_reg_reg[7][8]/CK->D
          Group: clock
     Startpoint: (R) shift_reg_reg[6][3]/CK
          Clock: (R) clock
       Endpoint: (R) prod_reg_reg[7][8]/D
          Clock: (R) clock

                     Capture       Launch     
        Clock Edge:+    1400            0     
       Src Latency:+       0            0     
       Net Latency:+       0 (I)        0 (I) 
           Arrival:=    1400            0     
                                              
             Setup:-      88                  
     Required Time:=    1312                  
      Launch Clock:-       0                  
         Data Path:-    1064                  
             Slack:=     248                  

#-------------------------------------------------------------------------------------------------
#     Timing Point       Flags    Arc   Edge    Cell     Fanout Load Trans Delay Arrival Instance 
#                                                               (fF)  (ps)  (ps)   (ps)  Location 
#-------------------------------------------------------------------------------------------------
  shift_reg_reg[6][3]/CK -       -      R     (arrival)     149    -     0     0       0    (-,-) 
  shift_reg_reg[6][3]/QN -       CK->QN R     DFFX4LVT        3  8.7    43   203     203    (-,-) 
  g5400__9315/Y          -       B->Y   F     NAND2X4LVT      2  5.5    70    61     264    (-,-) 
  g5371__6783/CO         -       CI->CO F     ADDFHX2LVT      1  3.5    52   140     404    (-,-) 
  g5354__7410/CO         -       CI->CO F     ADDFX1LVT       1  3.5    73   142     546    (-,-) 
  g5338__4733/CO         -       CI->CO F     ADDFX1LVT       1  3.5    73   150     696    (-,-) 
  g5318__1705/CO         -       CI->CO F     ADDFX1LVT       1  3.5    73   150     845    (-,-) 
  g5302__4319/S          -       CI->S  R     ADDFX1LVT       1  3.2    65   218    1064    (-,-) 
  prod_reg_reg[7][8]/D   -       -      R     DFFHQX4LVT      1    -     -     0    1064    (-,-) 
#-------------------------------------------------------------------------------------------------



Path 35: MET (251 ps) Setup Check with Pin prod_reg_reg[6][9]/CK->D
          Group: clock
     Startpoint: (R) shift_reg_reg[5][3]/CK
          Clock: (R) clock
       Endpoint: (R) prod_reg_reg[6][9]/D
          Clock: (R) clock

                     Capture       Launch     
        Clock Edge:+    1400            0     
       Src Latency:+       0            0     
       Net Latency:+       0 (I)        0 (I) 
           Arrival:=    1400            0     
                                              
             Setup:-      89                  
     Required Time:=    1311                  
      Launch Clock:-       0                  
         Data Path:-    1060                  
             Slack:=     251                  

#-------------------------------------------------------------------------------------------------
#     Timing Point       Flags    Arc   Edge    Cell     Fanout Load Trans Delay Arrival Instance 
#                                                               (fF)  (ps)  (ps)   (ps)  Location 
#-------------------------------------------------------------------------------------------------
  shift_reg_reg[5][3]/CK -       -      R     (arrival)     149    -     0     0       0    (-,-) 
  shift_reg_reg[5][3]/QN -       CK->QN R     DFFX4LVT        3  9.6    46   205     205    (-,-) 
  g5414__1666/Y          -       B->Y   F     NAND2X6LVT      2  5.5    57    53     257    (-,-) 
  g5376__2802/CO         -       CI->CO F     ADDFHX1LVT      1  3.5    71   137     394    (-,-) 
  g5360__5107/CO         -       CI->CO F     ADDFX1LVT       1  3.5    73   149     543    (-,-) 
  g5344__9945/CO         -       CI->CO F     ADDFX1LVT       1  3.5    73   150     693    (-,-) 
  g5326__8246/CO         -       CI->CO F     ADDFX1LVT       1  3.5    73   150     843    (-,-) 
  g5307__5526/S          -       CI->S  R     ADDFX1LVT       1  3.1    63   218    1060    (-,-) 
  prod_reg_reg[6][9]/D   -       -      R     DFFX1LVT        1    -     -     0    1060    (-,-) 
#-------------------------------------------------------------------------------------------------



Path 36: MET (263 ps) Setup Check with Pin data_out_reg_reg[3]/CK->D
          Group: clock
     Startpoint: (R) prod_reg_reg[5][3]/CK
          Clock: (R) clock
       Endpoint: (R) data_out_reg_reg[3]/D
          Clock: (R) clock

                     Capture       Launch     
        Clock Edge:+    1400            0     
       Src Latency:+       0            0     
       Net Latency:+       0 (I)        0 (I) 
           Arrival:=    1400            0     
                                              
             Setup:-      83                  
     Required Time:=    1317                  
      Launch Clock:-       0                  
         Data Path:-    1054                  
             Slack:=     263                  

#------------------------------------------------------------------------------------------------------------------------------
#                   Timing Point                     Flags   Arc   Edge     Cell      Fanout Load Trans Delay Arrival Instance 
#                                                                                            (fF)  (ps)  (ps)   (ps)  Location 
#------------------------------------------------------------------------------------------------------------------------------
  prod_reg_reg[5][3]/CK                              -       -     R     (arrival)       149    -     0     0       0    (-,-) 
  prod_reg_reg[5][3]/Q                               -       CK->Q F     DFFX4LVT          2  5.8    36   161     161    (-,-) 
  csa_tree_ADD_TC_OP_12_groupi_cdnfadd_003_0__2883/S -       B->S  R     ADDFHX1LVT        1  4.2    75   196     358    (-,-) 
  g5658/Y                                            -       A->Y  F     INVX3LVT          3  9.4    69    65     423    (-,-) 
  g5665/Y                                            -       A->Y  F     CLKAND2X6LVT      1  4.5    26    82     505    (-,-) 
  g5663/Y                                            -       B->Y  R     NOR2X4LVT         2  6.1    60    47     552    (-,-) 
  g5662/Y                                            -       A->Y  F     INVX3LVT          1  3.3    34    41     593    (-,-) 
  g5661/Y                                            -       A->Y  F     CLKMX2X3LVT       2  6.3    54   122     715    (-,-) 
  g5877/Y                                            -       B->Y  F     CLKAND2X2LVT      2  7.0    67    99     814    (-,-) 
  csa_tree_ADD_TC_OP_12_groupi_g3759__9945/Y         -       B->Y  F     OR2X1LVT          1  3.3    63   106     920    (-,-) 
  csa_tree_ADD_TC_OP_12_groupi_g3755__4733/Y         -       B->Y  R     XNOR2X1LVT        1  3.2    57   134    1054    (-,-) 
  data_out_reg_reg[3]/D                              -       -     R     DFFHQX1LVT        1    -     -     0    1054    (-,-) 
#------------------------------------------------------------------------------------------------------------------------------



Path 37: MET (265 ps) Setup Check with Pin prod_reg_reg[0][8]/CK->D
          Group: clock
     Startpoint: (R) data_in_reg_reg[3]/CK
          Clock: (R) clock
       Endpoint: (R) prod_reg_reg[0][8]/D
          Clock: (R) clock

                     Capture       Launch     
        Clock Edge:+    1400            0     
       Src Latency:+       0            0     
       Net Latency:+       0 (I)        0 (I) 
           Arrival:=    1400            0     
                                              
             Setup:-      92                  
     Required Time:=    1308                  
      Launch Clock:-       0                  
         Data Path:-    1044                  
             Slack:=     265                  

#-------------------------------------------------------------------------------------------------
#     Timing Point      Flags    Arc   Edge    Cell      Fanout Load Trans Delay Arrival Instance 
#                                                               (fF)  (ps)  (ps)   (ps)  Location 
#-------------------------------------------------------------------------------------------------
  data_in_reg_reg[3]/CK -       -      R     (arrival)      149    -     0     0       0    (-,-) 
  data_in_reg_reg[3]/Q  -       CK->Q  F     DFFQX4LVT        2  6.3    36   157     157    (-,-) 
  g5522/Y               -       A->Y   R     CLKINVX4LVT      3  9.8    46    39     196    (-,-) 
  g5491__1881/Y         -       B->Y   F     NAND2X6LVT       2  5.7    59    53     249    (-,-) 
  g5419__7410/CO        -       CI->CO F     ADDFHX2LVT       1  3.5    52   136     384    (-,-) 
  g5391__5115/CO        -       CI->CO F     ADDFX1LVT        1  3.5    73   142     526    (-,-) 
  g5377__1705/CO        -       CI->CO F     ADDFX1LVT        1  3.5    73   150     676    (-,-) 
  g5361__6260/CO        -       CI->CO F     ADDFX1LVT        1  3.5    73   150     826    (-,-) 
  g5345__2883/S         -       CI->S  R     ADDFX1LVT        1  3.1    63   218    1044    (-,-) 
  prod_reg_reg[0][8]/D  -       -      R     DFFQX2LVT        1    -     -     0    1044    (-,-) 
#-------------------------------------------------------------------------------------------------



Path 38: MET (276 ps) Setup Check with Pin prod_reg_reg[1][8]/CK->D
          Group: clock
     Startpoint: (R) shift_reg_reg[0][3]/CK
          Clock: (R) clock
       Endpoint: (R) prod_reg_reg[1][8]/D
          Clock: (R) clock

                     Capture       Launch     
        Clock Edge:+    1400            0     
       Src Latency:+       0            0     
       Net Latency:+       0 (I)        0 (I) 
           Arrival:=    1400            0     
                                              
             Setup:-      92                  
     Required Time:=    1308                  
      Launch Clock:-       0                  
         Data Path:-    1033                  
             Slack:=     276                  

#-------------------------------------------------------------------------------------------------
#     Timing Point       Flags    Arc   Edge    Cell     Fanout Load Trans Delay Arrival Instance 
#                                                               (fF)  (ps)  (ps)   (ps)  Location 
#-------------------------------------------------------------------------------------------------
  shift_reg_reg[0][3]/CK -       -      R     (arrival)     149    -     0     0       0    (-,-) 
  shift_reg_reg[0][3]/Q  -       CK->Q  F     DFFHQX1LVT      2  5.5    95   169     169    (-,-) 
  g5487/Y                -       A->Y   R     INVX2LVT        3  8.0    76    77     246    (-,-) 
  g5474__8246/Y          -       A->Y   F     NAND2X2LVT      2  5.4   114   103     350    (-,-) 
  g5403__9945/CO         -       CI->CO F     ADDFX1LVT       1  3.5    73   166     515    (-,-) 
  g5385__8246/CO         -       CI->CO F     ADDFX1LVT       1  3.5    73   150     665    (-,-) 
  g5369__8428/CO         -       CI->CO F     ADDFX1LVT       1  3.5    73   150     815    (-,-) 
  g5353__1666/S          -       CI->S  R     ADDFX1LVT       1  3.1    64   218    1033    (-,-) 
  prod_reg_reg[1][8]/D   -       -      R     DFFQX2LVT       1    -     -     0    1033    (-,-) 
#-------------------------------------------------------------------------------------------------



Path 39: MET (322 ps) Setup Check with Pin prod_reg_reg[2][8]/CK->D
          Group: clock
     Startpoint: (R) prod_reg_reg[1][3]/CK
          Clock: (R) clock
       Endpoint: (R) prod_reg_reg[2][8]/D
          Clock: (R) clock

                     Capture       Launch     
        Clock Edge:+    1400            0     
       Src Latency:+       0            0     
       Net Latency:+       0 (I)        0 (I) 
           Arrival:=    1400            0     
                                              
             Setup:-      92                  
     Required Time:=    1308                  
      Launch Clock:-       0                  
         Data Path:-     987                  
             Slack:=     322                  

#------------------------------------------------------------------------------------------------
#     Timing Point      Flags    Arc   Edge    Cell     Fanout Load Trans Delay Arrival Instance 
#                                                              (fF)  (ps)  (ps)   (ps)  Location 
#------------------------------------------------------------------------------------------------
  prod_reg_reg[1][3]/CK -       -      R     (arrival)     149    -     0     0       0    (-,-) 
  prod_reg_reg[1][3]/Q  -       CK->Q  R     DFFHQX2LVT      2  5.7    49   139     139    (-,-) 
  g2/Y                  -       A->Y   R     BUFX3LVT        3  7.4    45    76     215    (-,-) 
  g5466__2802/CO        -       A->CO  R     ADDHX1LVT       1  3.5    60   115     330    (-,-) 
  g5404__2883/CO        -       CI->CO R     ADDFX1LVT       1  3.5    67   152     482    (-,-) 
  g5387__6131/CO        -       CI->CO R     ADDFX1LVT       1  3.5    67   155     637    (-,-) 
  g5373__1617/CO        -       CI->CO R     ADDFX1LVT       1  3.5    67   155     792    (-,-) 
  g5356__5477/S         -       CI->S  R     ADDFX1LVT       1  3.1    63   195     987    (-,-) 
  prod_reg_reg[2][8]/D  -       -      R     DFFQX2LVT       1    -     -     0     987    (-,-) 
#------------------------------------------------------------------------------------------------



Path 40: MET (348 ps) Setup Check with Pin prod_reg_reg[5][8]/CK->D
          Group: clock
     Startpoint: (R) shift_reg_reg[4][2]/CK
          Clock: (R) clock
       Endpoint: (R) prod_reg_reg[5][8]/D
          Clock: (R) clock

                     Capture       Launch     
        Clock Edge:+    1400            0     
       Src Latency:+       0            0     
       Net Latency:+       0 (I)        0 (I) 
           Arrival:=    1400            0     
                                              
             Setup:-      89                  
     Required Time:=    1311                  
      Launch Clock:-       0                  
         Data Path:-     963                  
             Slack:=     348                  

#-------------------------------------------------------------------------------------------------
#     Timing Point       Flags    Arc   Edge    Cell     Fanout Load Trans Delay Arrival Instance 
#                                                               (fF)  (ps)  (ps)   (ps)  Location 
#-------------------------------------------------------------------------------------------------
  shift_reg_reg[4][2]/CK -       -      R     (arrival)     149    -     0     0       0    (-,-) 
  shift_reg_reg[4][2]/Q  -       CK->Q  R     DFFHQX1LVT      3  7.5   113   165     165    (-,-) 
  g5429__2398/CO         -       A->CO  R     ADDHX1LVT       1  3.5    60   141     306    (-,-) 
  g5388__1881/CO         -       CI->CO R     ADDFX1LVT       1  3.5    67   152     458    (-,-) 
  g5372__3680/CO         -       CI->CO R     ADDFX1LVT       1  3.5    67   155     613    (-,-) 
  g5357__2398/CO         -       CI->CO R     ADDFX1LVT       1  3.5    67   155     768    (-,-) 
  g5340__9315/S          -       CI->S  R     ADDFX1LVT       1  3.1    63   195     963    (-,-) 
  prod_reg_reg[5][8]/D   -       -      R     DFFX1LVT        1    -     -     0     963    (-,-) 
#-------------------------------------------------------------------------------------------------



Path 41: MET (395 ps) Setup Check with Pin prod_reg_reg[4][9]/CK->D
          Group: clock
     Startpoint: (R) prod_reg_reg[3][3]/CK
          Clock: (R) clock
       Endpoint: (R) prod_reg_reg[4][9]/D
          Clock: (R) clock

                     Capture       Launch     
        Clock Edge:+    1400            0     
       Src Latency:+       0            0     
       Net Latency:+       0 (I)        0 (I) 
           Arrival:=    1400            0     
                                              
             Setup:-      88                  
     Required Time:=    1312                  
      Launch Clock:-       0                  
         Data Path:-     917                  
             Slack:=     395                  

#--------------------------------------------------------------------------------------------------
#     Timing Point      Flags    Arc   Edge     Cell      Fanout Load Trans Delay Arrival Instance 
#                                                                (fF)  (ps)  (ps)   (ps)  Location 
#--------------------------------------------------------------------------------------------------
  prod_reg_reg[3][3]/CK -       -      R     (arrival)       149    -     0     0       0    (-,-) 
  prod_reg_reg[3][3]/Q  -       CK->Q  F     DFFX4LVT          6 13.1    66   178     178    (-,-) 
  g5489__6131/Y         -       B->Y   F     OR2X6LVT          3  9.0    45   106     283    (-,-) 
  g5446__5526/Y         -       B->Y   R     NOR2X6LVT         3  7.1    57    47     330    (-,-) 
  g5399__6161/Y         -       A1N->Y R     AOI2BB1X4LVT      1  3.5    55    86     416    (-,-) 
  g5379__5122/CO        -       CI->CO R     ADDFX1LVT         1  3.5    67   150     566    (-,-) 
  g5363__4319/CO        -       CI->CO R     ADDFX1LVT         1  3.5    67   155     722    (-,-) 
  g5347__2346/S         -       CI->S  R     ADDFX1LVT         1  3.2    65   196     917    (-,-) 
  prod_reg_reg[4][9]/D  -       -      R     DFFHQX4LVT        1    -     -     0     917    (-,-) 
#--------------------------------------------------------------------------------------------------



Path 42: MET (395 ps) Setup Check with Pin prod_reg_reg[3][9]/CK->D
          Group: clock
     Startpoint: (R) prod_reg_reg[2][3]/CK
          Clock: (R) clock
       Endpoint: (R) prod_reg_reg[3][9]/D
          Clock: (R) clock

                     Capture       Launch     
        Clock Edge:+    1400            0     
       Src Latency:+       0            0     
       Net Latency:+       0 (I)        0 (I) 
           Arrival:=    1400            0     
                                              
             Setup:-      88                  
     Required Time:=    1312                  
      Launch Clock:-       0                  
         Data Path:-     917                  
             Slack:=     395                  

#--------------------------------------------------------------------------------------------------
#     Timing Point      Flags    Arc   Edge     Cell      Fanout Load Trans Delay Arrival Instance 
#                                                                (fF)  (ps)  (ps)   (ps)  Location 
#--------------------------------------------------------------------------------------------------
  prod_reg_reg[2][3]/CK -       -      R     (arrival)       149    -     0     0       0    (-,-) 
  prod_reg_reg[2][3]/Q  -       CK->Q  F     DFFQX4LVT         5 12.0    60   170     170    (-,-) 
  g5532__5115/Y         -       A->Y   F     OR2X6LVT          3  9.0    45   110     280    (-,-) 
  g5462__1617/Y         -       B->Y   R     NOR2X6LVT         3  7.1    66    47     327    (-,-) 
  g5412__2346/Y         -       A1N->Y R     AOI2BB1X4LVT      1  3.5    55    90     416    (-,-) 
  g5386__7098/CO        -       CI->CO R     ADDFX1LVT         1  3.5    67   150     566    (-,-) 
  g5370__5526/CO        -       CI->CO R     ADDFX1LVT         1  3.5    67   155     722    (-,-) 
  g5355__6417/S         -       CI->S  R     ADDFX1LVT         1  3.2    65   196     917    (-,-) 
  prod_reg_reg[3][9]/D  -       -      R     DFFHQX4LVT        1    -     -     0     917    (-,-) 
#--------------------------------------------------------------------------------------------------



Path 43: MET (398 ps) Setup Check with Pin prod_reg_reg[7][7]/CK->D
          Group: clock
     Startpoint: (R) shift_reg_reg[6][3]/CK
          Clock: (R) clock
       Endpoint: (R) prod_reg_reg[7][7]/D
          Clock: (R) clock

                     Capture       Launch     
        Clock Edge:+    1400            0     
       Src Latency:+       0            0     
       Net Latency:+       0 (I)        0 (I) 
           Arrival:=    1400            0     
                                              
             Setup:-      88                  
     Required Time:=    1312                  
      Launch Clock:-       0                  
         Data Path:-     914                  
             Slack:=     398                  

#-------------------------------------------------------------------------------------------------
#     Timing Point       Flags    Arc   Edge    Cell     Fanout Load Trans Delay Arrival Instance 
#                                                               (fF)  (ps)  (ps)   (ps)  Location 
#-------------------------------------------------------------------------------------------------
  shift_reg_reg[6][3]/CK -       -      R     (arrival)     149    -     0     0       0    (-,-) 
  shift_reg_reg[6][3]/QN -       CK->QN R     DFFX4LVT        3  8.7    43   203     203    (-,-) 
  g5400__9315/Y          -       B->Y   F     NAND2X4LVT      2  5.5    70    61     264    (-,-) 
  g5371__6783/CO         -       CI->CO F     ADDFHX2LVT      1  3.5    52   140     404    (-,-) 
  g5354__7410/CO         -       CI->CO F     ADDFX1LVT       1  3.5    73   142     546    (-,-) 
  g5338__4733/CO         -       CI->CO F     ADDFX1LVT       1  3.5    73   150     696    (-,-) 
  g5318__1705/S          -       CI->S  R     ADDFX1LVT       1  3.2    65   218     914    (-,-) 
  prod_reg_reg[7][7]/D   -       -      R     DFFHQX4LVT      1    -     -     0     914    (-,-) 
#-------------------------------------------------------------------------------------------------



Path 44: MET (401 ps) Setup Check with Pin prod_reg_reg[6][8]/CK->D
          Group: clock
     Startpoint: (R) shift_reg_reg[5][3]/CK
          Clock: (R) clock
       Endpoint: (R) prod_reg_reg[6][8]/D
          Clock: (R) clock

                     Capture       Launch     
        Clock Edge:+    1400            0     
       Src Latency:+       0            0     
       Net Latency:+       0 (I)        0 (I) 
           Arrival:=    1400            0     
                                              
             Setup:-      89                  
     Required Time:=    1311                  
      Launch Clock:-       0                  
         Data Path:-     911                  
             Slack:=     401                  

#-------------------------------------------------------------------------------------------------
#     Timing Point       Flags    Arc   Edge    Cell     Fanout Load Trans Delay Arrival Instance 
#                                                               (fF)  (ps)  (ps)   (ps)  Location 
#-------------------------------------------------------------------------------------------------
  shift_reg_reg[5][3]/CK -       -      R     (arrival)     149    -     0     0       0    (-,-) 
  shift_reg_reg[5][3]/QN -       CK->QN R     DFFX4LVT        3  9.6    46   205     205    (-,-) 
  g5414__1666/Y          -       B->Y   F     NAND2X6LVT      2  5.5    57    53     257    (-,-) 
  g5376__2802/CO         -       CI->CO F     ADDFHX1LVT      1  3.5    71   137     394    (-,-) 
  g5360__5107/CO         -       CI->CO F     ADDFX1LVT       1  3.5    73   149     543    (-,-) 
  g5344__9945/CO         -       CI->CO F     ADDFX1LVT       1  3.5    73   150     693    (-,-) 
  g5326__8246/S          -       CI->S  R     ADDFX1LVT       1  3.1    63   218     911    (-,-) 
  prod_reg_reg[6][8]/D   -       -      R     DFFX1LVT        1    -     -     0     911    (-,-) 
#-------------------------------------------------------------------------------------------------



Path 45: MET (415 ps) Setup Check with Pin prod_reg_reg[0][7]/CK->D
          Group: clock
     Startpoint: (R) data_in_reg_reg[3]/CK
          Clock: (R) clock
       Endpoint: (R) prod_reg_reg[0][7]/D
          Clock: (R) clock

                     Capture       Launch     
        Clock Edge:+    1400            0     
       Src Latency:+       0            0     
       Net Latency:+       0 (I)        0 (I) 
           Arrival:=    1400            0     
                                              
             Setup:-      92                  
     Required Time:=    1308                  
      Launch Clock:-       0                  
         Data Path:-     894                  
             Slack:=     415                  

#-------------------------------------------------------------------------------------------------
#     Timing Point      Flags    Arc   Edge    Cell      Fanout Load Trans Delay Arrival Instance 
#                                                               (fF)  (ps)  (ps)   (ps)  Location 
#-------------------------------------------------------------------------------------------------
  data_in_reg_reg[3]/CK -       -      R     (arrival)      149    -     0     0       0    (-,-) 
  data_in_reg_reg[3]/Q  -       CK->Q  F     DFFQX4LVT        2  6.3    36   157     157    (-,-) 
  g5522/Y               -       A->Y   R     CLKINVX4LVT      3  9.8    46    39     196    (-,-) 
  g5491__1881/Y         -       B->Y   F     NAND2X6LVT       2  5.7    59    53     249    (-,-) 
  g5419__7410/CO        -       CI->CO F     ADDFHX2LVT       1  3.5    52   136     384    (-,-) 
  g5391__5115/CO        -       CI->CO F     ADDFX1LVT        1  3.5    73   142     526    (-,-) 
  g5377__1705/CO        -       CI->CO F     ADDFX1LVT        1  3.5    73   150     676    (-,-) 
  g5361__6260/S         -       CI->S  R     ADDFX1LVT        1  3.1    63   218     894    (-,-) 
  prod_reg_reg[0][7]/D  -       -      R     DFFQX2LVT        1    -     -     0     894    (-,-) 
#-------------------------------------------------------------------------------------------------



Path 46: MET (428 ps) Setup Check with Pin prod_reg_reg[1][7]/CK->D
          Group: clock
     Startpoint: (R) shift_reg_reg[0][3]/CK
          Clock: (R) clock
       Endpoint: (R) prod_reg_reg[1][7]/D
          Clock: (R) clock

                     Capture       Launch     
        Clock Edge:+    1400            0     
       Src Latency:+       0            0     
       Net Latency:+       0 (I)        0 (I) 
           Arrival:=    1400            0     
                                              
             Setup:-      88                  
     Required Time:=    1312                  
      Launch Clock:-       0                  
         Data Path:-     884                  
             Slack:=     428                  

#-------------------------------------------------------------------------------------------------
#     Timing Point       Flags    Arc   Edge    Cell     Fanout Load Trans Delay Arrival Instance 
#                                                               (fF)  (ps)  (ps)   (ps)  Location 
#-------------------------------------------------------------------------------------------------
  shift_reg_reg[0][3]/CK -       -      R     (arrival)     149    -     0     0       0    (-,-) 
  shift_reg_reg[0][3]/Q  -       CK->Q  F     DFFHQX1LVT      2  5.5    95   169     169    (-,-) 
  g5487/Y                -       A->Y   R     INVX2LVT        3  8.0    76    77     246    (-,-) 
  g5474__8246/Y          -       A->Y   F     NAND2X2LVT      2  5.4   114   103     350    (-,-) 
  g5403__9945/CO         -       CI->CO F     ADDFX1LVT       1  3.5    73   166     515    (-,-) 
  g5385__8246/CO         -       CI->CO F     ADDFX1LVT       1  3.5    73   150     665    (-,-) 
  g5369__8428/S          -       CI->S  R     ADDFX1LVT       1  3.2    65   218     884    (-,-) 
  prod_reg_reg[1][7]/D   -       -      R     DFFHQX4LVT      1    -     -     0     884    (-,-) 
#-------------------------------------------------------------------------------------------------



Path 47: MET (477 ps) Setup Check with Pin prod_reg_reg[2][7]/CK->D
          Group: clock
     Startpoint: (R) prod_reg_reg[1][3]/CK
          Clock: (R) clock
       Endpoint: (R) prod_reg_reg[2][7]/D
          Clock: (R) clock

                     Capture       Launch     
        Clock Edge:+    1400            0     
       Src Latency:+       0            0     
       Net Latency:+       0 (I)        0 (I) 
           Arrival:=    1400            0     
                                              
             Setup:-      92                  
     Required Time:=    1308                  
      Launch Clock:-       0                  
         Data Path:-     832                  
             Slack:=     477                  

#------------------------------------------------------------------------------------------------
#     Timing Point      Flags    Arc   Edge    Cell     Fanout Load Trans Delay Arrival Instance 
#                                                              (fF)  (ps)  (ps)   (ps)  Location 
#------------------------------------------------------------------------------------------------
  prod_reg_reg[1][3]/CK -       -      R     (arrival)     149    -     0     0       0    (-,-) 
  prod_reg_reg[1][3]/Q  -       CK->Q  R     DFFHQX2LVT      2  5.7    49   139     139    (-,-) 
  g2/Y                  -       A->Y   R     BUFX3LVT        3  7.4    45    76     215    (-,-) 
  g5466__2802/CO        -       A->CO  R     ADDHX1LVT       1  3.5    60   115     330    (-,-) 
  g5404__2883/CO        -       CI->CO R     ADDFX1LVT       1  3.5    67   152     482    (-,-) 
  g5387__6131/CO        -       CI->CO R     ADDFX1LVT       1  3.5    67   155     637    (-,-) 
  g5373__1617/S         -       CI->S  R     ADDFX1LVT       1  3.1    63   195     832    (-,-) 
  prod_reg_reg[2][7]/D  -       -      R     DFFQX2LVT       1    -     -     0     832    (-,-) 
#------------------------------------------------------------------------------------------------



Path 48: MET (500 ps) Setup Check with Pin prod_reg_reg[5][7]/CK->D
          Group: clock
     Startpoint: (R) shift_reg_reg[4][2]/CK
          Clock: (R) clock
       Endpoint: (R) prod_reg_reg[5][7]/D
          Clock: (R) clock

                     Capture       Launch     
        Clock Edge:+    1400            0     
       Src Latency:+       0            0     
       Net Latency:+       0 (I)        0 (I) 
           Arrival:=    1400            0     
                                              
             Setup:-      92                  
     Required Time:=    1308                  
      Launch Clock:-       0                  
         Data Path:-     809                  
             Slack:=     500                  

#-------------------------------------------------------------------------------------------------
#     Timing Point       Flags    Arc   Edge    Cell     Fanout Load Trans Delay Arrival Instance 
#                                                               (fF)  (ps)  (ps)   (ps)  Location 
#-------------------------------------------------------------------------------------------------
  shift_reg_reg[4][2]/CK -       -      R     (arrival)     149    -     0     0       0    (-,-) 
  shift_reg_reg[4][2]/Q  -       CK->Q  F     DFFHQX1LVT      3  7.3   123   185     185    (-,-) 
  g5429__2398/CO         -       A->CO  F     ADDHX1LVT       1  3.5    64   110     295    (-,-) 
  g5388__1881/CO         -       CI->CO F     ADDFX1LVT       1  3.5    73   146     441    (-,-) 
  g5372__3680/CO         -       CI->CO F     ADDFX1LVT       1  3.5    73   150     591    (-,-) 
  g5357__2398/S          -       CI->S  R     ADDFX1LVT       1  3.1    63   218     809    (-,-) 
  prod_reg_reg[5][7]/D   -       -      R     DFFX4LVT        1    -     -     0     809    (-,-) 
#-------------------------------------------------------------------------------------------------



Path 49: MET (545 ps) Setup Check with Pin prod_reg_reg[7][6]/CK->D
          Group: clock
     Startpoint: (R) shift_reg_reg[6][3]/CK
          Clock: (R) clock
       Endpoint: (R) prod_reg_reg[7][6]/D
          Clock: (R) clock

                     Capture       Launch     
        Clock Edge:+    1400            0     
       Src Latency:+       0            0     
       Net Latency:+       0 (I)        0 (I) 
           Arrival:=    1400            0     
                                              
             Setup:-      92                  
     Required Time:=    1308                  
      Launch Clock:-       0                  
         Data Path:-     763                  
             Slack:=     545                  

#-------------------------------------------------------------------------------------------------
#     Timing Point       Flags    Arc   Edge    Cell     Fanout Load Trans Delay Arrival Instance 
#                                                               (fF)  (ps)  (ps)   (ps)  Location 
#-------------------------------------------------------------------------------------------------
  shift_reg_reg[6][3]/CK -       -      R     (arrival)     149    -     0     0       0    (-,-) 
  shift_reg_reg[6][3]/QN -       CK->QN R     DFFX4LVT        3  8.7    43   203     203    (-,-) 
  g5400__9315/Y          -       B->Y   F     NAND2X4LVT      2  5.5    70    61     264    (-,-) 
  g5371__6783/CO         -       CI->CO F     ADDFHX2LVT      1  3.5    52   140     404    (-,-) 
  g5354__7410/CO         -       CI->CO F     ADDFX1LVT       1  3.5    73   142     546    (-,-) 
  g5338__4733/S          -       CI->S  R     ADDFX1LVT       1  3.1    63   217     763    (-,-) 
  prod_reg_reg[7][6]/D   -       -      R     DFFQX2LVT       1    -     -     0     763    (-,-) 
#-------------------------------------------------------------------------------------------------



Path 50: MET (548 ps) Setup Check with Pin prod_reg_reg[6][7]/CK->D
          Group: clock
     Startpoint: (R) shift_reg_reg[5][3]/CK
          Clock: (R) clock
       Endpoint: (R) prod_reg_reg[6][7]/D
          Clock: (R) clock

                     Capture       Launch     
        Clock Edge:+    1400            0     
       Src Latency:+       0            0     
       Net Latency:+       0 (I)        0 (I) 
           Arrival:=    1400            0     
                                              
             Setup:-      92                  
     Required Time:=    1308                  
      Launch Clock:-       0                  
         Data Path:-     761                  
             Slack:=     548                  

#-------------------------------------------------------------------------------------------------
#     Timing Point       Flags    Arc   Edge    Cell     Fanout Load Trans Delay Arrival Instance 
#                                                               (fF)  (ps)  (ps)   (ps)  Location 
#-------------------------------------------------------------------------------------------------
  shift_reg_reg[5][3]/CK -       -      R     (arrival)     149    -     0     0       0    (-,-) 
  shift_reg_reg[5][3]/QN -       CK->QN R     DFFX4LVT        3  9.6    46   205     205    (-,-) 
  g5414__1666/Y          -       B->Y   F     NAND2X6LVT      2  5.5    57    53     257    (-,-) 
  g5376__2802/CO         -       CI->CO F     ADDFHX1LVT      1  3.5    71   137     394    (-,-) 
  g5360__5107/CO         -       CI->CO F     ADDFX1LVT       1  3.5    73   149     543    (-,-) 
  g5344__9945/S          -       CI->S  R     ADDFX1LVT       1  3.1    63   218     761    (-,-) 
  prod_reg_reg[6][7]/D   -       -      R     DFFX4LVT        1    -     -     0     761    (-,-) 
#-------------------------------------------------------------------------------------------------

