============================================================
  Generated by:           Genus(TM) Synthesis Solution 23.10-p004_1
  Generated on:           Oct 08 2026  09:41:23 pm
  Module:                 fir_serial_pipe
  Operating conditions:   PVT_0P9V_125C 
  Interconnect mode:      global
  Area mode:              physical library
============================================================


Path 1: MET (0 ps) Setup Check with Pin prod_reg_reg[7][9]/CK->D
          Group: clock
     Startpoint: (R) shift_reg_reg[6][3]/CK
          Clock: (R) clock
       Endpoint: (R) prod_reg_reg[7][9]/D
          Clock: (R) clock

                     Capture       Launch     
        Clock Edge:+    1600            0     
       Src Latency:+       0            0     
       Net Latency:+       0 (I)        0 (I) 
           Arrival:=    1600            0     
                                              
             Setup:-      84                  
     Required Time:=    1516                  
      Launch Clock:-       0                  
         Data Path:-    1516                  
             Slack:=       0                  

#-------------------------------------------------------------------------------------------------
#     Timing Point       Flags    Arc   Edge    Cell     Fanout Load Trans Delay Arrival Instance 
#                                                               (fF)  (ps)  (ps)   (ps)  Location 
#-------------------------------------------------------------------------------------------------
  shift_reg_reg[6][3]/CK -       -      R     (arrival)     149    -     0     0       0    (-,-) 
  shift_reg_reg[6][3]/QN -       CK->QN R     DFFRX1LVT       3  7.5   114   210     210    (-,-) 
  g5361__9945/Y          -       A->Y   F     NAND2X1LVT      2  5.4   202   173     383    (-,-) 
  g5332__3680/CO         -       CI->CO F     ADDFX1LVT       1  3.5    74   199     582    (-,-) 
  g5315__6417/CO         -       CI->CO F     ADDFX1LVT       1  3.5    73   150     732    (-,-) 
  g5299__6161/CO         -       CI->CO F     ADDFX1LVT       1  3.5    73   150     882    (-,-) 
  g5278__1705/CO         -       CI->CO F     ADDFX1LVT       1  3.5    73   150    1032    (-,-) 
  g5262__4319/CO         -       CI->CO F     ADDFX1LVT       1  3.3    70   148    1180    (-,-) 
  g5260/Y                -       A->Y   R     INVX1LVT        1  3.5    64    66    1245    (-,-) 
  g5251__2398/S          -       CI->S  F     ADDFX1LVT       1  3.3    70   207    1453    (-,-) 
  g5250/Y                -       A->Y   R     INVX1LVT        1  3.2    60    64    1516    (-,-) 
  prod_reg_reg[7][9]/D   -       -      R     DFFHQX1LVT      1    -     -     0    1516    (-,-) 
#-------------------------------------------------------------------------------------------------



Path 2: MET (0 ps) Setup Check with Pin data_out_reg_reg[14]/CK->D
          Group: clock
     Startpoint: (R) prod_reg_reg[4][7]/CK
          Clock: (R) clock
       Endpoint: (R) data_out_reg_reg[14]/D
          Clock: (R) clock

                     Capture       Launch     
        Clock Edge:+    1600            0     
       Src Latency:+       0            0     
       Net Latency:+       0 (I)        0 (I) 
           Arrival:=    1600            0     
                                              
             Setup:-      83                  
     Required Time:=    1517                  
      Launch Clock:-       0                  
         Data Path:-    1517                  
             Slack:=       0                  

#-------------------------------------------------------------------------------------------------------------------------------
#                    Timing Point                     Flags   Arc   Edge     Cell      Fanout Load Trans Delay Arrival Instance 
#                                                                                             (fF)  (ps)  (ps)   (ps)  Location 
#-------------------------------------------------------------------------------------------------------------------------------
  prod_reg_reg[4][7]/CK                               -       -     R     (arrival)       149    -     0     0       0    (-,-) 
  prod_reg_reg[4][7]/Q                                -       CK->Q F     DFFHQX1LVT        1  3.7    66   154     154    (-,-) 
  csa_tree_ADD_TC_OP_12_groupi_cdnfadd_007_0__6131/CO -       A->CO F     ADDFX1LVT         1  3.5    73   149     303    (-,-) 
  csa_tree_ADD_TC_OP_12_groupi_cdnfadd_008_2__2883/S  -       CI->S R     ADDFX1LVT         1  4.3    80   227     530    (-,-) 
  csa_tree_ADD_TC_OP_12_groupi_cdnfadd_008_4__1666/S  -       A->S  F     ADDFHX1LVT        1  4.1    80   220     749    (-,-) 
  csa_tree_ADD_TC_OP_12_groupi_cdnfadd_008_5__7410/S  -       B->S  R     ADDFHX1LVT        2  7.1   116   235     984    (-,-) 
  csa_tree_ADD_TC_OP_12_groupi_g7024__5526/Y          -       B->Y  R     AND2X6LVT         5 13.9    55   135    1120    (-,-) 
  csa_tree_ADD_TC_OP_12_groupi_g6997__6131/Y          -       A->Y  F     NAND2X2LVT        1  4.5   100    86    1206    (-,-) 
  csa_tree_ADD_TC_OP_12_groupi_g6973__2346/Y          -       A1->Y R     AOI21X4LVT        1  4.7    65    77    1283    (-,-) 
  csa_tree_ADD_TC_OP_12_groupi_g6961__5122/Y          -       A1->Y F     OAI21X4LVT        1  4.5    78    72    1354    (-,-) 
  csa_tree_ADD_TC_OP_12_groupi_g6955__5526/Y          -       B0->Y R     OAI21X4LVT        1  3.4    54    42    1397    (-,-) 
  csa_tree_ADD_TC_OP_12_groupi_g6944__2883/Y          -       B->Y  R     CLKXOR2X1LVT      1  3.2    57   120    1517    (-,-) 
  data_out_reg_reg[14]/D                              -       -     R     DFFHQX1LVT        1    -     -     0    1517    (-,-) 
#-------------------------------------------------------------------------------------------------------------------------------



Path 3: MET (0 ps) Setup Check with Pin data_out_reg_reg[12]/CK->D
          Group: clock
     Startpoint: (R) prod_reg_reg[7][10]/CK
          Clock: (R) clock
       Endpoint: (R) data_out_reg_reg[12]/D
          Clock: (R) clock

                     Capture       Launch     
        Clock Edge:+    1600            0     
       Src Latency:+       0            0     
       Net Latency:+       0 (I)        0 (I) 
           Arrival:=    1600            0     
                                              
             Setup:-      83                  
     Required Time:=    1517                  
      Launch Clock:-       0                  
         Data Path:-    1517                  
             Slack:=       0                  

#--------------------------------------------------------------------------------------------------------------------------------
#                    Timing Point                     Flags    Arc   Edge     Cell      Fanout Load Trans Delay Arrival Instance 
#                                                                                              (fF)  (ps)  (ps)   (ps)  Location 
#--------------------------------------------------------------------------------------------------------------------------------
  prod_reg_reg[7][10]/CK                              -       -      R     (arrival)       149    -     0     0       0    (-,-) 
  prod_reg_reg[7][10]/QN                              -       CK->QN R     DFFX1LVT          1  3.8    61   177     177    (-,-) 
  csa_tree_ADD_TC_OP_12_groupi_cdnfadd_010_1__5526/S  -       A->S   F     ADDFX1LVT         1  3.8    78   230     406    (-,-) 
  csa_tree_ADD_TC_OP_12_groupi_cdnfadd_010_3__3680/CO -       CI->CO F     ADDFHX1LVT        1  3.8    76   147     553    (-,-) 
  csa_tree_ADD_TC_OP_12_groupi_cdnfadd_011_3__7098/S  -       CI->S  R     ADDFHX1LVT        1  4.2    75   207     760    (-,-) 
  csa_tree_ADD_TC_OP_12_groupi_cdnfadd_011_4__6131/S  -       B->S   F     ADDFHX2LVT        2  8.4    93   252    1011    (-,-) 
  csa_tree_ADD_TC_OP_12_groupi_g7046__6161/Y          -       B->Y   R     NOR2X6LVT         5 11.9    85    75    1087    (-,-) 
  csa_tree_ADD_TC_OP_12_groupi_g6991__2802/Y          -       B->Y   F     NOR2X2LVT         2  5.4    64    69    1156    (-,-) 
  csa_tree_ADD_TC_OP_12_groupi_g6989/Y                -       A->Y   R     INVX1LVT          1  3.3    60    62    1217    (-,-) 
  csa_tree_ADD_TC_OP_12_groupi_g6968__4733/Y          -       A0N->Y R     AOI2BB1X4LVT      1  5.6    64   102    1319    (-,-) 
  csa_tree_ADD_TC_OP_12_groupi_g6950__2398/Y          -       A->Y   F     NAND2X6LVT        2  5.6    57    65    1384    (-,-) 
  csa_tree_ADD_TC_OP_12_groupi_g6945__2346/Y          -       B->Y   R     XNOR2X1LVT        1  3.2    57   133    1517    (-,-) 
  data_out_reg_reg[12]/D                              -       -      R     DFFHQX1LVT        1    -     -     0    1517    (-,-) 
#--------------------------------------------------------------------------------------------------------------------------------



Path 4: MET (0 ps) Setup Check with Pin data_out_reg_reg[13]/CK->D
          Group: clock
     Startpoint: (R) prod_reg_reg[4][6]/CK
          Clock: (R) clock
       Endpoint: (R) data_out_reg_reg[13]/D
          Clock: (R) clock

                     Capture       Launch     
        Clock Edge:+    1600            0     
       Src Latency:+       0            0     
       Net Latency:+       0 (I)        0 (I) 
           Arrival:=    1600            0     
                                              
             Setup:-      83                  
     Required Time:=    1517                  
      Launch Clock:-       0                  
         Data Path:-    1517                  
             Slack:=       0                  

#------------------------------------------------------------------------------------------------------------------------------
#                   Timing Point                     Flags   Arc   Edge     Cell      Fanout Load Trans Delay Arrival Instance 
#                                                                                            (fF)  (ps)  (ps)   (ps)  Location 
#------------------------------------------------------------------------------------------------------------------------------
  prod_reg_reg[4][6]/CK                              -       -     R     (arrival)       149    -     0     0       0    (-,-) 
  prod_reg_reg[4][6]/Q                               -       CK->Q R     DFFHQX1LVT        1  3.8    61   136     136    (-,-) 
  csa_tree_ADD_TC_OP_12_groupi_cdnfadd_006_0__1617/S -       A->S  F     ADDFX1LVT         1  3.7    76   228     364    (-,-) 
  csa_tree_ADD_TC_OP_12_groupi_cdnfadd_006_3__5122/S -       B->S  R     ADDFX1LVT         1  3.8    73   228     592    (-,-) 
  csa_tree_ADD_TC_OP_12_groupi_cdnfadd_006_4__8246/S -       CI->S F     ADDFHX1LVT        1  3.8    76   196     788    (-,-) 
  csa_tree_ADD_TC_OP_12_groupi_cdnfadd_006_5__7098/S -       CI->S R     ADDFHX2LVT        2  7.1    78   239    1027    (-,-) 
  csa_tree_ADD_TC_OP_12_groupi_g7043__5115/Y         -       B->Y  F     NOR2X4LVT         2  6.0    56    52    1080    (-,-) 
  csa_tree_ADD_TC_OP_12_groupi_g7008__2346/Y         -       A->Y  R     NOR2X2LVT         1  4.7    88    80    1159    (-,-) 
  csa_tree_ADD_TC_OP_12_groupi_g6966__5115/Y         -       B->Y  F     NAND2X4LVT        1  4.1    65    71    1230    (-,-) 
  csa_tree_ADD_TC_OP_12_groupi_g6963__7098/Y         -       A->Y  F     CLKAND2X6LVT      6 18.5    65   102    1333    (-,-) 
  csa_tree_ADD_TC_OP_12_groupi_g6953__4319/Y         -       A0->Y R     OAI21X4LVT        1  3.4    54    64    1397    (-,-) 
  csa_tree_ADD_TC_OP_12_groupi_g6949__5477/Y         -       B->Y  R     CLKXOR2X1LVT      1  3.2    57   120    1517    (-,-) 
  data_out_reg_reg[13]/D                             -       -     R     DFFHQX1LVT        1    -     -     0    1517    (-,-) 
#------------------------------------------------------------------------------------------------------------------------------



Path 5: MET (5 ps) Setup Check with Pin data_out_reg_reg[11]/CK->D
          Group: clock
     Startpoint: (R) prod_reg_reg[4][6]/CK
          Clock: (R) clock
       Endpoint: (R) data_out_reg_reg[11]/D
          Clock: (R) clock

                     Capture       Launch     
        Clock Edge:+    1600            0     
       Src Latency:+       0            0     
       Net Latency:+       0 (I)        0 (I) 
           Arrival:=    1600            0     
                                              
             Setup:-      83                  
     Required Time:=    1517                  
      Launch Clock:-       0                  
         Data Path:-    1513                  
             Slack:=       5                  

#------------------------------------------------------------------------------------------------------------------------------
#                   Timing Point                     Flags   Arc   Edge     Cell      Fanout Load Trans Delay Arrival Instance 
#                                                                                            (fF)  (ps)  (ps)   (ps)  Location 
#------------------------------------------------------------------------------------------------------------------------------
  prod_reg_reg[4][6]/CK                              -       -     R     (arrival)       149    -     0     0       0    (-,-) 
  prod_reg_reg[4][6]/Q                               -       CK->Q R     DFFHQX1LVT        1  3.8    61   136     136    (-,-) 
  csa_tree_ADD_TC_OP_12_groupi_cdnfadd_006_0__1617/S -       A->S  F     ADDFX1LVT         1  3.7    76   228     364    (-,-) 
  csa_tree_ADD_TC_OP_12_groupi_cdnfadd_006_3__5122/S -       B->S  R     ADDFX1LVT         1  3.8    73   228     592    (-,-) 
  csa_tree_ADD_TC_OP_12_groupi_cdnfadd_006_4__8246/S -       CI->S F     ADDFHX1LVT        1  3.8    76   196     788    (-,-) 
  csa_tree_ADD_TC_OP_12_groupi_cdnfadd_006_5__7098/S -       CI->S R     ADDFHX2LVT        2  7.1    78   239    1027    (-,-) 
  csa_tree_ADD_TC_OP_12_groupi_g7043__5115/Y         -       B->Y  F     NOR2X4LVT         2  6.0    56    52    1080    (-,-) 
  csa_tree_ADD_TC_OP_12_groupi_g7008__2346/Y         -       A->Y  R     NOR2X2LVT         1  4.7    88    80    1159    (-,-) 
  csa_tree_ADD_TC_OP_12_groupi_g6966__5115/Y         -       B->Y  F     NAND2X4LVT        1  4.1    65    71    1230    (-,-) 
  csa_tree_ADD_TC_OP_12_groupi_g6963__7098/Y         -       A->Y  F     CLKAND2X6LVT      6 18.5    65   102    1333    (-,-) 
  csa_tree_ADD_TC_OP_12_groupi_g6954__8428/Y         -       A1->Y R     OAI21X4LVT        1  3.4    59    58    1391    (-,-) 
  csa_tree_ADD_TC_OP_12_groupi_g6946__1666/Y         -       B->Y  R     CLKXOR2X1LVT      1  3.2    57   122    1513    (-,-) 
  data_out_reg_reg[11]/D                             -       -     R     DFFHQX1LVT        1    -     -     0    1513    (-,-) 
#------------------------------------------------------------------------------------------------------------------------------



Path 6: MET (6 ps) Setup Check with Pin data_out_reg_reg[10]/CK->D
          Group: clock
     Startpoint: (R) prod_reg_reg[4][6]/CK
          Clock: (R) clock
       Endpoint: (R) data_out_reg_reg[10]/D
          Clock: (R) clock

                     Capture       Launch     
        Clock Edge:+    1600            0     
       Src Latency:+       0            0     
       Net Latency:+       0 (I)        0 (I) 
           Arrival:=    1600            0     
                                              
             Setup:-      83                  
     Required Time:=    1517                  
      Launch Clock:-       0                  
         Data Path:-    1512                  
             Slack:=       6                  

#------------------------------------------------------------------------------------------------------------------------------
#                   Timing Point                     Flags   Arc   Edge     Cell      Fanout Load Trans Delay Arrival Instance 
#                                                                                            (fF)  (ps)  (ps)   (ps)  Location 
#------------------------------------------------------------------------------------------------------------------------------
  prod_reg_reg[4][6]/CK                              -       -     R     (arrival)       149    -     0     0       0    (-,-) 
  prod_reg_reg[4][6]/Q                               -       CK->Q R     DFFHQX1LVT        1  3.8    61   136     136    (-,-) 
  csa_tree_ADD_TC_OP_12_groupi_cdnfadd_006_0__1617/S -       A->S  F     ADDFX1LVT         1  3.7    76   228     364    (-,-) 
  csa_tree_ADD_TC_OP_12_groupi_cdnfadd_006_3__5122/S -       B->S  R     ADDFX1LVT         1  3.8    73   228     592    (-,-) 
  csa_tree_ADD_TC_OP_12_groupi_cdnfadd_006_4__8246/S -       CI->S F     ADDFHX1LVT        1  3.8    76   196     788    (-,-) 
  csa_tree_ADD_TC_OP_12_groupi_cdnfadd_006_5__7098/S -       CI->S R     ADDFHX2LVT        2  7.1    78   239    1027    (-,-) 
  csa_tree_ADD_TC_OP_12_groupi_g7043__5115/Y         -       B->Y  F     NOR2X4LVT         2  6.0    56    52    1080    (-,-) 
  csa_tree_ADD_TC_OP_12_groupi_g7008__2346/Y         -       A->Y  R     NOR2X2LVT         1  4.7    88    80    1159    (-,-) 
  csa_tree_ADD_TC_OP_12_groupi_g6966__5115/Y         -       B->Y  F     NAND2X4LVT        1  4.1    65    71    1230    (-,-) 
  csa_tree_ADD_TC_OP_12_groupi_g6963__7098/Y         -       A->Y  F     CLKAND2X6LVT      6 18.5    65   102    1333    (-,-) 
  csa_tree_ADD_TC_OP_12_groupi_g6951__5107/Y         -       A1->Y R     OAI21X4LVT        1  3.4    56    58    1391    (-,-) 
  csa_tree_ADD_TC_OP_12_groupi_g6947__7410/Y         -       B->Y  R     CLKXOR2X1LVT      1  3.2    57   121    1512    (-,-) 
  data_out_reg_reg[10]/D                             -       -     R     DFFHQX1LVT        1    -     -     0    1512    (-,-) 
#------------------------------------------------------------------------------------------------------------------------------



Path 7: MET (7 ps) Setup Check with Pin data_out_reg_reg[9]/CK->D
          Group: clock
     Startpoint: (R) prod_reg_reg[4][6]/CK
          Clock: (R) clock
       Endpoint: (R) data_out_reg_reg[9]/D
          Clock: (R) clock

                     Capture       Launch     
        Clock Edge:+    1600            0     
       Src Latency:+       0            0     
       Net Latency:+       0 (I)        0 (I) 
           Arrival:=    1600            0     
                                              
             Setup:-      83                  
     Required Time:=    1517                  
      Launch Clock:-       0                  
         Data Path:-    1511                  
             Slack:=       7                  

#------------------------------------------------------------------------------------------------------------------------------
#                   Timing Point                     Flags   Arc   Edge     Cell      Fanout Load Trans Delay Arrival Instance 
#                                                                                            (fF)  (ps)  (ps)   (ps)  Location 
#------------------------------------------------------------------------------------------------------------------------------
  prod_reg_reg[4][6]/CK                              -       -     R     (arrival)       149    -     0     0       0    (-,-) 
  prod_reg_reg[4][6]/Q                               -       CK->Q R     DFFHQX1LVT        1  3.8    61   136     136    (-,-) 
  csa_tree_ADD_TC_OP_12_groupi_cdnfadd_006_0__1617/S -       A->S  F     ADDFX1LVT         1  3.7    76   228     364    (-,-) 
  csa_tree_ADD_TC_OP_12_groupi_cdnfadd_006_3__5122/S -       B->S  R     ADDFX1LVT         1  3.8    73   228     592    (-,-) 
  csa_tree_ADD_TC_OP_12_groupi_cdnfadd_006_4__8246/S -       CI->S F     ADDFHX1LVT        1  3.8    76   196     788    (-,-) 
  csa_tree_ADD_TC_OP_12_groupi_cdnfadd_006_5__7098/S -       CI->S R     ADDFHX2LVT        2  7.1    78   239    1027    (-,-) 
  csa_tree_ADD_TC_OP_12_groupi_g7043__5115/Y         -       B->Y  F     NOR2X4LVT         2  6.0    56    52    1080    (-,-) 
  csa_tree_ADD_TC_OP_12_groupi_g7008__2346/Y         -       A->Y  R     NOR2X2LVT         1  4.7    88    80    1159    (-,-) 
  csa_tree_ADD_TC_OP_12_groupi_g6966__5115/Y         -       B->Y  F     NAND2X4LVT        1  4.1    65    71    1230    (-,-) 
  csa_tree_ADD_TC_OP_12_groupi_g6963__7098/Y         -       A->Y  F     CLKAND2X6LVT      6 18.5    65   102    1333    (-,-) 
  csa_tree_ADD_TC_OP_12_groupi_g6952__6260/Y         -       A1->Y R     OAI21X4LVT        1  3.4    54    58    1391    (-,-) 
  csa_tree_ADD_TC_OP_12_groupi_g6948__6417/Y         -       B->Y  R     CLKXOR2X1LVT      1  3.2    57   120    1511    (-,-) 
  data_out_reg_reg[9]/D                              -       -     R     DFFHQX1LVT        1    -     -     0    1511    (-,-) 
#------------------------------------------------------------------------------------------------------------------------------



Path 8: MET (16 ps) Setup Check with Pin data_out_reg_reg[15]/CK->D
          Group: clock
     Startpoint: (R) prod_reg_reg[7][4]/CK
          Clock: (R) clock
       Endpoint: (F) data_out_reg_reg[15]/D
          Clock: (R) clock

                     Capture       Launch     
        Clock Edge:+    1600            0     
       Src Latency:+       0            0     
       Net Latency:+       0 (I)        0 (I) 
           Arrival:=    1600            0     
                                              
             Setup:-      76                  
     Required Time:=    1524                  
      Launch Clock:-       0                  
         Data Path:-    1508                  
             Slack:=      16                  

#-------------------------------------------------------------------------------------------------------------------------------
#                   Timing Point                     Flags    Arc   Edge     Cell      Fanout Load Trans Delay Arrival Instance 
#                                                                                             (fF)  (ps)  (ps)   (ps)  Location 
#-------------------------------------------------------------------------------------------------------------------------------
  prod_reg_reg[7][4]/CK                              -       -      R     (arrival)       149    -     0     0       0    (-,-) 
  prod_reg_reg[7][4]/Q                               -       CK->Q  F     DFFHQX1LVT        1  3.7    66   154     154    (-,-) 
  csa_tree_ADD_TC_OP_12_groupi_cdnfadd_004_0__7410/S -       B->S   R     ADDFX1LVT         1  3.8    73   224     378    (-,-) 
  csa_tree_ADD_TC_OP_12_groupi_cdnfadd_004_3__2398/S -       B->S   F     ADDFX1LVT         1  3.5    73   229     606    (-,-) 
  csa_tree_ADD_TC_OP_12_groupi_cdnfadd_004_4__5107/S -       CI->S  R     ADDFX1LVT         2  6.2   107   242     848    (-,-) 
  csa_tree_ADD_TC_OP_12_groupi_g7055__6417/Y         -       B->Y   F     NAND2X2LVT        3  7.0   144   127     975    (-,-) 
  csa_tree_ADD_TC_OP_12_groupi_g6987__3680/Y         -       A0N->Y F     AOI2BB1X4LVT      1  6.0    54   158    1133    (-,-) 
  csa_tree_ADD_TC_OP_12_groupi_g6974__1666/Y         -       B->Y   R     NAND2X8LVT        3 10.5    43    37    1170    (-,-) 
  csa_tree_ADD_TC_OP_12_groupi_g6965__1881/Y         -       B->Y   F     NAND2X6LVT        2  7.2    67    57    1227    (-,-) 
  csa_tree_ADD_TC_OP_12_groupi_g6960__1705/Y         -       A->Y   R     NAND2X6LVT        1  5.6    35    41    1268    (-,-) 
  csa_tree_ADD_TC_OP_12_groupi_g6958__1617/Y         -       B->Y   F     NAND3X6LVT        1  5.3    94    83    1351    (-,-) 
  csa_tree_ADD_TC_OP_12_groupi_g6950__2398/Y         -       B->Y   R     NAND2X6LVT        2  5.8    40    47    1397    (-,-) 
  g7095/Y                                            -       A2->Y  F     AOI31X2LVT        1  3.2   134   111    1508    (-,-) 
  data_out_reg_reg[15]/D                             -       -      F     DFFHQX1LVT        1    -     -     0    1508    (-,-) 
#-------------------------------------------------------------------------------------------------------------------------------



Path 9: MET (17 ps) Setup Check with Pin prod_reg_reg[0][9]/CK->D
          Group: clock
     Startpoint: (R) data_in_reg_reg[3]/CK
          Clock: (R) clock
       Endpoint: (R) prod_reg_reg[0][9]/D
          Clock: (R) clock

                     Capture       Launch     
        Clock Edge:+    1600            0     
       Src Latency:+       0            0     
       Net Latency:+       0 (I)        0 (I) 
           Arrival:=    1600            0     
                                              
             Setup:-      84                  
     Required Time:=    1516                  
      Launch Clock:-       0                  
         Data Path:-    1500                  
             Slack:=      17                  

#------------------------------------------------------------------------------------------------
#     Timing Point      Flags    Arc   Edge    Cell     Fanout Load Trans Delay Arrival Instance 
#                                                              (fF)  (ps)  (ps)   (ps)  Location 
#------------------------------------------------------------------------------------------------
  data_in_reg_reg[3]/CK -       -      R     (arrival)     149    -     0     0       0    (-,-) 
  data_in_reg_reg[3]/Q  -       CK->Q  F     DFFHQX1LVT      2  5.1    88   166     166    (-,-) 
  g5479/Y               -       A->Y   R     INVX1LVT        3  8.0   130   110     276    (-,-) 
  g5448__6131/Y         -       B->Y   F     NAND2X2LVT      2  5.4   121   122     397    (-,-) 
  g5379__6417/CO        -       CI->CO F     ADDFX1LVT       1  3.5    73   168     565    (-,-) 
  g5352__7482/CO        -       CI->CO F     ADDFX1LVT       1  3.5    73   150     715    (-,-) 
  g5338__5122/CO        -       CI->CO F     ADDFX1LVT       1  3.5    73   150     865    (-,-) 
  g5322__4319/CO        -       CI->CO F     ADDFX1LVT       1  3.5    73   150    1015    (-,-) 
  g5306__2346/CO        -       CI->CO F     ADDFX1LVT       1  3.3    70   148    1163    (-,-) 
  g5304/Y               -       A->Y   R     INVX1LVT        1  3.5    64    66    1229    (-,-) 
  g5287__7098/S         -       CI->S  F     ADDFX1LVT       1  3.3    70   207    1436    (-,-) 
  g5285/Y               -       A->Y   R     INVX1LVT        1  3.2    60    64    1500    (-,-) 
  prod_reg_reg[0][9]/D  -       -      R     DFFHQX1LVT      1    -     -     0    1500    (-,-) 
#------------------------------------------------------------------------------------------------



Path 10: MET (17 ps) Setup Check with Pin prod_reg_reg[6][10]/CK->D
          Group: clock
     Startpoint: (R) shift_reg_reg[5][3]/CK
          Clock: (R) clock
       Endpoint: (R) prod_reg_reg[6][10]/D
          Clock: (R) clock

                     Capture       Launch     
        Clock Edge:+    1600            0     
       Src Latency:+       0            0     
       Net Latency:+       0 (I)        0 (I) 
           Arrival:=    1600            0     
                                              
             Setup:-      84                  
     Required Time:=    1516                  
      Launch Clock:-       0                  
         Data Path:-    1500                  
             Slack:=      17                  

#-------------------------------------------------------------------------------------------------
#     Timing Point       Flags    Arc   Edge    Cell     Fanout Load Trans Delay Arrival Instance 
#                                                               (fF)  (ps)  (ps)   (ps)  Location 
#-------------------------------------------------------------------------------------------------
  shift_reg_reg[5][3]/CK -       -      R     (arrival)     149    -     0     0       0    (-,-) 
  shift_reg_reg[5][3]/Q  -       CK->Q  F     DFFHQX1LVT      2  5.0    87   165     165    (-,-) 
  g5376/Y                -       A->Y   R     INVX1LVT        3  8.0   130   109     274    (-,-) 
  g5374__7410/Y          -       A->Y   F     NAND2X2LVT      2  5.4   115   125     399    (-,-) 
  g5337__1705/CO         -       CI->CO F     ADDFX1LVT       1  3.5    73   166     565    (-,-) 
  g5321__6260/CO         -       CI->CO F     ADDFX1LVT       1  3.5    73   150     715    (-,-) 
  g5305__2883/CO         -       CI->CO F     ADDFX1LVT       1  3.5    73   150     865    (-,-) 
  g5286__8246/CO         -       CI->CO F     ADDFX1LVT       1  3.5    73   150    1015    (-,-) 
  g5267__5526/CO         -       CI->CO F     ADDFX1LVT       1  3.3    70   148    1163    (-,-) 
  g5266/Y                -       A->Y   R     INVX1LVT        1  3.5    64    66    1229    (-,-) 
  g5255__5107/S          -       CI->S  F     ADDFX1LVT       1  3.3    70   207    1436    (-,-) 
  g5254/Y                -       A->Y   R     INVX1LVT        1  3.2    60    64    1500    (-,-) 
  prod_reg_reg[6][10]/D  -       -      R     DFFHQX1LVT      1    -     -     0    1500    (-,-) 
#-------------------------------------------------------------------------------------------------



Path 11: MET (38 ps) Setup Check with Pin prod_reg_reg[4][12]/CK->D
          Group: clock
     Startpoint: (R) prod_reg_reg[3][3]/CK
          Clock: (R) clock
       Endpoint: (R) prod_reg_reg[4][12]/D
          Clock: (R) clock

                     Capture       Launch     
        Clock Edge:+    1600            0     
       Src Latency:+       0            0     
       Net Latency:+       0 (I)        0 (I) 
           Arrival:=    1600            0     
                                              
             Setup:-      83                  
     Required Time:=    1517                  
      Launch Clock:-       0                  
         Data Path:-    1479                  
             Slack:=      38                  

#--------------------------------------------------------------------------------------------------
#     Timing Point      Flags    Arc   Edge     Cell      Fanout Load Trans Delay Arrival Instance 
#                                                                (fF)  (ps)  (ps)   (ps)  Location 
#--------------------------------------------------------------------------------------------------
  prod_reg_reg[3][3]/CK -       -      R     (arrival)       149    -     0     0       0    (-,-) 
  prod_reg_reg[3][3]/Q  -       CK->Q  F     DFFQX2LVT         6 12.8   111   183     183    (-,-) 
  g5446__7098/Y         -       B->Y   R     NOR2X2LVT         2  5.5   106   103     286    (-,-) 
  g5380__5477/CO        -       B->CO  R     ADDHX1LVT         2  5.1    82   144     430    (-,-) 
  g5360__9315/Y         -       A1N->Y R     AOI2BB1X1LVT      1  3.5   125   125     555    (-,-) 
  g5340__8246/CO        -       CI->CO R     ADDFX1LVT         1  3.5    68   179     734    (-,-) 
  g5324__8428/CO        -       CI->CO R     ADDFX1LVT         1  3.5    67   155     890    (-,-) 
  g5308__1666/CO        -       CI->CO R     ADDFX1LVT         1  3.5    67   155    1045    (-,-) 
  g5291__5115/CO        -       CI->CO R     ADDFX1LVT         1  3.5    67   155    1200    (-,-) 
  g5270__3680/CO        -       CI->CO R     ADDFX1LVT         1  3.4    66   154    1354    (-,-) 
  g5265__8428/Y         -       B->Y   R     CLKXOR2X1LVT      1  3.2    57   125    1479    (-,-) 
  prod_reg_reg[4][12]/D -       -      R     DFFHQX1LVT        1    -     -     0    1479    (-,-) 
#--------------------------------------------------------------------------------------------------



Path 12: MET (45 ps) Setup Check with Pin prod_reg_reg[3][12]/CK->D
          Group: clock
     Startpoint: (R) prod_reg_reg[2][3]/CK
          Clock: (R) clock
       Endpoint: (R) prod_reg_reg[3][12]/D
          Clock: (R) clock

                     Capture       Launch     
        Clock Edge:+    1600            0     
       Src Latency:+       0            0     
       Net Latency:+       0 (I)        0 (I) 
           Arrival:=    1600            0     
                                              
             Setup:-      83                  
     Required Time:=    1517                  
      Launch Clock:-       0                  
         Data Path:-    1473                  
             Slack:=      45                  

#--------------------------------------------------------------------------------------------------
#     Timing Point      Flags    Arc   Edge     Cell      Fanout Load Trans Delay Arrival Instance 
#                                                                (fF)  (ps)  (ps)   (ps)  Location 
#--------------------------------------------------------------------------------------------------
  prod_reg_reg[2][3]/CK -       -      R     (arrival)       149    -     0     0       0    (-,-) 
  prod_reg_reg[2][3]/Q  -       CK->Q  F     DFFQX2LVT         5 11.6   101   178     178    (-,-) 
  g5489__1881/Y         -       A->Y   R     NOR2X2LVT         2  5.5   100   104     282    (-,-) 
  g5390__6260/CO        -       B->CO  R     ADDHX1LVT         2  5.1    82   142     423    (-,-) 
  g5372__1666/Y         -       A1N->Y R     AOI2BB1X1LVT      1  3.5   125   125     549    (-,-) 
  g5347__6131/CO        -       CI->CO R     ADDFX1LVT         1  3.5    68   179     728    (-,-) 
  g5331__6783/CO        -       CI->CO R     ADDFX1LVT         1  3.5    67   155     883    (-,-) 
  g5316__5477/CO        -       CI->CO R     ADDFX1LVT         1  3.5    67   155    1038    (-,-) 
  g5300__9315/CO        -       CI->CO R     ADDFX1LVT         1  3.5    67   155    1194    (-,-) 
  g5277__2802/CO        -       CI->CO R     ADDFX1LVT         1  3.4    66   154    1348    (-,-) 
  g5269__6783/Y         -       B->Y   R     CLKXOR2X1LVT      1  3.2    57   125    1473    (-,-) 
  prod_reg_reg[3][12]/D -       -      R     DFFHQX1LVT        1    -     -     0    1473    (-,-) 
#--------------------------------------------------------------------------------------------------



Path 13: MET (45 ps) Setup Check with Pin prod_reg_reg[1][11]/CK->D
          Group: clock
     Startpoint: (R) shift_reg_reg[0][3]/CK
          Clock: (R) clock
       Endpoint: (R) prod_reg_reg[1][11]/D
          Clock: (R) clock

                     Capture       Launch     
        Clock Edge:+    1600            0     
       Src Latency:+       0            0     
       Net Latency:+       0 (I)        0 (I) 
           Arrival:=    1600            0     
                                              
             Setup:-     115                  
     Required Time:=    1485                  
      Launch Clock:-       0                  
         Data Path:-    1440                  
             Slack:=      45                  

#-------------------------------------------------------------------------------------------------
#     Timing Point       Flags    Arc   Edge    Cell     Fanout Load Trans Delay Arrival Instance 
#                                                               (fF)  (ps)  (ps)   (ps)  Location 
#-------------------------------------------------------------------------------------------------
  shift_reg_reg[0][3]/CK -       -      R     (arrival)     149    -     0     0       0    (-,-) 
  shift_reg_reg[0][3]/Q  -       CK->Q  F     DFFHQX1LVT      2  5.0    87   165     165    (-,-) 
  g5444/Y                -       A->Y   R     INVX1           3  7.5   175   143     308    (-,-) 
  g5431__5122/Y          -       A->Y   F     NAND2X1LVT      2  5.4   209   201     509    (-,-) 
  g5363__2883/CO         -       CI->CO F     ADDFX1LVT       1  3.5    74   201     710    (-,-) 
  g5346__7098/CO         -       CI->CO F     ADDFX1LVT       1  3.5    73   150     860    (-,-) 
  g5330__5526/CO         -       CI->CO F     ADDFX1LVT       1  3.5    74   150    1010    (-,-) 
  g5314__7410/CO         -       CI->CO F     ADDFX1LVT       1  3.5    73   150    1160    (-,-) 
  g5297__7482/CO         -       CI->CO F     ADDFX1LVT       2  5.2   100   165    1325    (-,-) 
  g5289__6131/Y          -       A1->Y  R     AOI21X1LVT      1  3.1   130   115    1440    (-,-) 
  prod_reg_reg[1][11]/D  -       -      R     DFFX1LVT        1    -     -     0    1440    (-,-) 
#-------------------------------------------------------------------------------------------------



Path 14: MET (50 ps) Setup Check with Pin data_out_reg_reg[8]/CK->D
          Group: clock
     Startpoint: (R) prod_reg_reg[4][6]/CK
          Clock: (R) clock
       Endpoint: (R) data_out_reg_reg[8]/D
          Clock: (R) clock

                     Capture       Launch     
        Clock Edge:+    1600            0     
       Src Latency:+       0            0     
       Net Latency:+       0 (I)        0 (I) 
           Arrival:=    1600            0     
                                              
             Setup:-      83                  
     Required Time:=    1517                  
      Launch Clock:-       0                  
         Data Path:-    1468                  
             Slack:=      50                  

#------------------------------------------------------------------------------------------------------------------------------
#                   Timing Point                     Flags   Arc   Edge     Cell      Fanout Load Trans Delay Arrival Instance 
#                                                                                            (fF)  (ps)  (ps)   (ps)  Location 
#------------------------------------------------------------------------------------------------------------------------------
  prod_reg_reg[4][6]/CK                              -       -     R     (arrival)       149    -     0     0       0    (-,-) 
  prod_reg_reg[4][6]/Q                               -       CK->Q R     DFFHQX1LVT        1  3.8    61   136     136    (-,-) 
  csa_tree_ADD_TC_OP_12_groupi_cdnfadd_006_0__1617/S -       A->S  F     ADDFX1LVT         1  3.7    76   228     364    (-,-) 
  csa_tree_ADD_TC_OP_12_groupi_cdnfadd_006_3__5122/S -       B->S  R     ADDFX1LVT         1  3.8    73   228     592    (-,-) 
  csa_tree_ADD_TC_OP_12_groupi_cdnfadd_006_4__8246/S -       CI->S F     ADDFHX1LVT        1  3.8    76   196     788    (-,-) 
  csa_tree_ADD_TC_OP_12_groupi_cdnfadd_006_5__7098/S -       CI->S R     ADDFHX2LVT        2  7.1    78   239    1027    (-,-) 
  csa_tree_ADD_TC_OP_12_groupi_g7043__5115/Y         -       B->Y  F     NOR2X4LVT         2  6.0    56    52    1080    (-,-) 
  csa_tree_ADD_TC_OP_12_groupi_g7008__2346/Y         -       A->Y  R     NOR2X2LVT         1  4.7    88    80    1159    (-,-) 
  csa_tree_ADD_TC_OP_12_groupi_g6966__5115/Y         -       B->Y  F     NAND2X4LVT        1  4.1    65    71    1230    (-,-) 
  csa_tree_ADD_TC_OP_12_groupi_g6963__7098/Y         -       A->Y  F     CLKAND2X6LVT      6 18.5    65   102    1333    (-,-) 
  csa_tree_ADD_TC_OP_12_groupi_g6956__6783/Y         -       B->Y  R     XNOR2X1LVT        1  3.2    57   135    1468    (-,-) 
  data_out_reg_reg[8]/D                              -       -     R     DFFHQX1LVT        1    -     -     0    1468    (-,-) 
#------------------------------------------------------------------------------------------------------------------------------



Path 15: MET (52 ps) Setup Check with Pin data_out_reg_reg[7]/CK->D
          Group: clock
     Startpoint: (R) prod_reg_reg[1][3]/CK
          Clock: (R) clock
       Endpoint: (R) data_out_reg_reg[7]/D
          Clock: (R) clock

                     Capture       Launch     
        Clock Edge:+    1600            0     
       Src Latency:+       0            0     
       Net Latency:+       0 (I)        0 (I) 
           Arrival:=    1600            0     
                                              
             Setup:-      84                  
     Required Time:=    1516                  
      Launch Clock:-       0                  
         Data Path:-    1464                  
             Slack:=      52                  

#--------------------------------------------------------------------------------------------------------------------------------
#                    Timing Point                     Flags    Arc   Edge     Cell      Fanout Load Trans Delay Arrival Instance 
#                                                                                              (fF)  (ps)  (ps)   (ps)  Location 
#--------------------------------------------------------------------------------------------------------------------------------
  prod_reg_reg[1][3]/CK                               -       -      R     (arrival)       149    -     0     0       0    (-,-) 
  prod_reg_reg[1][3]/Q                                -       CK->Q  F     DFFQX2LVT         4  9.5    84   168     168    (-,-) 
  csa_tree_ADD_TC_OP_12_groupi_cdnfadd_003_0__9945/CO -       CI->CO F     ADDFX1LVT         1  3.5    73   154     323    (-,-) 
  csa_tree_ADD_TC_OP_12_groupi_cdnfadd_004_2__5477/CO -       CI->CO F     ADDFX1LVT         1  3.8    78   152     475    (-,-) 
  csa_tree_ADD_TC_OP_12_groupi_cdnfadd_005_4__6783/S  -       CI->S  R     ADDFHX1LVT        1  3.8    69   204     679    (-,-) 
  csa_tree_ADD_TC_OP_12_groupi_cdnfadd_005_5__3680/S  -       CI->S  F     ADDFHX1LVT        2  5.4   101   209     888    (-,-) 
  csa_tree_ADD_TC_OP_12_groupi_g7021__6260/Y          -       B->Y   R     NOR2X2LVT         3  6.8   123   110     998    (-,-) 
  csa_tree_ADD_TC_OP_12_groupi_g6987__3680/Y          -       A1N->Y R     AOI2BB1X4LVT      1  6.5    70   124    1122    (-,-) 
  csa_tree_ADD_TC_OP_12_groupi_g6974__1666/Y          -       B->Y   F     NAND2X8LVT        3 10.0    74    68    1190    (-,-) 
  csa_tree_ADD_TC_OP_12_groupi_g6965__1881/Y          -       B->Y   R     NAND2X6LVT        2  7.5    40    43    1232    (-,-) 
  csa_tree_ADD_TC_OP_12_groupi_g6959__2802/Y          -       B->Y   F     NAND2X1LVT        1  3.3   132    98    1330    (-,-) 
  csa_tree_ADD_TC_OP_12_groupi_g6957__3680/Y          -       B->Y   R     CLKXOR2X1LVT      1  3.1    56   134    1464    (-,-) 
  data_out_reg_reg[7]/D                               -       -      R     DFFQXLLVT         1    -     -     0    1464    (-,-) 
#--------------------------------------------------------------------------------------------------------------------------------



Path 16: MET (56 ps) Setup Check with Pin data_out_reg_reg[6]/CK->D
          Group: clock
     Startpoint: (R) prod_reg_reg[3][6]/CK
          Clock: (R) clock
       Endpoint: (R) data_out_reg_reg[6]/D
          Clock: (R) clock

                     Capture       Launch     
        Clock Edge:+    1600            0     
       Src Latency:+       0            0     
       Net Latency:+       0 (I)        0 (I) 
           Arrival:=    1600            0     
                                              
             Setup:-      83                  
     Required Time:=    1517                  
      Launch Clock:-       0                  
         Data Path:-    1462                  
             Slack:=      56                  

#----------------------------------------------------------------------------------------------------------------------------
#                   Timing Point                     Flags   Arc   Edge    Cell     Fanout Load Trans Delay Arrival Instance 
#                                                                                          (fF)  (ps)  (ps)   (ps)  Location 
#----------------------------------------------------------------------------------------------------------------------------
  prod_reg_reg[3][6]/CK                              -       -     R     (arrival)     149    -     0     0       0    (-,-) 
  prod_reg_reg[3][6]/Q                               -       CK->Q F     DFFHQX1LVT      1  3.7    66   154     154    (-,-) 
  csa_tree_ADD_TC_OP_12_groupi_cdnfadd_006_0__1617/S -       B->S  R     ADDFX1LVT       1  3.8    73   224     378    (-,-) 
  csa_tree_ADD_TC_OP_12_groupi_cdnfadd_006_3__5122/S -       B->S  F     ADDFX1LVT       1  3.8    78   231     609    (-,-) 
  csa_tree_ADD_TC_OP_12_groupi_cdnfadd_006_4__8246/S -       CI->S R     ADDFHX1LVT      1  3.8    69   204     813    (-,-) 
  csa_tree_ADD_TC_OP_12_groupi_cdnfadd_006_5__7098/S -       CI->S F     ADDFHX2LVT      2  6.8    80   228    1041    (-,-) 
  csa_tree_ADD_TC_OP_12_groupi_g7042__1881/Y         -       B->Y  F     AND2X6LVT       3  8.6    37    83    1123    (-,-) 
  csa_tree_ADD_TC_OP_12_groupi_g7030/Y               -       A->Y  R     INVX1LVT        2  5.2    83    64    1188    (-,-) 
  csa_tree_ADD_TC_OP_12_groupi_g7000__7482/Y         -       A->Y  F     NAND2X1LVT      1  3.3   133   121    1308    (-,-) 
  csa_tree_ADD_TC_OP_12_groupi_g6964__6131/Y         -       B->Y  R     XNOR2X1LVT      1  3.2    57   154    1462    (-,-) 
  data_out_reg_reg[6]/D                              -       -     R     DFFHQX1LVT      1    -     -     0    1462    (-,-) 
#----------------------------------------------------------------------------------------------------------------------------



Path 17: MET (63 ps) Setup Check with Pin prod_reg_reg[4][11]/CK->D
          Group: clock
     Startpoint: (R) prod_reg_reg[3][3]/CK
          Clock: (R) clock
       Endpoint: (R) prod_reg_reg[4][11]/D
          Clock: (R) clock

                     Capture       Launch     
        Clock Edge:+    1600            0     
       Src Latency:+       0            0     
       Net Latency:+       0 (I)        0 (I) 
           Arrival:=    1600            0     
                                              
             Setup:-     142                  
     Required Time:=    1458                  
      Launch Clock:-       0                  
         Data Path:-    1395                  
             Slack:=      63                  

#--------------------------------------------------------------------------------------------------
#     Timing Point      Flags    Arc   Edge     Cell      Fanout Load Trans Delay Arrival Instance 
#                                                                (fF)  (ps)  (ps)   (ps)  Location 
#--------------------------------------------------------------------------------------------------
  prod_reg_reg[3][3]/CK -       -      R     (arrival)       149    -     0     0       0    (-,-) 
  prod_reg_reg[3][3]/Q  -       CK->Q  F     DFFQX2LVT         6 12.8   111   183     183    (-,-) 
  g5446__7098/Y         -       B->Y   R     NOR2X2LVT         2  5.5   106   103     286    (-,-) 
  g5380__5477/CO        -       B->CO  R     ADDHX1LVT         2  5.1    82   144     430    (-,-) 
  g5360__9315/Y         -       A1N->Y R     AOI2BB1X1LVT      1  3.5   125   125     555    (-,-) 
  g5340__8246/CO        -       CI->CO R     ADDFX1LVT         1  3.5    68   179     734    (-,-) 
  g5324__8428/CO        -       CI->CO R     ADDFX1LVT         1  3.5    67   155     890    (-,-) 
  g5308__1666/CO        -       CI->CO R     ADDFX1LVT         1  3.5    67   155    1045    (-,-) 
  g5291__5115/CO        -       CI->CO R     ADDFX1LVT         1  3.5    67   155    1200    (-,-) 
  g5270__3680/S         -       CI->S  R     ADDFX1LVT         1  3.1    64   195    1395    (-,-) 
  prod_reg_reg[4][11]/D -       -      R     DFFX1             1    -     -     0    1395    (-,-) 
#--------------------------------------------------------------------------------------------------



Path 18: MET (67 ps) Setup Check with Pin prod_reg_reg[1][10]/CK->D
          Group: clock
     Startpoint: (R) shift_reg_reg[0][3]/CK
          Clock: (R) clock
       Endpoint: (R) prod_reg_reg[1][10]/D
          Clock: (R) clock

                     Capture       Launch     
        Clock Edge:+    1600            0     
       Src Latency:+       0            0     
       Net Latency:+       0 (I)        0 (I) 
           Arrival:=    1600            0     
                                              
             Setup:-      83                  
     Required Time:=    1517                  
      Launch Clock:-       0                  
         Data Path:-    1450                  
             Slack:=      67                  

#---------------------------------------------------------------------------------------------------
#     Timing Point       Flags    Arc   Edge     Cell      Fanout Load Trans Delay Arrival Instance 
#                                                                 (fF)  (ps)  (ps)   (ps)  Location 
#---------------------------------------------------------------------------------------------------
  shift_reg_reg[0][3]/CK -       -      R     (arrival)       149    -     0     0       0    (-,-) 
  shift_reg_reg[0][3]/Q  -       CK->Q  F     DFFHQX1LVT        2  5.0    87   165     165    (-,-) 
  g5444/Y                -       A->Y   R     INVX1             3  7.5   175   143     308    (-,-) 
  g5431__5122/Y          -       A->Y   F     NAND2X1LVT        2  5.4   209   201     509    (-,-) 
  g5363__2883/CO         -       CI->CO F     ADDFX1LVT         1  3.5    74   201     710    (-,-) 
  g5346__7098/CO         -       CI->CO F     ADDFX1LVT         1  3.5    73   150     860    (-,-) 
  g5330__5526/CO         -       CI->CO F     ADDFX1LVT         1  3.5    74   150    1010    (-,-) 
  g5314__7410/CO         -       CI->CO F     ADDFX1LVT         1  3.5    73   150    1160    (-,-) 
  g5297__7482/CO         -       CI->CO F     ADDFX1LVT         2  5.2   100   165    1325    (-,-) 
  g5290__1881/Y          -       B->Y   R     CLKXOR2X1LVT      1  3.2    57   126    1450    (-,-) 
  prod_reg_reg[1][10]/D  -       -      R     DFFHQX1LVT        1    -     -     0    1450    (-,-) 
#---------------------------------------------------------------------------------------------------



Path 19: MET (116 ps) Setup Check with Pin prod_reg_reg[7][10]/CK->D
          Group: clock
     Startpoint: (R) shift_reg_reg[6][3]/CK
          Clock: (R) clock
       Endpoint: (R) prod_reg_reg[7][10]/D
          Clock: (R) clock

                     Capture       Launch     
        Clock Edge:+    1600            0     
       Src Latency:+       0            0     
       Net Latency:+       0 (I)        0 (I) 
           Arrival:=    1600            0     
                                              
             Setup:-      88                  
     Required Time:=    1512                  
      Launch Clock:-       0                  
         Data Path:-    1396                  
             Slack:=     116                  

#-------------------------------------------------------------------------------------------------
#     Timing Point       Flags    Arc   Edge    Cell     Fanout Load Trans Delay Arrival Instance 
#                                                               (fF)  (ps)  (ps)   (ps)  Location 
#-------------------------------------------------------------------------------------------------
  shift_reg_reg[6][3]/CK -       -      R     (arrival)     149    -     0     0       0    (-,-) 
  shift_reg_reg[6][3]/QN -       CK->QN R     DFFRX1LVT       3  7.5   114   210     210    (-,-) 
  g5361__9945/Y          -       A->Y   F     NAND2X1LVT      2  5.4   202   173     383    (-,-) 
  g5332__3680/CO         -       CI->CO F     ADDFX1LVT       1  3.5    74   199     582    (-,-) 
  g5315__6417/CO         -       CI->CO F     ADDFX1LVT       1  3.5    73   150     732    (-,-) 
  g5299__6161/CO         -       CI->CO F     ADDFX1LVT       1  3.5    73   150     882    (-,-) 
  g5278__1705/CO         -       CI->CO F     ADDFX1LVT       1  3.5    73   150    1032    (-,-) 
  g5262__4319/CO         -       CI->CO F     ADDFX1LVT       1  3.3    70   148    1180    (-,-) 
  g5260/Y                -       A->Y   R     INVX1LVT        1  3.5    64    66    1245    (-,-) 
  g5251__2398/CO         -       CI->CO R     ADDFX1LVT       1  3.1    61   151    1396    (-,-) 
  prod_reg_reg[7][10]/D  -       -      R     DFFX1LVT        1    -     -     0    1396    (-,-) 
#-------------------------------------------------------------------------------------------------



Path 20: MET (125 ps) Setup Check with Pin prod_reg_reg[3][11]/CK->D
          Group: clock
     Startpoint: (R) prod_reg_reg[2][3]/CK
          Clock: (R) clock
       Endpoint: (R) prod_reg_reg[3][11]/D
          Clock: (R) clock

                     Capture       Launch     
        Clock Edge:+    1600            0     
       Src Latency:+       0            0     
       Net Latency:+       0 (I)        0 (I) 
           Arrival:=    1600            0     
                                              
             Setup:-      86                  
     Required Time:=    1514                  
      Launch Clock:-       0                  
         Data Path:-    1389                  
             Slack:=     125                  

#--------------------------------------------------------------------------------------------------
#     Timing Point      Flags    Arc   Edge     Cell      Fanout Load Trans Delay Arrival Instance 
#                                                                (fF)  (ps)  (ps)   (ps)  Location 
#--------------------------------------------------------------------------------------------------
  prod_reg_reg[2][3]/CK -       -      R     (arrival)       149    -     0     0       0    (-,-) 
  prod_reg_reg[2][3]/Q  -       CK->Q  F     DFFQX2LVT         5 11.6   101   178     178    (-,-) 
  g5489__1881/Y         -       A->Y   R     NOR2X2LVT         2  5.5   100   104     282    (-,-) 
  g5390__6260/CO        -       B->CO  R     ADDHX1LVT         2  5.1    82   142     423    (-,-) 
  g5372__1666/Y         -       A1N->Y R     AOI2BB1X1LVT      1  3.5   125   125     549    (-,-) 
  g5347__6131/CO        -       CI->CO R     ADDFX1LVT         1  3.5    68   179     728    (-,-) 
  g5331__6783/CO        -       CI->CO R     ADDFX1LVT         1  3.5    67   155     883    (-,-) 
  g5316__5477/CO        -       CI->CO R     ADDFX1LVT         1  3.5    67   155    1038    (-,-) 
  g5300__9315/CO        -       CI->CO R     ADDFX1LVT         1  3.5    67   155    1194    (-,-) 
  g5277__2802/S         -       CI->S  R     ADDFX1LVT         1  3.2    65   196    1389    (-,-) 
  prod_reg_reg[3][11]/D -       -      R     DFFHQX1LVT        1    -     -     0    1389    (-,-) 
#--------------------------------------------------------------------------------------------------



Path 21: MET (133 ps) Setup Check with Pin prod_reg_reg[0][10]/CK->D
          Group: clock
     Startpoint: (R) data_in_reg_reg[3]/CK
          Clock: (R) clock
       Endpoint: (R) prod_reg_reg[0][10]/D
          Clock: (R) clock

                     Capture       Launch     
        Clock Edge:+    1600            0     
       Src Latency:+       0            0     
       Net Latency:+       0 (I)        0 (I) 
           Arrival:=    1600            0     
                                              
             Setup:-      88                  
     Required Time:=    1512                  
      Launch Clock:-       0                  
         Data Path:-    1380                  
             Slack:=     133                  

#------------------------------------------------------------------------------------------------
#     Timing Point      Flags    Arc   Edge    Cell     Fanout Load Trans Delay Arrival Instance 
#                                                              (fF)  (ps)  (ps)   (ps)  Location 
#------------------------------------------------------------------------------------------------
  data_in_reg_reg[3]/CK -       -      R     (arrival)     149    -     0     0       0    (-,-) 
  data_in_reg_reg[3]/Q  -       CK->Q  F     DFFHQX1LVT      2  5.1    88   166     166    (-,-) 
  g5479/Y               -       A->Y   R     INVX1LVT        3  8.0   130   110     276    (-,-) 
  g5448__6131/Y         -       B->Y   F     NAND2X2LVT      2  5.4   121   122     397    (-,-) 
  g5379__6417/CO        -       CI->CO F     ADDFX1LVT       1  3.5    73   168     565    (-,-) 
  g5352__7482/CO        -       CI->CO F     ADDFX1LVT       1  3.5    73   150     715    (-,-) 
  g5338__5122/CO        -       CI->CO F     ADDFX1LVT       1  3.5    73   150     865    (-,-) 
  g5322__4319/CO        -       CI->CO F     ADDFX1LVT       1  3.5    73   150    1015    (-,-) 
  g5306__2346/CO        -       CI->CO F     ADDFX1LVT       1  3.3    70   148    1163    (-,-) 
  g5304/Y               -       A->Y   R     INVX1LVT        1  3.5    64    66    1229    (-,-) 
  g5287__7098/CO        -       CI->CO R     ADDFX1LVT       1  3.1    61   151    1380    (-,-) 
  prod_reg_reg[0][10]/D -       -      R     DFFX1LVT        1    -     -     0    1380    (-,-) 
#------------------------------------------------------------------------------------------------



Path 22: MET (133 ps) Setup Check with Pin prod_reg_reg[6][11]/CK->D
          Group: clock
     Startpoint: (R) shift_reg_reg[5][3]/CK
          Clock: (R) clock
       Endpoint: (R) prod_reg_reg[6][11]/D
          Clock: (R) clock

                     Capture       Launch     
        Clock Edge:+    1600            0     
       Src Latency:+       0            0     
       Net Latency:+       0 (I)        0 (I) 
           Arrival:=    1600            0     
                                              
             Setup:-      88                  
     Required Time:=    1512                  
      Launch Clock:-       0                  
         Data Path:-    1379                  
             Slack:=     133                  

#-------------------------------------------------------------------------------------------------
#     Timing Point       Flags    Arc   Edge    Cell     Fanout Load Trans Delay Arrival Instance 
#                                                               (fF)  (ps)  (ps)   (ps)  Location 
#-------------------------------------------------------------------------------------------------
  shift_reg_reg[5][3]/CK -       -      R     (arrival)     149    -     0     0       0    (-,-) 
  shift_reg_reg[5][3]/Q  -       CK->Q  F     DFFHQX1LVT      2  5.0    87   165     165    (-,-) 
  g5376/Y                -       A->Y   R     INVX1LVT        3  8.0   130   109     274    (-,-) 
  g5374__7410/Y          -       A->Y   F     NAND2X2LVT      2  5.4   115   125     399    (-,-) 
  g5337__1705/CO         -       CI->CO F     ADDFX1LVT       1  3.5    73   166     565    (-,-) 
  g5321__6260/CO         -       CI->CO F     ADDFX1LVT       1  3.5    73   150     715    (-,-) 
  g5305__2883/CO         -       CI->CO F     ADDFX1LVT       1  3.5    73   150     865    (-,-) 
  g5286__8246/CO         -       CI->CO F     ADDFX1LVT       1  3.5    73   150    1015    (-,-) 
  g5267__5526/CO         -       CI->CO F     ADDFX1LVT       1  3.3    70   148    1163    (-,-) 
  g5266/Y                -       A->Y   R     INVX1LVT        1  3.5    64    66    1229    (-,-) 
  g5255__5107/CO         -       CI->CO R     ADDFX1LVT       1  3.1    61   151    1379    (-,-) 
  prod_reg_reg[6][11]/D  -       -      R     DFFX1LVT        1    -     -     0    1379    (-,-) 
#-------------------------------------------------------------------------------------------------



Path 23: MET (136 ps) Setup Check with Pin prod_reg_reg[1][9]/CK->D
          Group: clock
     Startpoint: (R) shift_reg_reg[0][3]/CK
          Clock: (R) clock
       Endpoint: (R) prod_reg_reg[1][9]/D
          Clock: (R) clock

                     Capture       Launch     
        Clock Edge:+    1600            0     
       Src Latency:+       0            0     
       Net Latency:+       0 (I)        0 (I) 
           Arrival:=    1600            0     
                                              
             Setup:-      86                  
     Required Time:=    1514                  
      Launch Clock:-       0                  
         Data Path:-    1378                  
             Slack:=     136                  

#-------------------------------------------------------------------------------------------------
#     Timing Point       Flags    Arc   Edge    Cell     Fanout Load Trans Delay Arrival Instance 
#                                                               (fF)  (ps)  (ps)   (ps)  Location 
#-------------------------------------------------------------------------------------------------
  shift_reg_reg[0][3]/CK -       -      R     (arrival)     149    -     0     0       0    (-,-) 
  shift_reg_reg[0][3]/Q  -       CK->Q  F     DFFHQX1LVT      2  5.0    87   165     165    (-,-) 
  g5444/Y                -       A->Y   R     INVX1           3  7.5   175   143     308    (-,-) 
  g5431__5122/Y          -       A->Y   F     NAND2X1LVT      2  5.4   209   201     509    (-,-) 
  g5363__2883/CO         -       CI->CO F     ADDFX1LVT       1  3.5    74   201     710    (-,-) 
  g5346__7098/CO         -       CI->CO F     ADDFX1LVT       1  3.5    73   150     860    (-,-) 
  g5330__5526/CO         -       CI->CO F     ADDFX1LVT       1  3.5    74   150    1010    (-,-) 
  g5314__7410/CO         -       CI->CO F     ADDFX1LVT       1  3.5    73   150    1160    (-,-) 
  g5297__7482/S          -       CI->S  R     ADDFX1LVT       1  3.2    65   218    1378    (-,-) 
  prod_reg_reg[1][9]/D   -       -      R     DFFHQX1LVT      1    -     -     0    1378    (-,-) 
#-------------------------------------------------------------------------------------------------



Path 24: MET (208 ps) Setup Check with Pin data_out_reg_reg[5]/CK->D
          Group: clock
     Startpoint: (R) prod_reg_reg[1][2]/CK
          Clock: (R) clock
       Endpoint: (R) data_out_reg_reg[5]/D
          Clock: (R) clock

                     Capture       Launch     
        Clock Edge:+    1600            0     
       Src Latency:+       0            0     
       Net Latency:+       0 (I)        0 (I) 
           Arrival:=    1600            0     
                                              
             Setup:-      83                  
     Required Time:=    1517                  
      Launch Clock:-       0                  
         Data Path:-    1310                  
             Slack:=     208                  

#-------------------------------------------------------------------------------------------------------------------------------
#                    Timing Point                     Flags    Arc   Edge    Cell      Fanout Load Trans Delay Arrival Instance 
#                                                                                             (fF)  (ps)  (ps)   (ps)  Location 
#-------------------------------------------------------------------------------------------------------------------------------
  prod_reg_reg[1][2]/CK                               -       -      R     (arrival)      149    -     0     0       0    (-,-) 
  prod_reg_reg[1][2]/Q                                -       CK->Q  F     DFFHQX1LVT       3  7.6   128   187     187    (-,-) 
  csa_tree_ADD_TC_OP_12_groupi_cdnfadd_002_0__6161/CO -       B->CO  F     ADDFX1LVT        1  3.5    73   172     359    (-,-) 
  csa_tree_ADD_TC_OP_12_groupi_cdnfadd_003_2__2346/S  -       CI->S  R     ADDFX1LVT        1  3.8    73   223     582    (-,-) 
  csa_tree_ADD_TC_OP_12_groupi_cdnfadd_003_3__1666/S  -       CI->S  F     ADDFHX1LVT       1  3.8    76   196     778    (-,-) 
  csa_tree_ADD_TC_OP_12_groupi_g7053__1666/CO         -       CI->CO F     ADDFHX2LVT       2  5.8    71   152     930    (-,-) 
  csa_tree_ADD_TC_OP_12_groupi_g7052/Y                -       A->Y   R     INVX3LVT         1  4.7    40    46     976    (-,-) 
  csa_tree_ADD_TC_OP_12_groupi_g7051__2346/Y          -       B->Y   F     NOR2X4LVT        2  6.2    58    38    1014    (-,-) 
  csa_tree_ADD_TC_OP_12_groupi_g7049__9945/Y          -       AN->Y  F     NAND2BX1LVT      1  3.1   129   119    1133    (-,-) 
  csa_tree_ADD_TC_OP_12_groupi_g6975__7410/Y          -       A->Y   R     XNOR2X1LVT       1  3.2    57   176    1310    (-,-) 
  data_out_reg_reg[5]/D                               -       -      R     DFFHQX1LVT       1    -     -     0    1310    (-,-) 
#-------------------------------------------------------------------------------------------------------------------------------



Path 25: MET (240 ps) Setup Check with Pin prod_reg_reg[5][10]/CK->D
          Group: clock
     Startpoint: (R) shift_reg_reg[4][2]/CK
          Clock: (R) clock
       Endpoint: (R) prod_reg_reg[5][10]/D
          Clock: (R) clock

                     Capture       Launch     
        Clock Edge:+    1600            0     
       Src Latency:+       0            0     
       Net Latency:+       0 (I)        0 (I) 
           Arrival:=    1600            0     
                                              
             Setup:-      86                  
     Required Time:=    1514                  
      Launch Clock:-       0                  
         Data Path:-    1274                  
             Slack:=     240                  

#-------------------------------------------------------------------------------------------------
#     Timing Point       Flags    Arc   Edge    Cell     Fanout Load Trans Delay Arrival Instance 
#                                                               (fF)  (ps)  (ps)   (ps)  Location 
#-------------------------------------------------------------------------------------------------
  shift_reg_reg[4][2]/CK -       -      R     (arrival)     149    -     0     0       0    (-,-) 
  shift_reg_reg[4][2]/Q  -       CK->Q  R     DFFHQX1LVT      3  7.5   113   165     165    (-,-) 
  g5391__4319/CO         -       A->CO  R     ADDHX1LVT       1  3.5    60   141     306    (-,-) 
  g5349__5115/CO         -       CI->CO R     ADDFX1LVT       1  3.5    67   152     458    (-,-) 
  g5333__1617/CO         -       CI->CO R     ADDFX1LVT       1  3.5    67   155     613    (-,-) 
  g5318__5107/CO         -       CI->CO R     ADDFX1LVT       1  3.5    67   155     768    (-,-) 
  g5301__9945/CO         -       CI->CO R     ADDFX1LVT       1  3.5    67   155     923    (-,-) 
  g5276__1617/CO         -       CI->CO R     ADDFX1LVT       1  3.5    67   155    1078    (-,-) 
  g5261__6260/S          -       CI->S  R     ADDFX1LVT       1  3.2    65   196    1274    (-,-) 
  prod_reg_reg[5][10]/D  -       -      R     DFFHQX1LVT      1    -     -     0    1274    (-,-) 
#-------------------------------------------------------------------------------------------------



Path 26: MET (241 ps) Setup Check with Pin prod_reg_reg[2][10]/CK->D
          Group: clock
     Startpoint: (R) prod_reg_reg[1][1]/CK
          Clock: (R) clock
       Endpoint: (R) prod_reg_reg[2][10]/D
          Clock: (R) clock

                     Capture       Launch     
        Clock Edge:+    1600            0     
       Src Latency:+       0            0     
       Net Latency:+       0 (I)        0 (I) 
           Arrival:=    1600            0     
                                              
             Setup:-      86                  
     Required Time:=    1514                  
      Launch Clock:-       0                  
         Data Path:-    1273                  
             Slack:=     241                  

#------------------------------------------------------------------------------------------------
#     Timing Point      Flags    Arc   Edge    Cell     Fanout Load Trans Delay Arrival Instance 
#                                                              (fF)  (ps)  (ps)   (ps)  Location 
#------------------------------------------------------------------------------------------------
  prod_reg_reg[1][1]/CK -       -      R     (arrival)     149    -     0     0       0    (-,-) 
  prod_reg_reg[1][1]/Q  -       CK->Q  R     DFFHQX1LVT      3  7.4   112   164     164    (-,-) 
  g5423__1617/CO        -       A->CO  R     ADDHX1LVT       1  3.5    60   140     304    (-,-) 
  g5364__2346/CO        -       CI->CO R     ADDFX1LVT       1  3.5    67   152     456    (-,-) 
  g5348__1881/CO        -       CI->CO R     ADDFX1LVT       1  3.5    67   155     612    (-,-) 
  g5334__2802/CO        -       CI->CO R     ADDFX1LVT       1  3.5    67   155     767    (-,-) 
  g5317__2398/CO        -       CI->CO R     ADDFX1LVT       1  3.5    67   155     922    (-,-) 
  g5298__4733/CO        -       CI->CO R     ADDFX1LVT       1  3.5    67   155    1077    (-,-) 
  g5279__5122/S         -       CI->S  R     ADDFX1LVT       1  3.2    65   196    1273    (-,-) 
  prod_reg_reg[2][10]/D -       -      R     DFFHQX1LVT      1    -     -     0    1273    (-,-) 
#------------------------------------------------------------------------------------------------



Path 27: MET (264 ps) Setup Check with Pin prod_reg_reg[7][8]/CK->D
          Group: clock
     Startpoint: (R) shift_reg_reg[6][3]/CK
          Clock: (R) clock
       Endpoint: (R) prod_reg_reg[7][8]/D
          Clock: (R) clock

                     Capture       Launch     
        Clock Edge:+    1600            0     
       Src Latency:+       0            0     
       Net Latency:+       0 (I)        0 (I) 
           Arrival:=    1600            0     
                                              
             Setup:-      86                  
     Required Time:=    1514                  
      Launch Clock:-       0                  
         Data Path:-    1250                  
             Slack:=     264                  

#-------------------------------------------------------------------------------------------------
#     Timing Point       Flags    Arc   Edge    Cell     Fanout Load Trans Delay Arrival Instance 
#                                                               (fF)  (ps)  (ps)   (ps)  Location 
#-------------------------------------------------------------------------------------------------
  shift_reg_reg[6][3]/CK -       -      R     (arrival)     149    -     0     0       0    (-,-) 
  shift_reg_reg[6][3]/QN -       CK->QN R     DFFRX1LVT       3  7.5   114   210     210    (-,-) 
  g5361__9945/Y          -       A->Y   F     NAND2X1LVT      2  5.4   202   173     383    (-,-) 
  g5332__3680/CO         -       CI->CO F     ADDFX1LVT       1  3.5    74   199     582    (-,-) 
  g5315__6417/CO         -       CI->CO F     ADDFX1LVT       1  3.5    73   150     732    (-,-) 
  g5299__6161/CO         -       CI->CO F     ADDFX1LVT       1  3.5    73   150     882    (-,-) 
  g5278__1705/CO         -       CI->CO F     ADDFX1LVT       1  3.5    73   150    1032    (-,-) 
  g5262__4319/S          -       CI->S  R     ADDFX1LVT       1  3.2    65   218    1250    (-,-) 
  prod_reg_reg[7][8]/D   -       -      R     DFFHQX1LVT      1    -     -     0    1250    (-,-) 
#-------------------------------------------------------------------------------------------------



Path 28: MET (274 ps) Setup Check with Pin prod_reg_reg[4][10]/CK->D
          Group: clock
     Startpoint: (R) prod_reg_reg[3][3]/CK
          Clock: (R) clock
       Endpoint: (R) prod_reg_reg[4][10]/D
          Clock: (R) clock

                     Capture       Launch     
        Clock Edge:+    1600            0     
       Src Latency:+       0            0     
       Net Latency:+       0 (I)        0 (I) 
           Arrival:=    1600            0     
                                              
             Setup:-      86                  
     Required Time:=    1514                  
      Launch Clock:-       0                  
         Data Path:-    1240                  
             Slack:=     274                  

#--------------------------------------------------------------------------------------------------
#     Timing Point      Flags    Arc   Edge     Cell      Fanout Load Trans Delay Arrival Instance 
#                                                                (fF)  (ps)  (ps)   (ps)  Location 
#--------------------------------------------------------------------------------------------------
  prod_reg_reg[3][3]/CK -       -      R     (arrival)       149    -     0     0       0    (-,-) 
  prod_reg_reg[3][3]/Q  -       CK->Q  F     DFFQX2LVT         6 12.8   111   183     183    (-,-) 
  g5446__7098/Y         -       B->Y   R     NOR2X2LVT         2  5.5   106   103     286    (-,-) 
  g5380__5477/CO        -       B->CO  R     ADDHX1LVT         2  5.1    82   144     430    (-,-) 
  g5360__9315/Y         -       A1N->Y R     AOI2BB1X1LVT      1  3.5   125   125     555    (-,-) 
  g5340__8246/CO        -       CI->CO R     ADDFX1LVT         1  3.5    68   179     734    (-,-) 
  g5324__8428/CO        -       CI->CO R     ADDFX1LVT         1  3.5    67   155     890    (-,-) 
  g5308__1666/CO        -       CI->CO R     ADDFX1LVT         1  3.5    67   155    1045    (-,-) 
  g5291__5115/S         -       CI->S  R     ADDFX1LVT         1  3.2    65   196    1240    (-,-) 
  prod_reg_reg[4][10]/D -       -      R     DFFHQX1LVT        1    -     -     0    1240    (-,-) 
#--------------------------------------------------------------------------------------------------



Path 29: MET (280 ps) Setup Check with Pin prod_reg_reg[3][10]/CK->D
          Group: clock
     Startpoint: (R) prod_reg_reg[2][3]/CK
          Clock: (R) clock
       Endpoint: (R) prod_reg_reg[3][10]/D
          Clock: (R) clock

                     Capture       Launch     
        Clock Edge:+    1600            0     
       Src Latency:+       0            0     
       Net Latency:+       0 (I)        0 (I) 
           Arrival:=    1600            0     
                                              
             Setup:-      86                  
     Required Time:=    1514                  
      Launch Clock:-       0                  
         Data Path:-    1234                  
             Slack:=     280                  

#--------------------------------------------------------------------------------------------------
#     Timing Point      Flags    Arc   Edge     Cell      Fanout Load Trans Delay Arrival Instance 
#                                                                (fF)  (ps)  (ps)   (ps)  Location 
#--------------------------------------------------------------------------------------------------
  prod_reg_reg[2][3]/CK -       -      R     (arrival)       149    -     0     0       0    (-,-) 
  prod_reg_reg[2][3]/Q  -       CK->Q  F     DFFQX2LVT         5 11.6   101   178     178    (-,-) 
  g5489__1881/Y         -       A->Y   R     NOR2X2LVT         2  5.5   100   104     282    (-,-) 
  g5390__6260/CO        -       B->CO  R     ADDHX1LVT         2  5.1    82   142     423    (-,-) 
  g5372__1666/Y         -       A1N->Y R     AOI2BB1X1LVT      1  3.5   125   125     549    (-,-) 
  g5347__6131/CO        -       CI->CO R     ADDFX1LVT         1  3.5    68   179     728    (-,-) 
  g5331__6783/CO        -       CI->CO R     ADDFX1LVT         1  3.5    67   155     883    (-,-) 
  g5316__5477/CO        -       CI->CO R     ADDFX1LVT         1  3.5    67   155    1038    (-,-) 
  g5300__9315/S         -       CI->S  R     ADDFX1LVT         1  3.2    65   196    1234    (-,-) 
  prod_reg_reg[3][10]/D -       -      R     DFFHQX1LVT        1    -     -     0    1234    (-,-) 
#--------------------------------------------------------------------------------------------------



Path 30: MET (281 ps) Setup Check with Pin prod_reg_reg[0][8]/CK->D
          Group: clock
     Startpoint: (R) data_in_reg_reg[3]/CK
          Clock: (R) clock
       Endpoint: (R) prod_reg_reg[0][8]/D
          Clock: (R) clock

                     Capture       Launch     
        Clock Edge:+    1600            0     
       Src Latency:+       0            0     
       Net Latency:+       0 (I)        0 (I) 
           Arrival:=    1600            0     
                                              
             Setup:-      86                  
     Required Time:=    1514                  
      Launch Clock:-       0                  
         Data Path:-    1233                  
             Slack:=     281                  

#------------------------------------------------------------------------------------------------
#     Timing Point      Flags    Arc   Edge    Cell     Fanout Load Trans Delay Arrival Instance 
#                                                              (fF)  (ps)  (ps)   (ps)  Location 
#------------------------------------------------------------------------------------------------
  data_in_reg_reg[3]/CK -       -      R     (arrival)     149    -     0     0       0    (-,-) 
  data_in_reg_reg[3]/Q  -       CK->Q  F     DFFHQX1LVT      2  5.1    88   166     166    (-,-) 
  g5479/Y               -       A->Y   R     INVX1LVT        3  8.0   130   110     276    (-,-) 
  g5448__6131/Y         -       B->Y   F     NAND2X2LVT      2  5.4   121   122     397    (-,-) 
  g5379__6417/CO        -       CI->CO F     ADDFX1LVT       1  3.5    73   168     565    (-,-) 
  g5352__7482/CO        -       CI->CO F     ADDFX1LVT       1  3.5    73   150     715    (-,-) 
  g5338__5122/CO        -       CI->CO F     ADDFX1LVT       1  3.5    73   150     865    (-,-) 
  g5322__4319/CO        -       CI->CO F     ADDFX1LVT       1  3.5    73   150    1015    (-,-) 
  g5306__2346/S         -       CI->S  R     ADDFX1LVT       1  3.2    65   218    1233    (-,-) 
  prod_reg_reg[0][8]/D  -       -      R     DFFHQX1LVT      1    -     -     0    1233    (-,-) 
#------------------------------------------------------------------------------------------------



Path 31: MET (281 ps) Setup Check with Pin prod_reg_reg[6][9]/CK->D
          Group: clock
     Startpoint: (R) shift_reg_reg[5][3]/CK
          Clock: (R) clock
       Endpoint: (R) prod_reg_reg[6][9]/D
          Clock: (R) clock

                     Capture       Launch     
        Clock Edge:+    1600            0     
       Src Latency:+       0            0     
       Net Latency:+       0 (I)        0 (I) 
           Arrival:=    1600            0     
                                              
             Setup:-      86                  
     Required Time:=    1514                  
      Launch Clock:-       0                  
         Data Path:-    1233                  
             Slack:=     281                  

#-------------------------------------------------------------------------------------------------
#     Timing Point       Flags    Arc   Edge    Cell     Fanout Load Trans Delay Arrival Instance 
#                                                               (fF)  (ps)  (ps)   (ps)  Location 
#-------------------------------------------------------------------------------------------------
  shift_reg_reg[5][3]/CK -       -      R     (arrival)     149    -     0     0       0    (-,-) 
  shift_reg_reg[5][3]/Q  -       CK->Q  F     DFFHQX1LVT      2  5.0    87   165     165    (-,-) 
  g5376/Y                -       A->Y   R     INVX1LVT        3  8.0   130   109     274    (-,-) 
  g5374__7410/Y          -       A->Y   F     NAND2X2LVT      2  5.4   115   125     399    (-,-) 
  g5337__1705/CO         -       CI->CO F     ADDFX1LVT       1  3.5    73   166     565    (-,-) 
  g5321__6260/CO         -       CI->CO F     ADDFX1LVT       1  3.5    73   150     715    (-,-) 
  g5305__2883/CO         -       CI->CO F     ADDFX1LVT       1  3.5    73   150     865    (-,-) 
  g5286__8246/CO         -       CI->CO F     ADDFX1LVT       1  3.5    73   150    1015    (-,-) 
  g5267__5526/S          -       CI->S  R     ADDFX1LVT       1  3.2    65   218    1233    (-,-) 
  prod_reg_reg[6][9]/D   -       -      R     DFFHQX1LVT      1    -     -     0    1233    (-,-) 
#-------------------------------------------------------------------------------------------------



Path 32: MET (284 ps) Setup Check with Pin prod_reg_reg[5][11]/CK->D
          Group: clock
     Startpoint: (R) shift_reg_reg[4][2]/CK
          Clock: (R) clock
       Endpoint: (R) prod_reg_reg[5][11]/D
          Clock: (R) clock

                     Capture       Launch     
        Clock Edge:+    1600            0     
       Src Latency:+       0            0     
       Net Latency:+       0 (I)        0 (I) 
           Arrival:=    1600            0     
                                              
             Setup:-      85                  
     Required Time:=    1515                  
      Launch Clock:-       0                  
         Data Path:-    1231                  
             Slack:=     284                  

#-------------------------------------------------------------------------------------------------
#     Timing Point       Flags    Arc   Edge    Cell     Fanout Load Trans Delay Arrival Instance 
#                                                               (fF)  (ps)  (ps)   (ps)  Location 
#-------------------------------------------------------------------------------------------------
  shift_reg_reg[4][2]/CK -       -      R     (arrival)     149    -     0     0       0    (-,-) 
  shift_reg_reg[4][2]/Q  -       CK->Q  R     DFFHQX1LVT      3  7.5   113   165     165    (-,-) 
  g5391__4319/CO         -       A->CO  R     ADDHX1LVT       1  3.5    60   141     306    (-,-) 
  g5349__5115/CO         -       CI->CO R     ADDFX1LVT       1  3.5    67   152     458    (-,-) 
  g5333__1617/CO         -       CI->CO R     ADDFX1LVT       1  3.5    67   155     613    (-,-) 
  g5318__5107/CO         -       CI->CO R     ADDFX1LVT       1  3.5    67   155     768    (-,-) 
  g5301__9945/CO         -       CI->CO R     ADDFX1LVT       1  3.5    67   155     923    (-,-) 
  g5276__1617/CO         -       CI->CO R     ADDFX1LVT       1  3.5    67   155    1078    (-,-) 
  g5261__6260/CO         -       CI->CO R     ADDFX1LVT       1  3.2    63   153    1231    (-,-) 
  prod_reg_reg[5][11]/D  -       -      R     DFFHQX1LVT      1    -     -     0    1231    (-,-) 
#-------------------------------------------------------------------------------------------------



Path 33: MET (285 ps) Setup Check with Pin prod_reg_reg[2][11]/CK->D
          Group: clock
     Startpoint: (R) prod_reg_reg[1][1]/CK
          Clock: (R) clock
       Endpoint: (R) prod_reg_reg[2][11]/D
          Clock: (R) clock

                     Capture       Launch     
        Clock Edge:+    1600            0     
       Src Latency:+       0            0     
       Net Latency:+       0 (I)        0 (I) 
           Arrival:=    1600            0     
                                              
             Setup:-      85                  
     Required Time:=    1515                  
      Launch Clock:-       0                  
         Data Path:-    1230                  
             Slack:=     285                  

#------------------------------------------------------------------------------------------------
#     Timing Point      Flags    Arc   Edge    Cell     Fanout Load Trans Delay Arrival Instance 
#                                                              (fF)  (ps)  (ps)   (ps)  Location 
#------------------------------------------------------------------------------------------------
  prod_reg_reg[1][1]/CK -       -      R     (arrival)     149    -     0     0       0    (-,-) 
  prod_reg_reg[1][1]/Q  -       CK->Q  R     DFFHQX1LVT      3  7.4   112   164     164    (-,-) 
  g5423__1617/CO        -       A->CO  R     ADDHX1LVT       1  3.5    60   140     304    (-,-) 
  g5364__2346/CO        -       CI->CO R     ADDFX1LVT       1  3.5    67   152     456    (-,-) 
  g5348__1881/CO        -       CI->CO R     ADDFX1LVT       1  3.5    67   155     612    (-,-) 
  g5334__2802/CO        -       CI->CO R     ADDFX1LVT       1  3.5    67   155     767    (-,-) 
  g5317__2398/CO        -       CI->CO R     ADDFX1LVT       1  3.5    67   155     922    (-,-) 
  g5298__4733/CO        -       CI->CO R     ADDFX1LVT       1  3.5    67   155    1077    (-,-) 
  g5279__5122/CO        -       CI->CO R     ADDFX1LVT       1  3.2    63   153    1230    (-,-) 
  prod_reg_reg[2][11]/D -       -      R     DFFHQX1LVT      1    -     -     0    1230    (-,-) 
#------------------------------------------------------------------------------------------------



Path 34: MET (286 ps) Setup Check with Pin prod_reg_reg[1][8]/CK->D
          Group: clock
     Startpoint: (R) shift_reg_reg[0][3]/CK
          Clock: (R) clock
       Endpoint: (R) prod_reg_reg[1][8]/D
          Clock: (R) clock

                     Capture       Launch     
        Clock Edge:+    1600            0     
       Src Latency:+       0            0     
       Net Latency:+       0 (I)        0 (I) 
           Arrival:=    1600            0     
                                              
             Setup:-      86                  
     Required Time:=    1514                  
      Launch Clock:-       0                  
         Data Path:-    1229                  
             Slack:=     286                  

#-------------------------------------------------------------------------------------------------
#     Timing Point       Flags    Arc   Edge    Cell     Fanout Load Trans Delay Arrival Instance 
#                                                               (fF)  (ps)  (ps)   (ps)  Location 
#-------------------------------------------------------------------------------------------------
  shift_reg_reg[0][3]/CK -       -      R     (arrival)     149    -     0     0       0    (-,-) 
  shift_reg_reg[0][3]/Q  -       CK->Q  F     DFFHQX1LVT      2  5.0    87   165     165    (-,-) 
  g5444/Y                -       A->Y   R     INVX1           3  7.5   175   143     308    (-,-) 
  g5431__5122/Y          -       A->Y   F     NAND2X1LVT      2  5.4   209   201     509    (-,-) 
  g5363__2883/CO         -       CI->CO F     ADDFX1LVT       1  3.5    74   201     710    (-,-) 
  g5346__7098/CO         -       CI->CO F     ADDFX1LVT       1  3.5    73   150     860    (-,-) 
  g5330__5526/CO         -       CI->CO F     ADDFX1LVT       1  3.5    74   150    1010    (-,-) 
  g5314__7410/S          -       CI->S  R     ADDFX1LVT       1  3.2    65   219    1229    (-,-) 
  prod_reg_reg[1][8]/D   -       -      R     DFFHQX1LVT      1    -     -     0    1229    (-,-) 
#-------------------------------------------------------------------------------------------------



Path 35: MET (304 ps) Setup Check with Pin data_out_reg_reg[4]/CK->D
          Group: clock
     Startpoint: (R) prod_reg_reg[7][4]/CK
          Clock: (R) clock
       Endpoint: (R) data_out_reg_reg[4]/D
          Clock: (R) clock

                     Capture       Launch     
        Clock Edge:+    1600            0     
       Src Latency:+       0            0     
       Net Latency:+       0 (I)        0 (I) 
           Arrival:=    1600            0     
                                              
             Setup:-      83                  
     Required Time:=    1517                  
      Launch Clock:-       0                  
         Data Path:-    1213                  
             Slack:=     304                  

#-----------------------------------------------------------------------------------------------------------------------------
#                   Timing Point                     Flags   Arc   Edge    Cell      Fanout Load Trans Delay Arrival Instance 
#                                                                                           (fF)  (ps)  (ps)   (ps)  Location 
#-----------------------------------------------------------------------------------------------------------------------------
  prod_reg_reg[7][4]/CK                              -       -     R     (arrival)      149    -     0     0       0    (-,-) 
  prod_reg_reg[7][4]/Q                               -       CK->Q F     DFFHQX1LVT       1  3.7    66   154     154    (-,-) 
  csa_tree_ADD_TC_OP_12_groupi_cdnfadd_004_0__7410/S -       B->S  R     ADDFX1LVT        1  3.8    73   224     378    (-,-) 
  csa_tree_ADD_TC_OP_12_groupi_cdnfadd_004_3__2398/S -       B->S  F     ADDFX1LVT        1  3.5    73   229     606    (-,-) 
  csa_tree_ADD_TC_OP_12_groupi_cdnfadd_004_4__5107/S -       CI->S R     ADDFX1LVT        2  6.2   107   242     848    (-,-) 
  csa_tree_ADD_TC_OP_12_groupi_g7056__5477/Y         -       B->Y  F     NOR2X2LVT        2  6.2    75    82     930    (-,-) 
  csa_tree_ADD_TC_OP_12_groupi_g7054__7410/Y         -       AN->Y F     NAND2BX1LVT      1  3.3   135   128    1059    (-,-) 
  csa_tree_ADD_TC_OP_12_groupi_g7050__2883/Y         -       B->Y  R     XNOR2X1LVT       1  3.2    57   154    1213    (-,-) 
  data_out_reg_reg[4]/D                              -       -     R     DFFHQX1LVT       1    -     -     0    1213    (-,-) 
#-----------------------------------------------------------------------------------------------------------------------------



Path 36: MET (395 ps) Setup Check with Pin prod_reg_reg[5][9]/CK->D
          Group: clock
     Startpoint: (R) shift_reg_reg[4][2]/CK
          Clock: (R) clock
       Endpoint: (R) prod_reg_reg[5][9]/D
          Clock: (R) clock

                     Capture       Launch     
        Clock Edge:+    1600            0     
       Src Latency:+       0            0     
       Net Latency:+       0 (I)        0 (I) 
           Arrival:=    1600            0     
                                              
             Setup:-      86                  
     Required Time:=    1514                  
      Launch Clock:-       0                  
         Data Path:-    1119                  
             Slack:=     395                  

#-------------------------------------------------------------------------------------------------
#     Timing Point       Flags    Arc   Edge    Cell     Fanout Load Trans Delay Arrival Instance 
#                                                               (fF)  (ps)  (ps)   (ps)  Location 
#-------------------------------------------------------------------------------------------------
  shift_reg_reg[4][2]/CK -       -      R     (arrival)     149    -     0     0       0    (-,-) 
  shift_reg_reg[4][2]/Q  -       CK->Q  R     DFFHQX1LVT      3  7.5   113   165     165    (-,-) 
  g5391__4319/CO         -       A->CO  R     ADDHX1LVT       1  3.5    60   141     306    (-,-) 
  g5349__5115/CO         -       CI->CO R     ADDFX1LVT       1  3.5    67   152     458    (-,-) 
  g5333__1617/CO         -       CI->CO R     ADDFX1LVT       1  3.5    67   155     613    (-,-) 
  g5318__5107/CO         -       CI->CO R     ADDFX1LVT       1  3.5    67   155     768    (-,-) 
  g5301__9945/CO         -       CI->CO R     ADDFX1LVT       1  3.5    67   155     923    (-,-) 
  g5276__1617/S          -       CI->S  R     ADDFX1LVT       1  3.2    65   196    1119    (-,-) 
  prod_reg_reg[5][9]/D   -       -      R     DFFHQX1LVT      1    -     -     0    1119    (-,-) 
#-------------------------------------------------------------------------------------------------



Path 37: MET (396 ps) Setup Check with Pin prod_reg_reg[2][9]/CK->D
          Group: clock
     Startpoint: (R) prod_reg_reg[1][1]/CK
          Clock: (R) clock
       Endpoint: (R) prod_reg_reg[2][9]/D
          Clock: (R) clock

                     Capture       Launch     
        Clock Edge:+    1600            0     
       Src Latency:+       0            0     
       Net Latency:+       0 (I)        0 (I) 
           Arrival:=    1600            0     
                                              
             Setup:-      86                  
     Required Time:=    1514                  
      Launch Clock:-       0                  
         Data Path:-    1118                  
             Slack:=     396                  

#------------------------------------------------------------------------------------------------
#     Timing Point      Flags    Arc   Edge    Cell     Fanout Load Trans Delay Arrival Instance 
#                                                              (fF)  (ps)  (ps)   (ps)  Location 
#------------------------------------------------------------------------------------------------
  prod_reg_reg[1][1]/CK -       -      R     (arrival)     149    -     0     0       0    (-,-) 
  prod_reg_reg[1][1]/Q  -       CK->Q  R     DFFHQX1LVT      3  7.4   112   164     164    (-,-) 
  g5423__1617/CO        -       A->CO  R     ADDHX1LVT       1  3.5    60   140     304    (-,-) 
  g5364__2346/CO        -       CI->CO R     ADDFX1LVT       1  3.5    67   152     456    (-,-) 
  g5348__1881/CO        -       CI->CO R     ADDFX1LVT       1  3.5    67   155     612    (-,-) 
  g5334__2802/CO        -       CI->CO R     ADDFX1LVT       1  3.5    67   155     767    (-,-) 
  g5317__2398/CO        -       CI->CO R     ADDFX1LVT       1  3.5    67   155     922    (-,-) 
  g5298__4733/S         -       CI->S  R     ADDFX1LVT       1  3.2    65   196    1118    (-,-) 
  prod_reg_reg[2][9]/D  -       -      R     DFFHQX1LVT      1    -     -     0    1118    (-,-) 
#------------------------------------------------------------------------------------------------



Path 38: MET (414 ps) Setup Check with Pin prod_reg_reg[7][7]/CK->D
          Group: clock
     Startpoint: (R) shift_reg_reg[6][3]/CK
          Clock: (R) clock
       Endpoint: (R) prod_reg_reg[7][7]/D
          Clock: (R) clock

                     Capture       Launch     
        Clock Edge:+    1600            0     
       Src Latency:+       0            0     
       Net Latency:+       0 (I)        0 (I) 
           Arrival:=    1600            0     
                                              
             Setup:-      86                  
     Required Time:=    1514                  
      Launch Clock:-       0                  
         Data Path:-    1100                  
             Slack:=     414                  

#-------------------------------------------------------------------------------------------------
#     Timing Point       Flags    Arc   Edge    Cell     Fanout Load Trans Delay Arrival Instance 
#                                                               (fF)  (ps)  (ps)   (ps)  Location 
#-------------------------------------------------------------------------------------------------
  shift_reg_reg[6][3]/CK -       -      R     (arrival)     149    -     0     0       0    (-,-) 
  shift_reg_reg[6][3]/QN -       CK->QN R     DFFRX1LVT       3  7.5   114   210     210    (-,-) 
  g5361__9945/Y          -       A->Y   F     NAND2X1LVT      2  5.4   202   173     383    (-,-) 
  g5332__3680/CO         -       CI->CO F     ADDFX1LVT       1  3.5    74   199     582    (-,-) 
  g5315__6417/CO         -       CI->CO F     ADDFX1LVT       1  3.5    73   150     732    (-,-) 
  g5299__6161/CO         -       CI->CO F     ADDFX1LVT       1  3.5    73   150     882    (-,-) 
  g5278__1705/S          -       CI->S  R     ADDFX1LVT       1  3.2    65   218    1100    (-,-) 
  prod_reg_reg[7][7]/D   -       -      R     DFFHQX1LVT      1    -     -     0    1100    (-,-) 
#-------------------------------------------------------------------------------------------------



Path 39: MET (429 ps) Setup Check with Pin prod_reg_reg[4][9]/CK->D
          Group: clock
     Startpoint: (R) prod_reg_reg[3][3]/CK
          Clock: (R) clock
       Endpoint: (R) prod_reg_reg[4][9]/D
          Clock: (R) clock

                     Capture       Launch     
        Clock Edge:+    1600            0     
       Src Latency:+       0            0     
       Net Latency:+       0 (I)        0 (I) 
           Arrival:=    1600            0     
                                              
             Setup:-      86                  
     Required Time:=    1514                  
      Launch Clock:-       0                  
         Data Path:-    1085                  
             Slack:=     429                  

#--------------------------------------------------------------------------------------------------
#     Timing Point      Flags    Arc   Edge     Cell      Fanout Load Trans Delay Arrival Instance 
#                                                                (fF)  (ps)  (ps)   (ps)  Location 
#--------------------------------------------------------------------------------------------------
  prod_reg_reg[3][3]/CK -       -      R     (arrival)       149    -     0     0       0    (-,-) 
  prod_reg_reg[3][3]/Q  -       CK->Q  F     DFFQX2LVT         6 12.8   111   183     183    (-,-) 
  g5446__7098/Y         -       B->Y   R     NOR2X2LVT         2  5.5   106   103     286    (-,-) 
  g5380__5477/CO        -       B->CO  R     ADDHX1LVT         2  5.1    82   144     430    (-,-) 
  g5360__9315/Y         -       A1N->Y R     AOI2BB1X1LVT      1  3.5   125   125     555    (-,-) 
  g5340__8246/CO        -       CI->CO R     ADDFX1LVT         1  3.5    68   179     734    (-,-) 
  g5324__8428/CO        -       CI->CO R     ADDFX1LVT         1  3.5    67   155     890    (-,-) 
  g5308__1666/S         -       CI->S  R     ADDFX1LVT         1  3.2    65   196    1085    (-,-) 
  prod_reg_reg[4][9]/D  -       -      R     DFFHQX1LVT        1    -     -     0    1085    (-,-) 
#--------------------------------------------------------------------------------------------------



Path 40: MET (431 ps) Setup Check with Pin prod_reg_reg[0][7]/CK->D
          Group: clock
     Startpoint: (R) data_in_reg_reg[3]/CK
          Clock: (R) clock
       Endpoint: (R) prod_reg_reg[0][7]/D
          Clock: (R) clock

                     Capture       Launch     
        Clock Edge:+    1600            0     
       Src Latency:+       0            0     
       Net Latency:+       0 (I)        0 (I) 
           Arrival:=    1600            0     
                                              
             Setup:-      86                  
     Required Time:=    1514                  
      Launch Clock:-       0                  
         Data Path:-    1084                  
             Slack:=     431                  

#------------------------------------------------------------------------------------------------
#     Timing Point      Flags    Arc   Edge    Cell     Fanout Load Trans Delay Arrival Instance 
#                                                              (fF)  (ps)  (ps)   (ps)  Location 
#------------------------------------------------------------------------------------------------
  data_in_reg_reg[3]/CK -       -      R     (arrival)     149    -     0     0       0    (-,-) 
  data_in_reg_reg[3]/Q  -       CK->Q  F     DFFHQX1LVT      2  5.1    88   166     166    (-,-) 
  g5479/Y               -       A->Y   R     INVX1LVT        3  8.0   130   110     276    (-,-) 
  g5448__6131/Y         -       B->Y   F     NAND2X2LVT      2  5.4   121   122     397    (-,-) 
  g5379__6417/CO        -       CI->CO F     ADDFX1LVT       1  3.5    73   168     565    (-,-) 
  g5352__7482/CO        -       CI->CO F     ADDFX1LVT       1  3.5    73   150     715    (-,-) 
  g5338__5122/CO        -       CI->CO F     ADDFX1LVT       1  3.5    73   150     865    (-,-) 
  g5322__4319/S         -       CI->S  R     ADDFX1LVT       1  3.2    65   218    1084    (-,-) 
  prod_reg_reg[0][7]/D  -       -      R     DFFHQX1LVT      1    -     -     0    1084    (-,-) 
#------------------------------------------------------------------------------------------------



Path 41: MET (431 ps) Setup Check with Pin prod_reg_reg[6][8]/CK->D
          Group: clock
     Startpoint: (R) shift_reg_reg[5][3]/CK
          Clock: (R) clock
       Endpoint: (R) prod_reg_reg[6][8]/D
          Clock: (R) clock

                     Capture       Launch     
        Clock Edge:+    1600            0     
       Src Latency:+       0            0     
       Net Latency:+       0 (I)        0 (I) 
           Arrival:=    1600            0     
                                              
             Setup:-      86                  
     Required Time:=    1514                  
      Launch Clock:-       0                  
         Data Path:-    1083                  
             Slack:=     431                  

#-------------------------------------------------------------------------------------------------
#     Timing Point       Flags    Arc   Edge    Cell     Fanout Load Trans Delay Arrival Instance 
#                                                               (fF)  (ps)  (ps)   (ps)  Location 
#-------------------------------------------------------------------------------------------------
  shift_reg_reg[5][3]/CK -       -      R     (arrival)     149    -     0     0       0    (-,-) 
  shift_reg_reg[5][3]/Q  -       CK->Q  F     DFFHQX1LVT      2  5.0    87   165     165    (-,-) 
  g5376/Y                -       A->Y   R     INVX1LVT        3  8.0   130   109     274    (-,-) 
  g5374__7410/Y          -       A->Y   F     NAND2X2LVT      2  5.4   115   125     399    (-,-) 
  g5337__1705/CO         -       CI->CO F     ADDFX1LVT       1  3.5    73   166     565    (-,-) 
  g5321__6260/CO         -       CI->CO F     ADDFX1LVT       1  3.5    73   150     715    (-,-) 
  g5305__2883/CO         -       CI->CO F     ADDFX1LVT       1  3.5    73   150     865    (-,-) 
  g5286__8246/S          -       CI->S  R     ADDFX1LVT       1  3.2    65   218    1083    (-,-) 
  prod_reg_reg[6][8]/D   -       -      R     DFFHQX1LVT      1    -     -     0    1083    (-,-) 
#-------------------------------------------------------------------------------------------------



Path 42: MET (435 ps) Setup Check with Pin prod_reg_reg[3][9]/CK->D
          Group: clock
     Startpoint: (R) prod_reg_reg[2][3]/CK
          Clock: (R) clock
       Endpoint: (R) prod_reg_reg[3][9]/D
          Clock: (R) clock

                     Capture       Launch     
        Clock Edge:+    1600            0     
       Src Latency:+       0            0     
       Net Latency:+       0 (I)        0 (I) 
           Arrival:=    1600            0     
                                              
             Setup:-      86                  
     Required Time:=    1514                  
      Launch Clock:-       0                  
         Data Path:-    1079                  
             Slack:=     435                  

#--------------------------------------------------------------------------------------------------
#     Timing Point      Flags    Arc   Edge     Cell      Fanout Load Trans Delay Arrival Instance 
#                                                                (fF)  (ps)  (ps)   (ps)  Location 
#--------------------------------------------------------------------------------------------------
  prod_reg_reg[2][3]/CK -       -      R     (arrival)       149    -     0     0       0    (-,-) 
  prod_reg_reg[2][3]/Q  -       CK->Q  F     DFFQX2LVT         5 11.6   101   178     178    (-,-) 
  g5489__1881/Y         -       A->Y   R     NOR2X2LVT         2  5.5   100   104     282    (-,-) 
  g5390__6260/CO        -       B->CO  R     ADDHX1LVT         2  5.1    82   142     423    (-,-) 
  g5372__1666/Y         -       A1N->Y R     AOI2BB1X1LVT      1  3.5   125   125     549    (-,-) 
  g5347__6131/CO        -       CI->CO R     ADDFX1LVT         1  3.5    68   179     728    (-,-) 
  g5331__6783/CO        -       CI->CO R     ADDFX1LVT         1  3.5    67   155     883    (-,-) 
  g5316__5477/S         -       CI->S  R     ADDFX1LVT         1  3.2    65   196    1079    (-,-) 
  prod_reg_reg[3][9]/D  -       -      R     DFFHQX1LVT        1    -     -     0    1079    (-,-) 
#--------------------------------------------------------------------------------------------------



Path 43: MET (436 ps) Setup Check with Pin prod_reg_reg[1][7]/CK->D
          Group: clock
     Startpoint: (R) shift_reg_reg[0][3]/CK
          Clock: (R) clock
       Endpoint: (R) prod_reg_reg[1][7]/D
          Clock: (R) clock

                     Capture       Launch     
        Clock Edge:+    1600            0     
       Src Latency:+       0            0     
       Net Latency:+       0 (I)        0 (I) 
           Arrival:=    1600            0     
                                              
             Setup:-      86                  
     Required Time:=    1514                  
      Launch Clock:-       0                  
         Data Path:-    1079                  
             Slack:=     436                  

#-------------------------------------------------------------------------------------------------
#     Timing Point       Flags    Arc   Edge    Cell     Fanout Load Trans Delay Arrival Instance 
#                                                               (fF)  (ps)  (ps)   (ps)  Location 
#-------------------------------------------------------------------------------------------------
  shift_reg_reg[0][3]/CK -       -      R     (arrival)     149    -     0     0       0    (-,-) 
  shift_reg_reg[0][3]/Q  -       CK->Q  F     DFFHQX1LVT      2  5.0    87   165     165    (-,-) 
  g5444/Y                -       A->Y   R     INVX1           3  7.5   175   143     308    (-,-) 
  g5431__5122/Y          -       A->Y   F     NAND2X1LVT      2  5.4   209   201     509    (-,-) 
  g5363__2883/CO         -       CI->CO F     ADDFX1LVT       1  3.5    74   201     710    (-,-) 
  g5346__7098/CO         -       CI->CO F     ADDFX1LVT       1  3.5    73   150     860    (-,-) 
  g5330__5526/S          -       CI->S  R     ADDFX1LVT       1  3.2    65   218    1079    (-,-) 
  prod_reg_reg[1][7]/D   -       -      R     DFFHQX1LVT      1    -     -     0    1079    (-,-) 
#-------------------------------------------------------------------------------------------------



Path 44: MET (518 ps) Setup Check with Pin data_out_reg_reg[3]/CK->D
          Group: clock
     Startpoint: (R) prod_reg_reg[1][2]/CK
          Clock: (R) clock
       Endpoint: (R) data_out_reg_reg[3]/D
          Clock: (R) clock

                     Capture       Launch     
        Clock Edge:+    1600            0     
       Src Latency:+       0            0     
       Net Latency:+       0 (I)        0 (I) 
           Arrival:=    1600            0     
                                              
             Setup:-      80                  
     Required Time:=    1520                  
      Launch Clock:-       0                  
         Data Path:-    1002                  
             Slack:=     518                  

#-----------------------------------------------------------------------------------------------------------------------------
#                    Timing Point                     Flags   Arc   Edge    Cell     Fanout Load Trans Delay Arrival Instance 
#                                                                                           (fF)  (ps)  (ps)   (ps)  Location 
#-----------------------------------------------------------------------------------------------------------------------------
  prod_reg_reg[1][2]/CK                               -       -     R     (arrival)     149    -     0     0       0    (-,-) 
  prod_reg_reg[1][2]/Q                                -       CK->Q F     DFFHQX1LVT      3  7.6   128   187     187    (-,-) 
  csa_tree_ADD_TC_OP_12_groupi_cdnfadd_002_0__6161/CO -       B->CO F     ADDFX1LVT       1  3.5    73   172     359    (-,-) 
  csa_tree_ADD_TC_OP_12_groupi_cdnfadd_003_2__2346/S  -       CI->S R     ADDFX1LVT       1  3.8    73   223     582    (-,-) 
  csa_tree_ADD_TC_OP_12_groupi_cdnfadd_003_3__1666/S  -       CI->S F     ADDFHX1LVT      1  3.8    76   196     778    (-,-) 
  csa_tree_ADD_TC_OP_12_groupi_g7053__1666/S          -       CI->S R     ADDFHX2LVT      1  3.2    51   224    1002    (-,-) 
  data_out_reg_reg[3]/D                               -       -     R     DFFHQX1LVT      1    -     -     0    1002    (-,-) 
#-----------------------------------------------------------------------------------------------------------------------------



Path 45: MET (550 ps) Setup Check with Pin prod_reg_reg[5][8]/CK->D
          Group: clock
     Startpoint: (R) shift_reg_reg[4][2]/CK
          Clock: (R) clock
       Endpoint: (R) prod_reg_reg[5][8]/D
          Clock: (R) clock

                     Capture       Launch     
        Clock Edge:+    1600            0     
       Src Latency:+       0            0     
       Net Latency:+       0 (I)        0 (I) 
           Arrival:=    1600            0     
                                              
             Setup:-      86                  
     Required Time:=    1514                  
      Launch Clock:-       0                  
         Data Path:-     964                  
             Slack:=     550                  

#-------------------------------------------------------------------------------------------------
#     Timing Point       Flags    Arc   Edge    Cell     Fanout Load Trans Delay Arrival Instance 
#                                                               (fF)  (ps)  (ps)   (ps)  Location 
#-------------------------------------------------------------------------------------------------
  shift_reg_reg[4][2]/CK -       -      R     (arrival)     149    -     0     0       0    (-,-) 
  shift_reg_reg[4][2]/Q  -       CK->Q  R     DFFHQX1LVT      3  7.5   113   165     165    (-,-) 
  g5391__4319/CO         -       A->CO  R     ADDHX1LVT       1  3.5    60   141     306    (-,-) 
  g5349__5115/CO         -       CI->CO R     ADDFX1LVT       1  3.5    67   152     458    (-,-) 
  g5333__1617/CO         -       CI->CO R     ADDFX1LVT       1  3.5    67   155     613    (-,-) 
  g5318__5107/CO         -       CI->CO R     ADDFX1LVT       1  3.5    67   155     768    (-,-) 
  g5301__9945/S          -       CI->S  R     ADDFX1LVT       1  3.2    65   196     964    (-,-) 
  prod_reg_reg[5][8]/D   -       -      R     DFFHQX1LVT      1    -     -     0     964    (-,-) 
#-------------------------------------------------------------------------------------------------



Path 46: MET (552 ps) Setup Check with Pin prod_reg_reg[2][8]/CK->D
          Group: clock
     Startpoint: (R) prod_reg_reg[1][1]/CK
          Clock: (R) clock
       Endpoint: (R) prod_reg_reg[2][8]/D
          Clock: (R) clock

                     Capture       Launch     
        Clock Edge:+    1600            0     
       Src Latency:+       0            0     
       Net Latency:+       0 (I)        0 (I) 
           Arrival:=    1600            0     
                                              
             Setup:-      86                  
     Required Time:=    1514                  
      Launch Clock:-       0                  
         Data Path:-     963                  
             Slack:=     552                  

#------------------------------------------------------------------------------------------------
#     Timing Point      Flags    Arc   Edge    Cell     Fanout Load Trans Delay Arrival Instance 
#                                                              (fF)  (ps)  (ps)   (ps)  Location 
#------------------------------------------------------------------------------------------------
  prod_reg_reg[1][1]/CK -       -      R     (arrival)     149    -     0     0       0    (-,-) 
  prod_reg_reg[1][1]/Q  -       CK->Q  R     DFFHQX1LVT      3  7.4   112   164     164    (-,-) 
  g5423__1617/CO        -       A->CO  R     ADDHX1LVT       1  3.5    60   140     304    (-,-) 
  g5364__2346/CO        -       CI->CO R     ADDFX1LVT       1  3.5    67   152     456    (-,-) 
  g5348__1881/CO        -       CI->CO R     ADDFX1LVT       1  3.5    67   155     612    (-,-) 
  g5334__2802/CO        -       CI->CO R     ADDFX1LVT       1  3.5    67   155     767    (-,-) 
  g5317__2398/S         -       CI->S  R     ADDFX1LVT       1  3.2    65   196     963    (-,-) 
  prod_reg_reg[2][8]/D  -       -      R     DFFHQX1LVT      1    -     -     0     963    (-,-) 
#------------------------------------------------------------------------------------------------



Path 47: MET (564 ps) Setup Check with Pin prod_reg_reg[7][6]/CK->D
          Group: clock
     Startpoint: (R) shift_reg_reg[6][3]/CK
          Clock: (R) clock
       Endpoint: (R) prod_reg_reg[7][6]/D
          Clock: (R) clock

                     Capture       Launch     
        Clock Edge:+    1600            0     
       Src Latency:+       0            0     
       Net Latency:+       0 (I)        0 (I) 
           Arrival:=    1600            0     
                                              
             Setup:-      86                  
     Required Time:=    1514                  
      Launch Clock:-       0                  
         Data Path:-     950                  
             Slack:=     564                  

#-------------------------------------------------------------------------------------------------
#     Timing Point       Flags    Arc   Edge    Cell     Fanout Load Trans Delay Arrival Instance 
#                                                               (fF)  (ps)  (ps)   (ps)  Location 
#-------------------------------------------------------------------------------------------------
  shift_reg_reg[6][3]/CK -       -      R     (arrival)     149    -     0     0       0    (-,-) 
  shift_reg_reg[6][3]/QN -       CK->QN R     DFFRX1LVT       3  7.5   114   210     210    (-,-) 
  g5361__9945/Y          -       A->Y   F     NAND2X1LVT      2  5.4   202   173     383    (-,-) 
  g5332__3680/CO         -       CI->CO F     ADDFX1LVT       1  3.5    74   199     582    (-,-) 
  g5315__6417/CO         -       CI->CO F     ADDFX1LVT       1  3.5    73   150     732    (-,-) 
  g5299__6161/S          -       CI->S  R     ADDFX1LVT       1  3.2    65   218     950    (-,-) 
  prod_reg_reg[7][6]/D   -       -      R     DFFHQX1LVT      1    -     -     0     950    (-,-) 
#-------------------------------------------------------------------------------------------------



Path 48: MET (581 ps) Setup Check with Pin prod_reg_reg[0][6]/CK->D
          Group: clock
     Startpoint: (R) data_in_reg_reg[3]/CK
          Clock: (R) clock
       Endpoint: (R) prod_reg_reg[0][6]/D
          Clock: (R) clock

                     Capture       Launch     
        Clock Edge:+    1600            0     
       Src Latency:+       0            0     
       Net Latency:+       0 (I)        0 (I) 
           Arrival:=    1600            0     
                                              
             Setup:-      86                  
     Required Time:=    1514                  
      Launch Clock:-       0                  
         Data Path:-     934                  
             Slack:=     581                  

#------------------------------------------------------------------------------------------------
#     Timing Point      Flags    Arc   Edge    Cell     Fanout Load Trans Delay Arrival Instance 
#                                                              (fF)  (ps)  (ps)   (ps)  Location 
#------------------------------------------------------------------------------------------------
  data_in_reg_reg[3]/CK -       -      R     (arrival)     149    -     0     0       0    (-,-) 
  data_in_reg_reg[3]/Q  -       CK->Q  F     DFFHQX1LVT      2  5.1    88   166     166    (-,-) 
  g5479/Y               -       A->Y   R     INVX1LVT        3  8.0   130   110     276    (-,-) 
  g5448__6131/Y         -       B->Y   F     NAND2X2LVT      2  5.4   121   122     397    (-,-) 
  g5379__6417/CO        -       CI->CO F     ADDFX1LVT       1  3.5    73   168     565    (-,-) 
  g5352__7482/CO        -       CI->CO F     ADDFX1LVT       1  3.5    73   150     715    (-,-) 
  g5338__5122/S         -       CI->S  R     ADDFX1LVT       1  3.2    65   218     934    (-,-) 
  prod_reg_reg[0][6]/D  -       -      R     DFFHQX1LVT      1    -     -     0     934    (-,-) 
#------------------------------------------------------------------------------------------------



Path 49: MET (581 ps) Setup Check with Pin prod_reg_reg[6][7]/CK->D
          Group: clock
     Startpoint: (R) shift_reg_reg[5][3]/CK
          Clock: (R) clock
       Endpoint: (R) prod_reg_reg[6][7]/D
          Clock: (R) clock

                     Capture       Launch     
        Clock Edge:+    1600            0     
       Src Latency:+       0            0     
       Net Latency:+       0 (I)        0 (I) 
           Arrival:=    1600            0     
                                              
             Setup:-      86                  
     Required Time:=    1514                  
      Launch Clock:-       0                  
         Data Path:-     933                  
             Slack:=     581                  

#-------------------------------------------------------------------------------------------------
#     Timing Point       Flags    Arc   Edge    Cell     Fanout Load Trans Delay Arrival Instance 
#                                                               (fF)  (ps)  (ps)   (ps)  Location 
#-------------------------------------------------------------------------------------------------
  shift_reg_reg[5][3]/CK -       -      R     (arrival)     149    -     0     0       0    (-,-) 
  shift_reg_reg[5][3]/Q  -       CK->Q  F     DFFHQX1LVT      2  5.0    87   165     165    (-,-) 
  g5376/Y                -       A->Y   R     INVX1LVT        3  8.0   130   109     274    (-,-) 
  g5374__7410/Y          -       A->Y   F     NAND2X2LVT      2  5.4   115   125     399    (-,-) 
  g5337__1705/CO         -       CI->CO F     ADDFX1LVT       1  3.5    73   166     565    (-,-) 
  g5321__6260/CO         -       CI->CO F     ADDFX1LVT       1  3.5    73   150     715    (-,-) 
  g5305__2883/S          -       CI->S  R     ADDFX1LVT       1  3.2    65   218     933    (-,-) 
  prod_reg_reg[6][7]/D   -       -      R     DFFHQX1LVT      1    -     -     0     933    (-,-) 
#-------------------------------------------------------------------------------------------------



Path 50: MET (584 ps) Setup Check with Pin prod_reg_reg[4][8]/CK->D
          Group: clock
     Startpoint: (R) prod_reg_reg[3][3]/CK
          Clock: (R) clock
       Endpoint: (R) prod_reg_reg[4][8]/D
          Clock: (R) clock

                     Capture       Launch     
        Clock Edge:+    1600            0     
       Src Latency:+       0            0     
       Net Latency:+       0 (I)        0 (I) 
           Arrival:=    1600            0     
                                              
             Setup:-      86                  
     Required Time:=    1514                  
      Launch Clock:-       0                  
         Data Path:-     930                  
             Slack:=     584                  

#--------------------------------------------------------------------------------------------------
#     Timing Point      Flags    Arc   Edge     Cell      Fanout Load Trans Delay Arrival Instance 
#                                                                (fF)  (ps)  (ps)   (ps)  Location 
#--------------------------------------------------------------------------------------------------
  prod_reg_reg[3][3]/CK -       -      R     (arrival)       149    -     0     0       0    (-,-) 
  prod_reg_reg[3][3]/Q  -       CK->Q  F     DFFQX2LVT         6 12.8   111   183     183    (-,-) 
  g5446__7098/Y         -       B->Y   R     NOR2X2LVT         2  5.5   106   103     286    (-,-) 
  g5380__5477/CO        -       B->CO  R     ADDHX1LVT         2  5.1    82   144     430    (-,-) 
  g5360__9315/Y         -       A1N->Y R     AOI2BB1X1LVT      1  3.5   125   125     555    (-,-) 
  g5340__8246/CO        -       CI->CO R     ADDFX1LVT         1  3.5    68   179     734    (-,-) 
  g5324__8428/S         -       CI->S  R     ADDFX1LVT         1  3.2    65   196     930    (-,-) 
  prod_reg_reg[4][8]/D  -       -      R     DFFHQX1LVT        1    -     -     0     930    (-,-) 
#--------------------------------------------------------------------------------------------------

