============================================================
  Generated by:           Genus(TM) Synthesis Solution 23.10-p004_1
  Generated on:           Oct 08 2026  09:40:59 pm
  Module:                 fir_serial_pipe
  Operating conditions:   PVT_0P9V_125C 
  Interconnect mode:      global
  Area mode:              physical library
============================================================


Path 1: MET (16 ps) Setup Check with Pin data_out_reg_reg[14]/clk->d
          Group: clock
     Startpoint: (R) prod_reg_reg[3][6]/clk
          Clock: (R) clock
       Endpoint: (R) data_out_reg_reg[14]/d
          Clock: (R) clock

                     Capture       Launch     
        Clock Edge:+    1600            0     
       Src Latency:+       0            0     
       Net Latency:+       0 (I)        0 (I) 
           Arrival:=    1600            0     
                                              
             Setup:-      69                  
     Required Time:=    1531                  
      Launch Clock:-       0                  
         Data Path:-    1515                  
             Slack:=      16                  

#-----------------------------------------------------------------------------------------------------------------------
#            Timing Point              Flags    Arc    Edge       Cell         Fanout Load Trans Delay Arrival Instance 
#                                                                                     (fF)  (ps)  (ps)   (ps)  Location 
#-----------------------------------------------------------------------------------------------------------------------
  prod_reg_reg[3][6]/clk               -       -       R     (arrival)            149    -     0     0       0    (-,-) 
  prod_reg_reg[3][6]/q                 (u)     clk->q  F     unmapped_d_flop        4  2.0     0   212     212    (-,-) 
  csa_tree_ADD_TC_OP_12_groupi/g2363/z (u)     in_1->z R     unmapped_nand2         1  0.5     0    52     264    (-,-) 
  csa_tree_ADD_TC_OP_12_groupi/g2280/z (u)     in_1->z F     unmapped_nand2         1  0.5     0    52     316    (-,-) 
  csa_tree_ADD_TC_OP_12_groupi/g2217/z (u)     in_1->z F     unmapped_complex2      4  2.0     0    68     384    (-,-) 
  csa_tree_ADD_TC_OP_12_groupi/g237/z  (u)     in_0->z R     unmapped_nand2         1  0.5     0    52     436    (-,-) 
  csa_tree_ADD_TC_OP_12_groupi/g2111/z (u)     in_0->z F     unmapped_nand2         1  0.5     0    52     488    (-,-) 
  csa_tree_ADD_TC_OP_12_groupi/g2050/z (u)     in_1->z F     unmapped_complex2      4  2.0     0    68     556    (-,-) 
  csa_tree_ADD_TC_OP_12_groupi/g2010/z (u)     in_0->z R     unmapped_complex2      1  0.5     0    52     608    (-,-) 
  csa_tree_ADD_TC_OP_12_groupi/g2011/z (u)     in_1->z F     unmapped_nand2         2  1.0     0    58     666    (-,-) 
  csa_tree_ADD_TC_OP_12_groupi/g1977/z (u)     in_0->z F     unmapped_complex2      1  0.5     0    52     718    (-,-) 
  csa_tree_ADD_TC_OP_12_groupi/g1978/z (u)     in_1->z R     unmapped_nand2         4  2.0     0    68     786    (-,-) 
  csa_tree_ADD_TC_OP_12_groupi/g1931/z (u)     in_0->z F     unmapped_complex2      1  0.5     0    52     838    (-,-) 
  csa_tree_ADD_TC_OP_12_groupi/g1932/z (u)     in_1->z R     unmapped_nand2         2  1.0     0    58     896    (-,-) 
  csa_tree_ADD_TC_OP_12_groupi/g1922/z (u)     in_0->z R     unmapped_complex2      1  0.5     0    52     948    (-,-) 
  csa_tree_ADD_TC_OP_12_groupi/g1923/z (u)     in_1->z F     unmapped_nand2         2  1.0     0    58    1007    (-,-) 
  csa_tree_ADD_TC_OP_12_groupi/g1754/z (u)     in_1->z R     unmapped_nand2         3  1.5     0    63    1070    (-,-) 
  csa_tree_ADD_TC_OP_12_groupi/g1856/z (u)     in_1->z F     unmapped_nand2         1  0.5     0    52    1122    (-,-) 
  csa_tree_ADD_TC_OP_12_groupi/g1848/z (u)     in_1->z R     unmapped_nand2         3  1.5     0    63    1185    (-,-) 
  csa_tree_ADD_TC_OP_12_groupi/g1838/z (u)     in_1->z R     unmapped_or2           1  0.5     0    52    1237    (-,-) 
  csa_tree_ADD_TC_OP_12_groupi/g1828/z (u)     in_0->z F     unmapped_complex2      3  1.5     0    63    1300    (-,-) 
  csa_tree_ADD_TC_OP_12_groupi/g1817/z (u)     in_0->z R     unmapped_complex2      1  0.5     0    52    1352    (-,-) 
  csa_tree_ADD_TC_OP_12_groupi/g1794/z (u)     in_1->z F     unmapped_complex2      2  1.0     0    58    1410    (-,-) 
  csa_tree_ADD_TC_OP_12_groupi/g1806/z (u)     in_0->z F     unmapped_or2           1  0.5     0    52    1463    (-,-) 
  csa_tree_ADD_TC_OP_12_groupi/g1807/z (u)     in_1->z R     unmapped_nand2         1  0.5     0    52    1515    (-,-) 
  data_out_reg_reg[14]/d               -       -       R     unmapped_d_flop        1    -     -     0    1515    (-,-) 
#-----------------------------------------------------------------------------------------------------------------------

(u) : Net has unmapped pin(s).



Path 2: MET (16 ps) Setup Check with Pin data_out_reg_reg[13]/clk->d
          Group: clock
     Startpoint: (R) prod_reg_reg[3][6]/clk
          Clock: (R) clock
       Endpoint: (R) data_out_reg_reg[13]/d
          Clock: (R) clock

                     Capture       Launch     
        Clock Edge:+    1600            0     
       Src Latency:+       0            0     
       Net Latency:+       0 (I)        0 (I) 
           Arrival:=    1600            0     
                                              
             Setup:-      69                  
     Required Time:=    1531                  
      Launch Clock:-       0                  
         Data Path:-    1515                  
             Slack:=      16                  

#-----------------------------------------------------------------------------------------------------------------------
#            Timing Point              Flags    Arc    Edge       Cell         Fanout Load Trans Delay Arrival Instance 
#                                                                                     (fF)  (ps)  (ps)   (ps)  Location 
#-----------------------------------------------------------------------------------------------------------------------
  prod_reg_reg[3][6]/clk               -       -       R     (arrival)            149    -     0     0       0    (-,-) 
  prod_reg_reg[3][6]/q                 (u)     clk->q  F     unmapped_d_flop        4  2.0     0   212     212    (-,-) 
  csa_tree_ADD_TC_OP_12_groupi/g2363/z (u)     in_1->z R     unmapped_nand2         1  0.5     0    52     264    (-,-) 
  csa_tree_ADD_TC_OP_12_groupi/g2280/z (u)     in_1->z F     unmapped_nand2         1  0.5     0    52     316    (-,-) 
  csa_tree_ADD_TC_OP_12_groupi/g2217/z (u)     in_1->z F     unmapped_complex2      4  2.0     0    68     384    (-,-) 
  csa_tree_ADD_TC_OP_12_groupi/g237/z  (u)     in_0->z R     unmapped_nand2         1  0.5     0    52     436    (-,-) 
  csa_tree_ADD_TC_OP_12_groupi/g2111/z (u)     in_0->z F     unmapped_nand2         1  0.5     0    52     488    (-,-) 
  csa_tree_ADD_TC_OP_12_groupi/g2050/z (u)     in_1->z F     unmapped_complex2      4  2.0     0    68     556    (-,-) 
  csa_tree_ADD_TC_OP_12_groupi/g2010/z (u)     in_0->z R     unmapped_complex2      1  0.5     0    52     608    (-,-) 
  csa_tree_ADD_TC_OP_12_groupi/g2011/z (u)     in_1->z F     unmapped_nand2         2  1.0     0    58     666    (-,-) 
  csa_tree_ADD_TC_OP_12_groupi/g1977/z (u)     in_0->z F     unmapped_complex2      1  0.5     0    52     718    (-,-) 
  csa_tree_ADD_TC_OP_12_groupi/g1978/z (u)     in_1->z R     unmapped_nand2         4  2.0     0    68     786    (-,-) 
  csa_tree_ADD_TC_OP_12_groupi/g1931/z (u)     in_0->z F     unmapped_complex2      1  0.5     0    52     838    (-,-) 
  csa_tree_ADD_TC_OP_12_groupi/g1932/z (u)     in_1->z R     unmapped_nand2         2  1.0     0    58     896    (-,-) 
  csa_tree_ADD_TC_OP_12_groupi/g1922/z (u)     in_0->z R     unmapped_complex2      1  0.5     0    52     948    (-,-) 
  csa_tree_ADD_TC_OP_12_groupi/g1923/z (u)     in_1->z F     unmapped_nand2         2  1.0     0    58    1007    (-,-) 
  csa_tree_ADD_TC_OP_12_groupi/g1754/z (u)     in_1->z R     unmapped_nand2         3  1.5     0    63    1070    (-,-) 
  csa_tree_ADD_TC_OP_12_groupi/g1856/z (u)     in_1->z F     unmapped_nand2         1  0.5     0    52    1122    (-,-) 
  csa_tree_ADD_TC_OP_12_groupi/g1848/z (u)     in_1->z R     unmapped_nand2         3  1.5     0    63    1185    (-,-) 
  csa_tree_ADD_TC_OP_12_groupi/g1838/z (u)     in_1->z R     unmapped_or2           1  0.5     0    52    1237    (-,-) 
  csa_tree_ADD_TC_OP_12_groupi/g1828/z (u)     in_0->z F     unmapped_complex2      3  1.5     0    63    1300    (-,-) 
  csa_tree_ADD_TC_OP_12_groupi/g1822/z (u)     in_1->z R     unmapped_nand2         1  0.5     0    52    1352    (-,-) 
  csa_tree_ADD_TC_OP_12_groupi/g1793/z (u)     in_1->z F     unmapped_complex2      2  1.0     0    58    1410    (-,-) 
  csa_tree_ADD_TC_OP_12_groupi/g1803/z (u)     in_0->z F     unmapped_or2           1  0.5     0    52    1463    (-,-) 
  csa_tree_ADD_TC_OP_12_groupi/g1804/z (u)     in_1->z R     unmapped_nand2         1  0.5     0    52    1515    (-,-) 
  data_out_reg_reg[13]/d               -       -       R     unmapped_d_flop        1    -     -     0    1515    (-,-) 
#-----------------------------------------------------------------------------------------------------------------------

(u) : Net has unmapped pin(s).



Path 3: MET (63 ps) Setup Check with Pin data_out_reg_reg[15]/clk->d
          Group: clock
     Startpoint: (R) prod_reg_reg[3][6]/clk
          Clock: (R) clock
       Endpoint: (R) data_out_reg_reg[15]/d
          Clock: (R) clock

                     Capture       Launch     
        Clock Edge:+    1600            0     
       Src Latency:+       0            0     
       Net Latency:+       0 (I)        0 (I) 
           Arrival:=    1600            0     
                                              
             Setup:-      69                  
     Required Time:=    1531                  
      Launch Clock:-       0                  
         Data Path:-    1468                  
             Slack:=      63                  

#-----------------------------------------------------------------------------------------------------------------------
#            Timing Point              Flags    Arc    Edge       Cell         Fanout Load Trans Delay Arrival Instance 
#                                                                                     (fF)  (ps)  (ps)   (ps)  Location 
#-----------------------------------------------------------------------------------------------------------------------
  prod_reg_reg[3][6]/clk               -       -       R     (arrival)            149    -     0     0       0    (-,-) 
  prod_reg_reg[3][6]/q                 (u)     clk->q  F     unmapped_d_flop        4  2.0     0   212     212    (-,-) 
  csa_tree_ADD_TC_OP_12_groupi/g2363/z (u)     in_1->z R     unmapped_nand2         1  0.5     0    52     264    (-,-) 
  csa_tree_ADD_TC_OP_12_groupi/g2280/z (u)     in_1->z F     unmapped_nand2         1  0.5     0    52     316    (-,-) 
  csa_tree_ADD_TC_OP_12_groupi/g2217/z (u)     in_1->z F     unmapped_complex2      4  2.0     0    68     384    (-,-) 
  csa_tree_ADD_TC_OP_12_groupi/g237/z  (u)     in_0->z R     unmapped_nand2         1  0.5     0    52     436    (-,-) 
  csa_tree_ADD_TC_OP_12_groupi/g2111/z (u)     in_0->z F     unmapped_nand2         1  0.5     0    52     488    (-,-) 
  csa_tree_ADD_TC_OP_12_groupi/g2050/z (u)     in_1->z F     unmapped_complex2      4  2.0     0    68     556    (-,-) 
  csa_tree_ADD_TC_OP_12_groupi/g2010/z (u)     in_0->z R     unmapped_complex2      1  0.5     0    52     608    (-,-) 
  csa_tree_ADD_TC_OP_12_groupi/g2011/z (u)     in_1->z F     unmapped_nand2         2  1.0     0    58     666    (-,-) 
  csa_tree_ADD_TC_OP_12_groupi/g1977/z (u)     in_0->z F     unmapped_complex2      1  0.5     0    52     718    (-,-) 
  csa_tree_ADD_TC_OP_12_groupi/g1978/z (u)     in_1->z R     unmapped_nand2         4  2.0     0    68     786    (-,-) 
  csa_tree_ADD_TC_OP_12_groupi/g1931/z (u)     in_0->z F     unmapped_complex2      1  0.5     0    52     838    (-,-) 
  csa_tree_ADD_TC_OP_12_groupi/g1932/z (u)     in_1->z R     unmapped_nand2         2  1.0     0    58     896    (-,-) 
  csa_tree_ADD_TC_OP_12_groupi/g1922/z (u)     in_0->z R     unmapped_complex2      1  0.5     0    52     948    (-,-) 
  csa_tree_ADD_TC_OP_12_groupi/g1923/z (u)     in_1->z F     unmapped_nand2         2  1.0     0    58    1007    (-,-) 
  csa_tree_ADD_TC_OP_12_groupi/g1754/z (u)     in_1->z R     unmapped_nand2         3  1.5     0    63    1070    (-,-) 
  csa_tree_ADD_TC_OP_12_groupi/g1856/z (u)     in_1->z F     unmapped_nand2         1  0.5     0    52    1122    (-,-) 
  csa_tree_ADD_TC_OP_12_groupi/g1848/z (u)     in_1->z R     unmapped_nand2         3  1.5     0    63    1185    (-,-) 
  csa_tree_ADD_TC_OP_12_groupi/g1838/z (u)     in_1->z R     unmapped_or2           1  0.5     0    52    1237    (-,-) 
  csa_tree_ADD_TC_OP_12_groupi/g1828/z (u)     in_0->z F     unmapped_complex2      3  1.5     0    63    1300    (-,-) 
  csa_tree_ADD_TC_OP_12_groupi/g1818/z (u)     in_0->z F     unmapped_complex2      3  1.5     0    63    1363    (-,-) 
  csa_tree_ADD_TC_OP_12_groupi/g1351/z (u)     in_0->z R     unmapped_complex2      1  0.5     0    52    1415    (-,-) 
  csa_tree_ADD_TC_OP_12_groupi/g2478/z (u)     in_0->z R     unmapped_complex2      1  0.5     0    52    1468    (-,-) 
  data_out_reg_reg[15]/d               -       -       R     unmapped_d_flop        1    -     -     0    1468    (-,-) 
#-----------------------------------------------------------------------------------------------------------------------

(u) : Net has unmapped pin(s).



Path 4: MET (63 ps) Setup Check with Pin data_out_reg_reg[12]/clk->d
          Group: clock
     Startpoint: (R) prod_reg_reg[3][6]/clk
          Clock: (R) clock
       Endpoint: (R) data_out_reg_reg[12]/d
          Clock: (R) clock

                     Capture       Launch     
        Clock Edge:+    1600            0     
       Src Latency:+       0            0     
       Net Latency:+       0 (I)        0 (I) 
           Arrival:=    1600            0     
                                              
             Setup:-      69                  
     Required Time:=    1531                  
      Launch Clock:-       0                  
         Data Path:-    1468                  
             Slack:=      63                  

#-----------------------------------------------------------------------------------------------------------------------
#            Timing Point              Flags    Arc    Edge       Cell         Fanout Load Trans Delay Arrival Instance 
#                                                                                     (fF)  (ps)  (ps)   (ps)  Location 
#-----------------------------------------------------------------------------------------------------------------------
  prod_reg_reg[3][6]/clk               -       -       R     (arrival)            149    -     0     0       0    (-,-) 
  prod_reg_reg[3][6]/q                 (u)     clk->q  F     unmapped_d_flop        4  2.0     0   212     212    (-,-) 
  csa_tree_ADD_TC_OP_12_groupi/g2363/z (u)     in_1->z R     unmapped_nand2         1  0.5     0    52     264    (-,-) 
  csa_tree_ADD_TC_OP_12_groupi/g2280/z (u)     in_1->z F     unmapped_nand2         1  0.5     0    52     316    (-,-) 
  csa_tree_ADD_TC_OP_12_groupi/g2217/z (u)     in_1->z F     unmapped_complex2      4  2.0     0    68     384    (-,-) 
  csa_tree_ADD_TC_OP_12_groupi/g237/z  (u)     in_0->z R     unmapped_nand2         1  0.5     0    52     436    (-,-) 
  csa_tree_ADD_TC_OP_12_groupi/g2111/z (u)     in_0->z F     unmapped_nand2         1  0.5     0    52     488    (-,-) 
  csa_tree_ADD_TC_OP_12_groupi/g2050/z (u)     in_1->z F     unmapped_complex2      4  2.0     0    68     556    (-,-) 
  csa_tree_ADD_TC_OP_12_groupi/g2010/z (u)     in_0->z R     unmapped_complex2      1  0.5     0    52     608    (-,-) 
  csa_tree_ADD_TC_OP_12_groupi/g2011/z (u)     in_1->z F     unmapped_nand2         2  1.0     0    58     666    (-,-) 
  csa_tree_ADD_TC_OP_12_groupi/g1977/z (u)     in_0->z F     unmapped_complex2      1  0.5     0    52     718    (-,-) 
  csa_tree_ADD_TC_OP_12_groupi/g1978/z (u)     in_1->z R     unmapped_nand2         4  2.0     0    68     786    (-,-) 
  csa_tree_ADD_TC_OP_12_groupi/g1931/z (u)     in_0->z F     unmapped_complex2      1  0.5     0    52     838    (-,-) 
  csa_tree_ADD_TC_OP_12_groupi/g1932/z (u)     in_1->z R     unmapped_nand2         2  1.0     0    58     896    (-,-) 
  csa_tree_ADD_TC_OP_12_groupi/g1922/z (u)     in_0->z R     unmapped_complex2      1  0.5     0    52     948    (-,-) 
  csa_tree_ADD_TC_OP_12_groupi/g1923/z (u)     in_1->z F     unmapped_nand2         2  1.0     0    58    1007    (-,-) 
  csa_tree_ADD_TC_OP_12_groupi/g1754/z (u)     in_1->z R     unmapped_nand2         3  1.5     0    63    1070    (-,-) 
  csa_tree_ADD_TC_OP_12_groupi/g1856/z (u)     in_1->z F     unmapped_nand2         1  0.5     0    52    1122    (-,-) 
  csa_tree_ADD_TC_OP_12_groupi/g1848/z (u)     in_1->z R     unmapped_nand2         3  1.5     0    63    1185    (-,-) 
  csa_tree_ADD_TC_OP_12_groupi/g1838/z (u)     in_1->z R     unmapped_or2           1  0.5     0    52    1237    (-,-) 
  csa_tree_ADD_TC_OP_12_groupi/g1828/z (u)     in_0->z F     unmapped_complex2      3  1.5     0    63    1300    (-,-) 
  csa_tree_ADD_TC_OP_12_groupi/g1818/z (u)     in_0->z F     unmapped_complex2      3  1.5     0    63    1363    (-,-) 
  csa_tree_ADD_TC_OP_12_groupi/g1812/z (u)     in_0->z F     unmapped_or2           1  0.5     0    52    1415    (-,-) 
  csa_tree_ADD_TC_OP_12_groupi/g1813/z (u)     in_1->z R     unmapped_nand2         1  0.5     0    52    1468    (-,-) 
  data_out_reg_reg[12]/d               -       -       R     unmapped_d_flop        1    -     -     0    1468    (-,-) 
#-----------------------------------------------------------------------------------------------------------------------

(u) : Net has unmapped pin(s).



Path 5: MET (79 ps) Setup Check with Pin data_out_reg_reg[11]/clk->d
          Group: clock
     Startpoint: (R) prod_reg_reg[3][6]/clk
          Clock: (R) clock
       Endpoint: (R) data_out_reg_reg[11]/d
          Clock: (R) clock

                     Capture       Launch     
        Clock Edge:+    1600            0     
       Src Latency:+       0            0     
       Net Latency:+       0 (I)        0 (I) 
           Arrival:=    1600            0     
                                              
             Setup:-      69                  
     Required Time:=    1531                  
      Launch Clock:-       0                  
         Data Path:-    1452                  
             Slack:=      79                  

#-----------------------------------------------------------------------------------------------------------------------
#            Timing Point              Flags    Arc    Edge       Cell         Fanout Load Trans Delay Arrival Instance 
#                                                                                     (fF)  (ps)  (ps)   (ps)  Location 
#-----------------------------------------------------------------------------------------------------------------------
  prod_reg_reg[3][6]/clk               -       -       R     (arrival)            149    -     0     0       0    (-,-) 
  prod_reg_reg[3][6]/q                 (u)     clk->q  F     unmapped_d_flop        4  2.0     0   212     212    (-,-) 
  csa_tree_ADD_TC_OP_12_groupi/g2363/z (u)     in_1->z R     unmapped_nand2         1  0.5     0    52     264    (-,-) 
  csa_tree_ADD_TC_OP_12_groupi/g2280/z (u)     in_1->z F     unmapped_nand2         1  0.5     0    52     316    (-,-) 
  csa_tree_ADD_TC_OP_12_groupi/g2217/z (u)     in_1->z F     unmapped_complex2      4  2.0     0    68     384    (-,-) 
  csa_tree_ADD_TC_OP_12_groupi/g237/z  (u)     in_0->z R     unmapped_nand2         1  0.5     0    52     436    (-,-) 
  csa_tree_ADD_TC_OP_12_groupi/g2111/z (u)     in_0->z F     unmapped_nand2         1  0.5     0    52     488    (-,-) 
  csa_tree_ADD_TC_OP_12_groupi/g2050/z (u)     in_1->z F     unmapped_complex2      4  2.0     0    68     556    (-,-) 
  csa_tree_ADD_TC_OP_12_groupi/g2010/z (u)     in_0->z R     unmapped_complex2      1  0.5     0    52     608    (-,-) 
  csa_tree_ADD_TC_OP_12_groupi/g2011/z (u)     in_1->z F     unmapped_nand2         2  1.0     0    58     666    (-,-) 
  csa_tree_ADD_TC_OP_12_groupi/g1977/z (u)     in_0->z F     unmapped_complex2      1  0.5     0    52     718    (-,-) 
  csa_tree_ADD_TC_OP_12_groupi/g1978/z (u)     in_1->z R     unmapped_nand2         4  2.0     0    68     786    (-,-) 
  csa_tree_ADD_TC_OP_12_groupi/g1931/z (u)     in_0->z F     unmapped_complex2      1  0.5     0    52     838    (-,-) 
  csa_tree_ADD_TC_OP_12_groupi/g1932/z (u)     in_1->z R     unmapped_nand2         2  1.0     0    58     896    (-,-) 
  csa_tree_ADD_TC_OP_12_groupi/g1922/z (u)     in_0->z R     unmapped_complex2      1  0.5     0    52     948    (-,-) 
  csa_tree_ADD_TC_OP_12_groupi/g1923/z (u)     in_1->z F     unmapped_nand2         2  1.0     0    58    1007    (-,-) 
  csa_tree_ADD_TC_OP_12_groupi/g1754/z (u)     in_1->z R     unmapped_nand2         3  1.5     0    63    1070    (-,-) 
  csa_tree_ADD_TC_OP_12_groupi/g1856/z (u)     in_1->z F     unmapped_nand2         1  0.5     0    52    1122    (-,-) 
  csa_tree_ADD_TC_OP_12_groupi/g1848/z (u)     in_1->z R     unmapped_nand2         3  1.5     0    63    1185    (-,-) 
  csa_tree_ADD_TC_OP_12_groupi/g1835/z (u)     in_0->z R     unmapped_complex2      1  0.5     0    52    1237    (-,-) 
  csa_tree_ADD_TC_OP_12_groupi/g1827/z (u)     in_1->z F     unmapped_nand2         1  0.5     0    52    1289    (-,-) 
  csa_tree_ADD_TC_OP_12_groupi/g1814/z (u)     in_0->z F     unmapped_complex2      2  1.0     0    58    1348    (-,-) 
  csa_tree_ADD_TC_OP_12_groupi/g1809/z (u)     in_0->z F     unmapped_or2           1  0.5     0    52    1400    (-,-) 
  csa_tree_ADD_TC_OP_12_groupi/g1810/z (u)     in_1->z R     unmapped_nand2         1  0.5     0    52    1452    (-,-) 
  data_out_reg_reg[11]/d               -       -       R     unmapped_d_flop        1    -     -     0    1452    (-,-) 
#-----------------------------------------------------------------------------------------------------------------------

(u) : Net has unmapped pin(s).



Path 6: MET (110 ps) Setup Check with Pin data_out_reg_reg[10]/clk->d
          Group: clock
     Startpoint: (R) prod_reg_reg[5][4]/clk
          Clock: (R) clock
       Endpoint: (R) data_out_reg_reg[10]/d
          Clock: (R) clock

                     Capture       Launch     
        Clock Edge:+    1600            0     
       Src Latency:+       0            0     
       Net Latency:+       0 (I)        0 (I) 
           Arrival:=    1600            0     
                                              
             Setup:-      69                  
     Required Time:=    1531                  
      Launch Clock:-       0                  
         Data Path:-    1421                  
             Slack:=     110                  

#-----------------------------------------------------------------------------------------------------------------------
#            Timing Point              Flags    Arc    Edge       Cell         Fanout Load Trans Delay Arrival Instance 
#                                                                                     (fF)  (ps)  (ps)   (ps)  Location 
#-----------------------------------------------------------------------------------------------------------------------
  prod_reg_reg[5][4]/clk               -       -       R     (arrival)            149    -     0     0       0    (-,-) 
  prod_reg_reg[5][4]/q                 (u)     clk->q  R     unmapped_d_flop        4  2.0     0   212     212    (-,-) 
  csa_tree_ADD_TC_OP_12_groupi/g1355/z (u)     in_1->z R     unmapped_or2           1  0.5     0    52     264    (-,-) 
  csa_tree_ADD_TC_OP_12_groupi/g2285/z (u)     in_0->z F     unmapped_nand2         1  0.5     0    52     316    (-,-) 
  csa_tree_ADD_TC_OP_12_groupi/g2218/z (u)     in_0->z R     unmapped_nand2         4  2.0     0    68     384    (-,-) 
  csa_tree_ADD_TC_OP_12_groupi/g2189/z (u)     in_0->z R     unmapped_complex2      1  0.5     0    52     436    (-,-) 
  csa_tree_ADD_TC_OP_12_groupi/g2190/z (u)     in_1->z F     unmapped_nand2         2  1.0     0    58     494    (-,-) 
  csa_tree_ADD_TC_OP_12_groupi/g2075/z (u)     in_0->z F     unmapped_complex2      1  0.5     0    52     546    (-,-) 
  csa_tree_ADD_TC_OP_12_groupi/g2076/z (u)     in_1->z R     unmapped_nand2         4  2.0     0    68     614    (-,-) 
  csa_tree_ADD_TC_OP_12_groupi/g1990/z (u)     in_1->z F     unmapped_complex2      1  0.5     0    52     666    (-,-) 
  csa_tree_ADD_TC_OP_12_groupi/g1991/z (u)     in_1->z R     unmapped_nand2         2  1.0     0    58     724    (-,-) 
  csa_tree_ADD_TC_OP_12_groupi/g1985/z (u)     in_0->z R     unmapped_complex2      1  0.5     0    52     776    (-,-) 
  csa_tree_ADD_TC_OP_12_groupi/g1986/z (u)     in_1->z F     unmapped_nand2         2  1.0     0    58     835    (-,-) 
  csa_tree_ADD_TC_OP_12_groupi/g1927/z (u)     in_1->z F     unmapped_or2           3  1.5     0    63     898    (-,-) 
  csa_tree_ADD_TC_OP_12_groupi/g1902/z (u)     in_1->z R     unmapped_complex2      1  0.5     0    52     950    (-,-) 
  csa_tree_ADD_TC_OP_12_groupi/g1898/z (u)     in_0->z F     unmapped_nand2         1  0.5     0    52    1002    (-,-) 
  csa_tree_ADD_TC_OP_12_groupi/g1887/z (u)     in_1->z F     unmapped_complex2      4  2.0     0    68    1070    (-,-) 
  csa_tree_ADD_TC_OP_12_groupi/g1859/z (u)     in_1->z R     unmapped_complex2      1  0.5     0    52    1122    (-,-) 
  csa_tree_ADD_TC_OP_12_groupi/g1849/z (u)     in_1->z F     unmapped_complex2      8  4.0     0    84    1206    (-,-) 
  csa_tree_ADD_TC_OP_12_groupi/g1834/z (u)     in_0->z R     unmapped_complex2      1  0.5     0    52    1258    (-,-) 
  csa_tree_ADD_TC_OP_12_groupi/g1830/z (u)     in_0->z F     unmapped_nand2         2  1.0     0    58    1316    (-,-) 
  csa_tree_ADD_TC_OP_12_groupi/g1820/z (u)     in_0->z F     unmapped_or2           1  0.5     0    52    1369    (-,-) 
  csa_tree_ADD_TC_OP_12_groupi/g1821/z (u)     in_1->z R     unmapped_nand2         1  0.5     0    52    1421    (-,-) 
  data_out_reg_reg[10]/d               -       -       R     unmapped_d_flop        1    -     -     0    1421    (-,-) 
#-----------------------------------------------------------------------------------------------------------------------

(u) : Net has unmapped pin(s).



Path 7: MET (110 ps) Setup Check with Pin data_out_reg_reg[9]/clk->d
          Group: clock
     Startpoint: (R) prod_reg_reg[5][4]/clk
          Clock: (R) clock
       Endpoint: (R) data_out_reg_reg[9]/d
          Clock: (R) clock

                     Capture       Launch     
        Clock Edge:+    1600            0     
       Src Latency:+       0            0     
       Net Latency:+       0 (I)        0 (I) 
           Arrival:=    1600            0     
                                              
             Setup:-      69                  
     Required Time:=    1531                  
      Launch Clock:-       0                  
         Data Path:-    1421                  
             Slack:=     110                  

#-----------------------------------------------------------------------------------------------------------------------
#            Timing Point              Flags    Arc    Edge       Cell         Fanout Load Trans Delay Arrival Instance 
#                                                                                     (fF)  (ps)  (ps)   (ps)  Location 
#-----------------------------------------------------------------------------------------------------------------------
  prod_reg_reg[5][4]/clk               -       -       R     (arrival)            149    -     0     0       0    (-,-) 
  prod_reg_reg[5][4]/q                 (u)     clk->q  R     unmapped_d_flop        4  2.0     0   212     212    (-,-) 
  csa_tree_ADD_TC_OP_12_groupi/g1355/z (u)     in_1->z R     unmapped_or2           1  0.5     0    52     264    (-,-) 
  csa_tree_ADD_TC_OP_12_groupi/g2285/z (u)     in_0->z F     unmapped_nand2         1  0.5     0    52     316    (-,-) 
  csa_tree_ADD_TC_OP_12_groupi/g2218/z (u)     in_0->z R     unmapped_nand2         4  2.0     0    68     384    (-,-) 
  csa_tree_ADD_TC_OP_12_groupi/g2189/z (u)     in_0->z R     unmapped_complex2      1  0.5     0    52     436    (-,-) 
  csa_tree_ADD_TC_OP_12_groupi/g2190/z (u)     in_1->z F     unmapped_nand2         2  1.0     0    58     494    (-,-) 
  csa_tree_ADD_TC_OP_12_groupi/g2075/z (u)     in_0->z F     unmapped_complex2      1  0.5     0    52     546    (-,-) 
  csa_tree_ADD_TC_OP_12_groupi/g2076/z (u)     in_1->z R     unmapped_nand2         4  2.0     0    68     614    (-,-) 
  csa_tree_ADD_TC_OP_12_groupi/g1990/z (u)     in_1->z F     unmapped_complex2      1  0.5     0    52     666    (-,-) 
  csa_tree_ADD_TC_OP_12_groupi/g1991/z (u)     in_1->z R     unmapped_nand2         2  1.0     0    58     724    (-,-) 
  csa_tree_ADD_TC_OP_12_groupi/g1985/z (u)     in_0->z R     unmapped_complex2      1  0.5     0    52     776    (-,-) 
  csa_tree_ADD_TC_OP_12_groupi/g1986/z (u)     in_1->z F     unmapped_nand2         2  1.0     0    58     835    (-,-) 
  csa_tree_ADD_TC_OP_12_groupi/g1927/z (u)     in_1->z F     unmapped_or2           3  1.5     0    63     898    (-,-) 
  csa_tree_ADD_TC_OP_12_groupi/g1902/z (u)     in_1->z R     unmapped_complex2      1  0.5     0    52     950    (-,-) 
  csa_tree_ADD_TC_OP_12_groupi/g1898/z (u)     in_0->z F     unmapped_nand2         1  0.5     0    52    1002    (-,-) 
  csa_tree_ADD_TC_OP_12_groupi/g1887/z (u)     in_1->z F     unmapped_complex2      4  2.0     0    68    1070    (-,-) 
  csa_tree_ADD_TC_OP_12_groupi/g1859/z (u)     in_1->z R     unmapped_complex2      1  0.5     0    52    1122    (-,-) 
  csa_tree_ADD_TC_OP_12_groupi/g1849/z (u)     in_1->z F     unmapped_complex2      8  4.0     0    84    1206    (-,-) 
  csa_tree_ADD_TC_OP_12_groupi/g1843/z (u)     in_1->z R     unmapped_nand2         1  0.5     0    52    1258    (-,-) 
  csa_tree_ADD_TC_OP_12_groupi/g1826/z (u)     in_1->z F     unmapped_nand2         2  1.0     0    58    1316    (-,-) 
  csa_tree_ADD_TC_OP_12_groupi/g1824/z (u)     in_0->z F     unmapped_or2           1  0.5     0    52    1369    (-,-) 
  csa_tree_ADD_TC_OP_12_groupi/g1825/z (u)     in_1->z R     unmapped_nand2         1  0.5     0    52    1421    (-,-) 
  data_out_reg_reg[9]/d                -       -       R     unmapped_d_flop        1    -     -     0    1421    (-,-) 
#-----------------------------------------------------------------------------------------------------------------------

(u) : Net has unmapped pin(s).



Path 8: MET (220 ps) Setup Check with Pin data_out_reg_reg[8]/clk->d
          Group: clock
     Startpoint: (R) prod_reg_reg[5][4]/clk
          Clock: (R) clock
       Endpoint: (R) data_out_reg_reg[8]/d
          Clock: (R) clock

                     Capture       Launch     
        Clock Edge:+    1600            0     
       Src Latency:+       0            0     
       Net Latency:+       0 (I)        0 (I) 
           Arrival:=    1600            0     
                                              
             Setup:-      69                  
     Required Time:=    1531                  
      Launch Clock:-       0                  
         Data Path:-    1310                  
             Slack:=     220                  

#-----------------------------------------------------------------------------------------------------------------------
#            Timing Point              Flags    Arc    Edge       Cell         Fanout Load Trans Delay Arrival Instance 
#                                                                                     (fF)  (ps)  (ps)   (ps)  Location 
#-----------------------------------------------------------------------------------------------------------------------
  prod_reg_reg[5][4]/clk               -       -       R     (arrival)            149    -     0     0       0    (-,-) 
  prod_reg_reg[5][4]/q                 (u)     clk->q  R     unmapped_d_flop        4  2.0     0   212     212    (-,-) 
  csa_tree_ADD_TC_OP_12_groupi/g1355/z (u)     in_1->z R     unmapped_or2           1  0.5     0    52     264    (-,-) 
  csa_tree_ADD_TC_OP_12_groupi/g2285/z (u)     in_0->z F     unmapped_nand2         1  0.5     0    52     316    (-,-) 
  csa_tree_ADD_TC_OP_12_groupi/g2218/z (u)     in_0->z R     unmapped_nand2         4  2.0     0    68     384    (-,-) 
  csa_tree_ADD_TC_OP_12_groupi/g2189/z (u)     in_0->z R     unmapped_complex2      1  0.5     0    52     436    (-,-) 
  csa_tree_ADD_TC_OP_12_groupi/g2190/z (u)     in_1->z F     unmapped_nand2         2  1.0     0    58     494    (-,-) 
  csa_tree_ADD_TC_OP_12_groupi/g2075/z (u)     in_0->z F     unmapped_complex2      1  0.5     0    52     546    (-,-) 
  csa_tree_ADD_TC_OP_12_groupi/g2076/z (u)     in_1->z R     unmapped_nand2         4  2.0     0    68     614    (-,-) 
  csa_tree_ADD_TC_OP_12_groupi/g1990/z (u)     in_1->z F     unmapped_complex2      1  0.5     0    52     666    (-,-) 
  csa_tree_ADD_TC_OP_12_groupi/g1991/z (u)     in_1->z R     unmapped_nand2         2  1.0     0    58     724    (-,-) 
  csa_tree_ADD_TC_OP_12_groupi/g1985/z (u)     in_0->z R     unmapped_complex2      1  0.5     0    52     776    (-,-) 
  csa_tree_ADD_TC_OP_12_groupi/g1986/z (u)     in_1->z F     unmapped_nand2         2  1.0     0    58     835    (-,-) 
  csa_tree_ADD_TC_OP_12_groupi/g1927/z (u)     in_1->z F     unmapped_or2           3  1.5     0    63     898    (-,-) 
  csa_tree_ADD_TC_OP_12_groupi/g1902/z (u)     in_1->z R     unmapped_complex2      1  0.5     0    52     950    (-,-) 
  csa_tree_ADD_TC_OP_12_groupi/g1898/z (u)     in_0->z F     unmapped_nand2         1  0.5     0    52    1002    (-,-) 
  csa_tree_ADD_TC_OP_12_groupi/g1887/z (u)     in_1->z F     unmapped_complex2      4  2.0     0    68    1070    (-,-) 
  csa_tree_ADD_TC_OP_12_groupi/g1859/z (u)     in_1->z R     unmapped_complex2      1  0.5     0    52    1122    (-,-) 
  csa_tree_ADD_TC_OP_12_groupi/g1849/z (u)     in_1->z F     unmapped_complex2      8  4.0     0    84    1206    (-,-) 
  csa_tree_ADD_TC_OP_12_groupi/g1845/z (u)     in_0->z F     unmapped_or2           1  0.5     0    52    1258    (-,-) 
  csa_tree_ADD_TC_OP_12_groupi/g1846/z (u)     in_1->z R     unmapped_nand2         1  0.5     0    52    1310    (-,-) 
  data_out_reg_reg[8]/d                -       -       R     unmapped_d_flop        1    -     -     0    1310    (-,-) 
#-----------------------------------------------------------------------------------------------------------------------

(u) : Net has unmapped pin(s).



Path 9: MET (246 ps) Setup Check with Pin data_out_reg_reg[7]/clk->d
          Group: clock
     Startpoint: (R) prod_reg_reg[5][4]/clk
          Clock: (R) clock
       Endpoint: (R) data_out_reg_reg[7]/d
          Clock: (R) clock

                     Capture       Launch     
        Clock Edge:+    1600            0     
       Src Latency:+       0            0     
       Net Latency:+       0 (I)        0 (I) 
           Arrival:=    1600            0     
                                              
             Setup:-      69                  
     Required Time:=    1531                  
      Launch Clock:-       0                  
         Data Path:-    1284                  
             Slack:=     246                  

#-----------------------------------------------------------------------------------------------------------------------
#            Timing Point              Flags    Arc    Edge       Cell         Fanout Load Trans Delay Arrival Instance 
#                                                                                     (fF)  (ps)  (ps)   (ps)  Location 
#-----------------------------------------------------------------------------------------------------------------------
  prod_reg_reg[5][4]/clk               -       -       R     (arrival)            149    -     0     0       0    (-,-) 
  prod_reg_reg[5][4]/q                 (u)     clk->q  R     unmapped_d_flop        4  2.0     0   212     212    (-,-) 
  csa_tree_ADD_TC_OP_12_groupi/g1355/z (u)     in_1->z R     unmapped_or2           1  0.5     0    52     264    (-,-) 
  csa_tree_ADD_TC_OP_12_groupi/g2285/z (u)     in_0->z F     unmapped_nand2         1  0.5     0    52     316    (-,-) 
  csa_tree_ADD_TC_OP_12_groupi/g2218/z (u)     in_0->z R     unmapped_nand2         4  2.0     0    68     384    (-,-) 
  csa_tree_ADD_TC_OP_12_groupi/g2189/z (u)     in_0->z R     unmapped_complex2      1  0.5     0    52     436    (-,-) 
  csa_tree_ADD_TC_OP_12_groupi/g2190/z (u)     in_1->z F     unmapped_nand2         2  1.0     0    58     494    (-,-) 
  csa_tree_ADD_TC_OP_12_groupi/g2075/z (u)     in_0->z F     unmapped_complex2      1  0.5     0    52     546    (-,-) 
  csa_tree_ADD_TC_OP_12_groupi/g2076/z (u)     in_1->z R     unmapped_nand2         4  2.0     0    68     614    (-,-) 
  csa_tree_ADD_TC_OP_12_groupi/g1990/z (u)     in_1->z F     unmapped_complex2      1  0.5     0    52     666    (-,-) 
  csa_tree_ADD_TC_OP_12_groupi/g1991/z (u)     in_1->z R     unmapped_nand2         2  1.0     0    58     724    (-,-) 
  csa_tree_ADD_TC_OP_12_groupi/g1985/z (u)     in_0->z R     unmapped_complex2      1  0.5     0    52     776    (-,-) 
  csa_tree_ADD_TC_OP_12_groupi/g1986/z (u)     in_1->z F     unmapped_nand2         2  1.0     0    58     835    (-,-) 
  csa_tree_ADD_TC_OP_12_groupi/g1927/z (u)     in_1->z F     unmapped_or2           3  1.5     0    63     898    (-,-) 
  csa_tree_ADD_TC_OP_12_groupi/g1902/z (u)     in_1->z R     unmapped_complex2      1  0.5     0    52     950    (-,-) 
  csa_tree_ADD_TC_OP_12_groupi/g1898/z (u)     in_0->z F     unmapped_nand2         1  0.5     0    52    1002    (-,-) 
  csa_tree_ADD_TC_OP_12_groupi/g1887/z (u)     in_1->z F     unmapped_complex2      4  2.0     0    68    1070    (-,-) 
  csa_tree_ADD_TC_OP_12_groupi/g1861/z (u)     in_1->z R     unmapped_nand2         1  0.5     0    52    1122    (-,-) 
  csa_tree_ADD_TC_OP_12_groupi/g1854/z (u)     in_1->z F     unmapped_nand2         2  1.0     0    58    1180    (-,-) 
  csa_tree_ADD_TC_OP_12_groupi/g1841/z (u)     in_0->z F     unmapped_or2           1  0.5     0    52    1232    (-,-) 
  csa_tree_ADD_TC_OP_12_groupi/g1842/z (u)     in_1->z R     unmapped_nand2         1  0.5     0    52    1284    (-,-) 
  data_out_reg_reg[7]/d                -       -       R     unmapped_d_flop        1    -     -     0    1284    (-,-) 
#-----------------------------------------------------------------------------------------------------------------------

(u) : Net has unmapped pin(s).



Path 10: MET (356 ps) Setup Check with Pin data_out_reg_reg[6]/clk->d
          Group: clock
     Startpoint: (R) prod_reg_reg[5][4]/clk
          Clock: (R) clock
       Endpoint: (R) data_out_reg_reg[6]/d
          Clock: (R) clock

                     Capture       Launch     
        Clock Edge:+    1600            0     
       Src Latency:+       0            0     
       Net Latency:+       0 (I)        0 (I) 
           Arrival:=    1600            0     
                                              
             Setup:-      69                  
     Required Time:=    1531                  
      Launch Clock:-       0                  
         Data Path:-    1174                  
             Slack:=     356                  

#-----------------------------------------------------------------------------------------------------------------------
#            Timing Point              Flags    Arc    Edge       Cell         Fanout Load Trans Delay Arrival Instance 
#                                                                                     (fF)  (ps)  (ps)   (ps)  Location 
#-----------------------------------------------------------------------------------------------------------------------
  prod_reg_reg[5][4]/clk               -       -       R     (arrival)            149    -     0     0       0    (-,-) 
  prod_reg_reg[5][4]/q                 (u)     clk->q  R     unmapped_d_flop        4  2.0     0   212     212    (-,-) 
  csa_tree_ADD_TC_OP_12_groupi/g1355/z (u)     in_1->z R     unmapped_or2           1  0.5     0    52     264    (-,-) 
  csa_tree_ADD_TC_OP_12_groupi/g2285/z (u)     in_0->z F     unmapped_nand2         1  0.5     0    52     316    (-,-) 
  csa_tree_ADD_TC_OP_12_groupi/g2218/z (u)     in_0->z R     unmapped_nand2         4  2.0     0    68     384    (-,-) 
  csa_tree_ADD_TC_OP_12_groupi/g2189/z (u)     in_0->z R     unmapped_complex2      1  0.5     0    52     436    (-,-) 
  csa_tree_ADD_TC_OP_12_groupi/g2190/z (u)     in_1->z F     unmapped_nand2         2  1.0     0    58     494    (-,-) 
  csa_tree_ADD_TC_OP_12_groupi/g2075/z (u)     in_0->z F     unmapped_complex2      1  0.5     0    52     546    (-,-) 
  csa_tree_ADD_TC_OP_12_groupi/g2076/z (u)     in_1->z R     unmapped_nand2         4  2.0     0    68     614    (-,-) 
  csa_tree_ADD_TC_OP_12_groupi/g1990/z (u)     in_1->z F     unmapped_complex2      1  0.5     0    52     666    (-,-) 
  csa_tree_ADD_TC_OP_12_groupi/g1991/z (u)     in_1->z R     unmapped_nand2         2  1.0     0    58     724    (-,-) 
  csa_tree_ADD_TC_OP_12_groupi/g1985/z (u)     in_0->z R     unmapped_complex2      1  0.5     0    52     776    (-,-) 
  csa_tree_ADD_TC_OP_12_groupi/g1986/z (u)     in_1->z F     unmapped_nand2         2  1.0     0    58     835    (-,-) 
  csa_tree_ADD_TC_OP_12_groupi/g1927/z (u)     in_1->z F     unmapped_or2           3  1.5     0    63     898    (-,-) 
  csa_tree_ADD_TC_OP_12_groupi/g1902/z (u)     in_1->z R     unmapped_complex2      1  0.5     0    52     950    (-,-) 
  csa_tree_ADD_TC_OP_12_groupi/g1898/z (u)     in_0->z F     unmapped_nand2         1  0.5     0    52    1002    (-,-) 
  csa_tree_ADD_TC_OP_12_groupi/g1887/z (u)     in_1->z F     unmapped_complex2      4  2.0     0    68    1070    (-,-) 
  csa_tree_ADD_TC_OP_12_groupi/g1866/z (u)     in_0->z F     unmapped_or2           1  0.5     0    52    1122    (-,-) 
  csa_tree_ADD_TC_OP_12_groupi/g1867/z (u)     in_1->z R     unmapped_nand2         1  0.5     0    52    1174    (-,-) 
  data_out_reg_reg[6]/d                -       -       R     unmapped_d_flop        1    -     -     0    1174    (-,-) 
#-----------------------------------------------------------------------------------------------------------------------

(u) : Net has unmapped pin(s).



Path 11: MET (380 ps) Setup Check with Pin prod_reg_reg[3][12]/clk->d
          Group: clock
     Startpoint: (R) prod_reg_reg[2][2]/clk
          Clock: (R) clock
       Endpoint: (R) prod_reg_reg[3][12]/d
          Clock: (R) clock

                     Capture       Launch     
        Clock Edge:+    1600            0     
       Src Latency:+       0            0     
       Net Latency:+       0 (I)        0 (I) 
           Arrival:=    1600            0     
                                              
             Setup:-      69                  
     Required Time:=    1531                  
      Launch Clock:-       0                  
         Data Path:-    1151                  
             Slack:=     380                  

#---------------------------------------------------------------------------------------------------------
#     Timing Point       Flags    Arc    Edge       Cell         Fanout Load Trans Delay Arrival Instance 
#                                                                       (fF)  (ps)  (ps)   (ps)  Location 
#---------------------------------------------------------------------------------------------------------
  prod_reg_reg[2][2]/clk -       -       R     (arrival)            149    -     0     0       0    (-,-) 
  prod_reg_reg[2][2]/q   (u)     clk->q  R     unmapped_d_flop       10  5.0     0   234     234    (-,-) 
  g658/z                 (u)     in_0->z R     unmapped_or2           3  1.5     0    63     297    (-,-) 
  g812/z                 (u)     in_1->z R     unmapped_or2           3  1.5     0    63     360    (-,-) 
  g2482/z                (u)     in_0->z R     unmapped_complex2      1  0.5     0    52     412    (-,-) 
  g2438/z                (u)     in_1->z F     unmapped_nand2         3  1.5     0    63     475    (-,-) 
  g2427/z                (u)     in_1->z R     unmapped_nand2         1  0.5     0    52     527    (-,-) 
  g2417/z                (u)     in_1->z F     unmapped_nand2         3  1.5     0    63     590    (-,-) 
  g2383/z                (u)     in_1->z R     unmapped_nand2         1  0.5     0    52     643    (-,-) 
  g2373/z                (u)     in_1->z F     unmapped_nand2         3  1.5     0    63     706    (-,-) 
  g2349/z                (u)     in_1->z R     unmapped_nand2         1  0.5     0    52     758    (-,-) 
  g2327/z                (u)     in_1->z F     unmapped_nand2         3  1.5     0    63     821    (-,-) 
  g2299/z                (u)     in_1->z R     unmapped_nand2         1  0.5     0    52     873    (-,-) 
  g2273/z                (u)     in_1->z F     unmapped_nand2         3  1.5     0    63     936    (-,-) 
  g2266/z                (u)     in_1->z R     unmapped_nand2         1  0.5     0    52     988    (-,-) 
  g2257/z                (u)     in_1->z F     unmapped_nand2         2  1.0     0    58    1046    (-,-) 
  g2252/z                (u)     in_0->z F     unmapped_or2           1  0.5     0    52    1099    (-,-) 
  g2253/z                (u)     in_1->z R     unmapped_nand2         1  0.5     0    52    1151    (-,-) 
  prod_reg_reg[3][12]/d  -       -       R     unmapped_d_flop        1    -     -     0    1151    (-,-) 
#---------------------------------------------------------------------------------------------------------

(u) : Net has unmapped pin(s).



Path 12: MET (383 ps) Setup Check with Pin prod_reg_reg[4][12]/clk->d
          Group: clock
     Startpoint: (R) prod_reg_reg[3][3]/clk
          Clock: (R) clock
       Endpoint: (R) prod_reg_reg[4][12]/d
          Clock: (R) clock

                     Capture       Launch     
        Clock Edge:+    1600            0     
       Src Latency:+       0            0     
       Net Latency:+       0 (I)        0 (I) 
           Arrival:=    1600            0     
                                              
             Setup:-      69                  
     Required Time:=    1531                  
      Launch Clock:-       0                  
         Data Path:-    1148                  
             Slack:=     383                  

#---------------------------------------------------------------------------------------------------------
#     Timing Point       Flags    Arc    Edge       Cell         Fanout Load Trans Delay Arrival Instance 
#                                                                       (fF)  (ps)  (ps)   (ps)  Location 
#---------------------------------------------------------------------------------------------------------
  prod_reg_reg[3][3]/clk -       -       R     (arrival)            149    -     0     0       0    (-,-) 
  prod_reg_reg[3][3]/q   (u)     clk->q  R     unmapped_d_flop        9  4.5     0   231     231    (-,-) 
  g725/z                 (u)     in_0->z R     unmapped_or2           3  1.5     0    63     294    (-,-) 
  g820/z                 (u)     in_1->z R     unmapped_or2           3  1.5     0    63     357    (-,-) 
  g2477/z                (u)     in_0->z R     unmapped_complex2      1  0.5     0    52     409    (-,-) 
  g2440/z                (u)     in_1->z F     unmapped_nand2         3  1.5     0    63     472    (-,-) 
  g2428/z                (u)     in_1->z R     unmapped_nand2         1  0.5     0    52     524    (-,-) 
  g2409/z                (u)     in_1->z F     unmapped_nand2         3  1.5     0    63     588    (-,-) 
  g2385/z                (u)     in_1->z R     unmapped_nand2         1  0.5     0    52     640    (-,-) 
  g2375/z                (u)     in_1->z F     unmapped_nand2         3  1.5     0    63     703    (-,-) 
  g2339/z                (u)     in_1->z R     unmapped_nand2         1  0.5     0    52     755    (-,-) 
  g2334/z                (u)     in_1->z F     unmapped_nand2         3  1.5     0    63     818    (-,-) 
  g2307/z                (u)     in_1->z R     unmapped_nand2         1  0.5     0    52     870    (-,-) 
  g2297/z                (u)     in_1->z F     unmapped_nand2         3  1.5     0    63     933    (-,-) 
  g2262/z                (u)     in_1->z R     unmapped_nand2         1  0.5     0    52     985    (-,-) 
  g2258/z                (u)     in_1->z F     unmapped_nand2         2  1.0     0    58    1044    (-,-) 
  g2255/z                (u)     in_0->z F     unmapped_or2           1  0.5     0    52    1096    (-,-) 
  g2256/z                (u)     in_1->z R     unmapped_nand2         1  0.5     0    52    1148    (-,-) 
  prod_reg_reg[4][12]/d  -       -       R     unmapped_d_flop        1    -     -     0    1148    (-,-) 
#---------------------------------------------------------------------------------------------------------

(u) : Net has unmapped pin(s).



Path 13: MET (450 ps) Setup Check with Pin data_out_reg_reg[5]/clk->d
          Group: clock
     Startpoint: (R) prod_reg_reg[3][3]/clk
          Clock: (R) clock
       Endpoint: (R) data_out_reg_reg[5]/d
          Clock: (R) clock

                     Capture       Launch     
        Clock Edge:+    1600            0     
       Src Latency:+       0            0     
       Net Latency:+       0 (I)        0 (I) 
           Arrival:=    1600            0     
                                              
             Setup:-      69                  
     Required Time:=    1531                  
      Launch Clock:-       0                  
         Data Path:-    1081                  
             Slack:=     450                  

#-----------------------------------------------------------------------------------------------------------------------
#            Timing Point              Flags    Arc    Edge       Cell         Fanout Load Trans Delay Arrival Instance 
#                                                                                     (fF)  (ps)  (ps)   (ps)  Location 
#-----------------------------------------------------------------------------------------------------------------------
  prod_reg_reg[3][3]/clk               -       -       R     (arrival)            149    -     0     0       0    (-,-) 
  prod_reg_reg[3][3]/q                 (u)     clk->q  R     unmapped_d_flop        9  4.5     0   231     231    (-,-) 
  csa_tree_ADD_TC_OP_12_groupi/g2466/z (u)     in_1->z F     unmapped_complex2      1  0.5     0    52     283    (-,-) 
  csa_tree_ADD_TC_OP_12_groupi/g2467/z (u)     in_1->z R     unmapped_nand2         4  2.0     0    68     351    (-,-) 
  csa_tree_ADD_TC_OP_12_groupi/g2341/z (u)     in_1->z F     unmapped_nand2         1  0.5     0    52     403    (-,-) 
  csa_tree_ADD_TC_OP_12_groupi/g2342/z (u)     in_1->z R     unmapped_nand2         2  1.0     0    58     461    (-,-) 
  csa_tree_ADD_TC_OP_12_groupi/g2171/z (u)     in_1->z R     unmapped_complex2      1  0.5     0    52     514    (-,-) 
  csa_tree_ADD_TC_OP_12_groupi/g2172/z (u)     in_1->z F     unmapped_nand2         3  1.5     0    63     576    (-,-) 
  csa_tree_ADD_TC_OP_12_groupi/g2121/z (u)     in_0->z R     unmapped_complex2      1  0.5     0    52     629    (-,-) 
  csa_tree_ADD_TC_OP_12_groupi/g2122/z (u)     in_1->z F     unmapped_nand2         2  1.0     0    58     687    (-,-) 
  csa_tree_ADD_TC_OP_12_groupi/g1375/z (u)     in_0->z F     unmapped_or2           2  1.0     0    58     745    (-,-) 
  csa_tree_ADD_TC_OP_12_groupi/g1982/z (u)     in_0->z R     unmapped_nand2         1  0.5     0    52     797    (-,-) 
  csa_tree_ADD_TC_OP_12_groupi/g1926/z (u)     in_0->z F     unmapped_nand2         3  1.5     0    63     860    (-,-) 
  csa_tree_ADD_TC_OP_12_groupi/g1903/z (u)     in_1->z R     unmapped_nand2         2  1.0     0    58     918    (-,-) 
  csa_tree_ADD_TC_OP_12_groupi/g1896/z (u)     in_1->z F     unmapped_nand2         2  1.0     0    58     977    (-,-) 
  csa_tree_ADD_TC_OP_12_groupi/g1878/z (u)     in_0->z F     unmapped_or2           1  0.5     0    52    1029    (-,-) 
  csa_tree_ADD_TC_OP_12_groupi/g1879/z (u)     in_1->z R     unmapped_nand2         1  0.5     0    52    1081    (-,-) 
  data_out_reg_reg[5]/d                -       -       R     unmapped_d_flop        1    -     -     0    1081    (-,-) 
#-----------------------------------------------------------------------------------------------------------------------

(u) : Net has unmapped pin(s).



Path 14: MET (490 ps) Setup Check with Pin prod_reg_reg[3][11]/clk->d
          Group: clock
     Startpoint: (R) prod_reg_reg[2][2]/clk
          Clock: (R) clock
       Endpoint: (R) prod_reg_reg[3][11]/d
          Clock: (R) clock

                     Capture       Launch     
        Clock Edge:+    1600            0     
       Src Latency:+       0            0     
       Net Latency:+       0 (I)        0 (I) 
           Arrival:=    1600            0     
                                              
             Setup:-      69                  
     Required Time:=    1531                  
      Launch Clock:-       0                  
         Data Path:-    1040                  
             Slack:=     490                  

#---------------------------------------------------------------------------------------------------------
#     Timing Point       Flags    Arc    Edge       Cell         Fanout Load Trans Delay Arrival Instance 
#                                                                       (fF)  (ps)  (ps)   (ps)  Location 
#---------------------------------------------------------------------------------------------------------
  prod_reg_reg[2][2]/clk -       -       R     (arrival)            149    -     0     0       0    (-,-) 
  prod_reg_reg[2][2]/q   (u)     clk->q  R     unmapped_d_flop       10  5.0     0   234     234    (-,-) 
  g658/z                 (u)     in_0->z R     unmapped_or2           3  1.5     0    63     297    (-,-) 
  g812/z                 (u)     in_1->z R     unmapped_or2           3  1.5     0    63     360    (-,-) 
  g2482/z                (u)     in_0->z R     unmapped_complex2      1  0.5     0    52     412    (-,-) 
  g2438/z                (u)     in_1->z F     unmapped_nand2         3  1.5     0    63     475    (-,-) 
  g2427/z                (u)     in_1->z R     unmapped_nand2         1  0.5     0    52     527    (-,-) 
  g2417/z                (u)     in_1->z F     unmapped_nand2         3  1.5     0    63     590    (-,-) 
  g2383/z                (u)     in_1->z R     unmapped_nand2         1  0.5     0    52     643    (-,-) 
  g2373/z                (u)     in_1->z F     unmapped_nand2         3  1.5     0    63     706    (-,-) 
  g2349/z                (u)     in_1->z R     unmapped_nand2         1  0.5     0    52     758    (-,-) 
  g2327/z                (u)     in_1->z F     unmapped_nand2         3  1.5     0    63     821    (-,-) 
  g2299/z                (u)     in_1->z R     unmapped_nand2         1  0.5     0    52     873    (-,-) 
  g2273/z                (u)     in_1->z F     unmapped_nand2         3  1.5     0    63     936    (-,-) 
  g2260/z                (u)     in_0->z F     unmapped_or2           1  0.5     0    52     988    (-,-) 
  g2261/z                (u)     in_1->z R     unmapped_nand2         1  0.5     0    52    1040    (-,-) 
  prod_reg_reg[3][11]/d  -       -       R     unmapped_d_flop        1    -     -     0    1040    (-,-) 
#---------------------------------------------------------------------------------------------------------

(u) : Net has unmapped pin(s).



Path 15: MET (493 ps) Setup Check with Pin prod_reg_reg[4][11]/clk->d
          Group: clock
     Startpoint: (R) prod_reg_reg[3][3]/clk
          Clock: (R) clock
       Endpoint: (R) prod_reg_reg[4][11]/d
          Clock: (R) clock

                     Capture       Launch     
        Clock Edge:+    1600            0     
       Src Latency:+       0            0     
       Net Latency:+       0 (I)        0 (I) 
           Arrival:=    1600            0     
                                              
             Setup:-      69                  
     Required Time:=    1531                  
      Launch Clock:-       0                  
         Data Path:-    1038                  
             Slack:=     493                  

#---------------------------------------------------------------------------------------------------------
#     Timing Point       Flags    Arc    Edge       Cell         Fanout Load Trans Delay Arrival Instance 
#                                                                       (fF)  (ps)  (ps)   (ps)  Location 
#---------------------------------------------------------------------------------------------------------
  prod_reg_reg[3][3]/clk -       -       R     (arrival)            149    -     0     0       0    (-,-) 
  prod_reg_reg[3][3]/q   (u)     clk->q  R     unmapped_d_flop        9  4.5     0   231     231    (-,-) 
  g725/z                 (u)     in_0->z R     unmapped_or2           3  1.5     0    63     294    (-,-) 
  g820/z                 (u)     in_1->z R     unmapped_or2           3  1.5     0    63     357    (-,-) 
  g2477/z                (u)     in_0->z R     unmapped_complex2      1  0.5     0    52     409    (-,-) 
  g2440/z                (u)     in_1->z F     unmapped_nand2         3  1.5     0    63     472    (-,-) 
  g2428/z                (u)     in_1->z R     unmapped_nand2         1  0.5     0    52     524    (-,-) 
  g2409/z                (u)     in_1->z F     unmapped_nand2         3  1.5     0    63     588    (-,-) 
  g2385/z                (u)     in_1->z R     unmapped_nand2         1  0.5     0    52     640    (-,-) 
  g2375/z                (u)     in_1->z F     unmapped_nand2         3  1.5     0    63     703    (-,-) 
  g2339/z                (u)     in_1->z R     unmapped_nand2         1  0.5     0    52     755    (-,-) 
  g2334/z                (u)     in_1->z F     unmapped_nand2         3  1.5     0    63     818    (-,-) 
  g2307/z                (u)     in_1->z R     unmapped_nand2         1  0.5     0    52     870    (-,-) 
  g2297/z                (u)     in_1->z F     unmapped_nand2         3  1.5     0    63     933    (-,-) 
  g2264/z                (u)     in_0->z F     unmapped_or2           1  0.5     0    52     985    (-,-) 
  g2265/z                (u)     in_1->z R     unmapped_nand2         1  0.5     0    52    1038    (-,-) 
  prod_reg_reg[4][11]/d  -       -       R     unmapped_d_flop        1    -     -     0    1038    (-,-) 
#---------------------------------------------------------------------------------------------------------

(u) : Net has unmapped pin(s).



Path 16: MET (527 ps) Setup Check with Pin data_out_reg_reg[4]/clk->d
          Group: clock
     Startpoint: (R) prod_reg_reg[7][4]/clk
          Clock: (R) clock
       Endpoint: (R) data_out_reg_reg[4]/d
          Clock: (R) clock

                     Capture       Launch     
        Clock Edge:+    1600            0     
       Src Latency:+       0            0     
       Net Latency:+       0 (I)        0 (I) 
           Arrival:=    1600            0     
                                              
             Setup:-      69                  
     Required Time:=    1531                  
      Launch Clock:-       0                  
         Data Path:-    1004                  
             Slack:=     527                  

#-----------------------------------------------------------------------------------------------------------------------
#            Timing Point              Flags    Arc    Edge       Cell         Fanout Load Trans Delay Arrival Instance 
#                                                                                     (fF)  (ps)  (ps)   (ps)  Location 
#-----------------------------------------------------------------------------------------------------------------------
  prod_reg_reg[7][4]/clk               -       -       R     (arrival)            149    -     0     0       0    (-,-) 
  prod_reg_reg[7][4]/q                 (u)     clk->q  F     unmapped_d_flop        4  2.0     0   212     212    (-,-) 
  csa_tree_ADD_TC_OP_12_groupi/g2435/z (u)     in_0->z R     unmapped_complex2      1  0.5     0    52     264    (-,-) 
  csa_tree_ADD_TC_OP_12_groupi/g2436/z (u)     in_1->z F     unmapped_nand2         2  1.0     0    58     322    (-,-) 
  csa_tree_ADD_TC_OP_12_groupi/g2314/z (u)     in_0->z F     unmapped_complex2      1  0.5     0    52     374    (-,-) 
  csa_tree_ADD_TC_OP_12_groupi/g2315/z (u)     in_1->z R     unmapped_nand2         4  2.0     0    68     442    (-,-) 
  csa_tree_ADD_TC_OP_12_groupi/g2204/z (u)     in_1->z F     unmapped_complex2      1  0.5     0    52     494    (-,-) 
  csa_tree_ADD_TC_OP_12_groupi/g2205/z (u)     in_1->z R     unmapped_nand2         2  1.0     0    58     552    (-,-) 
  csa_tree_ADD_TC_OP_12_groupi/g2091/z (u)     in_0->z R     unmapped_complex2      1  0.5     0    52     604    (-,-) 
  csa_tree_ADD_TC_OP_12_groupi/g2092/z (u)     in_1->z F     unmapped_nand2         3  1.5     0    63     668    (-,-) 
  csa_tree_ADD_TC_OP_12_groupi/g1995/z (u)     in_1->z R     unmapped_complex2      1  0.5     0    52     720    (-,-) 
  csa_tree_ADD_TC_OP_12_groupi/g1996/z (u)     in_1->z F     unmapped_nand2         2  1.0     0    58     778    (-,-) 
  csa_tree_ADD_TC_OP_12_groupi/g13/z   (u)     in_1->z R     unmapped_nand2         3  1.5     0    63     841    (-,-) 
  csa_tree_ADD_TC_OP_12_groupi/g1708/z (u)     in_0->z F     unmapped_nand2         2  1.0     0    58     899    (-,-) 
  csa_tree_ADD_TC_OP_12_groupi/g1905/z (u)     in_1->z F     unmapped_or2           1  0.5     0    52     951    (-,-) 
  csa_tree_ADD_TC_OP_12_groupi/g1906/z (u)     in_1->z R     unmapped_nand2         1  0.5     0    52    1004    (-,-) 
  data_out_reg_reg[4]/d                -       -       R     unmapped_d_flop        1    -     -     0    1004    (-,-) 
#-----------------------------------------------------------------------------------------------------------------------

(u) : Net has unmapped pin(s).



Path 17: MET (552 ps) Setup Check with Pin prod_reg_reg[2][11]/clk->d
          Group: clock
     Startpoint: (R) prod_reg_reg[1][3]/clk
          Clock: (R) clock
       Endpoint: (R) prod_reg_reg[2][11]/d
          Clock: (R) clock

                     Capture       Launch     
        Clock Edge:+    1600            0     
       Src Latency:+       0            0     
       Net Latency:+       0 (I)        0 (I) 
           Arrival:=    1600            0     
                                              
             Setup:-      69                  
     Required Time:=    1531                  
      Launch Clock:-       0                  
         Data Path:-     979                  
             Slack:=     552                  

#---------------------------------------------------------------------------------------------------------
#     Timing Point       Flags    Arc    Edge       Cell         Fanout Load Trans Delay Arrival Instance 
#                                                                       (fF)  (ps)  (ps)   (ps)  Location 
#---------------------------------------------------------------------------------------------------------
  prod_reg_reg[1][3]/clk -       -       R     (arrival)            149    -     0     0       0    (-,-) 
  prod_reg_reg[1][3]/q   (u)     clk->q  R     unmapped_d_flop        9  4.5     0   231     231    (-,-) 
  g12/z                  (u)     in_0->z F     unmapped_nand2         4  2.0     0    68     299    (-,-) 
  g2551/z                (u)     in_0->z R     unmapped_nand2         1  0.5     0    52     351    (-,-) 
  g2486/z                (u)     in_1->z F     unmapped_nand2         3  1.5     0    63     414    (-,-) 
  g2455/z                (u)     in_1->z F     unmapped_complex2      1  0.5     0    52     466    (-,-) 
  g2421/z                (u)     in_1->z R     unmapped_nand2         3  1.5     0    63     529    (-,-) 
  g2396/z                (u)     in_1->z F     unmapped_nand2         1  0.5     0    52     581    (-,-) 
  g2382/z                (u)     in_1->z R     unmapped_nand2         3  1.5     0    63     644    (-,-) 
  g2368/z                (u)     in_1->z F     unmapped_nand2         1  0.5     0    52     696    (-,-) 
  g2340/z                (u)     in_1->z R     unmapped_nand2         3  1.5     0    63     760    (-,-) 
  g2320/z                (u)     in_1->z F     unmapped_nand2         1  0.5     0    52     812    (-,-) 
  g2309/z                (u)     in_1->z R     unmapped_nand2         3  1.5     0    63     875    (-,-) 
  g2275/z                (u)     in_1->z F     unmapped_nand2         1  0.5     0    52     927    (-,-) 
  g2271/z                (u)     in_1->z R     unmapped_nand2         1  0.5     0    52     979    (-,-) 
  prod_reg_reg[2][11]/d  -       -       R     unmapped_d_flop        1    -     -     0     979    (-,-) 
#---------------------------------------------------------------------------------------------------------

(u) : Net has unmapped pin(s).



Path 18: MET (552 ps) Setup Check with Pin prod_reg_reg[2][10]/clk->d
          Group: clock
     Startpoint: (R) prod_reg_reg[1][3]/clk
          Clock: (R) clock
       Endpoint: (R) prod_reg_reg[2][10]/d
          Clock: (R) clock

                     Capture       Launch     
        Clock Edge:+    1600            0     
       Src Latency:+       0            0     
       Net Latency:+       0 (I)        0 (I) 
           Arrival:=    1600            0     
                                              
             Setup:-      69                  
     Required Time:=    1531                  
      Launch Clock:-       0                  
         Data Path:-     979                  
             Slack:=     552                  

#---------------------------------------------------------------------------------------------------------
#     Timing Point       Flags    Arc    Edge       Cell         Fanout Load Trans Delay Arrival Instance 
#                                                                       (fF)  (ps)  (ps)   (ps)  Location 
#---------------------------------------------------------------------------------------------------------
  prod_reg_reg[1][3]/clk -       -       R     (arrival)            149    -     0     0       0    (-,-) 
  prod_reg_reg[1][3]/q   (u)     clk->q  F     unmapped_d_flop        9  4.5     0   231     231    (-,-) 
  g12/z                  (u)     in_0->z R     unmapped_nand2         4  2.0     0    68     299    (-,-) 
  g2551/z                (u)     in_0->z F     unmapped_nand2         1  0.5     0    52     351    (-,-) 
  g2486/z                (u)     in_1->z R     unmapped_nand2         3  1.5     0    63     414    (-,-) 
  g2455/z                (u)     in_1->z R     unmapped_complex2      1  0.5     0    52     466    (-,-) 
  g2421/z                (u)     in_1->z F     unmapped_nand2         3  1.5     0    63     529    (-,-) 
  g2396/z                (u)     in_1->z R     unmapped_nand2         1  0.5     0    52     581    (-,-) 
  g2382/z                (u)     in_1->z F     unmapped_nand2         3  1.5     0    63     644    (-,-) 
  g2368/z                (u)     in_1->z R     unmapped_nand2         1  0.5     0    52     696    (-,-) 
  g2340/z                (u)     in_1->z F     unmapped_nand2         3  1.5     0    63     760    (-,-) 
  g2320/z                (u)     in_1->z R     unmapped_nand2         1  0.5     0    52     812    (-,-) 
  g2309/z                (u)     in_1->z F     unmapped_nand2         3  1.5     0    63     875    (-,-) 
  g2283/z                (u)     in_0->z F     unmapped_or2           1  0.5     0    52     927    (-,-) 
  g2284/z                (u)     in_1->z R     unmapped_nand2         1  0.5     0    52     979    (-,-) 
  prod_reg_reg[2][10]/d  -       -       R     unmapped_d_flop        1    -     -     0     979    (-,-) 
#---------------------------------------------------------------------------------------------------------

(u) : Net has unmapped pin(s).



Path 19: MET (558 ps) Setup Check with Pin prod_reg_reg[7][10]/clk->d
          Group: clock
     Startpoint: (R) prod_reg_reg[6][1]/clk
          Clock: (R) clock
       Endpoint: (R) prod_reg_reg[7][10]/d
          Clock: (R) clock

                     Capture       Launch     
        Clock Edge:+    1600            0     
       Src Latency:+       0            0     
       Net Latency:+       0 (I)        0 (I) 
           Arrival:=    1600            0     
                                              
             Setup:-      69                  
     Required Time:=    1531                  
      Launch Clock:-       0                  
         Data Path:-     972                  
             Slack:=     558                  

#---------------------------------------------------------------------------------------------------------
#     Timing Point       Flags    Arc    Edge       Cell         Fanout Load Trans Delay Arrival Instance 
#                                                                       (fF)  (ps)  (ps)   (ps)  Location 
#---------------------------------------------------------------------------------------------------------
  prod_reg_reg[6][1]/clk -       -       R     (arrival)            149    -     0     0       0    (-,-) 
  prod_reg_reg[6][1]/q   (u)     clk->q  R     unmapped_d_flop        7  3.5     0   224     224    (-,-) 
  g2569/z                (u)     in_0->z F     unmapped_complex2      4  2.0     0    68     292    (-,-) 
  g2509/z                (u)     in_0->z R     unmapped_nand2         1  0.5     0    52     344    (-,-) 
  g2466/z                (u)     in_1->z F     unmapped_nand2         3  1.5     0    63     407    (-,-) 
  g2439/z                (u)     in_1->z R     unmapped_nand2         1  0.5     0    52     459    (-,-) 
  g2432/z                (u)     in_1->z F     unmapped_nand2         3  1.5     0    63     522    (-,-) 
  g2397/z                (u)     in_1->z R     unmapped_nand2         1  0.5     0    52     574    (-,-) 
  g2384/z                (u)     in_1->z F     unmapped_nand2         3  1.5     0    63     638    (-,-) 
  g2374/z                (u)     in_1->z R     unmapped_nand2         1  0.5     0    52     690    (-,-) 
  g2342/z                (u)     in_1->z F     unmapped_nand2         3  1.5     0    63     753    (-,-) 
  g2321/z                (u)     in_1->z R     unmapped_nand2         1  0.5     0    52     805    (-,-) 
  g2311/z                (u)     in_1->z F     unmapped_nand2         3  1.5     0    63     868    (-,-) 
  g2274/z                (u)     in_1->z F     unmapped_complex2      1  0.5     0    52     920    (-,-) 
  g2272/z                (u)     in_1->z R     unmapped_nand2         1  0.5     0    52     972    (-,-) 
  prod_reg_reg[7][10]/d  -       -       R     unmapped_d_flop        1    -     -     0     972    (-,-) 
#---------------------------------------------------------------------------------------------------------

(u) : Net has unmapped pin(s).



Path 20: MET (558 ps) Setup Check with Pin prod_reg_reg[7][9]/clk->d
          Group: clock
     Startpoint: (R) prod_reg_reg[6][1]/clk
          Clock: (R) clock
       Endpoint: (R) prod_reg_reg[7][9]/d
          Clock: (R) clock

                     Capture       Launch     
        Clock Edge:+    1600            0     
       Src Latency:+       0            0     
       Net Latency:+       0 (I)        0 (I) 
           Arrival:=    1600            0     
                                              
             Setup:-      69                  
     Required Time:=    1531                  
      Launch Clock:-       0                  
         Data Path:-     972                  
             Slack:=     558                  

#---------------------------------------------------------------------------------------------------------
#     Timing Point       Flags    Arc    Edge       Cell         Fanout Load Trans Delay Arrival Instance 
#                                                                       (fF)  (ps)  (ps)   (ps)  Location 
#---------------------------------------------------------------------------------------------------------
  prod_reg_reg[6][1]/clk -       -       R     (arrival)            149    -     0     0       0    (-,-) 
  prod_reg_reg[6][1]/q   (u)     clk->q  R     unmapped_d_flop        7  3.5     0   224     224    (-,-) 
  g2569/z                (u)     in_0->z F     unmapped_complex2      4  2.0     0    68     292    (-,-) 
  g2509/z                (u)     in_0->z R     unmapped_nand2         1  0.5     0    52     344    (-,-) 
  g2466/z                (u)     in_1->z F     unmapped_nand2         3  1.5     0    63     407    (-,-) 
  g2439/z                (u)     in_1->z R     unmapped_nand2         1  0.5     0    52     459    (-,-) 
  g2432/z                (u)     in_1->z F     unmapped_nand2         3  1.5     0    63     522    (-,-) 
  g2397/z                (u)     in_1->z R     unmapped_nand2         1  0.5     0    52     574    (-,-) 
  g2384/z                (u)     in_1->z F     unmapped_nand2         3  1.5     0    63     638    (-,-) 
  g2374/z                (u)     in_1->z R     unmapped_nand2         1  0.5     0    52     690    (-,-) 
  g2342/z                (u)     in_1->z F     unmapped_nand2         3  1.5     0    63     753    (-,-) 
  g2321/z                (u)     in_1->z R     unmapped_nand2         1  0.5     0    52     805    (-,-) 
  g2311/z                (u)     in_1->z F     unmapped_nand2         3  1.5     0    63     868    (-,-) 
  g2294/z                (u)     in_0->z F     unmapped_or2           1  0.5     0    52     920    (-,-) 
  g2295/z                (u)     in_1->z R     unmapped_nand2         1  0.5     0    52     972    (-,-) 
  prod_reg_reg[7][9]/d   -       -       R     unmapped_d_flop        1    -     -     0     972    (-,-) 
#---------------------------------------------------------------------------------------------------------

(u) : Net has unmapped pin(s).



Path 21: MET (558 ps) Setup Check with Pin prod_reg_reg[6][11]/clk->d
          Group: clock
     Startpoint: (R) prod_reg_reg[5][2]/clk
          Clock: (R) clock
       Endpoint: (R) prod_reg_reg[6][11]/d
          Clock: (R) clock

                     Capture       Launch     
        Clock Edge:+    1600            0     
       Src Latency:+       0            0     
       Net Latency:+       0 (I)        0 (I) 
           Arrival:=    1600            0     
                                              
             Setup:-      69                  
     Required Time:=    1531                  
      Launch Clock:-       0                  
         Data Path:-     972                  
             Slack:=     558                  

#---------------------------------------------------------------------------------------------------------
#     Timing Point       Flags    Arc    Edge       Cell         Fanout Load Trans Delay Arrival Instance 
#                                                                       (fF)  (ps)  (ps)   (ps)  Location 
#---------------------------------------------------------------------------------------------------------
  prod_reg_reg[5][2]/clk -       -       R     (arrival)            149    -     0     0       0    (-,-) 
  prod_reg_reg[5][2]/q   (u)     clk->q  R     unmapped_d_flop        7  3.5     0   224     224    (-,-) 
  g2564/z                (u)     in_0->z F     unmapped_complex2      4  2.0     0    68     292    (-,-) 
  g2524/z                (u)     in_0->z R     unmapped_nand2         1  0.5     0    52     344    (-,-) 
  g2481/z                (u)     in_1->z F     unmapped_nand2         3  1.5     0    63     407    (-,-) 
  g2448/z                (u)     in_1->z R     unmapped_nand2         1  0.5     0    52     459    (-,-) 
  g2419/z                (u)     in_1->z F     unmapped_nand2         3  1.5     0    63     522    (-,-) 
  g2408/z                (u)     in_1->z R     unmapped_nand2         1  0.5     0    52     574    (-,-) 
  g2381/z                (u)     in_1->z F     unmapped_nand2         3  1.5     0    63     638    (-,-) 
  g2364/z                (u)     in_1->z R     unmapped_nand2         1  0.5     0    52     690    (-,-) 
  g2348/z                (u)     in_1->z F     unmapped_nand2         3  1.5     0    63     753    (-,-) 
  g2338/z                (u)     in_1->z R     unmapped_nand2         1  0.5     0    52     805    (-,-) 
  g2308/z                (u)     in_1->z F     unmapped_nand2         3  1.5     0    63     868    (-,-) 
  g2289/z                (u)     in_1->z F     unmapped_complex2      1  0.5     0    52     920    (-,-) 
  g2269/z                (u)     in_1->z R     unmapped_nand2         1  0.5     0    52     972    (-,-) 
  prod_reg_reg[6][11]/d  -       -       R     unmapped_d_flop        1    -     -     0     972    (-,-) 
#---------------------------------------------------------------------------------------------------------

(u) : Net has unmapped pin(s).



Path 22: MET (558 ps) Setup Check with Pin prod_reg_reg[6][10]/clk->d
          Group: clock
     Startpoint: (R) prod_reg_reg[5][2]/clk
          Clock: (R) clock
       Endpoint: (R) prod_reg_reg[6][10]/d
          Clock: (R) clock

                     Capture       Launch     
        Clock Edge:+    1600            0     
       Src Latency:+       0            0     
       Net Latency:+       0 (I)        0 (I) 
           Arrival:=    1600            0     
                                              
             Setup:-      69                  
     Required Time:=    1531                  
      Launch Clock:-       0                  
         Data Path:-     972                  
             Slack:=     558                  

#---------------------------------------------------------------------------------------------------------
#     Timing Point       Flags    Arc    Edge       Cell         Fanout Load Trans Delay Arrival Instance 
#                                                                       (fF)  (ps)  (ps)   (ps)  Location 
#---------------------------------------------------------------------------------------------------------
  prod_reg_reg[5][2]/clk -       -       R     (arrival)            149    -     0     0       0    (-,-) 
  prod_reg_reg[5][2]/q   (u)     clk->q  R     unmapped_d_flop        7  3.5     0   224     224    (-,-) 
  g2564/z                (u)     in_0->z F     unmapped_complex2      4  2.0     0    68     292    (-,-) 
  g2524/z                (u)     in_0->z R     unmapped_nand2         1  0.5     0    52     344    (-,-) 
  g2481/z                (u)     in_1->z F     unmapped_nand2         3  1.5     0    63     407    (-,-) 
  g2448/z                (u)     in_1->z R     unmapped_nand2         1  0.5     0    52     459    (-,-) 
  g2419/z                (u)     in_1->z F     unmapped_nand2         3  1.5     0    63     522    (-,-) 
  g2408/z                (u)     in_1->z R     unmapped_nand2         1  0.5     0    52     574    (-,-) 
  g2381/z                (u)     in_1->z F     unmapped_nand2         3  1.5     0    63     638    (-,-) 
  g2364/z                (u)     in_1->z R     unmapped_nand2         1  0.5     0    52     690    (-,-) 
  g2348/z                (u)     in_1->z F     unmapped_nand2         3  1.5     0    63     753    (-,-) 
  g2338/z                (u)     in_1->z R     unmapped_nand2         1  0.5     0    52     805    (-,-) 
  g2308/z                (u)     in_1->z F     unmapped_nand2         3  1.5     0    63     868    (-,-) 
  g2287/z                (u)     in_0->z F     unmapped_or2           1  0.5     0    52     920    (-,-) 
  g2288/z                (u)     in_1->z R     unmapped_nand2         1  0.5     0    52     972    (-,-) 
  prod_reg_reg[6][10]/d  -       -       R     unmapped_d_flop        1    -     -     0     972    (-,-) 
#---------------------------------------------------------------------------------------------------------

(u) : Net has unmapped pin(s).



Path 23: MET (562 ps) Setup Check with Pin prod_reg_reg[5][11]/clk->d
          Group: clock
     Startpoint: (R) prod_reg_reg[4][3]/clk
          Clock: (R) clock
       Endpoint: (R) prod_reg_reg[5][11]/d
          Clock: (R) clock

                     Capture       Launch     
        Clock Edge:+    1600            0     
       Src Latency:+       0            0     
       Net Latency:+       0 (I)        0 (I) 
           Arrival:=    1600            0     
                                              
             Setup:-      69                  
     Required Time:=    1531                  
      Launch Clock:-       0                  
         Data Path:-     968                  
             Slack:=     562                  

#---------------------------------------------------------------------------------------------------------
#     Timing Point       Flags    Arc    Edge       Cell         Fanout Load Trans Delay Arrival Instance 
#                                                                       (fF)  (ps)  (ps)   (ps)  Location 
#---------------------------------------------------------------------------------------------------------
  prod_reg_reg[4][3]/clk -       -       R     (arrival)            149    -     0     0       0    (-,-) 
  prod_reg_reg[4][3]/q   (u)     clk->q  R     unmapped_d_flop        6  3.0     0   220     220    (-,-) 
  g414/z                 (u)     in_1->z F     unmapped_nand2         4  2.0     0    68     288    (-,-) 
  g2491/z                (u)     in_0->z R     unmapped_nand2         1  0.5     0    52     340    (-,-) 
  g2476/z                (u)     in_1->z F     unmapped_nand2         3  1.5     0    63     403    (-,-) 
  g2433/z                (u)     in_1->z F     unmapped_complex2      1  0.5     0    52     455    (-,-) 
  g2420/z                (u)     in_1->z R     unmapped_nand2         3  1.5     0    63     518    (-,-) 
  g2404/z                (u)     in_1->z F     unmapped_nand2         1  0.5     0    52     570    (-,-) 
  g2379/z                (u)     in_1->z R     unmapped_nand2         3  1.5     0    63     634    (-,-) 
  g2360/z                (u)     in_1->z F     unmapped_nand2         1  0.5     0    52     686    (-,-) 
  g2344/z                (u)     in_1->z R     unmapped_nand2         3  1.5     0    63     749    (-,-) 
  g2316/z                (u)     in_1->z F     unmapped_nand2         1  0.5     0    52     801    (-,-) 
  g2303/z                (u)     in_1->z R     unmapped_nand2         3  1.5     0    63     864    (-,-) 
  g2296/z                (u)     in_1->z F     unmapped_nand2         1  0.5     0    52     916    (-,-) 
  g2267/z                (u)     in_1->z R     unmapped_nand2         1  0.5     0    52     968    (-,-) 
  prod_reg_reg[5][11]/d  -       -       R     unmapped_d_flop        1    -     -     0     968    (-,-) 
#---------------------------------------------------------------------------------------------------------

(u) : Net has unmapped pin(s).



Path 24: MET (562 ps) Setup Check with Pin prod_reg_reg[5][10]/clk->d
          Group: clock
     Startpoint: (R) prod_reg_reg[4][3]/clk
          Clock: (R) clock
       Endpoint: (R) prod_reg_reg[5][10]/d
          Clock: (R) clock

                     Capture       Launch     
        Clock Edge:+    1600            0     
       Src Latency:+       0            0     
       Net Latency:+       0 (I)        0 (I) 
           Arrival:=    1600            0     
                                              
             Setup:-      69                  
     Required Time:=    1531                  
      Launch Clock:-       0                  
         Data Path:-     968                  
             Slack:=     562                  

#---------------------------------------------------------------------------------------------------------
#     Timing Point       Flags    Arc    Edge       Cell         Fanout Load Trans Delay Arrival Instance 
#                                                                       (fF)  (ps)  (ps)   (ps)  Location 
#---------------------------------------------------------------------------------------------------------
  prod_reg_reg[4][3]/clk -       -       R     (arrival)            149    -     0     0       0    (-,-) 
  prod_reg_reg[4][3]/q   (u)     clk->q  F     unmapped_d_flop        6  3.0     0   220     220    (-,-) 
  g414/z                 (u)     in_1->z R     unmapped_nand2         4  2.0     0    68     288    (-,-) 
  g2491/z                (u)     in_0->z F     unmapped_nand2         1  0.5     0    52     340    (-,-) 
  g2476/z                (u)     in_1->z R     unmapped_nand2         3  1.5     0    63     403    (-,-) 
  g2433/z                (u)     in_1->z R     unmapped_complex2      1  0.5     0    52     455    (-,-) 
  g2420/z                (u)     in_1->z F     unmapped_nand2         3  1.5     0    63     518    (-,-) 
  g2404/z                (u)     in_1->z R     unmapped_nand2         1  0.5     0    52     570    (-,-) 
  g2379/z                (u)     in_1->z F     unmapped_nand2         3  1.5     0    63     634    (-,-) 
  g2360/z                (u)     in_1->z R     unmapped_nand2         1  0.5     0    52     686    (-,-) 
  g2344/z                (u)     in_1->z F     unmapped_nand2         3  1.5     0    63     749    (-,-) 
  g2316/z                (u)     in_1->z R     unmapped_nand2         1  0.5     0    52     801    (-,-) 
  g2303/z                (u)     in_1->z F     unmapped_nand2         3  1.5     0    63     864    (-,-) 
  g2291/z                (u)     in_0->z F     unmapped_or2           1  0.5     0    52     916    (-,-) 
  g2292/z                (u)     in_1->z R     unmapped_nand2         1  0.5     0    52     968    (-,-) 
  prod_reg_reg[5][10]/d  -       -       R     unmapped_d_flop        1    -     -     0     968    (-,-) 
#---------------------------------------------------------------------------------------------------------

(u) : Net has unmapped pin(s).



Path 25: MET (562 ps) Setup Check with Pin prod_reg_reg[1][11]/clk->d
          Group: clock
     Startpoint: (R) prod_reg_reg[0][0]/clk
          Clock: (R) clock
       Endpoint: (R) prod_reg_reg[1][11]/d
          Clock: (R) clock

                     Capture       Launch     
        Clock Edge:+    1600            0     
       Src Latency:+       0            0     
       Net Latency:+       0 (I)        0 (I) 
           Arrival:=    1600            0     
                                              
             Setup:-      69                  
     Required Time:=    1531                  
      Launch Clock:-       0                  
         Data Path:-     968                  
             Slack:=     562                  

#---------------------------------------------------------------------------------------------------------
#     Timing Point       Flags    Arc    Edge       Cell         Fanout Load Trans Delay Arrival Instance 
#                                                                       (fF)  (ps)  (ps)   (ps)  Location 
#---------------------------------------------------------------------------------------------------------
  prod_reg_reg[0][0]/clk -       -       R     (arrival)            149    -     0     0       0    (-,-) 
  prod_reg_reg[0][0]/q   (u)     clk->q  R     unmapped_d_flop        6  3.0     0   220     220    (-,-) 
  g2556/z                (u)     in_0->z F     unmapped_complex2      4  2.0     0    68     288    (-,-) 
  g2494/z                (u)     in_0->z R     unmapped_nand2         1  0.5     0    52     340    (-,-) 
  g2487/z                (u)     in_1->z F     unmapped_nand2         3  1.5     0    63     403    (-,-) 
  g2437/z                (u)     in_1->z R     unmapped_nand2         1  0.5     0    52     455    (-,-) 
  g2422/z                (u)     in_1->z F     unmapped_nand2         3  1.5     0    63     518    (-,-) 
  g2418/z                (u)     in_1->z R     unmapped_nand2         1  0.5     0    52     570    (-,-) 
  g2380/z                (u)     in_1->z F     unmapped_nand2         3  1.5     0    63     634    (-,-) 
  g2372/z                (u)     in_1->z R     unmapped_nand2         1  0.5     0    52     686    (-,-) 
  g2343/z                (u)     in_1->z F     unmapped_nand2         3  1.5     0    63     749    (-,-) 
  g2322/z                (u)     in_1->z R     unmapped_nand2         1  0.5     0    52     801    (-,-) 
  g2310/z                (u)     in_1->z F     unmapped_nand2         3  1.5     0    63     864    (-,-) 
  g2285/z                (u)     in_1->z F     unmapped_complex2      1  0.5     0    52     916    (-,-) 
  g2270/z                (u)     in_1->z R     unmapped_nand2         1  0.5     0    52     968    (-,-) 
  prod_reg_reg[1][11]/d  -       -       R     unmapped_d_flop        1    -     -     0     968    (-,-) 
#---------------------------------------------------------------------------------------------------------

(u) : Net has unmapped pin(s).



Path 26: MET (562 ps) Setup Check with Pin prod_reg_reg[1][10]/clk->d
          Group: clock
     Startpoint: (R) prod_reg_reg[0][0]/clk
          Clock: (R) clock
       Endpoint: (R) prod_reg_reg[1][10]/d
          Clock: (R) clock

                     Capture       Launch     
        Clock Edge:+    1600            0     
       Src Latency:+       0            0     
       Net Latency:+       0 (I)        0 (I) 
           Arrival:=    1600            0     
                                              
             Setup:-      69                  
     Required Time:=    1531                  
      Launch Clock:-       0                  
         Data Path:-     968                  
             Slack:=     562                  

#---------------------------------------------------------------------------------------------------------
#     Timing Point       Flags    Arc    Edge       Cell         Fanout Load Trans Delay Arrival Instance 
#                                                                       (fF)  (ps)  (ps)   (ps)  Location 
#---------------------------------------------------------------------------------------------------------
  prod_reg_reg[0][0]/clk -       -       R     (arrival)            149    -     0     0       0    (-,-) 
  prod_reg_reg[0][0]/q   (u)     clk->q  R     unmapped_d_flop        6  3.0     0   220     220    (-,-) 
  g2556/z                (u)     in_0->z F     unmapped_complex2      4  2.0     0    68     288    (-,-) 
  g2494/z                (u)     in_0->z R     unmapped_nand2         1  0.5     0    52     340    (-,-) 
  g2487/z                (u)     in_1->z F     unmapped_nand2         3  1.5     0    63     403    (-,-) 
  g2437/z                (u)     in_1->z R     unmapped_nand2         1  0.5     0    52     455    (-,-) 
  g2422/z                (u)     in_1->z F     unmapped_nand2         3  1.5     0    63     518    (-,-) 
  g2418/z                (u)     in_1->z R     unmapped_nand2         1  0.5     0    52     570    (-,-) 
  g2380/z                (u)     in_1->z F     unmapped_nand2         3  1.5     0    63     634    (-,-) 
  g2372/z                (u)     in_1->z R     unmapped_nand2         1  0.5     0    52     686    (-,-) 
  g2343/z                (u)     in_1->z F     unmapped_nand2         3  1.5     0    63     749    (-,-) 
  g2322/z                (u)     in_1->z R     unmapped_nand2         1  0.5     0    52     801    (-,-) 
  g2310/z                (u)     in_1->z F     unmapped_nand2         3  1.5     0    63     864    (-,-) 
  g2277/z                (u)     in_0->z F     unmapped_or2           1  0.5     0    52     916    (-,-) 
  g2278/z                (u)     in_1->z R     unmapped_nand2         1  0.5     0    52     968    (-,-) 
  prod_reg_reg[1][10]/d  -       -       R     unmapped_d_flop        1    -     -     0     968    (-,-) 
#---------------------------------------------------------------------------------------------------------

(u) : Net has unmapped pin(s).



Path 27: MET (566 ps) Setup Check with Pin prod_reg_reg[0][10]/clk->d
          Group: clock
     Startpoint: (R) data_in_reg_reg[3]/clk
          Clock: (R) clock
       Endpoint: (R) prod_reg_reg[0][10]/d
          Clock: (R) clock

                     Capture       Launch     
        Clock Edge:+    1600            0     
       Src Latency:+       0            0     
       Net Latency:+       0 (I)        0 (I) 
           Arrival:=    1600            0     
                                              
             Setup:-      69                  
     Required Time:=    1531                  
      Launch Clock:-       0                  
         Data Path:-     964                  
             Slack:=     566                  

#---------------------------------------------------------------------------------------------------------
#     Timing Point       Flags    Arc    Edge       Cell         Fanout Load Trans Delay Arrival Instance 
#                                                                       (fF)  (ps)  (ps)   (ps)  Location 
#---------------------------------------------------------------------------------------------------------
  data_in_reg_reg[3]/clk -       -       R     (arrival)            149    -     0     0       0    (-,-) 
  data_in_reg_reg[3]/q   (u)     clk->q  F     unmapped_d_flop        5  2.5     0   216     216    (-,-) 
  g2584/z                (u)     in_1->z F     unmapped_complex2      4  2.0     0    68     284    (-,-) 
  g2514/z                (u)     in_0->z R     unmapped_nand2         1  0.5     0    52     336    (-,-) 
  g2459/z                (u)     in_1->z F     unmapped_nand2         3  1.5     0    63     399    (-,-) 
  g2441/z                (u)     in_1->z R     unmapped_nand2         1  0.5     0    52     451    (-,-) 
  g2423/z                (u)     in_1->z F     unmapped_nand2         3  1.5     0    63     514    (-,-) 
  g2416/z                (u)     in_1->z R     unmapped_nand2         1  0.5     0    52     566    (-,-) 
  g2392/z                (u)     in_1->z F     unmapped_nand2         3  1.5     0    63     629    (-,-) 
  g2356/z                (u)     in_1->z R     unmapped_nand2         1  0.5     0    52     682    (-,-) 
  g2341/z                (u)     in_1->z F     unmapped_nand2         3  1.5     0    63     744    (-,-) 
  g2326/z                (u)     in_1->z R     unmapped_nand2         1  0.5     0    52     797    (-,-) 
  g2312/z                (u)     in_1->z F     unmapped_nand2         3  1.5     0    63     860    (-,-) 
  g2298/z                (u)     in_1->z F     unmapped_complex2      1  0.5     0    52     912    (-,-) 
  g2268/z                (u)     in_1->z R     unmapped_nand2         1  0.5     0    52     964    (-,-) 
  prod_reg_reg[0][10]/d  -       -       R     unmapped_d_flop        1    -     -     0     964    (-,-) 
#---------------------------------------------------------------------------------------------------------

(u) : Net has unmapped pin(s).



Path 28: MET (566 ps) Setup Check with Pin prod_reg_reg[0][9]/clk->d
          Group: clock
     Startpoint: (R) data_in_reg_reg[3]/clk
          Clock: (R) clock
       Endpoint: (R) prod_reg_reg[0][9]/d
          Clock: (R) clock

                     Capture       Launch     
        Clock Edge:+    1600            0     
       Src Latency:+       0            0     
       Net Latency:+       0 (I)        0 (I) 
           Arrival:=    1600            0     
                                              
             Setup:-      69                  
     Required Time:=    1531                  
      Launch Clock:-       0                  
         Data Path:-     964                  
             Slack:=     566                  

#---------------------------------------------------------------------------------------------------------
#     Timing Point       Flags    Arc    Edge       Cell         Fanout Load Trans Delay Arrival Instance 
#                                                                       (fF)  (ps)  (ps)   (ps)  Location 
#---------------------------------------------------------------------------------------------------------
  data_in_reg_reg[3]/clk -       -       R     (arrival)            149    -     0     0       0    (-,-) 
  data_in_reg_reg[3]/q   (u)     clk->q  F     unmapped_d_flop        5  2.5     0   216     216    (-,-) 
  g2584/z                (u)     in_1->z F     unmapped_complex2      4  2.0     0    68     284    (-,-) 
  g2514/z                (u)     in_0->z R     unmapped_nand2         1  0.5     0    52     336    (-,-) 
  g2459/z                (u)     in_1->z F     unmapped_nand2         3  1.5     0    63     399    (-,-) 
  g2441/z                (u)     in_1->z R     unmapped_nand2         1  0.5     0    52     451    (-,-) 
  g2423/z                (u)     in_1->z F     unmapped_nand2         3  1.5     0    63     514    (-,-) 
  g2416/z                (u)     in_1->z R     unmapped_nand2         1  0.5     0    52     566    (-,-) 
  g2392/z                (u)     in_1->z F     unmapped_nand2         3  1.5     0    63     629    (-,-) 
  g2356/z                (u)     in_1->z R     unmapped_nand2         1  0.5     0    52     682    (-,-) 
  g2341/z                (u)     in_1->z F     unmapped_nand2         3  1.5     0    63     744    (-,-) 
  g2326/z                (u)     in_1->z R     unmapped_nand2         1  0.5     0    52     797    (-,-) 
  g2312/z                (u)     in_1->z F     unmapped_nand2         3  1.5     0    63     860    (-,-) 
  g2280/z                (u)     in_0->z F     unmapped_or2           1  0.5     0    52     912    (-,-) 
  g2281/z                (u)     in_1->z R     unmapped_nand2         1  0.5     0    52     964    (-,-) 
  prod_reg_reg[0][9]/d   -       -       R     unmapped_d_flop        1    -     -     0     964    (-,-) 
#---------------------------------------------------------------------------------------------------------

(u) : Net has unmapped pin(s).



Path 29: MET (605 ps) Setup Check with Pin prod_reg_reg[3][10]/clk->d
          Group: clock
     Startpoint: (R) prod_reg_reg[2][2]/clk
          Clock: (R) clock
       Endpoint: (R) prod_reg_reg[3][10]/d
          Clock: (R) clock

                     Capture       Launch     
        Clock Edge:+    1600            0     
       Src Latency:+       0            0     
       Net Latency:+       0 (I)        0 (I) 
           Arrival:=    1600            0     
                                              
             Setup:-      69                  
     Required Time:=    1531                  
      Launch Clock:-       0                  
         Data Path:-     925                  
             Slack:=     605                  

#---------------------------------------------------------------------------------------------------------
#     Timing Point       Flags    Arc    Edge       Cell         Fanout Load Trans Delay Arrival Instance 
#                                                                       (fF)  (ps)  (ps)   (ps)  Location 
#---------------------------------------------------------------------------------------------------------
  prod_reg_reg[2][2]/clk -       -       R     (arrival)            149    -     0     0       0    (-,-) 
  prod_reg_reg[2][2]/q   (u)     clk->q  R     unmapped_d_flop       10  5.0     0   234     234    (-,-) 
  g658/z                 (u)     in_0->z R     unmapped_or2           3  1.5     0    63     297    (-,-) 
  g812/z                 (u)     in_1->z R     unmapped_or2           3  1.5     0    63     360    (-,-) 
  g2482/z                (u)     in_0->z R     unmapped_complex2      1  0.5     0    52     412    (-,-) 
  g2438/z                (u)     in_1->z F     unmapped_nand2         3  1.5     0    63     475    (-,-) 
  g2427/z                (u)     in_1->z R     unmapped_nand2         1  0.5     0    52     527    (-,-) 
  g2417/z                (u)     in_1->z F     unmapped_nand2         3  1.5     0    63     590    (-,-) 
  g2383/z                (u)     in_1->z R     unmapped_nand2         1  0.5     0    52     643    (-,-) 
  g2373/z                (u)     in_1->z F     unmapped_nand2         3  1.5     0    63     706    (-,-) 
  g2349/z                (u)     in_1->z R     unmapped_nand2         1  0.5     0    52     758    (-,-) 
  g2327/z                (u)     in_1->z F     unmapped_nand2         3  1.5     0    63     821    (-,-) 
  g2301/z                (u)     in_0->z F     unmapped_or2           1  0.5     0    52     873    (-,-) 
  g2302/z                (u)     in_1->z R     unmapped_nand2         1  0.5     0    52     925    (-,-) 
  prod_reg_reg[3][10]/d  -       -       R     unmapped_d_flop        1    -     -     0     925    (-,-) 
#---------------------------------------------------------------------------------------------------------

(u) : Net has unmapped pin(s).



Path 30: MET (608 ps) Setup Check with Pin prod_reg_reg[4][10]/clk->d
          Group: clock
     Startpoint: (R) prod_reg_reg[3][3]/clk
          Clock: (R) clock
       Endpoint: (R) prod_reg_reg[4][10]/d
          Clock: (R) clock

                     Capture       Launch     
        Clock Edge:+    1600            0     
       Src Latency:+       0            0     
       Net Latency:+       0 (I)        0 (I) 
           Arrival:=    1600            0     
                                              
             Setup:-      69                  
     Required Time:=    1531                  
      Launch Clock:-       0                  
         Data Path:-     922                  
             Slack:=     608                  

#---------------------------------------------------------------------------------------------------------
#     Timing Point       Flags    Arc    Edge       Cell         Fanout Load Trans Delay Arrival Instance 
#                                                                       (fF)  (ps)  (ps)   (ps)  Location 
#---------------------------------------------------------------------------------------------------------
  prod_reg_reg[3][3]/clk -       -       R     (arrival)            149    -     0     0       0    (-,-) 
  prod_reg_reg[3][3]/q   (u)     clk->q  R     unmapped_d_flop        9  4.5     0   231     231    (-,-) 
  g725/z                 (u)     in_0->z R     unmapped_or2           3  1.5     0    63     294    (-,-) 
  g820/z                 (u)     in_1->z R     unmapped_or2           3  1.5     0    63     357    (-,-) 
  g2477/z                (u)     in_0->z R     unmapped_complex2      1  0.5     0    52     409    (-,-) 
  g2440/z                (u)     in_1->z F     unmapped_nand2         3  1.5     0    63     472    (-,-) 
  g2428/z                (u)     in_1->z R     unmapped_nand2         1  0.5     0    52     524    (-,-) 
  g2409/z                (u)     in_1->z F     unmapped_nand2         3  1.5     0    63     588    (-,-) 
  g2385/z                (u)     in_1->z R     unmapped_nand2         1  0.5     0    52     640    (-,-) 
  g2375/z                (u)     in_1->z F     unmapped_nand2         3  1.5     0    63     703    (-,-) 
  g2339/z                (u)     in_1->z R     unmapped_nand2         1  0.5     0    52     755    (-,-) 
  g2334/z                (u)     in_1->z F     unmapped_nand2         3  1.5     0    63     818    (-,-) 
  g2305/z                (u)     in_0->z F     unmapped_or2           1  0.5     0    52     870    (-,-) 
  g2306/z                (u)     in_1->z R     unmapped_nand2         1  0.5     0    52     922    (-,-) 
  prod_reg_reg[4][10]/d  -       -       R     unmapped_d_flop        1    -     -     0     922    (-,-) 
#---------------------------------------------------------------------------------------------------------

(u) : Net has unmapped pin(s).



Path 31: MET (623 ps) Setup Check with Pin data_out_reg_reg[3]/clk->d
          Group: clock
     Startpoint: (R) prod_reg_reg[3][3]/clk
          Clock: (R) clock
       Endpoint: (R) data_out_reg_reg[3]/d
          Clock: (R) clock

                     Capture       Launch     
        Clock Edge:+    1600            0     
       Src Latency:+       0            0     
       Net Latency:+       0 (I)        0 (I) 
           Arrival:=    1600            0     
                                              
             Setup:-      69                  
     Required Time:=    1531                  
      Launch Clock:-       0                  
         Data Path:-     908                  
             Slack:=     623                  

#-----------------------------------------------------------------------------------------------------------------------
#            Timing Point              Flags    Arc    Edge       Cell         Fanout Load Trans Delay Arrival Instance 
#                                                                                     (fF)  (ps)  (ps)   (ps)  Location 
#-----------------------------------------------------------------------------------------------------------------------
  prod_reg_reg[3][3]/clk               -       -       R     (arrival)            149    -     0     0       0    (-,-) 
  prod_reg_reg[3][3]/q                 (u)     clk->q  F     unmapped_d_flop        9  4.5     0   231     231    (-,-) 
  csa_tree_ADD_TC_OP_12_groupi/g2466/z (u)     in_1->z R     unmapped_complex2      1  0.5     0    52     283    (-,-) 
  csa_tree_ADD_TC_OP_12_groupi/g2467/z (u)     in_1->z F     unmapped_nand2         4  2.0     0    68     351    (-,-) 
  csa_tree_ADD_TC_OP_12_groupi/g2341/z (u)     in_1->z R     unmapped_nand2         1  0.5     0    52     403    (-,-) 
  csa_tree_ADD_TC_OP_12_groupi/g2342/z (u)     in_1->z F     unmapped_nand2         2  1.0     0    58     461    (-,-) 
  csa_tree_ADD_TC_OP_12_groupi/g2171/z (u)     in_1->z F     unmapped_complex2      1  0.5     0    52     514    (-,-) 
  csa_tree_ADD_TC_OP_12_groupi/g2172/z (u)     in_1->z R     unmapped_nand2         3  1.5     0    63     576    (-,-) 
  csa_tree_ADD_TC_OP_12_groupi/g2121/z (u)     in_0->z F     unmapped_complex2      1  0.5     0    52     629    (-,-) 
  csa_tree_ADD_TC_OP_12_groupi/g2122/z (u)     in_1->z R     unmapped_nand2         2  1.0     0    58     687    (-,-) 
  csa_tree_ADD_TC_OP_12_groupi/g1375/z (u)     in_0->z R     unmapped_or2           2  1.0     0    58     745    (-,-) 
  csa_tree_ADD_TC_OP_12_groupi/g2045/z (u)     in_1->z F     unmapped_nand2         2  1.0     0    58     803    (-,-) 
  csa_tree_ADD_TC_OP_12_groupi/g1980/z (u)     in_1->z F     unmapped_or2           1  0.5     0    52     856    (-,-) 
  csa_tree_ADD_TC_OP_12_groupi/g1981/z (u)     in_1->z R     unmapped_nand2         1  0.5     0    52     908    (-,-) 
  data_out_reg_reg[3]/d                -       -       R     unmapped_d_flop        1    -     -     0     908    (-,-) 
#-----------------------------------------------------------------------------------------------------------------------

(u) : Net has unmapped pin(s).



Path 32: MET (667 ps) Setup Check with Pin prod_reg_reg[2][9]/clk->d
          Group: clock
     Startpoint: (R) prod_reg_reg[1][3]/clk
          Clock: (R) clock
       Endpoint: (R) prod_reg_reg[2][9]/d
          Clock: (R) clock

                     Capture       Launch     
        Clock Edge:+    1600            0     
       Src Latency:+       0            0     
       Net Latency:+       0 (I)        0 (I) 
           Arrival:=    1600            0     
                                              
             Setup:-      69                  
     Required Time:=    1531                  
      Launch Clock:-       0                  
         Data Path:-     864                  
             Slack:=     667                  

#---------------------------------------------------------------------------------------------------------
#     Timing Point       Flags    Arc    Edge       Cell         Fanout Load Trans Delay Arrival Instance 
#                                                                       (fF)  (ps)  (ps)   (ps)  Location 
#---------------------------------------------------------------------------------------------------------
  prod_reg_reg[1][3]/clk -       -       R     (arrival)            149    -     0     0       0    (-,-) 
  prod_reg_reg[1][3]/q   (u)     clk->q  F     unmapped_d_flop        9  4.5     0   231     231    (-,-) 
  g12/z                  (u)     in_0->z R     unmapped_nand2         4  2.0     0    68     299    (-,-) 
  g2551/z                (u)     in_0->z F     unmapped_nand2         1  0.5     0    52     351    (-,-) 
  g2486/z                (u)     in_1->z R     unmapped_nand2         3  1.5     0    63     414    (-,-) 
  g2455/z                (u)     in_1->z R     unmapped_complex2      1  0.5     0    52     466    (-,-) 
  g2421/z                (u)     in_1->z F     unmapped_nand2         3  1.5     0    63     529    (-,-) 
  g2396/z                (u)     in_1->z R     unmapped_nand2         1  0.5     0    52     581    (-,-) 
  g2382/z                (u)     in_1->z F     unmapped_nand2         3  1.5     0    63     644    (-,-) 
  g2368/z                (u)     in_1->z R     unmapped_nand2         1  0.5     0    52     696    (-,-) 
  g2340/z                (u)     in_1->z F     unmapped_nand2         3  1.5     0    63     760    (-,-) 
  g2336/z                (u)     in_0->z F     unmapped_or2           1  0.5     0    52     812    (-,-) 
  g2337/z                (u)     in_1->z R     unmapped_nand2         1  0.5     0    52     864    (-,-) 
  prod_reg_reg[2][9]/d   -       -       R     unmapped_d_flop        1    -     -     0     864    (-,-) 
#---------------------------------------------------------------------------------------------------------

(u) : Net has unmapped pin(s).



Path 33: MET (674 ps) Setup Check with Pin prod_reg_reg[7][8]/clk->d
          Group: clock
     Startpoint: (R) prod_reg_reg[6][1]/clk
          Clock: (R) clock
       Endpoint: (R) prod_reg_reg[7][8]/d
          Clock: (R) clock

                     Capture       Launch     
        Clock Edge:+    1600            0     
       Src Latency:+       0            0     
       Net Latency:+       0 (I)        0 (I) 
           Arrival:=    1600            0     
                                              
             Setup:-      69                  
     Required Time:=    1531                  
      Launch Clock:-       0                  
         Data Path:-     857                  
             Slack:=     674                  

#---------------------------------------------------------------------------------------------------------
#     Timing Point       Flags    Arc    Edge       Cell         Fanout Load Trans Delay Arrival Instance 
#                                                                       (fF)  (ps)  (ps)   (ps)  Location 
#---------------------------------------------------------------------------------------------------------
  prod_reg_reg[6][1]/clk -       -       R     (arrival)            149    -     0     0       0    (-,-) 
  prod_reg_reg[6][1]/q   (u)     clk->q  R     unmapped_d_flop        7  3.5     0   224     224    (-,-) 
  g2569/z                (u)     in_0->z F     unmapped_complex2      4  2.0     0    68     292    (-,-) 
  g2509/z                (u)     in_0->z R     unmapped_nand2         1  0.5     0    52     344    (-,-) 
  g2466/z                (u)     in_1->z F     unmapped_nand2         3  1.5     0    63     407    (-,-) 
  g2439/z                (u)     in_1->z R     unmapped_nand2         1  0.5     0    52     459    (-,-) 
  g2432/z                (u)     in_1->z F     unmapped_nand2         3  1.5     0    63     522    (-,-) 
  g2397/z                (u)     in_1->z R     unmapped_nand2         1  0.5     0    52     574    (-,-) 
  g2384/z                (u)     in_1->z F     unmapped_nand2         3  1.5     0    63     638    (-,-) 
  g2374/z                (u)     in_1->z R     unmapped_nand2         1  0.5     0    52     690    (-,-) 
  g2342/z                (u)     in_1->z F     unmapped_nand2         3  1.5     0    63     753    (-,-) 
  g2332/z                (u)     in_0->z F     unmapped_or2           1  0.5     0    52     805    (-,-) 
  g2333/z                (u)     in_1->z R     unmapped_nand2         1  0.5     0    52     857    (-,-) 
  prod_reg_reg[7][8]/d   -       -       R     unmapped_d_flop        1    -     -     0     857    (-,-) 
#---------------------------------------------------------------------------------------------------------

(u) : Net has unmapped pin(s).



Path 34: MET (674 ps) Setup Check with Pin prod_reg_reg[6][9]/clk->d
          Group: clock
     Startpoint: (R) prod_reg_reg[5][2]/clk
          Clock: (R) clock
       Endpoint: (R) prod_reg_reg[6][9]/d
          Clock: (R) clock

                     Capture       Launch     
        Clock Edge:+    1600            0     
       Src Latency:+       0            0     
       Net Latency:+       0 (I)        0 (I) 
           Arrival:=    1600            0     
                                              
             Setup:-      69                  
     Required Time:=    1531                  
      Launch Clock:-       0                  
         Data Path:-     857                  
             Slack:=     674                  

#---------------------------------------------------------------------------------------------------------
#     Timing Point       Flags    Arc    Edge       Cell         Fanout Load Trans Delay Arrival Instance 
#                                                                       (fF)  (ps)  (ps)   (ps)  Location 
#---------------------------------------------------------------------------------------------------------
  prod_reg_reg[5][2]/clk -       -       R     (arrival)            149    -     0     0       0    (-,-) 
  prod_reg_reg[5][2]/q   (u)     clk->q  R     unmapped_d_flop        7  3.5     0   224     224    (-,-) 
  g2564/z                (u)     in_0->z F     unmapped_complex2      4  2.0     0    68     292    (-,-) 
  g2524/z                (u)     in_0->z R     unmapped_nand2         1  0.5     0    52     344    (-,-) 
  g2481/z                (u)     in_1->z F     unmapped_nand2         3  1.5     0    63     407    (-,-) 
  g2448/z                (u)     in_1->z R     unmapped_nand2         1  0.5     0    52     459    (-,-) 
  g2419/z                (u)     in_1->z F     unmapped_nand2         3  1.5     0    63     522    (-,-) 
  g2408/z                (u)     in_1->z R     unmapped_nand2         1  0.5     0    52     574    (-,-) 
  g2381/z                (u)     in_1->z F     unmapped_nand2         3  1.5     0    63     638    (-,-) 
  g2364/z                (u)     in_1->z R     unmapped_nand2         1  0.5     0    52     690    (-,-) 
  g2348/z                (u)     in_1->z F     unmapped_nand2         3  1.5     0    63     753    (-,-) 
  g2314/z                (u)     in_0->z F     unmapped_or2           1  0.5     0    52     805    (-,-) 
  g2315/z                (u)     in_1->z R     unmapped_nand2         1  0.5     0    52     857    (-,-) 
  prod_reg_reg[6][9]/d   -       -       R     unmapped_d_flop        1    -     -     0     857    (-,-) 
#---------------------------------------------------------------------------------------------------------

(u) : Net has unmapped pin(s).



Path 35: MET (678 ps) Setup Check with Pin prod_reg_reg[5][9]/clk->d
          Group: clock
     Startpoint: (R) prod_reg_reg[4][3]/clk
          Clock: (R) clock
       Endpoint: (R) prod_reg_reg[5][9]/d
          Clock: (R) clock

                     Capture       Launch     
        Clock Edge:+    1600            0     
       Src Latency:+       0            0     
       Net Latency:+       0 (I)        0 (I) 
           Arrival:=    1600            0     
                                              
             Setup:-      69                  
     Required Time:=    1531                  
      Launch Clock:-       0                  
         Data Path:-     853                  
             Slack:=     678                  

#---------------------------------------------------------------------------------------------------------
#     Timing Point       Flags    Arc    Edge       Cell         Fanout Load Trans Delay Arrival Instance 
#                                                                       (fF)  (ps)  (ps)   (ps)  Location 
#---------------------------------------------------------------------------------------------------------
  prod_reg_reg[4][3]/clk -       -       R     (arrival)            149    -     0     0       0    (-,-) 
  prod_reg_reg[4][3]/q   (u)     clk->q  F     unmapped_d_flop        6  3.0     0   220     220    (-,-) 
  g414/z                 (u)     in_1->z R     unmapped_nand2         4  2.0     0    68     288    (-,-) 
  g2491/z                (u)     in_0->z F     unmapped_nand2         1  0.5     0    52     340    (-,-) 
  g2476/z                (u)     in_1->z R     unmapped_nand2         3  1.5     0    63     403    (-,-) 
  g2433/z                (u)     in_1->z R     unmapped_complex2      1  0.5     0    52     455    (-,-) 
  g2420/z                (u)     in_1->z F     unmapped_nand2         3  1.5     0    63     518    (-,-) 
  g2404/z                (u)     in_1->z R     unmapped_nand2         1  0.5     0    52     570    (-,-) 
  g2379/z                (u)     in_1->z F     unmapped_nand2         3  1.5     0    63     634    (-,-) 
  g2360/z                (u)     in_1->z R     unmapped_nand2         1  0.5     0    52     686    (-,-) 
  g2344/z                (u)     in_1->z F     unmapped_nand2         3  1.5     0    63     749    (-,-) 
  g2318/z                (u)     in_0->z F     unmapped_or2           1  0.5     0    52     801    (-,-) 
  g2319/z                (u)     in_1->z R     unmapped_nand2         1  0.5     0    52     853    (-,-) 
  prod_reg_reg[5][9]/d   -       -       R     unmapped_d_flop        1    -     -     0     853    (-,-) 
#---------------------------------------------------------------------------------------------------------

(u) : Net has unmapped pin(s).



Path 36: MET (678 ps) Setup Check with Pin prod_reg_reg[1][9]/clk->d
          Group: clock
     Startpoint: (R) prod_reg_reg[0][0]/clk
          Clock: (R) clock
       Endpoint: (R) prod_reg_reg[1][9]/d
          Clock: (R) clock

                     Capture       Launch     
        Clock Edge:+    1600            0     
       Src Latency:+       0            0     
       Net Latency:+       0 (I)        0 (I) 
           Arrival:=    1600            0     
                                              
             Setup:-      69                  
     Required Time:=    1531                  
      Launch Clock:-       0                  
         Data Path:-     853                  
             Slack:=     678                  

#---------------------------------------------------------------------------------------------------------
#     Timing Point       Flags    Arc    Edge       Cell         Fanout Load Trans Delay Arrival Instance 
#                                                                       (fF)  (ps)  (ps)   (ps)  Location 
#---------------------------------------------------------------------------------------------------------
  prod_reg_reg[0][0]/clk -       -       R     (arrival)            149    -     0     0       0    (-,-) 
  prod_reg_reg[0][0]/q   (u)     clk->q  R     unmapped_d_flop        6  3.0     0   220     220    (-,-) 
  g2556/z                (u)     in_0->z F     unmapped_complex2      4  2.0     0    68     288    (-,-) 
  g2494/z                (u)     in_0->z R     unmapped_nand2         1  0.5     0    52     340    (-,-) 
  g2487/z                (u)     in_1->z F     unmapped_nand2         3  1.5     0    63     403    (-,-) 
  g2437/z                (u)     in_1->z R     unmapped_nand2         1  0.5     0    52     455    (-,-) 
  g2422/z                (u)     in_1->z F     unmapped_nand2         3  1.5     0    63     518    (-,-) 
  g2418/z                (u)     in_1->z R     unmapped_nand2         1  0.5     0    52     570    (-,-) 
  g2380/z                (u)     in_1->z F     unmapped_nand2         3  1.5     0    63     634    (-,-) 
  g2372/z                (u)     in_1->z R     unmapped_nand2         1  0.5     0    52     686    (-,-) 
  g2343/z                (u)     in_1->z F     unmapped_nand2         3  1.5     0    63     749    (-,-) 
  g2324/z                (u)     in_0->z F     unmapped_or2           1  0.5     0    52     801    (-,-) 
  g2325/z                (u)     in_1->z R     unmapped_nand2         1  0.5     0    52     853    (-,-) 
  prod_reg_reg[1][9]/d   -       -       R     unmapped_d_flop        1    -     -     0     853    (-,-) 
#---------------------------------------------------------------------------------------------------------

(u) : Net has unmapped pin(s).



Path 37: MET (682 ps) Setup Check with Pin prod_reg_reg[0][8]/clk->d
          Group: clock
     Startpoint: (R) data_in_reg_reg[3]/clk
          Clock: (R) clock
       Endpoint: (R) prod_reg_reg[0][8]/d
          Clock: (R) clock

                     Capture       Launch     
        Clock Edge:+    1600            0     
       Src Latency:+       0            0     
       Net Latency:+       0 (I)        0 (I) 
           Arrival:=    1600            0     
                                              
             Setup:-      69                  
     Required Time:=    1531                  
      Launch Clock:-       0                  
         Data Path:-     849                  
             Slack:=     682                  

#---------------------------------------------------------------------------------------------------------
#     Timing Point       Flags    Arc    Edge       Cell         Fanout Load Trans Delay Arrival Instance 
#                                                                       (fF)  (ps)  (ps)   (ps)  Location 
#---------------------------------------------------------------------------------------------------------
  data_in_reg_reg[3]/clk -       -       R     (arrival)            149    -     0     0       0    (-,-) 
  data_in_reg_reg[3]/q   (u)     clk->q  F     unmapped_d_flop        5  2.5     0   216     216    (-,-) 
  g2584/z                (u)     in_1->z F     unmapped_complex2      4  2.0     0    68     284    (-,-) 
  g2514/z                (u)     in_0->z R     unmapped_nand2         1  0.5     0    52     336    (-,-) 
  g2459/z                (u)     in_1->z F     unmapped_nand2         3  1.5     0    63     399    (-,-) 
  g2441/z                (u)     in_1->z R     unmapped_nand2         1  0.5     0    52     451    (-,-) 
  g2423/z                (u)     in_1->z F     unmapped_nand2         3  1.5     0    63     514    (-,-) 
  g2416/z                (u)     in_1->z R     unmapped_nand2         1  0.5     0    52     566    (-,-) 
  g2392/z                (u)     in_1->z F     unmapped_nand2         3  1.5     0    63     629    (-,-) 
  g2356/z                (u)     in_1->z R     unmapped_nand2         1  0.5     0    52     682    (-,-) 
  g2341/z                (u)     in_1->z F     unmapped_nand2         3  1.5     0    63     744    (-,-) 
  g2329/z                (u)     in_0->z F     unmapped_or2           1  0.5     0    52     797    (-,-) 
  g2330/z                (u)     in_1->z R     unmapped_nand2         1  0.5     0    52     849    (-,-) 
  prod_reg_reg[0][8]/d   -       -       R     unmapped_d_flop        1    -     -     0     849    (-,-) 
#---------------------------------------------------------------------------------------------------------

(u) : Net has unmapped pin(s).



Path 38: MET (721 ps) Setup Check with Pin prod_reg_reg[3][9]/clk->d
          Group: clock
     Startpoint: (R) prod_reg_reg[2][2]/clk
          Clock: (R) clock
       Endpoint: (R) prod_reg_reg[3][9]/d
          Clock: (R) clock

                     Capture       Launch     
        Clock Edge:+    1600            0     
       Src Latency:+       0            0     
       Net Latency:+       0 (I)        0 (I) 
           Arrival:=    1600            0     
                                              
             Setup:-      69                  
     Required Time:=    1531                  
      Launch Clock:-       0                  
         Data Path:-     810                  
             Slack:=     721                  

#---------------------------------------------------------------------------------------------------------
#     Timing Point       Flags    Arc    Edge       Cell         Fanout Load Trans Delay Arrival Instance 
#                                                                       (fF)  (ps)  (ps)   (ps)  Location 
#---------------------------------------------------------------------------------------------------------
  prod_reg_reg[2][2]/clk -       -       R     (arrival)            149    -     0     0       0    (-,-) 
  prod_reg_reg[2][2]/q   (u)     clk->q  R     unmapped_d_flop       10  5.0     0   234     234    (-,-) 
  g658/z                 (u)     in_0->z R     unmapped_or2           3  1.5     0    63     297    (-,-) 
  g812/z                 (u)     in_1->z R     unmapped_or2           3  1.5     0    63     360    (-,-) 
  g2482/z                (u)     in_0->z R     unmapped_complex2      1  0.5     0    52     412    (-,-) 
  g2438/z                (u)     in_1->z F     unmapped_nand2         3  1.5     0    63     475    (-,-) 
  g2427/z                (u)     in_1->z R     unmapped_nand2         1  0.5     0    52     527    (-,-) 
  g2417/z                (u)     in_1->z F     unmapped_nand2         3  1.5     0    63     590    (-,-) 
  g2383/z                (u)     in_1->z R     unmapped_nand2         1  0.5     0    52     643    (-,-) 
  g2373/z                (u)     in_1->z F     unmapped_nand2         3  1.5     0    63     706    (-,-) 
  g2351/z                (u)     in_0->z F     unmapped_or2           1  0.5     0    52     758    (-,-) 
  g2352/z                (u)     in_1->z R     unmapped_nand2         1  0.5     0    52     810    (-,-) 
  prod_reg_reg[3][9]/d   -       -       R     unmapped_d_flop        1    -     -     0     810    (-,-) 
#---------------------------------------------------------------------------------------------------------

(u) : Net has unmapped pin(s).



Path 39: MET (724 ps) Setup Check with Pin prod_reg_reg[4][9]/clk->d
          Group: clock
     Startpoint: (R) prod_reg_reg[3][3]/clk
          Clock: (R) clock
       Endpoint: (R) prod_reg_reg[4][9]/d
          Clock: (R) clock

                     Capture       Launch     
        Clock Edge:+    1600            0     
       Src Latency:+       0            0     
       Net Latency:+       0 (I)        0 (I) 
           Arrival:=    1600            0     
                                              
             Setup:-      69                  
     Required Time:=    1531                  
      Launch Clock:-       0                  
         Data Path:-     807                  
             Slack:=     724                  

#---------------------------------------------------------------------------------------------------------
#     Timing Point       Flags    Arc    Edge       Cell         Fanout Load Trans Delay Arrival Instance 
#                                                                       (fF)  (ps)  (ps)   (ps)  Location 
#---------------------------------------------------------------------------------------------------------
  prod_reg_reg[3][3]/clk -       -       R     (arrival)            149    -     0     0       0    (-,-) 
  prod_reg_reg[3][3]/q   (u)     clk->q  R     unmapped_d_flop        9  4.5     0   231     231    (-,-) 
  g725/z                 (u)     in_0->z R     unmapped_or2           3  1.5     0    63     294    (-,-) 
  g820/z                 (u)     in_1->z R     unmapped_or2           3  1.5     0    63     357    (-,-) 
  g2477/z                (u)     in_0->z R     unmapped_complex2      1  0.5     0    52     409    (-,-) 
  g2440/z                (u)     in_1->z F     unmapped_nand2         3  1.5     0    63     472    (-,-) 
  g2428/z                (u)     in_1->z R     unmapped_nand2         1  0.5     0    52     524    (-,-) 
  g2409/z                (u)     in_1->z F     unmapped_nand2         3  1.5     0    63     588    (-,-) 
  g2385/z                (u)     in_1->z R     unmapped_nand2         1  0.5     0    52     640    (-,-) 
  g2375/z                (u)     in_1->z F     unmapped_nand2         3  1.5     0    63     703    (-,-) 
  g2346/z                (u)     in_0->z F     unmapped_or2           1  0.5     0    52     755    (-,-) 
  g2347/z                (u)     in_1->z R     unmapped_nand2         1  0.5     0    52     807    (-,-) 
  prod_reg_reg[4][9]/d   -       -       R     unmapped_d_flop        1    -     -     0     807    (-,-) 
#---------------------------------------------------------------------------------------------------------

(u) : Net has unmapped pin(s).



Path 40: MET (749 ps) Setup Check with Pin data_out_reg_reg[2]/clk->d
          Group: clock
     Startpoint: (R) prod_reg_reg[0][2]/clk
          Clock: (R) clock
       Endpoint: (R) data_out_reg_reg[2]/d
          Clock: (R) clock

                     Capture       Launch     
        Clock Edge:+    1600            0     
       Src Latency:+       0            0     
       Net Latency:+       0 (I)        0 (I) 
           Arrival:=    1600            0     
                                              
             Setup:-      69                  
     Required Time:=    1531                  
      Launch Clock:-       0                  
         Data Path:-     782                  
             Slack:=     749                  

#-----------------------------------------------------------------------------------------------------------------------
#            Timing Point              Flags    Arc    Edge       Cell         Fanout Load Trans Delay Arrival Instance 
#                                                                                     (fF)  (ps)  (ps)   (ps)  Location 
#-----------------------------------------------------------------------------------------------------------------------
  prod_reg_reg[0][2]/clk               -       -       R     (arrival)            149    -     0     0       0    (-,-) 
  prod_reg_reg[0][2]/q                 (u)     clk->q  R     unmapped_d_flop        6  3.0     0   220     220    (-,-) 
  csa_tree_ADD_TC_OP_12_groupi/g2458/z (u)     in_1->z R     unmapped_complex2      1  0.5     0    52     272    (-,-) 
  csa_tree_ADD_TC_OP_12_groupi/g2459/z (u)     in_1->z F     unmapped_nand2         4  2.0     0    68     340    (-,-) 
  csa_tree_ADD_TC_OP_12_groupi/g2333/z (u)     in_0->z R     unmapped_complex2      1  0.5     0    52     392    (-,-) 
  csa_tree_ADD_TC_OP_12_groupi/g2334/z (u)     in_1->z F     unmapped_nand2         2  1.0     0    58     450    (-,-) 
  csa_tree_ADD_TC_OP_12_groupi/g2144/z (u)     in_1->z F     unmapped_complex2      1  0.5     0    52     503    (-,-) 
  csa_tree_ADD_TC_OP_12_groupi/g2145/z (u)     in_1->z R     unmapped_nand2         2  1.0     0    58     561    (-,-) 
  csa_tree_ADD_TC_OP_12_groupi/g1373/z (u)     in_1->z R     unmapped_or2           2  1.0     0    58     619    (-,-) 
  csa_tree_ADD_TC_OP_12_groupi/g2106/z (u)     in_1->z F     unmapped_nand2         2  1.0     0    58     677    (-,-) 
  csa_tree_ADD_TC_OP_12_groupi/g2054/z (u)     in_1->z F     unmapped_or2           1  0.5     0    52     730    (-,-) 
  csa_tree_ADD_TC_OP_12_groupi/g2055/z (u)     in_1->z R     unmapped_nand2         1  0.5     0    52     782    (-,-) 
  data_out_reg_reg[2]/d                -       -       R     unmapped_d_flop        1    -     -     0     782    (-,-) 
#-----------------------------------------------------------------------------------------------------------------------

(u) : Net has unmapped pin(s).



Path 41: MET (782 ps) Setup Check with Pin prod_reg_reg[2][8]/clk->d
          Group: clock
     Startpoint: (R) prod_reg_reg[1][3]/clk
          Clock: (R) clock
       Endpoint: (R) prod_reg_reg[2][8]/d
          Clock: (R) clock

                     Capture       Launch     
        Clock Edge:+    1600            0     
       Src Latency:+       0            0     
       Net Latency:+       0 (I)        0 (I) 
           Arrival:=    1600            0     
                                              
             Setup:-      69                  
     Required Time:=    1531                  
      Launch Clock:-       0                  
         Data Path:-     749                  
             Slack:=     782                  

#---------------------------------------------------------------------------------------------------------
#     Timing Point       Flags    Arc    Edge       Cell         Fanout Load Trans Delay Arrival Instance 
#                                                                       (fF)  (ps)  (ps)   (ps)  Location 
#---------------------------------------------------------------------------------------------------------
  prod_reg_reg[1][3]/clk -       -       R     (arrival)            149    -     0     0       0    (-,-) 
  prod_reg_reg[1][3]/q   (u)     clk->q  F     unmapped_d_flop        9  4.5     0   231     231    (-,-) 
  g12/z                  (u)     in_0->z R     unmapped_nand2         4  2.0     0    68     299    (-,-) 
  g2551/z                (u)     in_0->z F     unmapped_nand2         1  0.5     0    52     351    (-,-) 
  g2486/z                (u)     in_1->z R     unmapped_nand2         3  1.5     0    63     414    (-,-) 
  g2455/z                (u)     in_1->z R     unmapped_complex2      1  0.5     0    52     466    (-,-) 
  g2421/z                (u)     in_1->z F     unmapped_nand2         3  1.5     0    63     529    (-,-) 
  g2396/z                (u)     in_1->z R     unmapped_nand2         1  0.5     0    52     581    (-,-) 
  g2382/z                (u)     in_1->z F     unmapped_nand2         3  1.5     0    63     644    (-,-) 
  g2362/z                (u)     in_0->z F     unmapped_or2           1  0.5     0    52     696    (-,-) 
  g2363/z                (u)     in_1->z R     unmapped_nand2         1  0.5     0    52     749    (-,-) 
  prod_reg_reg[2][8]/d   -       -       R     unmapped_d_flop        1    -     -     0     749    (-,-) 
#---------------------------------------------------------------------------------------------------------

(u) : Net has unmapped pin(s).



Path 42: MET (789 ps) Setup Check with Pin prod_reg_reg[7][7]/clk->d
          Group: clock
     Startpoint: (R) prod_reg_reg[6][1]/clk
          Clock: (R) clock
       Endpoint: (R) prod_reg_reg[7][7]/d
          Clock: (R) clock

                     Capture       Launch     
        Clock Edge:+    1600            0     
       Src Latency:+       0            0     
       Net Latency:+       0 (I)        0 (I) 
           Arrival:=    1600            0     
                                              
             Setup:-      69                  
     Required Time:=    1531                  
      Launch Clock:-       0                  
         Data Path:-     742                  
             Slack:=     789                  

#---------------------------------------------------------------------------------------------------------
#     Timing Point       Flags    Arc    Edge       Cell         Fanout Load Trans Delay Arrival Instance 
#                                                                       (fF)  (ps)  (ps)   (ps)  Location 
#---------------------------------------------------------------------------------------------------------
  prod_reg_reg[6][1]/clk -       -       R     (arrival)            149    -     0     0       0    (-,-) 
  prod_reg_reg[6][1]/q   (u)     clk->q  R     unmapped_d_flop        7  3.5     0   224     224    (-,-) 
  g2569/z                (u)     in_0->z F     unmapped_complex2      4  2.0     0    68     292    (-,-) 
  g2509/z                (u)     in_0->z R     unmapped_nand2         1  0.5     0    52     344    (-,-) 
  g2466/z                (u)     in_1->z F     unmapped_nand2         3  1.5     0    63     407    (-,-) 
  g2439/z                (u)     in_1->z R     unmapped_nand2         1  0.5     0    52     459    (-,-) 
  g2432/z                (u)     in_1->z F     unmapped_nand2         3  1.5     0    63     522    (-,-) 
  g2397/z                (u)     in_1->z R     unmapped_nand2         1  0.5     0    52     574    (-,-) 
  g2384/z                (u)     in_1->z F     unmapped_nand2         3  1.5     0    63     638    (-,-) 
  g2354/z                (u)     in_0->z F     unmapped_or2           1  0.5     0    52     690    (-,-) 
  g2355/z                (u)     in_1->z R     unmapped_nand2         1  0.5     0    52     742    (-,-) 
  prod_reg_reg[7][7]/d   -       -       R     unmapped_d_flop        1    -     -     0     742    (-,-) 
#---------------------------------------------------------------------------------------------------------

(u) : Net has unmapped pin(s).



Path 43: MET (789 ps) Setup Check with Pin prod_reg_reg[6][8]/clk->d
          Group: clock
     Startpoint: (R) prod_reg_reg[5][2]/clk
          Clock: (R) clock
       Endpoint: (R) prod_reg_reg[6][8]/d
          Clock: (R) clock

                     Capture       Launch     
        Clock Edge:+    1600            0     
       Src Latency:+       0            0     
       Net Latency:+       0 (I)        0 (I) 
           Arrival:=    1600            0     
                                              
             Setup:-      69                  
     Required Time:=    1531                  
      Launch Clock:-       0                  
         Data Path:-     742                  
             Slack:=     789                  

#---------------------------------------------------------------------------------------------------------
#     Timing Point       Flags    Arc    Edge       Cell         Fanout Load Trans Delay Arrival Instance 
#                                                                       (fF)  (ps)  (ps)   (ps)  Location 
#---------------------------------------------------------------------------------------------------------
  prod_reg_reg[5][2]/clk -       -       R     (arrival)            149    -     0     0       0    (-,-) 
  prod_reg_reg[5][2]/q   (u)     clk->q  R     unmapped_d_flop        7  3.5     0   224     224    (-,-) 
  g2564/z                (u)     in_0->z F     unmapped_complex2      4  2.0     0    68     292    (-,-) 
  g2524/z                (u)     in_0->z R     unmapped_nand2         1  0.5     0    52     344    (-,-) 
  g2481/z                (u)     in_1->z F     unmapped_nand2         3  1.5     0    63     407    (-,-) 
  g2448/z                (u)     in_1->z R     unmapped_nand2         1  0.5     0    52     459    (-,-) 
  g2419/z                (u)     in_1->z F     unmapped_nand2         3  1.5     0    63     522    (-,-) 
  g2408/z                (u)     in_1->z R     unmapped_nand2         1  0.5     0    52     574    (-,-) 
  g2381/z                (u)     in_1->z F     unmapped_nand2         3  1.5     0    63     638    (-,-) 
  g2366/z                (u)     in_0->z F     unmapped_or2           1  0.5     0    52     690    (-,-) 
  g2367/z                (u)     in_1->z R     unmapped_nand2         1  0.5     0    52     742    (-,-) 
  prod_reg_reg[6][8]/d   -       -       R     unmapped_d_flop        1    -     -     0     742    (-,-) 
#---------------------------------------------------------------------------------------------------------

(u) : Net has unmapped pin(s).



Path 44: MET (793 ps) Setup Check with Pin prod_reg_reg[5][8]/clk->d
          Group: clock
     Startpoint: (R) prod_reg_reg[4][3]/clk
          Clock: (R) clock
       Endpoint: (R) prod_reg_reg[5][8]/d
          Clock: (R) clock

                     Capture       Launch     
        Clock Edge:+    1600            0     
       Src Latency:+       0            0     
       Net Latency:+       0 (I)        0 (I) 
           Arrival:=    1600            0     
                                              
             Setup:-      69                  
     Required Time:=    1531                  
      Launch Clock:-       0                  
         Data Path:-     738                  
             Slack:=     793                  

#---------------------------------------------------------------------------------------------------------
#     Timing Point       Flags    Arc    Edge       Cell         Fanout Load Trans Delay Arrival Instance 
#                                                                       (fF)  (ps)  (ps)   (ps)  Location 
#---------------------------------------------------------------------------------------------------------
  prod_reg_reg[4][3]/clk -       -       R     (arrival)            149    -     0     0       0    (-,-) 
  prod_reg_reg[4][3]/q   (u)     clk->q  F     unmapped_d_flop        6  3.0     0   220     220    (-,-) 
  g414/z                 (u)     in_1->z R     unmapped_nand2         4  2.0     0    68     288    (-,-) 
  g2491/z                (u)     in_0->z F     unmapped_nand2         1  0.5     0    52     340    (-,-) 
  g2476/z                (u)     in_1->z R     unmapped_nand2         3  1.5     0    63     403    (-,-) 
  g2433/z                (u)     in_1->z R     unmapped_complex2      1  0.5     0    52     455    (-,-) 
  g2420/z                (u)     in_1->z F     unmapped_nand2         3  1.5     0    63     518    (-,-) 
  g2404/z                (u)     in_1->z R     unmapped_nand2         1  0.5     0    52     570    (-,-) 
  g2379/z                (u)     in_1->z F     unmapped_nand2         3  1.5     0    63     634    (-,-) 
  g2358/z                (u)     in_0->z F     unmapped_or2           1  0.5     0    52     686    (-,-) 
  g2359/z                (u)     in_1->z R     unmapped_nand2         1  0.5     0    52     738    (-,-) 
  prod_reg_reg[5][8]/d   -       -       R     unmapped_d_flop        1    -     -     0     738    (-,-) 
#---------------------------------------------------------------------------------------------------------

(u) : Net has unmapped pin(s).



Path 45: MET (793 ps) Setup Check with Pin prod_reg_reg[1][8]/clk->d
          Group: clock
     Startpoint: (R) prod_reg_reg[0][0]/clk
          Clock: (R) clock
       Endpoint: (R) prod_reg_reg[1][8]/d
          Clock: (R) clock

                     Capture       Launch     
        Clock Edge:+    1600            0     
       Src Latency:+       0            0     
       Net Latency:+       0 (I)        0 (I) 
           Arrival:=    1600            0     
                                              
             Setup:-      69                  
     Required Time:=    1531                  
      Launch Clock:-       0                  
         Data Path:-     738                  
             Slack:=     793                  

#---------------------------------------------------------------------------------------------------------
#     Timing Point       Flags    Arc    Edge       Cell         Fanout Load Trans Delay Arrival Instance 
#                                                                       (fF)  (ps)  (ps)   (ps)  Location 
#---------------------------------------------------------------------------------------------------------
  prod_reg_reg[0][0]/clk -       -       R     (arrival)            149    -     0     0       0    (-,-) 
  prod_reg_reg[0][0]/q   (u)     clk->q  R     unmapped_d_flop        6  3.0     0   220     220    (-,-) 
  g2556/z                (u)     in_0->z F     unmapped_complex2      4  2.0     0    68     288    (-,-) 
  g2494/z                (u)     in_0->z R     unmapped_nand2         1  0.5     0    52     340    (-,-) 
  g2487/z                (u)     in_1->z F     unmapped_nand2         3  1.5     0    63     403    (-,-) 
  g2437/z                (u)     in_1->z R     unmapped_nand2         1  0.5     0    52     455    (-,-) 
  g2422/z                (u)     in_1->z F     unmapped_nand2         3  1.5     0    63     518    (-,-) 
  g2418/z                (u)     in_1->z R     unmapped_nand2         1  0.5     0    52     570    (-,-) 
  g2380/z                (u)     in_1->z F     unmapped_nand2         3  1.5     0    63     634    (-,-) 
  g2370/z                (u)     in_0->z F     unmapped_or2           1  0.5     0    52     686    (-,-) 
  g2371/z                (u)     in_1->z R     unmapped_nand2         1  0.5     0    52     738    (-,-) 
  prod_reg_reg[1][8]/d   -       -       R     unmapped_d_flop        1    -     -     0     738    (-,-) 
#---------------------------------------------------------------------------------------------------------

(u) : Net has unmapped pin(s).



Path 46: MET (797 ps) Setup Check with Pin prod_reg_reg[0][7]/clk->d
          Group: clock
     Startpoint: (R) data_in_reg_reg[3]/clk
          Clock: (R) clock
       Endpoint: (R) prod_reg_reg[0][7]/d
          Clock: (R) clock

                     Capture       Launch     
        Clock Edge:+    1600            0     
       Src Latency:+       0            0     
       Net Latency:+       0 (I)        0 (I) 
           Arrival:=    1600            0     
                                              
             Setup:-      69                  
     Required Time:=    1531                  
      Launch Clock:-       0                  
         Data Path:-     734                  
             Slack:=     797                  

#---------------------------------------------------------------------------------------------------------
#     Timing Point       Flags    Arc    Edge       Cell         Fanout Load Trans Delay Arrival Instance 
#                                                                       (fF)  (ps)  (ps)   (ps)  Location 
#---------------------------------------------------------------------------------------------------------
  data_in_reg_reg[3]/clk -       -       R     (arrival)            149    -     0     0       0    (-,-) 
  data_in_reg_reg[3]/q   (u)     clk->q  F     unmapped_d_flop        5  2.5     0   216     216    (-,-) 
  g2584/z                (u)     in_1->z F     unmapped_complex2      4  2.0     0    68     284    (-,-) 
  g2514/z                (u)     in_0->z R     unmapped_nand2         1  0.5     0    52     336    (-,-) 
  g2459/z                (u)     in_1->z F     unmapped_nand2         3  1.5     0    63     399    (-,-) 
  g2441/z                (u)     in_1->z R     unmapped_nand2         1  0.5     0    52     451    (-,-) 
  g2423/z                (u)     in_1->z F     unmapped_nand2         3  1.5     0    63     514    (-,-) 
  g2416/z                (u)     in_1->z R     unmapped_nand2         1  0.5     0    52     566    (-,-) 
  g2392/z                (u)     in_1->z F     unmapped_nand2         3  1.5     0    63     629    (-,-) 
  g2377/z                (u)     in_0->z F     unmapped_or2           1  0.5     0    52     682    (-,-) 
  g2378/z                (u)     in_1->z R     unmapped_nand2         1  0.5     0    52     734    (-,-) 
  prod_reg_reg[0][7]/d   -       -       R     unmapped_d_flop        1    -     -     0     734    (-,-) 
#---------------------------------------------------------------------------------------------------------

(u) : Net has unmapped pin(s).



Path 47: MET (836 ps) Setup Check with Pin prod_reg_reg[3][8]/clk->d
          Group: clock
     Startpoint: (R) prod_reg_reg[2][2]/clk
          Clock: (R) clock
       Endpoint: (R) prod_reg_reg[3][8]/d
          Clock: (R) clock

                     Capture       Launch     
        Clock Edge:+    1600            0     
       Src Latency:+       0            0     
       Net Latency:+       0 (I)        0 (I) 
           Arrival:=    1600            0     
                                              
             Setup:-      69                  
     Required Time:=    1531                  
      Launch Clock:-       0                  
         Data Path:-     695                  
             Slack:=     836                  

#---------------------------------------------------------------------------------------------------------
#     Timing Point       Flags    Arc    Edge       Cell         Fanout Load Trans Delay Arrival Instance 
#                                                                       (fF)  (ps)  (ps)   (ps)  Location 
#---------------------------------------------------------------------------------------------------------
  prod_reg_reg[2][2]/clk -       -       R     (arrival)            149    -     0     0       0    (-,-) 
  prod_reg_reg[2][2]/q   (u)     clk->q  R     unmapped_d_flop       10  5.0     0   234     234    (-,-) 
  g658/z                 (u)     in_0->z R     unmapped_or2           3  1.5     0    63     297    (-,-) 
  g812/z                 (u)     in_1->z R     unmapped_or2           3  1.5     0    63     360    (-,-) 
  g2482/z                (u)     in_0->z R     unmapped_complex2      1  0.5     0    52     412    (-,-) 
  g2438/z                (u)     in_1->z F     unmapped_nand2         3  1.5     0    63     475    (-,-) 
  g2427/z                (u)     in_1->z R     unmapped_nand2         1  0.5     0    52     527    (-,-) 
  g2417/z                (u)     in_1->z F     unmapped_nand2         3  1.5     0    63     590    (-,-) 
  g2390/z                (u)     in_0->z F     unmapped_or2           1  0.5     0    52     643    (-,-) 
  g2391/z                (u)     in_1->z R     unmapped_nand2         1  0.5     0    52     695    (-,-) 
  prod_reg_reg[3][8]/d   -       -       R     unmapped_d_flop        1    -     -     0     695    (-,-) 
#---------------------------------------------------------------------------------------------------------

(u) : Net has unmapped pin(s).



Path 48: MET (839 ps) Setup Check with Pin prod_reg_reg[4][8]/clk->d
          Group: clock
     Startpoint: (R) prod_reg_reg[3][3]/clk
          Clock: (R) clock
       Endpoint: (R) prod_reg_reg[4][8]/d
          Clock: (R) clock

                     Capture       Launch     
        Clock Edge:+    1600            0     
       Src Latency:+       0            0     
       Net Latency:+       0 (I)        0 (I) 
           Arrival:=    1600            0     
                                              
             Setup:-      69                  
     Required Time:=    1531                  
      Launch Clock:-       0                  
         Data Path:-     692                  
             Slack:=     839                  

#---------------------------------------------------------------------------------------------------------
#     Timing Point       Flags    Arc    Edge       Cell         Fanout Load Trans Delay Arrival Instance 
#                                                                       (fF)  (ps)  (ps)   (ps)  Location 
#---------------------------------------------------------------------------------------------------------
  prod_reg_reg[3][3]/clk -       -       R     (arrival)            149    -     0     0       0    (-,-) 
  prod_reg_reg[3][3]/q   (u)     clk->q  R     unmapped_d_flop        9  4.5     0   231     231    (-,-) 
  g725/z                 (u)     in_0->z R     unmapped_or2           3  1.5     0    63     294    (-,-) 
  g820/z                 (u)     in_1->z R     unmapped_or2           3  1.5     0    63     357    (-,-) 
  g2477/z                (u)     in_0->z R     unmapped_complex2      1  0.5     0    52     409    (-,-) 
  g2440/z                (u)     in_1->z F     unmapped_nand2         3  1.5     0    63     472    (-,-) 
  g2428/z                (u)     in_1->z R     unmapped_nand2         1  0.5     0    52     524    (-,-) 
  g2409/z                (u)     in_1->z F     unmapped_nand2         3  1.5     0    63     588    (-,-) 
  g2387/z                (u)     in_0->z F     unmapped_or2           1  0.5     0    52     640    (-,-) 
  g2388/z                (u)     in_1->z R     unmapped_nand2         1  0.5     0    52     692    (-,-) 
  prod_reg_reg[4][8]/d   -       -       R     unmapped_d_flop        1    -     -     0     692    (-,-) 
#---------------------------------------------------------------------------------------------------------

(u) : Net has unmapped pin(s).



Path 49: MET (866 ps) Setup Check with Pin data_out_reg_reg[1]/clk->d
          Group: clock
     Startpoint: (R) prod_reg_reg[1][1]/clk
          Clock: (R) clock
       Endpoint: (R) data_out_reg_reg[1]/d
          Clock: (R) clock

                     Capture       Launch     
        Clock Edge:+    1600            0     
       Src Latency:+       0            0     
       Net Latency:+       0 (I)        0 (I) 
           Arrival:=    1600            0     
                                              
             Setup:-      69                  
     Required Time:=    1531                  
      Launch Clock:-       0                  
         Data Path:-     665                  
             Slack:=     866                  

#-----------------------------------------------------------------------------------------------------------------------
#            Timing Point              Flags    Arc    Edge       Cell         Fanout Load Trans Delay Arrival Instance 
#                                                                                     (fF)  (ps)  (ps)   (ps)  Location 
#-----------------------------------------------------------------------------------------------------------------------
  prod_reg_reg[1][1]/clk               -       -       R     (arrival)            149    -     0     0       0    (-,-) 
  prod_reg_reg[1][1]/q                 (u)     clk->q  F     unmapped_d_flop        7  3.5     0   224     224    (-,-) 
  csa_tree_ADD_TC_OP_12_groupi/g2455/z (u)     in_0->z F     unmapped_complex2      1  0.5     0    52     276    (-,-) 
  csa_tree_ADD_TC_OP_12_groupi/g2456/z (u)     in_1->z R     unmapped_nand2         2  1.0     0    58     335    (-,-) 
  csa_tree_ADD_TC_OP_12_groupi/g2327/z (u)     in_0->z R     unmapped_complex2      1  0.5     0    52     387    (-,-) 
  csa_tree_ADD_TC_OP_12_groupi/g2328/z (u)     in_1->z F     unmapped_nand2         3  1.5     0    63     450    (-,-) 
  csa_tree_ADD_TC_OP_12_groupi/g2240/z (u)     in_0->z F     unmapped_or2           1  0.5     0    52     502    (-,-) 
  csa_tree_ADD_TC_OP_12_groupi/g2241/z (u)     in_1->z R     unmapped_nand2         2  1.0     0    58     560    (-,-) 
  csa_tree_ADD_TC_OP_12_groupi/g2168/z (u)     in_1->z F     unmapped_complex2      1  0.5     0    52     612    (-,-) 
  csa_tree_ADD_TC_OP_12_groupi/g2169/z (u)     in_1->z R     unmapped_nand2         1  0.5     0    52     665    (-,-) 
  data_out_reg_reg[1]/d                -       -       R     unmapped_d_flop        1    -     -     0     665    (-,-) 
#-----------------------------------------------------------------------------------------------------------------------

(u) : Net has unmapped pin(s).



Path 50: MET (897 ps) Setup Check with Pin prod_reg_reg[2][7]/clk->d
          Group: clock
     Startpoint: (R) prod_reg_reg[1][3]/clk
          Clock: (R) clock
       Endpoint: (R) prod_reg_reg[2][7]/d
          Clock: (R) clock

                     Capture       Launch     
        Clock Edge:+    1600            0     
       Src Latency:+       0            0     
       Net Latency:+       0 (I)        0 (I) 
           Arrival:=    1600            0     
                                              
             Setup:-      69                  
     Required Time:=    1531                  
      Launch Clock:-       0                  
         Data Path:-     634                  
             Slack:=     897                  

#---------------------------------------------------------------------------------------------------------
#     Timing Point       Flags    Arc    Edge       Cell         Fanout Load Trans Delay Arrival Instance 
#                                                                       (fF)  (ps)  (ps)   (ps)  Location 
#---------------------------------------------------------------------------------------------------------
  prod_reg_reg[1][3]/clk -       -       R     (arrival)            149    -     0     0       0    (-,-) 
  prod_reg_reg[1][3]/q   (u)     clk->q  F     unmapped_d_flop        9  4.5     0   231     231    (-,-) 
  g12/z                  (u)     in_0->z R     unmapped_nand2         4  2.0     0    68     299    (-,-) 
  g2551/z                (u)     in_0->z F     unmapped_nand2         1  0.5     0    52     351    (-,-) 
  g2486/z                (u)     in_1->z R     unmapped_nand2         3  1.5     0    63     414    (-,-) 
  g2455/z                (u)     in_1->z R     unmapped_complex2      1  0.5     0    52     466    (-,-) 
  g2421/z                (u)     in_1->z F     unmapped_nand2         3  1.5     0    63     529    (-,-) 
  g2411/z                (u)     in_0->z F     unmapped_or2           1  0.5     0    52     581    (-,-) 
  g2412/z                (u)     in_1->z R     unmapped_nand2         1  0.5     0    52     634    (-,-) 
  prod_reg_reg[2][7]/d   -       -       R     unmapped_d_flop        1    -     -     0     634    (-,-) 
#---------------------------------------------------------------------------------------------------------

(u) : Net has unmapped pin(s).

