============================================================
  Generated by:           Genus(TM) Synthesis Solution 23.10-p004_1
  Generated on:           Oct 08 2026  09:41:17 pm
  Module:                 fir_serial_pipe
  Operating conditions:   PVT_0P9V_125C 
  Interconnect mode:      global
  Area mode:              physical library
============================================================


Path 1: MET (46 ps) Setup Check with Pin prod_reg_reg[1][11]/CK->D
          Group: clock
     Startpoint: (R) shift_reg_reg[0][3]/CK
          Clock: (R) clock
       Endpoint: (R) prod_reg_reg[1][11]/D
          Clock: (R) clock

                     Capture       Launch     
        Clock Edge:+    1600            0     
       Src Latency:+       0            0     
       Net Latency:+       0 (I)        0 (I) 
           Arrival:=    1600            0     
                                              
             Setup:-     115                  
     Required Time:=    1485                  
      Launch Clock:-       0                  
         Data Path:-    1439                  
             Slack:=      46                  

#-------------------------------------------------------------------------------------------------
#     Timing Point       Flags    Arc   Edge    Cell     Fanout Load Trans Delay Arrival Instance 
#                                                               (fF)  (ps)  (ps)   (ps)  Location 
#-------------------------------------------------------------------------------------------------
  shift_reg_reg[0][3]/CK -       -      R     (arrival)     149    -     0     0       0    (-,-) 
  shift_reg_reg[0][3]/Q  -       CK->Q  F     DFFHQX1LVT      2  5.0    87   165     165    (-,-) 
  g5444/Y                -       A->Y   R     INVX1           3  7.5   175   143     308    (-,-) 
  g5431__5122/Y          -       A->Y   F     NAND2X1LVT      2  5.4   206   201     509    (-,-) 
  g5363__2883/CO         -       CI->CO F     ADDFX1LVT       1  3.5    74   200     709    (-,-) 
  g5346__7098/CO         -       CI->CO F     ADDFX1LVT       1  3.5    73   150     859    (-,-) 
  g5330__5526/CO         -       CI->CO F     ADDFX1LVT       1  3.5    74   150    1009    (-,-) 
  g5314__7410/CO         -       CI->CO F     ADDFX1LVT       1  3.5    73   150    1159    (-,-) 
  g5297__7482/CO         -       CI->CO F     ADDFX1LVT       2  5.2   100   165    1324    (-,-) 
  g5289__6131/Y          -       A1->Y  R     AOI21X1LVT      1  3.1   130   115    1439    (-,-) 
  prod_reg_reg[1][11]/D  -       -      R     DFFQX1LVT       1    -     -     0    1439    (-,-) 
#-------------------------------------------------------------------------------------------------



Path 2: MET (54 ps) Setup Check with Pin prod_reg_reg[4][12]/CK->D
          Group: clock
     Startpoint: (R) shift_reg_reg[3][2]/CK
          Clock: (R) clock
       Endpoint: (R) prod_reg_reg[4][12]/D
          Clock: (R) clock

                     Capture       Launch     
        Clock Edge:+    1600            0     
       Src Latency:+       0            0     
       Net Latency:+       0 (I)        0 (I) 
           Arrival:=    1600            0     
                                              
             Setup:-      88                  
     Required Time:=    1512                  
      Launch Clock:-       0                  
         Data Path:-    1457                  
             Slack:=      54                  

#---------------------------------------------------------------------------------------------------
#     Timing Point       Flags    Arc   Edge     Cell      Fanout Load Trans Delay Arrival Instance 
#                                                                 (fF)  (ps)  (ps)   (ps)  Location 
#---------------------------------------------------------------------------------------------------
  shift_reg_reg[3][2]/CK -       -      R     (arrival)       149    -     0     0       0    (-,-) 
  shift_reg_reg[3][2]/Q  -       CK->Q  F     DFFQX1LVT         3  7.3   124   182     182    (-,-) 
  g5434/Y                -       A->Y   R     INVX1LVT          1  3.4    70    90     272    (-,-) 
  g5380__5477/CO         -       A->CO  R     ADDHX1LVT         2  5.1    82   137     409    (-,-) 
  g5360__9315/Y          -       A1N->Y R     AOI2BB1X1LVT      1  3.5   125   125     534    (-,-) 
  g5340__8246/CO         -       CI->CO R     ADDFX1LVT         1  3.5    68   179     713    (-,-) 
  g5324__8428/CO         -       CI->CO R     ADDFX1LVT         1  3.5    67   155     868    (-,-) 
  g5308__1666/CO         -       CI->CO R     ADDFX1LVT         1  3.5    67   155    1024    (-,-) 
  g5291__5115/CO         -       CI->CO R     ADDFX1LVT         1  3.5    67   155    1179    (-,-) 
  g5270__3680/CO         -       CI->CO R     ADDFX1LVT         1  3.4    66   154    1333    (-,-) 
  g5265__8428/Y          -       B->Y   R     CLKXOR2X1LVT      1  3.1    56   124    1457    (-,-) 
  prod_reg_reg[4][12]/D  -       -      R     DFFQX2LVT         1    -     -     0    1457    (-,-) 
#---------------------------------------------------------------------------------------------------



Path 3: MET (58 ps) Setup Check with Pin prod_reg_reg[3][12]/CK->D
          Group: clock
     Startpoint: (R) shift_reg_reg[2][2]/CK
          Clock: (R) clock
       Endpoint: (R) prod_reg_reg[3][12]/D
          Clock: (R) clock

                     Capture       Launch     
        Clock Edge:+    1600            0     
       Src Latency:+       0            0     
       Net Latency:+       0 (I)        0 (I) 
           Arrival:=    1600            0     
                                              
             Setup:-      83                  
     Required Time:=    1517                  
      Launch Clock:-       0                  
         Data Path:-    1459                  
             Slack:=      58                  

#---------------------------------------------------------------------------------------------------
#     Timing Point       Flags    Arc   Edge     Cell      Fanout Load Trans Delay Arrival Instance 
#                                                                 (fF)  (ps)  (ps)   (ps)  Location 
#---------------------------------------------------------------------------------------------------
  shift_reg_reg[2][2]/CK -       -      R     (arrival)       149    -     0     0       0    (-,-) 
  shift_reg_reg[2][2]/Q  -       CK->Q  F     DFFHQX1LVT        3  7.2   122   184     184    (-,-) 
  g5454/Y                -       A->Y   R     INVX1LVT          1  3.4    70    89     273    (-,-) 
  g5390__6260/CO         -       A->CO  R     ADDHX1LVT         2  5.1    82   137     410    (-,-) 
  g5372__1666/Y          -       A1N->Y R     AOI2BB1X1LVT      1  3.5   125   125     535    (-,-) 
  g5347__6131/CO         -       CI->CO R     ADDFX1LVT         1  3.5    68   179     714    (-,-) 
  g5331__6783/CO         -       CI->CO R     ADDFX1LVT         1  3.5    67   155     870    (-,-) 
  g5316__5477/CO         -       CI->CO R     ADDFX1LVT         1  3.5    67   155    1025    (-,-) 
  g5300__9315/CO         -       CI->CO R     ADDFX1LVT         1  3.5    67   155    1180    (-,-) 
  g5277__2802/CO         -       CI->CO R     ADDFX1LVT         1  3.4    66   154    1335    (-,-) 
  g5269__6783/Y          -       B->Y   R     CLKXOR2X1LVT      1  3.2    57   125    1459    (-,-) 
  prod_reg_reg[3][12]/D  -       -      R     DFFHQX1LVT        1    -     -     0    1459    (-,-) 
#---------------------------------------------------------------------------------------------------



Path 4: MET (63 ps) Setup Check with Pin prod_reg_reg[1][10]/CK->D
          Group: clock
     Startpoint: (R) shift_reg_reg[0][3]/CK
          Clock: (R) clock
       Endpoint: (R) prod_reg_reg[1][10]/D
          Clock: (R) clock

                     Capture       Launch     
        Clock Edge:+    1600            0     
       Src Latency:+       0            0     
       Net Latency:+       0 (I)        0 (I) 
           Arrival:=    1600            0     
                                              
             Setup:-      88                  
     Required Time:=    1512                  
      Launch Clock:-       0                  
         Data Path:-    1449                  
             Slack:=      63                  

#---------------------------------------------------------------------------------------------------
#     Timing Point       Flags    Arc   Edge     Cell      Fanout Load Trans Delay Arrival Instance 
#                                                                 (fF)  (ps)  (ps)   (ps)  Location 
#---------------------------------------------------------------------------------------------------
  shift_reg_reg[0][3]/CK -       -      R     (arrival)       149    -     0     0       0    (-,-) 
  shift_reg_reg[0][3]/Q  -       CK->Q  F     DFFHQX1LVT        2  5.0    87   165     165    (-,-) 
  g5444/Y                -       A->Y   R     INVX1             3  7.5   175   143     308    (-,-) 
  g5431__5122/Y          -       A->Y   F     NAND2X1LVT        2  5.4   206   201     509    (-,-) 
  g5363__2883/CO         -       CI->CO F     ADDFX1LVT         1  3.5    74   200     709    (-,-) 
  g5346__7098/CO         -       CI->CO F     ADDFX1LVT         1  3.5    73   150     859    (-,-) 
  g5330__5526/CO         -       CI->CO F     ADDFX1LVT         1  3.5    74   150    1009    (-,-) 
  g5314__7410/CO         -       CI->CO F     ADDFX1LVT         1  3.5    73   150    1159    (-,-) 
  g5297__7482/CO         -       CI->CO F     ADDFX1LVT         2  5.2   100   165    1324    (-,-) 
  g5290__1881/Y          -       B->Y   R     CLKXOR2X1LVT      1  3.1    56   125    1449    (-,-) 
  prod_reg_reg[1][10]/D  -       -      R     DFFQX2LVT         1    -     -     0    1449    (-,-) 
#---------------------------------------------------------------------------------------------------



Path 5: MET (64 ps) Setup Check with Pin prod_reg_reg[6][10]/CK->D
          Group: clock
     Startpoint: (R) shift_reg_reg[5][3]/CK
          Clock: (R) clock
       Endpoint: (R) prod_reg_reg[6][10]/D
          Clock: (R) clock

                     Capture       Launch     
        Clock Edge:+    1600            0     
       Src Latency:+       0            0     
       Net Latency:+       0 (I)        0 (I) 
           Arrival:=    1600            0     
                                              
             Setup:-      90                  
     Required Time:=    1510                  
      Launch Clock:-       0                  
         Data Path:-    1446                  
             Slack:=      64                  

#-------------------------------------------------------------------------------------------------
#     Timing Point       Flags    Arc   Edge    Cell     Fanout Load Trans Delay Arrival Instance 
#                                                               (fF)  (ps)  (ps)   (ps)  Location 
#-------------------------------------------------------------------------------------------------
  shift_reg_reg[5][3]/CK -       -      R     (arrival)     149    -     0     0       0    (-,-) 
  shift_reg_reg[5][3]/Q  -       CK->Q  F     DFFHQX1LVT      2  5.4    93   168     168    (-,-) 
  g5376/Y                -       A->Y   R     INVX2LVT        3  8.0    76    77     245    (-,-) 
  g5374__7410/Y          -       A->Y   F     NAND2X2LVT      2  5.4   111   103     348    (-,-) 
  g5337__1705/CO         -       CI->CO F     ADDFX1LVT       1  3.5    73   164     513    (-,-) 
  g5321__6260/CO         -       CI->CO F     ADDFX1LVT       1  3.5    73   150     663    (-,-) 
  g5305__2883/CO         -       CI->CO F     ADDFX1LVT       1  3.5    73   150     812    (-,-) 
  g5286__8246/CO         -       CI->CO F     ADDFX1LVT       1  3.5    73   150     962    (-,-) 
  g5267__5526/CO         -       CI->CO F     ADDFX1LVT       1  3.3    70   148    1110    (-,-) 
  g5266/Y                -       A->Y   R     INVX1LVT        1  3.5    64    66    1176    (-,-) 
  g5255__5107/S          -       CI->S  F     ADDFX1LVT       1  3.3    70   207    1383    (-,-) 
  g5254/Y                -       A->Y   R     INVX1LVT        1  3.1    58    63    1446    (-,-) 
  prod_reg_reg[6][10]/D  -       -      R     DFFQX2LVT       1    -     -     0    1446    (-,-) 
#-------------------------------------------------------------------------------------------------



Path 6: MET (66 ps) Setup Check with Pin prod_reg_reg[0][9]/CK->D
          Group: clock
     Startpoint: (R) data_in_reg_reg[3]/CK
          Clock: (R) clock
       Endpoint: (R) prod_reg_reg[0][9]/D
          Clock: (R) clock

                     Capture       Launch     
        Clock Edge:+    1600            0     
       Src Latency:+       0            0     
       Net Latency:+       0 (I)        0 (I) 
           Arrival:=    1600            0     
                                              
             Setup:-      90                  
     Required Time:=    1510                  
      Launch Clock:-       0                  
         Data Path:-    1445                  
             Slack:=      66                  

#------------------------------------------------------------------------------------------------
#     Timing Point      Flags    Arc   Edge    Cell     Fanout Load Trans Delay Arrival Instance 
#                                                              (fF)  (ps)  (ps)   (ps)  Location 
#------------------------------------------------------------------------------------------------
  data_in_reg_reg[3]/CK -       -      R     (arrival)     149    -     0     0       0    (-,-) 
  data_in_reg_reg[3]/Q  -       CK->Q  F     DFFHQX1LVT      2  5.5    95   169     169    (-,-) 
  g5479/Y               -       A->Y   R     INVX2LVT        3  8.0    76    77     246    (-,-) 
  g5448__6131/Y         -       B->Y   F     NAND2X2LVT      2  5.4   115    99     346    (-,-) 
  g5379__6417/CO        -       CI->CO F     ADDFX1LVT       1  3.5    73   166     511    (-,-) 
  g5352__7482/CO        -       CI->CO F     ADDFX1LVT       1  3.5    73   150     661    (-,-) 
  g5338__5122/CO        -       CI->CO F     ADDFX1LVT       1  3.5    73   150     811    (-,-) 
  g5322__4319/CO        -       CI->CO F     ADDFX1LVT       1  3.5    73   150     961    (-,-) 
  g5306__2346/CO        -       CI->CO F     ADDFX1LVT       1  3.3    70   148    1109    (-,-) 
  g5304/Y               -       A->Y   R     INVX1LVT        1  3.5    64    66    1175    (-,-) 
  g5287__7098/S         -       CI->S  F     ADDFX1LVT       1  3.3    70   207    1382    (-,-) 
  g5285/Y               -       A->Y   R     INVX1LVT        1  3.1    58    63    1445    (-,-) 
  prod_reg_reg[0][9]/D  -       -      R     DFFQX2LVT       1    -     -     0    1445    (-,-) 
#------------------------------------------------------------------------------------------------



Path 7: MET (76 ps) Setup Check with Pin data_out_reg_reg[14]/CK->D
          Group: clock
     Startpoint: (R) prod_reg_reg[3][7]/CK
          Clock: (R) clock
       Endpoint: (R) data_out_reg_reg[14]/D
          Clock: (R) clock

                     Capture       Launch     
        Clock Edge:+    1600            0     
       Src Latency:+       0            0     
       Net Latency:+       0 (I)        0 (I) 
           Arrival:=    1600            0     
                                              
             Setup:-      83                  
     Required Time:=    1517                  
      Launch Clock:-       0                  
         Data Path:-    1442                  
             Slack:=      76                  

#------------------------------------------------------------------------------------------------------------------------------
#                   Timing Point                     Flags   Arc   Edge     Cell      Fanout Load Trans Delay Arrival Instance 
#                                                                                            (fF)  (ps)  (ps)   (ps)  Location 
#------------------------------------------------------------------------------------------------------------------------------
  prod_reg_reg[3][7]/CK                              -       -     R     (arrival)       149    -     0     0       0    (-,-) 
  prod_reg_reg[3][7]/Q                               -       CK->Q F     DFFQX4LVT         1  4.1    27   152     152    (-,-) 
  csa_tree_ADD_TC_OP_12_groupi_cdnfadd_007_0__6131/S -       B->S  R     ADDFHX1LVT        1  4.2    75   193     345    (-,-) 
  csa_tree_ADD_TC_OP_12_groupi_cdnfadd_007_3__7482/S -       B->S  F     ADDFHX1LVT        1  3.8    76   212     558    (-,-) 
  csa_tree_ADD_TC_OP_12_groupi_cdnfadd_007_4__4733/S -       CI->S R     ADDFHX1LVT        1  4.2    75   206     764    (-,-) 
  csa_tree_ADD_TC_OP_12_groupi_cdnfadd_007_5__6161/S -       B->S  F     ADDFHX2LVT        2  8.7    95   253    1017    (-,-) 
  csa_tree_ADD_TC_OP_12_groupi_g7026__3680/Y         -       B->Y  R     NOR2X8LVT         3 11.6    71    67    1084    (-,-) 
  csa_tree_ADD_TC_OP_12_groupi_g7017/Y               -       A->Y  F     CLKINVX6LVT       2  9.2    45    47    1130    (-,-) 
  csa_tree_ADD_TC_OP_12_groupi_g6979__2398/Y         -       B0->Y R     OAI21X4LVT        1  4.0    55    32    1163    (-,-) 
  csa_tree_ADD_TC_OP_12_groupi_g6963__7098/Y         -       B->Y  R     CLKAND2X6LVT      6 19.6    60    90    1253    (-,-) 
  csa_tree_ADD_TC_OP_12_groupi_g6955__5526/Y         -       A0->Y F     OAI21X4LVT        1  3.3    63    74    1327    (-,-) 
  csa_tree_ADD_TC_OP_12_groupi_g6944__2883/Y         -       B->Y  R     CLKXOR2X1LVT      1  3.2    57   115    1442    (-,-) 
  data_out_reg_reg[14]/D                             -       -     R     DFFHQX1LVT        1    -     -     0    1442    (-,-) 
#------------------------------------------------------------------------------------------------------------------------------



Path 8: MET (76 ps) Setup Check with Pin data_out_reg_reg[13]/CK->D
          Group: clock
     Startpoint: (R) prod_reg_reg[3][7]/CK
          Clock: (R) clock
       Endpoint: (R) data_out_reg_reg[13]/D
          Clock: (R) clock

                     Capture       Launch     
        Clock Edge:+    1600            0     
       Src Latency:+       0            0     
       Net Latency:+       0 (I)        0 (I) 
           Arrival:=    1600            0     
                                              
             Setup:-      83                  
     Required Time:=    1517                  
      Launch Clock:-       0                  
         Data Path:-    1442                  
             Slack:=      76                  

#------------------------------------------------------------------------------------------------------------------------------
#                   Timing Point                     Flags   Arc   Edge     Cell      Fanout Load Trans Delay Arrival Instance 
#                                                                                            (fF)  (ps)  (ps)   (ps)  Location 
#------------------------------------------------------------------------------------------------------------------------------
  prod_reg_reg[3][7]/CK                              -       -     R     (arrival)       149    -     0     0       0    (-,-) 
  prod_reg_reg[3][7]/Q                               -       CK->Q F     DFFQX4LVT         1  4.1    27   152     152    (-,-) 
  csa_tree_ADD_TC_OP_12_groupi_cdnfadd_007_0__6131/S -       B->S  R     ADDFHX1LVT        1  4.2    75   193     345    (-,-) 
  csa_tree_ADD_TC_OP_12_groupi_cdnfadd_007_3__7482/S -       B->S  F     ADDFHX1LVT        1  3.8    76   212     558    (-,-) 
  csa_tree_ADD_TC_OP_12_groupi_cdnfadd_007_4__4733/S -       CI->S R     ADDFHX1LVT        1  4.2    75   206     764    (-,-) 
  csa_tree_ADD_TC_OP_12_groupi_cdnfadd_007_5__6161/S -       B->S  F     ADDFHX2LVT        2  8.7    95   253    1017    (-,-) 
  csa_tree_ADD_TC_OP_12_groupi_g7026__3680/Y         -       B->Y  R     NOR2X8LVT         3 11.6    71    67    1084    (-,-) 
  csa_tree_ADD_TC_OP_12_groupi_g7017/Y               -       A->Y  F     CLKINVX6LVT       2  9.2    45    47    1130    (-,-) 
  csa_tree_ADD_TC_OP_12_groupi_g6979__2398/Y         -       B0->Y R     OAI21X4LVT        1  4.0    55    32    1163    (-,-) 
  csa_tree_ADD_TC_OP_12_groupi_g6963__7098/Y         -       B->Y  R     CLKAND2X6LVT      6 19.6    60    90    1253    (-,-) 
  csa_tree_ADD_TC_OP_12_groupi_g6953__4319/Y         -       A0->Y F     OAI21X4LVT        1  3.3    63    74    1327    (-,-) 
  csa_tree_ADD_TC_OP_12_groupi_g6949__5477/Y         -       B->Y  R     CLKXOR2X1LVT      1  3.2    57   115    1442    (-,-) 
  data_out_reg_reg[13]/D                             -       -     R     DFFHQX1LVT        1    -     -     0    1442    (-,-) 
#------------------------------------------------------------------------------------------------------------------------------



Path 9: MET (76 ps) Setup Check with Pin prod_reg_reg[7][9]/CK->D
          Group: clock
     Startpoint: (R) shift_reg_reg[6][3]/CK
          Clock: (R) clock
       Endpoint: (R) prod_reg_reg[7][9]/D
          Clock: (R) clock

                     Capture       Launch     
        Clock Edge:+    1600            0     
       Src Latency:+       0            0     
       Net Latency:+       0 (I)        0 (I) 
           Arrival:=    1600            0     
                                              
             Setup:-      90                  
     Required Time:=    1510                  
      Launch Clock:-       0                  
         Data Path:-    1434                  
             Slack:=      76                  

#-------------------------------------------------------------------------------------------------
#     Timing Point       Flags    Arc   Edge    Cell     Fanout Load Trans Delay Arrival Instance 
#                                                               (fF)  (ps)  (ps)   (ps)  Location 
#-------------------------------------------------------------------------------------------------
  shift_reg_reg[6][3]/CK -       -      R     (arrival)     149    -     0     0       0    (-,-) 
  shift_reg_reg[6][3]/QN -       CK->QN R     DFFRX1LVT       3  8.0   121   214     214    (-,-) 
  g5361__9945/Y          -       A->Y   F     NAND2X2LVT      2  5.4   115   122     335    (-,-) 
  g5332__3680/CO         -       CI->CO F     ADDFX1LVT       1  3.5    73   166     501    (-,-) 
  g5315__6417/CO         -       CI->CO F     ADDFX1LVT       1  3.5    73   150     651    (-,-) 
  g5299__6161/CO         -       CI->CO F     ADDFX1LVT       1  3.5    73   150     801    (-,-) 
  g5278__1705/CO         -       CI->CO F     ADDFX1LVT       1  3.5    73   150     951    (-,-) 
  g5262__4319/CO         -       CI->CO F     ADDFX1LVT       1  3.3    70   148    1099    (-,-) 
  g5260/Y                -       A->Y   R     INVX1LVT        1  3.5    64    66    1164    (-,-) 
  g5251__2398/S          -       CI->S  F     ADDFX1LVT       1  3.3    70   207    1372    (-,-) 
  g5250/Y                -       A->Y   R     INVX1LVT        1  3.1    58    63    1434    (-,-) 
  prod_reg_reg[7][9]/D   -       -      R     DFFQX2LVT       1    -     -     0    1434    (-,-) 
#-------------------------------------------------------------------------------------------------



Path 10: MET (77 ps) Setup Check with Pin data_out_reg_reg[11]/CK->D
          Group: clock
     Startpoint: (R) prod_reg_reg[3][7]/CK
          Clock: (R) clock
       Endpoint: (R) data_out_reg_reg[11]/D
          Clock: (R) clock

                     Capture       Launch     
        Clock Edge:+    1600            0     
       Src Latency:+       0            0     
       Net Latency:+       0 (I)        0 (I) 
           Arrival:=    1600            0     
                                              
             Setup:-      83                  
     Required Time:=    1517                  
      Launch Clock:-       0                  
         Data Path:-    1440                  
             Slack:=      77                  

#-------------------------------------------------------------------------------------------------------------------------------
#                    Timing Point                     Flags   Arc   Edge     Cell      Fanout Load Trans Delay Arrival Instance 
#                                                                                             (fF)  (ps)  (ps)   (ps)  Location 
#-------------------------------------------------------------------------------------------------------------------------------
  prod_reg_reg[3][7]/CK                               -       -     R     (arrival)       149    -     0     0       0    (-,-) 
  prod_reg_reg[3][7]/Q                                -       CK->Q F     DFFQX4LVT         1  4.1    27   152     152    (-,-) 
  csa_tree_ADD_TC_OP_12_groupi_cdnfadd_007_0__6131/CO -       B->CO F     ADDFHX1LVT        1  3.5    71   127     279    (-,-) 
  csa_tree_ADD_TC_OP_12_groupi_cdnfadd_008_2__2883/S  -       CI->S R     ADDFX1LVT         1  4.3    80   226     506    (-,-) 
  csa_tree_ADD_TC_OP_12_groupi_cdnfadd_008_4__1666/S  -       A->S  F     ADDFHX1LVT        1  4.1    80   220     725    (-,-) 
  csa_tree_ADD_TC_OP_12_groupi_cdnfadd_008_5__7410/S  -       B->S  R     ADDFHX2LVT        2  8.2    86   248     974    (-,-) 
  csa_tree_ADD_TC_OP_12_groupi_g7041__6131/Y          -       B->Y  F     NOR2X6LVT         3 10.2    55    55    1029    (-,-) 
  csa_tree_ADD_TC_OP_12_groupi_g7013__2398/Y          -       A->Y  R     NOR2X6LVT         3  7.7    58    59    1088    (-,-) 
  csa_tree_ADD_TC_OP_12_groupi_g6978__5477/Y          -       B->Y  F     NAND2X1LVT        1  4.5   171   128    1216    (-,-) 
  csa_tree_ADD_TC_OP_12_groupi_g6954__8428/Y          -       A0->Y R     OAI21X4LVT        1  3.4    59   103    1318    (-,-) 
  csa_tree_ADD_TC_OP_12_groupi_g6946__1666/Y          -       B->Y  R     CLKXOR2X1LVT      1  3.2    57   122    1440    (-,-) 
  data_out_reg_reg[11]/D                              -       -     R     DFFHQX1LVT        1    -     -     0    1440    (-,-) 
#-------------------------------------------------------------------------------------------------------------------------------



Path 11: MET (78 ps) Setup Check with Pin data_out_reg_reg[12]/CK->D
          Group: clock
     Startpoint: (R) prod_reg_reg[3][7]/CK
          Clock: (R) clock
       Endpoint: (R) data_out_reg_reg[12]/D
          Clock: (R) clock

                     Capture       Launch     
        Clock Edge:+    1600            0     
       Src Latency:+       0            0     
       Net Latency:+       0 (I)        0 (I) 
           Arrival:=    1600            0     
                                              
             Setup:-      83                  
     Required Time:=    1517                  
      Launch Clock:-       0                  
         Data Path:-    1440                  
             Slack:=      78                  

#------------------------------------------------------------------------------------------------------------------------------
#                   Timing Point                     Flags   Arc   Edge     Cell      Fanout Load Trans Delay Arrival Instance 
#                                                                                            (fF)  (ps)  (ps)   (ps)  Location 
#------------------------------------------------------------------------------------------------------------------------------
  prod_reg_reg[3][7]/CK                              -       -     R     (arrival)       149    -     0     0       0    (-,-) 
  prod_reg_reg[3][7]/Q                               -       CK->Q F     DFFQX4LVT         1  4.1    27   152     152    (-,-) 
  csa_tree_ADD_TC_OP_12_groupi_cdnfadd_007_0__6131/S -       B->S  R     ADDFHX1LVT        1  4.2    75   193     345    (-,-) 
  csa_tree_ADD_TC_OP_12_groupi_cdnfadd_007_3__7482/S -       B->S  F     ADDFHX1LVT        1  3.8    76   212     558    (-,-) 
  csa_tree_ADD_TC_OP_12_groupi_cdnfadd_007_4__4733/S -       CI->S R     ADDFHX1LVT        1  4.2    75   206     764    (-,-) 
  csa_tree_ADD_TC_OP_12_groupi_cdnfadd_007_5__6161/S -       B->S  F     ADDFHX2LVT        2  8.7    95   253    1017    (-,-) 
  csa_tree_ADD_TC_OP_12_groupi_g7038__5122/Y         -       B->Y  F     CLKAND2X6LVT      3  9.3    39    93    1110    (-,-) 
  csa_tree_ADD_TC_OP_12_groupi_g7009__1666/Y         -       B->Y  R     NOR2X4LVT         1  5.6    58    49    1159    (-,-) 
  csa_tree_ADD_TC_OP_12_groupi_g6960__1705/Y         -       B->Y  F     NAND2X6LVT        1  6.1    63    59    1218    (-,-) 
  csa_tree_ADD_TC_OP_12_groupi_g6958__1617/Y         -       B->Y  R     NAND3X8LVT        1  5.6    34    40    1258    (-,-) 
  csa_tree_ADD_TC_OP_12_groupi_g6950__2398/Y         -       B->Y  F     NAND2X6LVT        2  5.6    57    49    1307    (-,-) 
  csa_tree_ADD_TC_OP_12_groupi_g6945__2346/Y         -       B->Y  R     XNOR2X1LVT        1  3.2    57   133    1440    (-,-) 
  data_out_reg_reg[12]/D                             -       -     R     DFFHQX1LVT        1    -     -     0    1440    (-,-) 
#------------------------------------------------------------------------------------------------------------------------------



Path 12: MET (84 ps) Setup Check with Pin data_out_reg_reg[9]/CK->D
          Group: clock
     Startpoint: (R) prod_reg_reg[3][7]/CK
          Clock: (R) clock
       Endpoint: (R) data_out_reg_reg[9]/D
          Clock: (R) clock

                     Capture       Launch     
        Clock Edge:+    1600            0     
       Src Latency:+       0            0     
       Net Latency:+       0 (I)        0 (I) 
           Arrival:=    1600            0     
                                              
             Setup:-      83                  
     Required Time:=    1517                  
      Launch Clock:-       0                  
         Data Path:-    1433                  
             Slack:=      84                  

#------------------------------------------------------------------------------------------------------------------------------
#                   Timing Point                     Flags   Arc   Edge     Cell      Fanout Load Trans Delay Arrival Instance 
#                                                                                            (fF)  (ps)  (ps)   (ps)  Location 
#------------------------------------------------------------------------------------------------------------------------------
  prod_reg_reg[3][7]/CK                              -       -     R     (arrival)       149    -     0     0       0    (-,-) 
  prod_reg_reg[3][7]/Q                               -       CK->Q F     DFFQX4LVT         1  4.1    27   152     152    (-,-) 
  csa_tree_ADD_TC_OP_12_groupi_cdnfadd_007_0__6131/S -       B->S  R     ADDFHX1LVT        1  4.2    75   193     345    (-,-) 
  csa_tree_ADD_TC_OP_12_groupi_cdnfadd_007_3__7482/S -       B->S  F     ADDFHX1LVT        1  3.8    76   212     558    (-,-) 
  csa_tree_ADD_TC_OP_12_groupi_cdnfadd_007_4__4733/S -       CI->S R     ADDFHX1LVT        1  4.2    75   206     764    (-,-) 
  csa_tree_ADD_TC_OP_12_groupi_cdnfadd_007_5__6161/S -       B->S  F     ADDFHX2LVT        2  8.7    95   253    1017    (-,-) 
  csa_tree_ADD_TC_OP_12_groupi_g7026__3680/Y         -       B->Y  R     NOR2X8LVT         3 11.6    71    67    1084    (-,-) 
  csa_tree_ADD_TC_OP_12_groupi_g7017/Y               -       A->Y  F     CLKINVX6LVT       2  9.2    45    47    1130    (-,-) 
  csa_tree_ADD_TC_OP_12_groupi_g6979__2398/Y         -       B0->Y R     OAI21X4LVT        1  4.0    55    32    1163    (-,-) 
  csa_tree_ADD_TC_OP_12_groupi_g6963__7098/Y         -       B->Y  R     CLKAND2X6LVT      6 19.6    60    90    1253    (-,-) 
  csa_tree_ADD_TC_OP_12_groupi_g6952__6260/Y         -       A1->Y F     OAI21X4LVT        1  3.3    69    64    1316    (-,-) 
  csa_tree_ADD_TC_OP_12_groupi_g6948__6417/Y         -       B->Y  R     CLKXOR2X1LVT      1  3.2    57   117    1433    (-,-) 
  data_out_reg_reg[9]/D                              -       -     R     DFFHQX1LVT        1    -     -     0    1433    (-,-) 
#------------------------------------------------------------------------------------------------------------------------------



Path 13: MET (85 ps) Setup Check with Pin data_out_reg_reg[10]/CK->D
          Group: clock
     Startpoint: (R) prod_reg_reg[3][4]/CK
          Clock: (R) clock
       Endpoint: (R) data_out_reg_reg[10]/D
          Clock: (R) clock

                     Capture       Launch     
        Clock Edge:+    1600            0     
       Src Latency:+       0            0     
       Net Latency:+       0 (I)        0 (I) 
           Arrival:=    1600            0     
                                              
             Setup:-      83                  
     Required Time:=    1517                  
      Launch Clock:-       0                  
         Data Path:-    1432                  
             Slack:=      85                  

#-------------------------------------------------------------------------------------------------------------------------------
#                    Timing Point                     Flags   Arc   Edge     Cell      Fanout Load Trans Delay Arrival Instance 
#                                                                                             (fF)  (ps)  (ps)   (ps)  Location 
#-------------------------------------------------------------------------------------------------------------------------------
  prod_reg_reg[3][4]/CK                               -       -     R     (arrival)       149    -     0     0       0    (-,-) 
  prod_reg_reg[3][4]/Q                                -       CK->Q F     DFFQX2LVT         2  5.8    55   152     152    (-,-) 
  csa_tree_ADD_TC_OP_12_groupi_g7079__5122/Y          -       A->Y  F     CLKAND2X3LVT      2  6.1    44    89     241    (-,-) 
  csa_tree_ADD_TC_OP_12_groupi_g7062__5526/Y          -       B->Y  R     NOR2X2LVT         1  4.2    79    65     306    (-,-) 
  csa_tree_ADD_TC_OP_12_groupi_cdnfadd_004_2__5477/CO -       B->CO R     ADDFHX2LVT        1  3.8    51   160     466    (-,-) 
  csa_tree_ADD_TC_OP_12_groupi_cdnfadd_005_4__6783/S  -       CI->S F     ADDFHX1LVT        1  3.8    76   188     654    (-,-) 
  csa_tree_ADD_TC_OP_12_groupi_cdnfadd_005_5__3680/S  -       CI->S R     ADDFHX2LVT        2  6.6    75   237     892    (-,-) 
  csa_tree_ADD_TC_OP_12_groupi_g7039__8246/Y          -       B->Y  R     AND2X4LVT         2  6.4    47   131    1023    (-,-) 
  csa_tree_ADD_TC_OP_12_groupi_g6987__3680/Y          -       B0->Y F     AOI2BB1X4LVT      1  6.0    49    46    1068    (-,-) 
  csa_tree_ADD_TC_OP_12_groupi_g6974__1666/Y          -       B->Y  R     NAND2X8LVT        3 11.4    44    36    1104    (-,-) 
  csa_tree_ADD_TC_OP_12_groupi_g6966__5115/Y          -       A->Y  F     NAND2X6LVT        1  4.1    50    53    1157    (-,-) 
  csa_tree_ADD_TC_OP_12_groupi_g6963__7098/Y          -       A->Y  F     CLKAND2X6LVT      6 18.5    64    96    1254    (-,-) 
  csa_tree_ADD_TC_OP_12_groupi_g6951__5107/Y          -       A1->Y R     OAI21X4LVT        1  3.4    56    58    1311    (-,-) 
  csa_tree_ADD_TC_OP_12_groupi_g6947__7410/Y          -       B->Y  R     CLKXOR2X1LVT      1  3.2    57   121    1432    (-,-) 
  data_out_reg_reg[10]/D                              -       -     R     DFFHQX1LVT        1    -     -     0    1432    (-,-) 
#-------------------------------------------------------------------------------------------------------------------------------



Path 14: MET (94 ps) Setup Check with Pin data_out_reg_reg[6]/CK->D
          Group: clock
     Startpoint: (R) prod_reg_reg[3][6]/CK
          Clock: (R) clock
       Endpoint: (R) data_out_reg_reg[6]/D
          Clock: (R) clock

                     Capture       Launch     
        Clock Edge:+    1600            0     
       Src Latency:+       0            0     
       Net Latency:+       0 (I)        0 (I) 
           Arrival:=    1600            0     
                                              
             Setup:-      83                  
     Required Time:=    1517                  
      Launch Clock:-       0                  
         Data Path:-    1424                  
             Slack:=      94                  

#------------------------------------------------------------------------------------------------------------------------------
#                   Timing Point                     Flags   Arc   Edge     Cell      Fanout Load Trans Delay Arrival Instance 
#                                                                                            (fF)  (ps)  (ps)   (ps)  Location 
#------------------------------------------------------------------------------------------------------------------------------
  prod_reg_reg[3][6]/CK                              -       -     R     (arrival)       149    -     0     0       0    (-,-) 
  prod_reg_reg[3][6]/Q                               -       CK->Q F     DFFQX4LVT         1  4.1    27   152     152    (-,-) 
  csa_tree_ADD_TC_OP_12_groupi_cdnfadd_006_0__1617/S -       B->S  R     ADDFHX1LVT        1  4.2    75   193     345    (-,-) 
  csa_tree_ADD_TC_OP_12_groupi_cdnfadd_006_3__5122/S -       B->S  F     ADDFHX1LVT        1  3.8    76   212     558    (-,-) 
  csa_tree_ADD_TC_OP_12_groupi_cdnfadd_006_4__8246/S -       CI->S R     ADDFHX1LVT        1  3.8    69   203     761    (-,-) 
  csa_tree_ADD_TC_OP_12_groupi_cdnfadd_006_5__7098/S -       CI->S F     ADDFHX2LVT        2  8.0    90   233     994    (-,-) 
  csa_tree_ADD_TC_OP_12_groupi_g7042__1881/Y         -       B->Y  F     CLKAND2X6LVT      3  9.4    39    91    1085    (-,-) 
  csa_tree_ADD_TC_OP_12_groupi_g7030/Y               -       A->Y  R     INVX1LVT          2  5.2    83    65    1150    (-,-) 
  csa_tree_ADD_TC_OP_12_groupi_g7000__7482/Y         -       A->Y  F     NAND2X1LVT        1  3.3   132   121    1270    (-,-) 
  csa_tree_ADD_TC_OP_12_groupi_g6964__6131/Y         -       B->Y  R     XNOR2X1LVT        1  3.2    57   153    1424    (-,-) 
  data_out_reg_reg[6]/D                              -       -     R     DFFHQX1LVT        1    -     -     0    1424    (-,-) 
#------------------------------------------------------------------------------------------------------------------------------



Path 15: MET (107 ps) Setup Check with Pin data_out_reg_reg[7]/CK->D
          Group: clock
     Startpoint: (R) prod_reg_reg[3][7]/CK
          Clock: (R) clock
       Endpoint: (R) data_out_reg_reg[7]/D
          Clock: (R) clock

                     Capture       Launch     
        Clock Edge:+    1600            0     
       Src Latency:+       0            0     
       Net Latency:+       0 (I)        0 (I) 
           Arrival:=    1600            0     
                                              
             Setup:-      84                  
     Required Time:=    1516                  
      Launch Clock:-       0                  
         Data Path:-    1409                  
             Slack:=     107                  

#------------------------------------------------------------------------------------------------------------------------------
#                   Timing Point                     Flags   Arc   Edge     Cell      Fanout Load Trans Delay Arrival Instance 
#                                                                                            (fF)  (ps)  (ps)   (ps)  Location 
#------------------------------------------------------------------------------------------------------------------------------
  prod_reg_reg[3][7]/CK                              -       -     R     (arrival)       149    -     0     0       0    (-,-) 
  prod_reg_reg[3][7]/Q                               -       CK->Q F     DFFQX4LVT         1  4.1    27   152     152    (-,-) 
  csa_tree_ADD_TC_OP_12_groupi_cdnfadd_007_0__6131/S -       B->S  R     ADDFHX1LVT        1  4.2    75   193     345    (-,-) 
  csa_tree_ADD_TC_OP_12_groupi_cdnfadd_007_3__7482/S -       B->S  F     ADDFHX1LVT        1  3.8    76   212     558    (-,-) 
  csa_tree_ADD_TC_OP_12_groupi_cdnfadd_007_4__4733/S -       CI->S R     ADDFHX1LVT        1  4.2    75   206     764    (-,-) 
  csa_tree_ADD_TC_OP_12_groupi_cdnfadd_007_5__6161/S -       B->S  F     ADDFHX2LVT        2  8.7    95   253    1017    (-,-) 
  csa_tree_ADD_TC_OP_12_groupi_g7038__5122/Y         -       B->Y  F     CLKAND2X6LVT      3  9.3    39    93    1110    (-,-) 
  csa_tree_ADD_TC_OP_12_groupi_g6999__5115/Y         -       B->Y  R     NOR2X1            1  3.1   163   120    1229    (-,-) 
  csa_tree_ADD_TC_OP_12_groupi_g6957__3680/Y         -       A->Y  R     CLKXOR2X1LVT      1  3.1    56   180    1409    (-,-) 
  data_out_reg_reg[7]/D                              -       -     R     DFFQXLLVT         1    -     -     0    1409    (-,-) 
#------------------------------------------------------------------------------------------------------------------------------



Path 16: MET (128 ps) Setup Check with Pin data_out_reg_reg[15]/CK->D
          Group: clock
     Startpoint: (R) prod_reg_reg[5][12]/CK
          Clock: (R) clock
       Endpoint: (F) data_out_reg_reg[15]/D
          Clock: (R) clock

                     Capture       Launch     
        Clock Edge:+    1600            0     
       Src Latency:+       0            0     
       Net Latency:+       0 (I)        0 (I) 
           Arrival:=    1600            0     
                                              
             Setup:-      58                  
     Required Time:=    1542                  
      Launch Clock:-       0                  
         Data Path:-    1414                  
             Slack:=     128                  

#----------------------------------------------------------------------------------------------------------------------------
#                   Timing Point                     Flags   Arc   Edge    Cell     Fanout Load Trans Delay Arrival Instance 
#                                                                                          (fF)  (ps)  (ps)   (ps)  Location 
#----------------------------------------------------------------------------------------------------------------------------
  prod_reg_reg[5][12]/CK                             -       -     R     (arrival)     149    -     0     0       0    (-,-) 
  prod_reg_reg[5][12]/Q                              -       CK->Q R     DFFX2LVT        4  9.7    79   160     160    (-,-) 
  csa_tree_ADD_TC_OP_12_groupi_g7069/Y               -       A->Y  F     INVX1           1  3.5   109   104     264    (-,-) 
  csa_tree_ADD_TC_OP_12_groupi_cdnfadd_012_0__1881/S -       CI->S R     ADDFX1LVT       1  4.3    80   240     504    (-,-) 
  csa_tree_ADD_TC_OP_12_groupi_cdnfadd_012_2__7482/S -       A->S  F     ADDFHX1LVT      1  4.1    80   220     724    (-,-) 
  csa_tree_ADD_TC_OP_12_groupi_cdnfadd_012_3__4733/S -       B->S  R     ADDFHX2LVT      2  8.9    91   251     975    (-,-) 
  csa_tree_ADD_TC_OP_12_groupi_g7045__4733/Y         -       B->Y  F     NAND2X4LVT      4 10.4   119   103    1078    (-,-) 
  csa_tree_ADD_TC_OP_12_groupi_g6983__4319/Y         -       A1->Y R     OAI21X1LVT      1  3.1   126   126    1204    (-,-) 
  csa_tree_ADD_TC_OP_12_groupi_g6967__7482/Y         -       A1->Y R     AO21X1LVT       1  3.8    66   159    1363    (-,-) 
  csa_tree_ADD_TC_OP_12_groupi_g6943__9945/Y         -       B0->Y F     AOI21X2LVT      1  3.2    84    51    1414    (-,-) 
  data_out_reg_reg[15]/D                             -       -     F     DFFHQX1LVT      1    -     -     0    1414    (-,-) 
#----------------------------------------------------------------------------------------------------------------------------



Path 17: MET (129 ps) Setup Check with Pin data_out_reg_reg[8]/CK->D
          Group: clock
     Startpoint: (R) prod_reg_reg[3][4]/CK
          Clock: (R) clock
       Endpoint: (R) data_out_reg_reg[8]/D
          Clock: (R) clock

                     Capture       Launch     
        Clock Edge:+    1600            0     
       Src Latency:+       0            0     
       Net Latency:+       0 (I)        0 (I) 
           Arrival:=    1600            0     
                                              
             Setup:-      83                  
     Required Time:=    1517                  
      Launch Clock:-       0                  
         Data Path:-    1388                  
             Slack:=     129                  

#-------------------------------------------------------------------------------------------------------------------------------
#                    Timing Point                     Flags   Arc   Edge     Cell      Fanout Load Trans Delay Arrival Instance 
#                                                                                             (fF)  (ps)  (ps)   (ps)  Location 
#-------------------------------------------------------------------------------------------------------------------------------
  prod_reg_reg[3][4]/CK                               -       -     R     (arrival)       149    -     0     0       0    (-,-) 
  prod_reg_reg[3][4]/Q                                -       CK->Q F     DFFQX2LVT         2  5.8    55   152     152    (-,-) 
  csa_tree_ADD_TC_OP_12_groupi_g7079__5122/Y          -       A->Y  F     CLKAND2X3LVT      2  6.1    44    89     241    (-,-) 
  csa_tree_ADD_TC_OP_12_groupi_g7062__5526/Y          -       B->Y  R     NOR2X2LVT         1  4.2    79    65     306    (-,-) 
  csa_tree_ADD_TC_OP_12_groupi_cdnfadd_004_2__5477/CO -       B->CO R     ADDFHX2LVT        1  3.8    51   160     466    (-,-) 
  csa_tree_ADD_TC_OP_12_groupi_cdnfadd_005_4__6783/S  -       CI->S F     ADDFHX1LVT        1  3.8    76   188     654    (-,-) 
  csa_tree_ADD_TC_OP_12_groupi_cdnfadd_005_5__3680/S  -       CI->S R     ADDFHX2LVT        2  6.6    75   237     892    (-,-) 
  csa_tree_ADD_TC_OP_12_groupi_g7039__8246/Y          -       B->Y  R     AND2X4LVT         2  6.4    47   131    1023    (-,-) 
  csa_tree_ADD_TC_OP_12_groupi_g6987__3680/Y          -       B0->Y F     AOI2BB1X4LVT      1  6.0    49    46    1068    (-,-) 
  csa_tree_ADD_TC_OP_12_groupi_g6974__1666/Y          -       B->Y  R     NAND2X8LVT        3 11.4    44    36    1104    (-,-) 
  csa_tree_ADD_TC_OP_12_groupi_g6966__5115/Y          -       A->Y  F     NAND2X6LVT        1  4.1    50    53    1157    (-,-) 
  csa_tree_ADD_TC_OP_12_groupi_g6963__7098/Y          -       A->Y  F     CLKAND2X6LVT      6 18.5    64    96    1254    (-,-) 
  csa_tree_ADD_TC_OP_12_groupi_g6956__6783/Y          -       B->Y  R     XNOR2X1LVT        1  3.2    57   135    1388    (-,-) 
  data_out_reg_reg[8]/D                               -       -     R     DFFHQX1LVT        1    -     -     0    1388    (-,-) 
#-------------------------------------------------------------------------------------------------------------------------------



Path 18: MET (132 ps) Setup Check with Pin prod_reg_reg[1][9]/CK->D
          Group: clock
     Startpoint: (R) shift_reg_reg[0][3]/CK
          Clock: (R) clock
       Endpoint: (R) prod_reg_reg[1][9]/D
          Clock: (R) clock

                     Capture       Launch     
        Clock Edge:+    1600            0     
       Src Latency:+       0            0     
       Net Latency:+       0 (I)        0 (I) 
           Arrival:=    1600            0     
                                              
             Setup:-      92                  
     Required Time:=    1508                  
      Launch Clock:-       0                  
         Data Path:-    1377                  
             Slack:=     132                  

#-------------------------------------------------------------------------------------------------
#     Timing Point       Flags    Arc   Edge    Cell     Fanout Load Trans Delay Arrival Instance 
#                                                               (fF)  (ps)  (ps)   (ps)  Location 
#-------------------------------------------------------------------------------------------------
  shift_reg_reg[0][3]/CK -       -      R     (arrival)     149    -     0     0       0    (-,-) 
  shift_reg_reg[0][3]/Q  -       CK->Q  F     DFFHQX1LVT      2  5.0    87   165     165    (-,-) 
  g5444/Y                -       A->Y   R     INVX1           3  7.5   175   143     308    (-,-) 
  g5431__5122/Y          -       A->Y   F     NAND2X1LVT      2  5.4   206   201     509    (-,-) 
  g5363__2883/CO         -       CI->CO F     ADDFX1LVT       1  3.5    74   200     709    (-,-) 
  g5346__7098/CO         -       CI->CO F     ADDFX1LVT       1  3.5    73   150     859    (-,-) 
  g5330__5526/CO         -       CI->CO F     ADDFX1LVT       1  3.5    74   150    1009    (-,-) 
  g5314__7410/CO         -       CI->CO F     ADDFX1LVT       1  3.5    73   150    1159    (-,-) 
  g5297__7482/S          -       CI->S  R     ADDFX1LVT       1  3.1    64   218    1377    (-,-) 
  prod_reg_reg[1][9]/D   -       -      R     DFFQX2LVT       1    -     -     0    1377    (-,-) 
#-------------------------------------------------------------------------------------------------



Path 19: MET (133 ps) Setup Check with Pin prod_reg_reg[3][11]/CK->D
          Group: clock
     Startpoint: (R) shift_reg_reg[2][2]/CK
          Clock: (R) clock
       Endpoint: (R) prod_reg_reg[3][11]/D
          Clock: (R) clock

                     Capture       Launch     
        Clock Edge:+    1600            0     
       Src Latency:+       0            0     
       Net Latency:+       0 (I)        0 (I) 
           Arrival:=    1600            0     
                                              
             Setup:-      92                  
     Required Time:=    1508                  
      Launch Clock:-       0                  
         Data Path:-    1375                  
             Slack:=     133                  

#---------------------------------------------------------------------------------------------------
#     Timing Point       Flags    Arc   Edge     Cell      Fanout Load Trans Delay Arrival Instance 
#                                                                 (fF)  (ps)  (ps)   (ps)  Location 
#---------------------------------------------------------------------------------------------------
  shift_reg_reg[2][2]/CK -       -      R     (arrival)       149    -     0     0       0    (-,-) 
  shift_reg_reg[2][2]/Q  -       CK->Q  F     DFFHQX1LVT        3  7.2   122   184     184    (-,-) 
  g5454/Y                -       A->Y   R     INVX1LVT          1  3.4    70    89     273    (-,-) 
  g5390__6260/CO         -       A->CO  R     ADDHX1LVT         2  5.1    82   137     410    (-,-) 
  g5372__1666/Y          -       A1N->Y R     AOI2BB1X1LVT      1  3.5   125   125     535    (-,-) 
  g5347__6131/CO         -       CI->CO R     ADDFX1LVT         1  3.5    68   179     714    (-,-) 
  g5331__6783/CO         -       CI->CO R     ADDFX1LVT         1  3.5    67   155     870    (-,-) 
  g5316__5477/CO         -       CI->CO R     ADDFX1LVT         1  3.5    67   155    1025    (-,-) 
  g5300__9315/CO         -       CI->CO R     ADDFX1LVT         1  3.5    67   155    1180    (-,-) 
  g5277__2802/S          -       CI->S  R     ADDFX1LVT         1  3.1    63   195    1375    (-,-) 
  prod_reg_reg[3][11]/D  -       -      R     DFFQX2LVT         1    -     -     0    1375    (-,-) 
#---------------------------------------------------------------------------------------------------



Path 20: MET (134 ps) Setup Check with Pin prod_reg_reg[4][11]/CK->D
          Group: clock
     Startpoint: (R) shift_reg_reg[3][2]/CK
          Clock: (R) clock
       Endpoint: (R) prod_reg_reg[4][11]/D
          Clock: (R) clock

                     Capture       Launch     
        Clock Edge:+    1600            0     
       Src Latency:+       0            0     
       Net Latency:+       0 (I)        0 (I) 
           Arrival:=    1600            0     
                                              
             Setup:-      92                  
     Required Time:=    1508                  
      Launch Clock:-       0                  
         Data Path:-    1374                  
             Slack:=     134                  

#---------------------------------------------------------------------------------------------------
#     Timing Point       Flags    Arc   Edge     Cell      Fanout Load Trans Delay Arrival Instance 
#                                                                 (fF)  (ps)  (ps)   (ps)  Location 
#---------------------------------------------------------------------------------------------------
  shift_reg_reg[3][2]/CK -       -      R     (arrival)       149    -     0     0       0    (-,-) 
  shift_reg_reg[3][2]/Q  -       CK->Q  F     DFFQX1LVT         3  7.3   124   182     182    (-,-) 
  g5434/Y                -       A->Y   R     INVX1LVT          1  3.4    70    90     272    (-,-) 
  g5380__5477/CO         -       A->CO  R     ADDHX1LVT         2  5.1    82   137     409    (-,-) 
  g5360__9315/Y          -       A1N->Y R     AOI2BB1X1LVT      1  3.5   125   125     534    (-,-) 
  g5340__8246/CO         -       CI->CO R     ADDFX1LVT         1  3.5    68   179     713    (-,-) 
  g5324__8428/CO         -       CI->CO R     ADDFX1LVT         1  3.5    67   155     868    (-,-) 
  g5308__1666/CO         -       CI->CO R     ADDFX1LVT         1  3.5    67   155    1024    (-,-) 
  g5291__5115/CO         -       CI->CO R     ADDFX1LVT         1  3.5    67   155    1179    (-,-) 
  g5270__3680/S          -       CI->S  R     ADDFX1LVT         1  3.1    63   195    1374    (-,-) 
  prod_reg_reg[4][11]/D  -       -      R     DFFQX4LVT         1    -     -     0    1374    (-,-) 
#---------------------------------------------------------------------------------------------------



Path 21: MET (182 ps) Setup Check with Pin prod_reg_reg[6][11]/CK->D
          Group: clock
     Startpoint: (R) shift_reg_reg[5][3]/CK
          Clock: (R) clock
       Endpoint: (R) prod_reg_reg[6][11]/D
          Clock: (R) clock

                     Capture       Launch     
        Clock Edge:+    1600            0     
       Src Latency:+       0            0     
       Net Latency:+       0 (I)        0 (I) 
           Arrival:=    1600            0     
                                              
             Setup:-      91                  
     Required Time:=    1509                  
      Launch Clock:-       0                  
         Data Path:-    1327                  
             Slack:=     182                  

#-------------------------------------------------------------------------------------------------
#     Timing Point       Flags    Arc   Edge    Cell     Fanout Load Trans Delay Arrival Instance 
#                                                               (fF)  (ps)  (ps)   (ps)  Location 
#-------------------------------------------------------------------------------------------------
  shift_reg_reg[5][3]/CK -       -      R     (arrival)     149    -     0     0       0    (-,-) 
  shift_reg_reg[5][3]/Q  -       CK->Q  F     DFFHQX1LVT      2  5.4    93   168     168    (-,-) 
  g5376/Y                -       A->Y   R     INVX2LVT        3  8.0    76    77     245    (-,-) 
  g5374__7410/Y          -       A->Y   F     NAND2X2LVT      2  5.4   111   103     348    (-,-) 
  g5337__1705/CO         -       CI->CO F     ADDFX1LVT       1  3.5    73   164     513    (-,-) 
  g5321__6260/CO         -       CI->CO F     ADDFX1LVT       1  3.5    73   150     663    (-,-) 
  g5305__2883/CO         -       CI->CO F     ADDFX1LVT       1  3.5    73   150     812    (-,-) 
  g5286__8246/CO         -       CI->CO F     ADDFX1LVT       1  3.5    73   150     962    (-,-) 
  g5267__5526/CO         -       CI->CO F     ADDFX1LVT       1  3.3    70   148    1110    (-,-) 
  g5266/Y                -       A->Y   R     INVX1LVT        1  3.5    64    66    1176    (-,-) 
  g5255__5107/CO         -       CI->CO R     ADDFX1LVT       1  3.1    61   151    1327    (-,-) 
  prod_reg_reg[6][11]/D  -       -      R     DFFQX2LVT       1    -     -     0    1327    (-,-) 
#-------------------------------------------------------------------------------------------------



Path 22: MET (189 ps) Setup Check with Pin prod_reg_reg[0][10]/CK->D
          Group: clock
     Startpoint: (R) data_in_reg_reg[3]/CK
          Clock: (R) clock
       Endpoint: (R) prod_reg_reg[0][10]/D
          Clock: (R) clock

                     Capture       Launch     
        Clock Edge:+    1600            0     
       Src Latency:+       0            0     
       Net Latency:+       0 (I)        0 (I) 
           Arrival:=    1600            0     
                                              
             Setup:-      85                  
     Required Time:=    1515                  
      Launch Clock:-       0                  
         Data Path:-    1326                  
             Slack:=     189                  

#------------------------------------------------------------------------------------------------
#     Timing Point      Flags    Arc   Edge    Cell     Fanout Load Trans Delay Arrival Instance 
#                                                              (fF)  (ps)  (ps)   (ps)  Location 
#------------------------------------------------------------------------------------------------
  data_in_reg_reg[3]/CK -       -      R     (arrival)     149    -     0     0       0    (-,-) 
  data_in_reg_reg[3]/Q  -       CK->Q  F     DFFHQX1LVT      2  5.5    95   169     169    (-,-) 
  g5479/Y               -       A->Y   R     INVX2LVT        3  8.0    76    77     246    (-,-) 
  g5448__6131/Y         -       B->Y   F     NAND2X2LVT      2  5.4   115    99     346    (-,-) 
  g5379__6417/CO        -       CI->CO F     ADDFX1LVT       1  3.5    73   166     511    (-,-) 
  g5352__7482/CO        -       CI->CO F     ADDFX1LVT       1  3.5    73   150     661    (-,-) 
  g5338__5122/CO        -       CI->CO F     ADDFX1LVT       1  3.5    73   150     811    (-,-) 
  g5322__4319/CO        -       CI->CO F     ADDFX1LVT       1  3.5    73   150     961    (-,-) 
  g5306__2346/CO        -       CI->CO F     ADDFX1LVT       1  3.3    70   148    1109    (-,-) 
  g5304/Y               -       A->Y   R     INVX1LVT        1  3.5    64    66    1175    (-,-) 
  g5287__7098/CO        -       CI->CO R     ADDFX1LVT       1  3.2    63   152    1326    (-,-) 
  prod_reg_reg[0][10]/D -       -      R     DFFHQX1LVT      1    -     -     0    1326    (-,-) 
#------------------------------------------------------------------------------------------------



Path 23: MET (194 ps) Setup Check with Pin prod_reg_reg[7][10]/CK->D
          Group: clock
     Startpoint: (R) shift_reg_reg[6][3]/CK
          Clock: (R) clock
       Endpoint: (R) prod_reg_reg[7][10]/D
          Clock: (R) clock

                     Capture       Launch     
        Clock Edge:+    1600            0     
       Src Latency:+       0            0     
       Net Latency:+       0 (I)        0 (I) 
           Arrival:=    1600            0     
                                              
             Setup:-      91                  
     Required Time:=    1509                  
      Launch Clock:-       0                  
         Data Path:-    1315                  
             Slack:=     194                  

#-------------------------------------------------------------------------------------------------
#     Timing Point       Flags    Arc   Edge    Cell     Fanout Load Trans Delay Arrival Instance 
#                                                               (fF)  (ps)  (ps)   (ps)  Location 
#-------------------------------------------------------------------------------------------------
  shift_reg_reg[6][3]/CK -       -      R     (arrival)     149    -     0     0       0    (-,-) 
  shift_reg_reg[6][3]/QN -       CK->QN R     DFFRX1LVT       3  8.0   121   214     214    (-,-) 
  g5361__9945/Y          -       A->Y   F     NAND2X2LVT      2  5.4   115   122     335    (-,-) 
  g5332__3680/CO         -       CI->CO F     ADDFX1LVT       1  3.5    73   166     501    (-,-) 
  g5315__6417/CO         -       CI->CO F     ADDFX1LVT       1  3.5    73   150     651    (-,-) 
  g5299__6161/CO         -       CI->CO F     ADDFX1LVT       1  3.5    73   150     801    (-,-) 
  g5278__1705/CO         -       CI->CO F     ADDFX1LVT       1  3.5    73   150     951    (-,-) 
  g5262__4319/CO         -       CI->CO F     ADDFX1LVT       1  3.3    70   148    1099    (-,-) 
  g5260/Y                -       A->Y   R     INVX1LVT        1  3.5    64    66    1164    (-,-) 
  g5251__2398/CO         -       CI->CO R     ADDFX1LVT       1  3.1    61   151    1315    (-,-) 
  prod_reg_reg[7][10]/D  -       -      R     DFFQX2LVT       1    -     -     0    1315    (-,-) 
#-------------------------------------------------------------------------------------------------



Path 24: MET (235 ps) Setup Check with Pin prod_reg_reg[5][10]/CK->D
          Group: clock
     Startpoint: (R) shift_reg_reg[4][2]/CK
          Clock: (R) clock
       Endpoint: (R) prod_reg_reg[5][10]/D
          Clock: (R) clock

                     Capture       Launch     
        Clock Edge:+    1600            0     
       Src Latency:+       0            0     
       Net Latency:+       0 (I)        0 (I) 
           Arrival:=    1600            0     
                                              
             Setup:-      92                  
     Required Time:=    1508                  
      Launch Clock:-       0                  
         Data Path:-    1273                  
             Slack:=     235                  

#-------------------------------------------------------------------------------------------------
#     Timing Point       Flags    Arc   Edge    Cell     Fanout Load Trans Delay Arrival Instance 
#                                                               (fF)  (ps)  (ps)   (ps)  Location 
#-------------------------------------------------------------------------------------------------
  shift_reg_reg[4][2]/CK -       -      R     (arrival)     149    -     0     0       0    (-,-) 
  shift_reg_reg[4][2]/Q  -       CK->Q  R     DFFHQX1LVT      3  7.5   113   165     165    (-,-) 
  g5391__4319/CO         -       A->CO  R     ADDHX1LVT       1  3.5    60   141     306    (-,-) 
  g5349__5115/CO         -       CI->CO R     ADDFX1LVT       1  3.5    67   152     458    (-,-) 
  g5333__1617/CO         -       CI->CO R     ADDFX1LVT       1  3.5    67   155     613    (-,-) 
  g5318__5107/CO         -       CI->CO R     ADDFX1LVT       1  3.5    67   155     768    (-,-) 
  g5301__9945/CO         -       CI->CO R     ADDFX1LVT       1  3.5    67   155     923    (-,-) 
  g5276__1617/CO         -       CI->CO R     ADDFX1LVT       1  3.5    67   155    1078    (-,-) 
  g5261__6260/S          -       CI->S  R     ADDFX1LVT       1  3.1    63   195    1273    (-,-) 
  prod_reg_reg[5][10]/D  -       -      R     DFFQX2LVT       1    -     -     0    1273    (-,-) 
#-------------------------------------------------------------------------------------------------



Path 25: MET (242 ps) Setup Check with Pin data_out_reg_reg[5]/CK->D
          Group: clock
     Startpoint: (R) prod_reg_reg[7][4]/CK
          Clock: (R) clock
       Endpoint: (R) data_out_reg_reg[5]/D
          Clock: (R) clock

                     Capture       Launch     
        Clock Edge:+    1600            0     
       Src Latency:+       0            0     
       Net Latency:+       0 (I)        0 (I) 
           Arrival:=    1600            0     
                                              
             Setup:-      83                  
     Required Time:=    1517                  
      Launch Clock:-       0                  
         Data Path:-    1275                  
             Slack:=     242                  

#-----------------------------------------------------------------------------------------------------------------------------
#                   Timing Point                     Flags   Arc   Edge    Cell      Fanout Load Trans Delay Arrival Instance 
#                                                                                           (fF)  (ps)  (ps)   (ps)  Location 
#-----------------------------------------------------------------------------------------------------------------------------
  prod_reg_reg[7][4]/CK                              -       -     R     (arrival)      149    -     0     0       0    (-,-) 
  prod_reg_reg[7][4]/Q                               -       CK->Q R     DFFQX4LVT        1  3.8    24   138     138    (-,-) 
  csa_tree_ADD_TC_OP_12_groupi_cdnfadd_004_0__7410/S -       B->S  F     ADDFX1LVT        1  3.7    76   210     349    (-,-) 
  csa_tree_ADD_TC_OP_12_groupi_cdnfadd_004_3__2398/S -       B->S  R     ADDFX1LVT        1  3.8    73   228     576    (-,-) 
  csa_tree_ADD_TC_OP_12_groupi_cdnfadd_004_4__5107/S -       CI->S F     ADDFHX2LVT       2  6.8    80   229     806    (-,-) 
  csa_tree_ADD_TC_OP_12_groupi_g7056__5477/Y         -       B->Y  R     NOR2X2LVT        2  7.3   127   105     911    (-,-) 
  csa_tree_ADD_TC_OP_12_groupi_g7051__2346/Y         -       A->Y  F     NOR2X6LVT        2  6.2    52    71     982    (-,-) 
  csa_tree_ADD_TC_OP_12_groupi_g7049__9945/Y         -       AN->Y F     NAND2BX1LVT      1  3.1   126   117    1099    (-,-) 
  csa_tree_ADD_TC_OP_12_groupi_g6975__7410/Y         -       A->Y  R     XNOR2X1LVT       1  3.2    57   176    1275    (-,-) 
  data_out_reg_reg[5]/D                              -       -     R     DFFHQX1LVT       1    -     -     0    1275    (-,-) 
#-----------------------------------------------------------------------------------------------------------------------------



Path 26: MET (279 ps) Setup Check with Pin prod_reg_reg[5][11]/CK->D
          Group: clock
     Startpoint: (R) shift_reg_reg[4][2]/CK
          Clock: (R) clock
       Endpoint: (R) prod_reg_reg[5][11]/D
          Clock: (R) clock

                     Capture       Launch     
        Clock Edge:+    1600            0     
       Src Latency:+       0            0     
       Net Latency:+       0 (I)        0 (I) 
           Arrival:=    1600            0     
                                              
             Setup:-      91                  
     Required Time:=    1509                  
      Launch Clock:-       0                  
         Data Path:-    1231                  
             Slack:=     279                  

#-------------------------------------------------------------------------------------------------
#     Timing Point       Flags    Arc   Edge    Cell     Fanout Load Trans Delay Arrival Instance 
#                                                               (fF)  (ps)  (ps)   (ps)  Location 
#-------------------------------------------------------------------------------------------------
  shift_reg_reg[4][2]/CK -       -      R     (arrival)     149    -     0     0       0    (-,-) 
  shift_reg_reg[4][2]/Q  -       CK->Q  R     DFFHQX1LVT      3  7.5   113   165     165    (-,-) 
  g5391__4319/CO         -       A->CO  R     ADDHX1LVT       1  3.5    60   141     306    (-,-) 
  g5349__5115/CO         -       CI->CO R     ADDFX1LVT       1  3.5    67   152     458    (-,-) 
  g5333__1617/CO         -       CI->CO R     ADDFX1LVT       1  3.5    67   155     613    (-,-) 
  g5318__5107/CO         -       CI->CO R     ADDFX1LVT       1  3.5    67   155     768    (-,-) 
  g5301__9945/CO         -       CI->CO R     ADDFX1LVT       1  3.5    67   155     923    (-,-) 
  g5276__1617/CO         -       CI->CO R     ADDFX1LVT       1  3.5    67   155    1078    (-,-) 
  g5261__6260/CO         -       CI->CO R     ADDFX1LVT       1  3.1    61   152    1231    (-,-) 
  prod_reg_reg[5][11]/D  -       -      R     DFFQX2LVT       1    -     -     0    1231    (-,-) 
#-------------------------------------------------------------------------------------------------



Path 27: MET (281 ps) Setup Check with Pin prod_reg_reg[2][10]/CK->D
          Group: clock
     Startpoint: (R) prod_reg_reg[1][3]/CK
          Clock: (R) clock
       Endpoint: (R) prod_reg_reg[2][10]/D
          Clock: (R) clock

                     Capture       Launch     
        Clock Edge:+    1600            0     
       Src Latency:+       0            0     
       Net Latency:+       0 (I)        0 (I) 
           Arrival:=    1600            0     
                                              
             Setup:-      92                  
     Required Time:=    1508                  
      Launch Clock:-       0                  
         Data Path:-    1228                  
             Slack:=     281                  

#-----------------------------------------------------------------------------------------------
#     Timing Point      Flags    Arc   Edge   Cell     Fanout Load Trans Delay Arrival Instance 
#                                                             (fF)  (ps)  (ps)   (ps)  Location 
#-----------------------------------------------------------------------------------------------
  prod_reg_reg[1][3]/CK -       -      R     (arrival)    149    -     0     0       0    (-,-) 
  prod_reg_reg[1][3]/Q  -       CK->Q  R     DFFQX4LVT      4 10.0    46   151     151    (-,-) 
  g5423__1617/CO        -       B->CO  R     ADDHX1LVT      1  3.5    60   109     260    (-,-) 
  g5364__2346/CO        -       CI->CO R     ADDFX1LVT      1  3.5    67   152     412    (-,-) 
  g5348__1881/CO        -       CI->CO R     ADDFX1LVT      1  3.5    67   155     567    (-,-) 
  g5334__2802/CO        -       CI->CO R     ADDFX1LVT      1  3.5    67   155     722    (-,-) 
  g5317__2398/CO        -       CI->CO R     ADDFX1LVT      1  3.5    67   155     878    (-,-) 
  g5298__4733/CO        -       CI->CO R     ADDFX1LVT      1  3.5    67   155    1033    (-,-) 
  g5279__5122/S         -       CI->S  R     ADDFX1LVT      1  3.1    63   195    1228    (-,-) 
  prod_reg_reg[2][10]/D -       -      R     DFFQX2LVT      1    -     -     0    1228    (-,-) 
#-----------------------------------------------------------------------------------------------



Path 28: MET (282 ps) Setup Check with Pin prod_reg_reg[1][8]/CK->D
          Group: clock
     Startpoint: (R) shift_reg_reg[0][3]/CK
          Clock: (R) clock
       Endpoint: (R) prod_reg_reg[1][8]/D
          Clock: (R) clock

                     Capture       Launch     
        Clock Edge:+    1600            0     
       Src Latency:+       0            0     
       Net Latency:+       0 (I)        0 (I) 
           Arrival:=    1600            0     
                                              
             Setup:-      92                  
     Required Time:=    1508                  
      Launch Clock:-       0                  
         Data Path:-    1227                  
             Slack:=     282                  

#-------------------------------------------------------------------------------------------------
#     Timing Point       Flags    Arc   Edge    Cell     Fanout Load Trans Delay Arrival Instance 
#                                                               (fF)  (ps)  (ps)   (ps)  Location 
#-------------------------------------------------------------------------------------------------
  shift_reg_reg[0][3]/CK -       -      R     (arrival)     149    -     0     0       0    (-,-) 
  shift_reg_reg[0][3]/Q  -       CK->Q  F     DFFHQX1LVT      2  5.0    87   165     165    (-,-) 
  g5444/Y                -       A->Y   R     INVX1           3  7.5   175   143     308    (-,-) 
  g5431__5122/Y          -       A->Y   F     NAND2X1LVT      2  5.4   206   201     509    (-,-) 
  g5363__2883/CO         -       CI->CO F     ADDFX1LVT       1  3.5    74   200     709    (-,-) 
  g5346__7098/CO         -       CI->CO F     ADDFX1LVT       1  3.5    73   150     859    (-,-) 
  g5330__5526/CO         -       CI->CO F     ADDFX1LVT       1  3.5    74   150    1009    (-,-) 
  g5314__7410/S          -       CI->S  R     ADDFX1LVT       1  3.1    64   218    1227    (-,-) 
  prod_reg_reg[1][8]/D   -       -      R     DFFQX2LVT       1    -     -     0    1227    (-,-) 
#-------------------------------------------------------------------------------------------------



Path 29: MET (289 ps) Setup Check with Pin prod_reg_reg[3][10]/CK->D
          Group: clock
     Startpoint: (R) shift_reg_reg[2][2]/CK
          Clock: (R) clock
       Endpoint: (R) prod_reg_reg[3][10]/D
          Clock: (R) clock

                     Capture       Launch     
        Clock Edge:+    1600            0     
       Src Latency:+       0            0     
       Net Latency:+       0 (I)        0 (I) 
           Arrival:=    1600            0     
                                              
             Setup:-      92                  
     Required Time:=    1508                  
      Launch Clock:-       0                  
         Data Path:-    1220                  
             Slack:=     289                  

#---------------------------------------------------------------------------------------------------
#     Timing Point       Flags    Arc   Edge     Cell      Fanout Load Trans Delay Arrival Instance 
#                                                                 (fF)  (ps)  (ps)   (ps)  Location 
#---------------------------------------------------------------------------------------------------
  shift_reg_reg[2][2]/CK -       -      R     (arrival)       149    -     0     0       0    (-,-) 
  shift_reg_reg[2][2]/Q  -       CK->Q  F     DFFHQX1LVT        3  7.2   122   184     184    (-,-) 
  g5454/Y                -       A->Y   R     INVX1LVT          1  3.4    70    89     273    (-,-) 
  g5390__6260/CO         -       A->CO  R     ADDHX1LVT         2  5.1    82   137     410    (-,-) 
  g5372__1666/Y          -       A1N->Y R     AOI2BB1X1LVT      1  3.5   125   125     535    (-,-) 
  g5347__6131/CO         -       CI->CO R     ADDFX1LVT         1  3.5    68   179     714    (-,-) 
  g5331__6783/CO         -       CI->CO R     ADDFX1LVT         1  3.5    67   155     870    (-,-) 
  g5316__5477/CO         -       CI->CO R     ADDFX1LVT         1  3.5    67   155    1025    (-,-) 
  g5300__9315/S          -       CI->S  R     ADDFX1LVT         1  3.1    63   195    1220    (-,-) 
  prod_reg_reg[3][10]/D  -       -      R     DFFQX2LVT         1    -     -     0    1220    (-,-) 
#---------------------------------------------------------------------------------------------------



Path 30: MET (290 ps) Setup Check with Pin prod_reg_reg[4][10]/CK->D
          Group: clock
     Startpoint: (R) shift_reg_reg[3][2]/CK
          Clock: (R) clock
       Endpoint: (R) prod_reg_reg[4][10]/D
          Clock: (R) clock

                     Capture       Launch     
        Clock Edge:+    1600            0     
       Src Latency:+       0            0     
       Net Latency:+       0 (I)        0 (I) 
           Arrival:=    1600            0     
                                              
             Setup:-      92                  
     Required Time:=    1508                  
      Launch Clock:-       0                  
         Data Path:-    1219                  
             Slack:=     290                  

#---------------------------------------------------------------------------------------------------
#     Timing Point       Flags    Arc   Edge     Cell      Fanout Load Trans Delay Arrival Instance 
#                                                                 (fF)  (ps)  (ps)   (ps)  Location 
#---------------------------------------------------------------------------------------------------
  shift_reg_reg[3][2]/CK -       -      R     (arrival)       149    -     0     0       0    (-,-) 
  shift_reg_reg[3][2]/Q  -       CK->Q  F     DFFQX1LVT         3  7.3   124   182     182    (-,-) 
  g5434/Y                -       A->Y   R     INVX1LVT          1  3.4    70    90     272    (-,-) 
  g5380__5477/CO         -       A->CO  R     ADDHX1LVT         2  5.1    82   137     409    (-,-) 
  g5360__9315/Y          -       A1N->Y R     AOI2BB1X1LVT      1  3.5   125   125     534    (-,-) 
  g5340__8246/CO         -       CI->CO R     ADDFX1LVT         1  3.5    68   179     713    (-,-) 
  g5324__8428/CO         -       CI->CO R     ADDFX1LVT         1  3.5    67   155     868    (-,-) 
  g5308__1666/CO         -       CI->CO R     ADDFX1LVT         1  3.5    67   155    1024    (-,-) 
  g5291__5115/S          -       CI->S  R     ADDFX1LVT         1  3.1    63   195    1219    (-,-) 
  prod_reg_reg[4][10]/D  -       -      R     DFFQX2LVT         1    -     -     0    1219    (-,-) 
#---------------------------------------------------------------------------------------------------



Path 31: MET (328 ps) Setup Check with Pin data_out_reg_reg[4]/CK->D
          Group: clock
     Startpoint: (R) prod_reg_reg[7][4]/CK
          Clock: (R) clock
       Endpoint: (R) data_out_reg_reg[4]/D
          Clock: (R) clock

                     Capture       Launch     
        Clock Edge:+    1600            0     
       Src Latency:+       0            0     
       Net Latency:+       0 (I)        0 (I) 
           Arrival:=    1600            0     
                                              
             Setup:-      83                  
     Required Time:=    1517                  
      Launch Clock:-       0                  
         Data Path:-    1189                  
             Slack:=     328                  

#-----------------------------------------------------------------------------------------------------------------------------
#                   Timing Point                     Flags   Arc   Edge    Cell      Fanout Load Trans Delay Arrival Instance 
#                                                                                           (fF)  (ps)  (ps)   (ps)  Location 
#-----------------------------------------------------------------------------------------------------------------------------
  prod_reg_reg[7][4]/CK                              -       -     R     (arrival)      149    -     0     0       0    (-,-) 
  prod_reg_reg[7][4]/Q                               -       CK->Q F     DFFQX4LVT        1  3.7    26   151     151    (-,-) 
  csa_tree_ADD_TC_OP_12_groupi_cdnfadd_004_0__7410/S -       B->S  R     ADDFX1LVT        1  3.8    73   209     360    (-,-) 
  csa_tree_ADD_TC_OP_12_groupi_cdnfadd_004_3__2398/S -       B->S  F     ADDFX1LVT        1  3.8    78   231     592    (-,-) 
  csa_tree_ADD_TC_OP_12_groupi_cdnfadd_004_4__5107/S -       CI->S R     ADDFHX2LVT       2  7.1    78   240     832    (-,-) 
  csa_tree_ADD_TC_OP_12_groupi_g7056__5477/Y         -       B->Y  F     NOR2X2LVT        2  7.0    84    73     905    (-,-) 
  csa_tree_ADD_TC_OP_12_groupi_g7054__7410/Y         -       AN->Y F     NAND2BX1LVT      1  3.3   133   131    1036    (-,-) 
  csa_tree_ADD_TC_OP_12_groupi_g7050__2883/Y         -       B->Y  R     XNOR2X1LVT       1  3.2    57   153    1189    (-,-) 
  data_out_reg_reg[4]/D                              -       -     R     DFFHQX1LVT       1    -     -     0    1189    (-,-) 
#-----------------------------------------------------------------------------------------------------------------------------



Path 32: MET (329 ps) Setup Check with Pin prod_reg_reg[6][9]/CK->D
          Group: clock
     Startpoint: (R) shift_reg_reg[5][3]/CK
          Clock: (R) clock
       Endpoint: (R) prod_reg_reg[6][9]/D
          Clock: (R) clock

                     Capture       Launch     
        Clock Edge:+    1600            0     
       Src Latency:+       0            0     
       Net Latency:+       0 (I)        0 (I) 
           Arrival:=    1600            0     
                                              
             Setup:-      92                  
     Required Time:=    1508                  
      Launch Clock:-       0                  
         Data Path:-    1180                  
             Slack:=     329                  

#-------------------------------------------------------------------------------------------------
#     Timing Point       Flags    Arc   Edge    Cell     Fanout Load Trans Delay Arrival Instance 
#                                                               (fF)  (ps)  (ps)   (ps)  Location 
#-------------------------------------------------------------------------------------------------
  shift_reg_reg[5][3]/CK -       -      R     (arrival)     149    -     0     0       0    (-,-) 
  shift_reg_reg[5][3]/Q  -       CK->Q  F     DFFHQX1LVT      2  5.4    93   168     168    (-,-) 
  g5376/Y                -       A->Y   R     INVX2LVT        3  8.0    76    77     245    (-,-) 
  g5374__7410/Y          -       A->Y   F     NAND2X2LVT      2  5.4   111   103     348    (-,-) 
  g5337__1705/CO         -       CI->CO F     ADDFX1LVT       1  3.5    73   164     513    (-,-) 
  g5321__6260/CO         -       CI->CO F     ADDFX1LVT       1  3.5    73   150     663    (-,-) 
  g5305__2883/CO         -       CI->CO F     ADDFX1LVT       1  3.5    73   150     812    (-,-) 
  g5286__8246/CO         -       CI->CO F     ADDFX1LVT       1  3.5    73   150     962    (-,-) 
  g5267__5526/S          -       CI->S  R     ADDFX1LVT       1  3.1    63   218    1180    (-,-) 
  prod_reg_reg[6][9]/D   -       -      R     DFFQX2LVT       1    -     -     0    1180    (-,-) 
#-------------------------------------------------------------------------------------------------



Path 33: MET (329 ps) Setup Check with Pin prod_reg_reg[2][11]/CK->D
          Group: clock
     Startpoint: (R) prod_reg_reg[1][3]/CK
          Clock: (R) clock
       Endpoint: (R) prod_reg_reg[2][11]/D
          Clock: (R) clock

                     Capture       Launch     
        Clock Edge:+    1600            0     
       Src Latency:+       0            0     
       Net Latency:+       0 (I)        0 (I) 
           Arrival:=    1600            0     
                                              
             Setup:-      85                  
     Required Time:=    1515                  
      Launch Clock:-       0                  
         Data Path:-    1186                  
             Slack:=     329                  

#------------------------------------------------------------------------------------------------
#     Timing Point      Flags    Arc   Edge    Cell     Fanout Load Trans Delay Arrival Instance 
#                                                              (fF)  (ps)  (ps)   (ps)  Location 
#------------------------------------------------------------------------------------------------
  prod_reg_reg[1][3]/CK -       -      R     (arrival)     149    -     0     0       0    (-,-) 
  prod_reg_reg[1][3]/Q  -       CK->Q  R     DFFQX4LVT       4 10.0    46   151     151    (-,-) 
  g5423__1617/CO        -       B->CO  R     ADDHX1LVT       1  3.5    60   109     260    (-,-) 
  g5364__2346/CO        -       CI->CO R     ADDFX1LVT       1  3.5    67   152     412    (-,-) 
  g5348__1881/CO        -       CI->CO R     ADDFX1LVT       1  3.5    67   155     567    (-,-) 
  g5334__2802/CO        -       CI->CO R     ADDFX1LVT       1  3.5    67   155     722    (-,-) 
  g5317__2398/CO        -       CI->CO R     ADDFX1LVT       1  3.5    67   155     878    (-,-) 
  g5298__4733/CO        -       CI->CO R     ADDFX1LVT       1  3.5    67   155    1033    (-,-) 
  g5279__5122/CO        -       CI->CO R     ADDFX1LVT       1  3.2    63   153    1186    (-,-) 
  prod_reg_reg[2][11]/D -       -      R     DFFHQX1LVT      1    -     -     0    1186    (-,-) 
#------------------------------------------------------------------------------------------------



Path 34: MET (330 ps) Setup Check with Pin prod_reg_reg[0][8]/CK->D
          Group: clock
     Startpoint: (R) data_in_reg_reg[3]/CK
          Clock: (R) clock
       Endpoint: (R) prod_reg_reg[0][8]/D
          Clock: (R) clock

                     Capture       Launch     
        Clock Edge:+    1600            0     
       Src Latency:+       0            0     
       Net Latency:+       0 (I)        0 (I) 
           Arrival:=    1600            0     
                                              
             Setup:-      92                  
     Required Time:=    1508                  
      Launch Clock:-       0                  
         Data Path:-    1178                  
             Slack:=     330                  

#------------------------------------------------------------------------------------------------
#     Timing Point      Flags    Arc   Edge    Cell     Fanout Load Trans Delay Arrival Instance 
#                                                              (fF)  (ps)  (ps)   (ps)  Location 
#------------------------------------------------------------------------------------------------
  data_in_reg_reg[3]/CK -       -      R     (arrival)     149    -     0     0       0    (-,-) 
  data_in_reg_reg[3]/Q  -       CK->Q  F     DFFHQX1LVT      2  5.5    95   169     169    (-,-) 
  g5479/Y               -       A->Y   R     INVX2LVT        3  8.0    76    77     246    (-,-) 
  g5448__6131/Y         -       B->Y   F     NAND2X2LVT      2  5.4   115    99     346    (-,-) 
  g5379__6417/CO        -       CI->CO F     ADDFX1LVT       1  3.5    73   166     511    (-,-) 
  g5352__7482/CO        -       CI->CO F     ADDFX1LVT       1  3.5    73   150     661    (-,-) 
  g5338__5122/CO        -       CI->CO F     ADDFX1LVT       1  3.5    73   150     811    (-,-) 
  g5322__4319/CO        -       CI->CO F     ADDFX1LVT       1  3.5    73   150     961    (-,-) 
  g5306__2346/S         -       CI->S  R     ADDFX1LVT       1  3.1    63   218    1178    (-,-) 
  prod_reg_reg[0][8]/D  -       -      R     DFFQX2LVT       1    -     -     0    1178    (-,-) 
#------------------------------------------------------------------------------------------------



Path 35: MET (340 ps) Setup Check with Pin prod_reg_reg[7][8]/CK->D
          Group: clock
     Startpoint: (R) shift_reg_reg[6][3]/CK
          Clock: (R) clock
       Endpoint: (R) prod_reg_reg[7][8]/D
          Clock: (R) clock

                     Capture       Launch     
        Clock Edge:+    1600            0     
       Src Latency:+       0            0     
       Net Latency:+       0 (I)        0 (I) 
           Arrival:=    1600            0     
                                              
             Setup:-      92                  
     Required Time:=    1508                  
      Launch Clock:-       0                  
         Data Path:-    1168                  
             Slack:=     340                  

#-------------------------------------------------------------------------------------------------
#     Timing Point       Flags    Arc   Edge    Cell     Fanout Load Trans Delay Arrival Instance 
#                                                               (fF)  (ps)  (ps)   (ps)  Location 
#-------------------------------------------------------------------------------------------------
  shift_reg_reg[6][3]/CK -       -      R     (arrival)     149    -     0     0       0    (-,-) 
  shift_reg_reg[6][3]/QN -       CK->QN R     DFFRX1LVT       3  8.0   121   214     214    (-,-) 
  g5361__9945/Y          -       A->Y   F     NAND2X2LVT      2  5.4   115   122     335    (-,-) 
  g5332__3680/CO         -       CI->CO F     ADDFX1LVT       1  3.5    73   166     501    (-,-) 
  g5315__6417/CO         -       CI->CO F     ADDFX1LVT       1  3.5    73   150     651    (-,-) 
  g5299__6161/CO         -       CI->CO F     ADDFX1LVT       1  3.5    73   150     801    (-,-) 
  g5278__1705/CO         -       CI->CO F     ADDFX1LVT       1  3.5    73   150     951    (-,-) 
  g5262__4319/S          -       CI->S  R     ADDFX1LVT       1  3.1    63   218    1168    (-,-) 
  prod_reg_reg[7][8]/D   -       -      R     DFFQX2LVT       1    -     -     0    1168    (-,-) 
#-------------------------------------------------------------------------------------------------



Path 36: MET (390 ps) Setup Check with Pin prod_reg_reg[5][9]/CK->D
          Group: clock
     Startpoint: (R) shift_reg_reg[4][2]/CK
          Clock: (R) clock
       Endpoint: (R) prod_reg_reg[5][9]/D
          Clock: (R) clock

                     Capture       Launch     
        Clock Edge:+    1600            0     
       Src Latency:+       0            0     
       Net Latency:+       0 (I)        0 (I) 
           Arrival:=    1600            0     
                                              
             Setup:-      92                  
     Required Time:=    1508                  
      Launch Clock:-       0                  
         Data Path:-    1118                  
             Slack:=     390                  

#-------------------------------------------------------------------------------------------------
#     Timing Point       Flags    Arc   Edge    Cell     Fanout Load Trans Delay Arrival Instance 
#                                                               (fF)  (ps)  (ps)   (ps)  Location 
#-------------------------------------------------------------------------------------------------
  shift_reg_reg[4][2]/CK -       -      R     (arrival)     149    -     0     0       0    (-,-) 
  shift_reg_reg[4][2]/Q  -       CK->Q  R     DFFHQX1LVT      3  7.5   113   165     165    (-,-) 
  g5391__4319/CO         -       A->CO  R     ADDHX1LVT       1  3.5    60   141     306    (-,-) 
  g5349__5115/CO         -       CI->CO R     ADDFX1LVT       1  3.5    67   152     458    (-,-) 
  g5333__1617/CO         -       CI->CO R     ADDFX1LVT       1  3.5    67   155     613    (-,-) 
  g5318__5107/CO         -       CI->CO R     ADDFX1LVT       1  3.5    67   155     768    (-,-) 
  g5301__9945/CO         -       CI->CO R     ADDFX1LVT       1  3.5    67   155     923    (-,-) 
  g5276__1617/S          -       CI->S  R     ADDFX1LVT       1  3.1    63   195    1118    (-,-) 
  prod_reg_reg[5][9]/D   -       -      R     DFFQX2LVT       1    -     -     0    1118    (-,-) 
#-------------------------------------------------------------------------------------------------



Path 37: MET (432 ps) Setup Check with Pin prod_reg_reg[1][7]/CK->D
          Group: clock
     Startpoint: (R) shift_reg_reg[0][3]/CK
          Clock: (R) clock
       Endpoint: (R) prod_reg_reg[1][7]/D
          Clock: (R) clock

                     Capture       Launch     
        Clock Edge:+    1600            0     
       Src Latency:+       0            0     
       Net Latency:+       0 (I)        0 (I) 
           Arrival:=    1600            0     
                                              
             Setup:-      92                  
     Required Time:=    1508                  
      Launch Clock:-       0                  
         Data Path:-    1077                  
             Slack:=     432                  

#-------------------------------------------------------------------------------------------------
#     Timing Point       Flags    Arc   Edge    Cell     Fanout Load Trans Delay Arrival Instance 
#                                                               (fF)  (ps)  (ps)   (ps)  Location 
#-------------------------------------------------------------------------------------------------
  shift_reg_reg[0][3]/CK -       -      R     (arrival)     149    -     0     0       0    (-,-) 
  shift_reg_reg[0][3]/Q  -       CK->Q  F     DFFHQX1LVT      2  5.0    87   165     165    (-,-) 
  g5444/Y                -       A->Y   R     INVX1           3  7.5   175   143     308    (-,-) 
  g5431__5122/Y          -       A->Y   F     NAND2X1LVT      2  5.4   206   201     509    (-,-) 
  g5363__2883/CO         -       CI->CO F     ADDFX1LVT       1  3.5    74   200     709    (-,-) 
  g5346__7098/CO         -       CI->CO F     ADDFX1LVT       1  3.5    73   150     859    (-,-) 
  g5330__5526/S          -       CI->S  R     ADDFX1LVT       1  3.1    64   218    1077    (-,-) 
  prod_reg_reg[1][7]/D   -       -      R     DFFQX2LVT       1    -     -     0    1077    (-,-) 
#-------------------------------------------------------------------------------------------------



Path 38: MET (436 ps) Setup Check with Pin prod_reg_reg[2][9]/CK->D
          Group: clock
     Startpoint: (R) prod_reg_reg[1][3]/CK
          Clock: (R) clock
       Endpoint: (R) prod_reg_reg[2][9]/D
          Clock: (R) clock

                     Capture       Launch     
        Clock Edge:+    1600            0     
       Src Latency:+       0            0     
       Net Latency:+       0 (I)        0 (I) 
           Arrival:=    1600            0     
                                              
             Setup:-      92                  
     Required Time:=    1508                  
      Launch Clock:-       0                  
         Data Path:-    1072                  
             Slack:=     436                  

#-----------------------------------------------------------------------------------------------
#     Timing Point      Flags    Arc   Edge   Cell     Fanout Load Trans Delay Arrival Instance 
#                                                             (fF)  (ps)  (ps)   (ps)  Location 
#-----------------------------------------------------------------------------------------------
  prod_reg_reg[1][3]/CK -       -      R     (arrival)    149    -     0     0       0    (-,-) 
  prod_reg_reg[1][3]/Q  -       CK->Q  R     DFFQX4LVT      4 10.0    46   151     151    (-,-) 
  g5423__1617/CO        -       B->CO  R     ADDHX1LVT      1  3.5    60   109     260    (-,-) 
  g5364__2346/CO        -       CI->CO R     ADDFX1LVT      1  3.5    67   152     412    (-,-) 
  g5348__1881/CO        -       CI->CO R     ADDFX1LVT      1  3.5    67   155     567    (-,-) 
  g5334__2802/CO        -       CI->CO R     ADDFX1LVT      1  3.5    67   155     722    (-,-) 
  g5317__2398/CO        -       CI->CO R     ADDFX1LVT      1  3.5    67   155     878    (-,-) 
  g5298__4733/S         -       CI->S  R     ADDFX1LVT      1  3.1    63   195    1072    (-,-) 
  prod_reg_reg[2][9]/D  -       -      R     DFFQX2LVT      1    -     -     0    1072    (-,-) 
#-----------------------------------------------------------------------------------------------



Path 39: MET (443 ps) Setup Check with Pin prod_reg_reg[3][9]/CK->D
          Group: clock
     Startpoint: (R) shift_reg_reg[2][2]/CK
          Clock: (R) clock
       Endpoint: (R) prod_reg_reg[3][9]/D
          Clock: (R) clock

                     Capture       Launch     
        Clock Edge:+    1600            0     
       Src Latency:+       0            0     
       Net Latency:+       0 (I)        0 (I) 
           Arrival:=    1600            0     
                                              
             Setup:-      92                  
     Required Time:=    1508                  
      Launch Clock:-       0                  
         Data Path:-    1065                  
             Slack:=     443                  

#---------------------------------------------------------------------------------------------------
#     Timing Point       Flags    Arc   Edge     Cell      Fanout Load Trans Delay Arrival Instance 
#                                                                 (fF)  (ps)  (ps)   (ps)  Location 
#---------------------------------------------------------------------------------------------------
  shift_reg_reg[2][2]/CK -       -      R     (arrival)       149    -     0     0       0    (-,-) 
  shift_reg_reg[2][2]/Q  -       CK->Q  F     DFFHQX1LVT        3  7.2   122   184     184    (-,-) 
  g5454/Y                -       A->Y   R     INVX1LVT          1  3.4    70    89     273    (-,-) 
  g5390__6260/CO         -       A->CO  R     ADDHX1LVT         2  5.1    82   137     410    (-,-) 
  g5372__1666/Y          -       A1N->Y R     AOI2BB1X1LVT      1  3.5   125   125     535    (-,-) 
  g5347__6131/CO         -       CI->CO R     ADDFX1LVT         1  3.5    68   179     714    (-,-) 
  g5331__6783/CO         -       CI->CO R     ADDFX1LVT         1  3.5    67   155     870    (-,-) 
  g5316__5477/S          -       CI->S  R     ADDFX1LVT         1  3.1    63   195    1065    (-,-) 
  prod_reg_reg[3][9]/D   -       -      R     DFFQX4LVT         1    -     -     0    1065    (-,-) 
#---------------------------------------------------------------------------------------------------



Path 40: MET (444 ps) Setup Check with Pin prod_reg_reg[4][9]/CK->D
          Group: clock
     Startpoint: (R) shift_reg_reg[3][2]/CK
          Clock: (R) clock
       Endpoint: (R) prod_reg_reg[4][9]/D
          Clock: (R) clock

                     Capture       Launch     
        Clock Edge:+    1600            0     
       Src Latency:+       0            0     
       Net Latency:+       0 (I)        0 (I) 
           Arrival:=    1600            0     
                                              
             Setup:-      92                  
     Required Time:=    1508                  
      Launch Clock:-       0                  
         Data Path:-    1063                  
             Slack:=     444                  

#---------------------------------------------------------------------------------------------------
#     Timing Point       Flags    Arc   Edge     Cell      Fanout Load Trans Delay Arrival Instance 
#                                                                 (fF)  (ps)  (ps)   (ps)  Location 
#---------------------------------------------------------------------------------------------------
  shift_reg_reg[3][2]/CK -       -      R     (arrival)       149    -     0     0       0    (-,-) 
  shift_reg_reg[3][2]/Q  -       CK->Q  F     DFFQX1LVT         3  7.3   124   182     182    (-,-) 
  g5434/Y                -       A->Y   R     INVX1LVT          1  3.4    70    90     272    (-,-) 
  g5380__5477/CO         -       A->CO  R     ADDHX1LVT         2  5.1    82   137     409    (-,-) 
  g5360__9315/Y          -       A1N->Y R     AOI2BB1X1LVT      1  3.5   125   125     534    (-,-) 
  g5340__8246/CO         -       CI->CO R     ADDFX1LVT         1  3.5    68   179     713    (-,-) 
  g5324__8428/CO         -       CI->CO R     ADDFX1LVT         1  3.5    67   155     868    (-,-) 
  g5308__1666/S          -       CI->S  R     ADDFX1LVT         1  3.1    63   195    1063    (-,-) 
  prod_reg_reg[4][9]/D   -       -      R     DFFQX4LVT         1    -     -     0    1063    (-,-) 
#---------------------------------------------------------------------------------------------------



Path 41: MET (479 ps) Setup Check with Pin prod_reg_reg[6][8]/CK->D
          Group: clock
     Startpoint: (R) shift_reg_reg[5][3]/CK
          Clock: (R) clock
       Endpoint: (R) prod_reg_reg[6][8]/D
          Clock: (R) clock

                     Capture       Launch     
        Clock Edge:+    1600            0     
       Src Latency:+       0            0     
       Net Latency:+       0 (I)        0 (I) 
           Arrival:=    1600            0     
                                              
             Setup:-      92                  
     Required Time:=    1508                  
      Launch Clock:-       0                  
         Data Path:-    1030                  
             Slack:=     479                  

#-------------------------------------------------------------------------------------------------
#     Timing Point       Flags    Arc   Edge    Cell     Fanout Load Trans Delay Arrival Instance 
#                                                               (fF)  (ps)  (ps)   (ps)  Location 
#-------------------------------------------------------------------------------------------------
  shift_reg_reg[5][3]/CK -       -      R     (arrival)     149    -     0     0       0    (-,-) 
  shift_reg_reg[5][3]/Q  -       CK->Q  F     DFFHQX1LVT      2  5.4    93   168     168    (-,-) 
  g5376/Y                -       A->Y   R     INVX2LVT        3  8.0    76    77     245    (-,-) 
  g5374__7410/Y          -       A->Y   F     NAND2X2LVT      2  5.4   111   103     348    (-,-) 
  g5337__1705/CO         -       CI->CO F     ADDFX1LVT       1  3.5    73   164     513    (-,-) 
  g5321__6260/CO         -       CI->CO F     ADDFX1LVT       1  3.5    73   150     663    (-,-) 
  g5305__2883/CO         -       CI->CO F     ADDFX1LVT       1  3.5    73   150     812    (-,-) 
  g5286__8246/S          -       CI->S  R     ADDFX1LVT       1  3.1    63   218    1030    (-,-) 
  prod_reg_reg[6][8]/D   -       -      R     DFFQX2LVT       1    -     -     0    1030    (-,-) 
#-------------------------------------------------------------------------------------------------



Path 42: MET (479 ps) Setup Check with Pin prod_reg_reg[0][7]/CK->D
          Group: clock
     Startpoint: (R) data_in_reg_reg[3]/CK
          Clock: (R) clock
       Endpoint: (R) prod_reg_reg[0][7]/D
          Clock: (R) clock

                     Capture       Launch     
        Clock Edge:+    1600            0     
       Src Latency:+       0            0     
       Net Latency:+       0 (I)        0 (I) 
           Arrival:=    1600            0     
                                              
             Setup:-      92                  
     Required Time:=    1508                  
      Launch Clock:-       0                  
         Data Path:-    1029                  
             Slack:=     479                  

#------------------------------------------------------------------------------------------------
#     Timing Point      Flags    Arc   Edge    Cell     Fanout Load Trans Delay Arrival Instance 
#                                                              (fF)  (ps)  (ps)   (ps)  Location 
#------------------------------------------------------------------------------------------------
  data_in_reg_reg[3]/CK -       -      R     (arrival)     149    -     0     0       0    (-,-) 
  data_in_reg_reg[3]/Q  -       CK->Q  F     DFFHQX1LVT      2  5.5    95   169     169    (-,-) 
  g5479/Y               -       A->Y   R     INVX2LVT        3  8.0    76    77     246    (-,-) 
  g5448__6131/Y         -       B->Y   F     NAND2X2LVT      2  5.4   115    99     346    (-,-) 
  g5379__6417/CO        -       CI->CO F     ADDFX1LVT       1  3.5    73   166     511    (-,-) 
  g5352__7482/CO        -       CI->CO F     ADDFX1LVT       1  3.5    73   150     661    (-,-) 
  g5338__5122/CO        -       CI->CO F     ADDFX1LVT       1  3.5    73   150     811    (-,-) 
  g5322__4319/S         -       CI->S  R     ADDFX1LVT       1  3.1    63   218    1029    (-,-) 
  prod_reg_reg[0][7]/D  -       -      R     DFFQX4LVT       1    -     -     0    1029    (-,-) 
#------------------------------------------------------------------------------------------------



Path 43: MET (490 ps) Setup Check with Pin prod_reg_reg[7][7]/CK->D
          Group: clock
     Startpoint: (R) shift_reg_reg[6][3]/CK
          Clock: (R) clock
       Endpoint: (R) prod_reg_reg[7][7]/D
          Clock: (R) clock

                     Capture       Launch     
        Clock Edge:+    1600            0     
       Src Latency:+       0            0     
       Net Latency:+       0 (I)        0 (I) 
           Arrival:=    1600            0     
                                              
             Setup:-      92                  
     Required Time:=    1508                  
      Launch Clock:-       0                  
         Data Path:-    1018                  
             Slack:=     490                  

#-------------------------------------------------------------------------------------------------
#     Timing Point       Flags    Arc   Edge    Cell     Fanout Load Trans Delay Arrival Instance 
#                                                               (fF)  (ps)  (ps)   (ps)  Location 
#-------------------------------------------------------------------------------------------------
  shift_reg_reg[6][3]/CK -       -      R     (arrival)     149    -     0     0       0    (-,-) 
  shift_reg_reg[6][3]/QN -       CK->QN R     DFFRX1LVT       3  8.0   121   214     214    (-,-) 
  g5361__9945/Y          -       A->Y   F     NAND2X2LVT      2  5.4   115   122     335    (-,-) 
  g5332__3680/CO         -       CI->CO F     ADDFX1LVT       1  3.5    73   166     501    (-,-) 
  g5315__6417/CO         -       CI->CO F     ADDFX1LVT       1  3.5    73   150     651    (-,-) 
  g5299__6161/CO         -       CI->CO F     ADDFX1LVT       1  3.5    73   150     801    (-,-) 
  g5278__1705/S          -       CI->S  R     ADDFX1LVT       1  3.1    63   218    1018    (-,-) 
  prod_reg_reg[7][7]/D   -       -      R     DFFQX2LVT       1    -     -     0    1018    (-,-) 
#-------------------------------------------------------------------------------------------------



Path 44: MET (517 ps) Setup Check with Pin data_out_reg_reg[3]/CK->D
          Group: clock
     Startpoint: (R) prod_reg_reg[3][3]/CK
          Clock: (R) clock
       Endpoint: (R) data_out_reg_reg[3]/D
          Clock: (R) clock

                     Capture       Launch     
        Clock Edge:+    1600            0     
       Src Latency:+       0            0     
       Net Latency:+       0 (I)        0 (I) 
           Arrival:=    1600            0     
                                              
             Setup:-      81                  
     Required Time:=    1519                  
      Launch Clock:-       0                  
         Data Path:-    1002                  
             Slack:=     517                  

#------------------------------------------------------------------------------------------------------------------------------
#                   Timing Point                     Flags   Arc   Edge     Cell      Fanout Load Trans Delay Arrival Instance 
#                                                                                            (fF)  (ps)  (ps)   (ps)  Location 
#------------------------------------------------------------------------------------------------------------------------------
  prod_reg_reg[3][3]/CK                              -       -     R     (arrival)       149    -     0     0       0    (-,-) 
  prod_reg_reg[3][3]/Q                               -       CK->Q R     DFFHQX8LVT        7 14.5    39   164     164    (-,-) 
  csa_tree_ADD_TC_OP_12_groupi_g7064__3680/Y         -       A->Y  R     AND2X4LVT         2  7.6    52   124     288    (-,-) 
  csa_tree_ADD_TC_OP_12_groupi_g7061__8428/Y         -       B0->Y F     AOI2BB1X4LVT      1  3.7    40    42     330    (-,-) 
  csa_tree_ADD_TC_OP_12_groupi_cdnfadd_003_2__2346/S -       B->S  R     ADDFX1LVT         1  3.8    73   214     544    (-,-) 
  csa_tree_ADD_TC_OP_12_groupi_cdnfadd_003_3__1666/S -       CI->S F     ADDFHX1LVT        1  4.0    79   198     742    (-,-) 
  csa_tree_ADD_TC_OP_12_groupi_g7053__1666/S         -       CI->S R     ADDFHX4LVT        1  3.2    53   260    1002    (-,-) 
  data_out_reg_reg[3]/D                              -       -     R     DFFHQX1LVT        1    -     -     0    1002    (-,-) 
#------------------------------------------------------------------------------------------------------------------------------



Path 45: MET (546 ps) Setup Check with Pin prod_reg_reg[5][8]/CK->D
          Group: clock
     Startpoint: (R) shift_reg_reg[4][2]/CK
          Clock: (R) clock
       Endpoint: (R) prod_reg_reg[5][8]/D
          Clock: (R) clock

                     Capture       Launch     
        Clock Edge:+    1600            0     
       Src Latency:+       0            0     
       Net Latency:+       0 (I)        0 (I) 
           Arrival:=    1600            0     
                                              
             Setup:-      92                  
     Required Time:=    1508                  
      Launch Clock:-       0                  
         Data Path:-     963                  
             Slack:=     546                  

#-------------------------------------------------------------------------------------------------
#     Timing Point       Flags    Arc   Edge    Cell     Fanout Load Trans Delay Arrival Instance 
#                                                               (fF)  (ps)  (ps)   (ps)  Location 
#-------------------------------------------------------------------------------------------------
  shift_reg_reg[4][2]/CK -       -      R     (arrival)     149    -     0     0       0    (-,-) 
  shift_reg_reg[4][2]/Q  -       CK->Q  R     DFFHQX1LVT      3  7.5   113   165     165    (-,-) 
  g5391__4319/CO         -       A->CO  R     ADDHX1LVT       1  3.5    60   141     306    (-,-) 
  g5349__5115/CO         -       CI->CO R     ADDFX1LVT       1  3.5    67   152     458    (-,-) 
  g5333__1617/CO         -       CI->CO R     ADDFX1LVT       1  3.5    67   155     613    (-,-) 
  g5318__5107/CO         -       CI->CO R     ADDFX1LVT       1  3.5    67   155     768    (-,-) 
  g5301__9945/S          -       CI->S  R     ADDFX1LVT       1  3.1    63   195     963    (-,-) 
  prod_reg_reg[5][8]/D   -       -      R     DFFQX2LVT       1    -     -     0     963    (-,-) 
#-------------------------------------------------------------------------------------------------



Path 46: MET (582 ps) Setup Check with Pin prod_reg_reg[1][6]/CK->D
          Group: clock
     Startpoint: (R) shift_reg_reg[0][3]/CK
          Clock: (R) clock
       Endpoint: (R) prod_reg_reg[1][6]/D
          Clock: (R) clock

                     Capture       Launch     
        Clock Edge:+    1600            0     
       Src Latency:+       0            0     
       Net Latency:+       0 (I)        0 (I) 
           Arrival:=    1600            0     
                                              
             Setup:-      92                  
     Required Time:=    1508                  
      Launch Clock:-       0                  
         Data Path:-     927                  
             Slack:=     582                  

#-------------------------------------------------------------------------------------------------
#     Timing Point       Flags    Arc   Edge    Cell     Fanout Load Trans Delay Arrival Instance 
#                                                               (fF)  (ps)  (ps)   (ps)  Location 
#-------------------------------------------------------------------------------------------------
  shift_reg_reg[0][3]/CK -       -      R     (arrival)     149    -     0     0       0    (-,-) 
  shift_reg_reg[0][3]/Q  -       CK->Q  F     DFFHQX1LVT      2  5.0    87   165     165    (-,-) 
  g5444/Y                -       A->Y   R     INVX1           3  7.5   175   143     308    (-,-) 
  g5431__5122/Y          -       A->Y   F     NAND2X1LVT      2  5.4   206   201     509    (-,-) 
  g5363__2883/CO         -       CI->CO F     ADDFX1LVT       1  3.5    74   200     709    (-,-) 
  g5346__7098/S          -       CI->S  R     ADDFX1LVT       1  3.1    63   218     927    (-,-) 
  prod_reg_reg[1][6]/D   -       -      R     DFFQX2LVT       1    -     -     0     927    (-,-) 
#-------------------------------------------------------------------------------------------------



Path 47: MET (591 ps) Setup Check with Pin prod_reg_reg[2][8]/CK->D
          Group: clock
     Startpoint: (R) prod_reg_reg[1][3]/CK
          Clock: (R) clock
       Endpoint: (R) prod_reg_reg[2][8]/D
          Clock: (R) clock

                     Capture       Launch     
        Clock Edge:+    1600            0     
       Src Latency:+       0            0     
       Net Latency:+       0 (I)        0 (I) 
           Arrival:=    1600            0     
                                              
             Setup:-      92                  
     Required Time:=    1508                  
      Launch Clock:-       0                  
         Data Path:-     917                  
             Slack:=     591                  

#-----------------------------------------------------------------------------------------------
#     Timing Point      Flags    Arc   Edge   Cell     Fanout Load Trans Delay Arrival Instance 
#                                                             (fF)  (ps)  (ps)   (ps)  Location 
#-----------------------------------------------------------------------------------------------
  prod_reg_reg[1][3]/CK -       -      R     (arrival)    149    -     0     0       0    (-,-) 
  prod_reg_reg[1][3]/Q  -       CK->Q  R     DFFQX4LVT      4 10.0    46   151     151    (-,-) 
  g5423__1617/CO        -       B->CO  R     ADDHX1LVT      1  3.5    60   109     260    (-,-) 
  g5364__2346/CO        -       CI->CO R     ADDFX1LVT      1  3.5    67   152     412    (-,-) 
  g5348__1881/CO        -       CI->CO R     ADDFX1LVT      1  3.5    67   155     567    (-,-) 
  g5334__2802/CO        -       CI->CO R     ADDFX1LVT      1  3.5    67   155     722    (-,-) 
  g5317__2398/S         -       CI->S  R     ADDFX1LVT      1  3.1    63   195     917    (-,-) 
  prod_reg_reg[2][8]/D  -       -      R     DFFQX2LVT      1    -     -     0     917    (-,-) 
#-----------------------------------------------------------------------------------------------



Path 48: MET (598 ps) Setup Check with Pin prod_reg_reg[3][8]/CK->D
          Group: clock
     Startpoint: (R) shift_reg_reg[2][2]/CK
          Clock: (R) clock
       Endpoint: (R) prod_reg_reg[3][8]/D
          Clock: (R) clock

                     Capture       Launch     
        Clock Edge:+    1600            0     
       Src Latency:+       0            0     
       Net Latency:+       0 (I)        0 (I) 
           Arrival:=    1600            0     
                                              
             Setup:-      92                  
     Required Time:=    1508                  
      Launch Clock:-       0                  
         Data Path:-     910                  
             Slack:=     598                  

#---------------------------------------------------------------------------------------------------
#     Timing Point       Flags    Arc   Edge     Cell      Fanout Load Trans Delay Arrival Instance 
#                                                                 (fF)  (ps)  (ps)   (ps)  Location 
#---------------------------------------------------------------------------------------------------
  shift_reg_reg[2][2]/CK -       -      R     (arrival)       149    -     0     0       0    (-,-) 
  shift_reg_reg[2][2]/Q  -       CK->Q  F     DFFHQX1LVT        3  7.2   122   184     184    (-,-) 
  g5454/Y                -       A->Y   R     INVX1LVT          1  3.4    70    89     273    (-,-) 
  g5390__6260/CO         -       A->CO  R     ADDHX1LVT         2  5.1    82   137     410    (-,-) 
  g5372__1666/Y          -       A1N->Y R     AOI2BB1X1LVT      1  3.5   125   125     535    (-,-) 
  g5347__6131/CO         -       CI->CO R     ADDFX1LVT         1  3.5    68   179     714    (-,-) 
  g5331__6783/S          -       CI->S  R     ADDFX1LVT         1  3.1    63   195     910    (-,-) 
  prod_reg_reg[3][8]/D   -       -      R     DFFQX4LVT         1    -     -     0     910    (-,-) 
#---------------------------------------------------------------------------------------------------



Path 49: MET (600 ps) Setup Check with Pin prod_reg_reg[4][8]/CK->D
          Group: clock
     Startpoint: (R) shift_reg_reg[3][2]/CK
          Clock: (R) clock
       Endpoint: (R) prod_reg_reg[4][8]/D
          Clock: (R) clock

                     Capture       Launch     
        Clock Edge:+    1600            0     
       Src Latency:+       0            0     
       Net Latency:+       0 (I)        0 (I) 
           Arrival:=    1600            0     
                                              
             Setup:-      92                  
     Required Time:=    1508                  
      Launch Clock:-       0                  
         Data Path:-     908                  
             Slack:=     600                  

#---------------------------------------------------------------------------------------------------
#     Timing Point       Flags    Arc   Edge     Cell      Fanout Load Trans Delay Arrival Instance 
#                                                                 (fF)  (ps)  (ps)   (ps)  Location 
#---------------------------------------------------------------------------------------------------
  shift_reg_reg[3][2]/CK -       -      R     (arrival)       149    -     0     0       0    (-,-) 
  shift_reg_reg[3][2]/Q  -       CK->Q  F     DFFQX1LVT         3  7.3   124   182     182    (-,-) 
  g5434/Y                -       A->Y   R     INVX1LVT          1  3.4    70    90     272    (-,-) 
  g5380__5477/CO         -       A->CO  R     ADDHX1LVT         2  5.1    82   137     409    (-,-) 
  g5360__9315/Y          -       A1N->Y R     AOI2BB1X1LVT      1  3.5   125   125     534    (-,-) 
  g5340__8246/CO         -       CI->CO R     ADDFX1LVT         1  3.5    68   179     713    (-,-) 
  g5324__8428/S          -       CI->S  R     ADDFX1LVT         1  3.1    63   195     908    (-,-) 
  prod_reg_reg[4][8]/D   -       -      R     DFFQX4LVT         1    -     -     0     908    (-,-) 
#---------------------------------------------------------------------------------------------------



Path 50: MET (628 ps) Setup Check with Pin prod_reg_reg[6][7]/CK->D
          Group: clock
     Startpoint: (R) shift_reg_reg[5][3]/CK
          Clock: (R) clock
       Endpoint: (R) prod_reg_reg[6][7]/D
          Clock: (R) clock

                     Capture       Launch     
        Clock Edge:+    1600            0     
       Src Latency:+       0            0     
       Net Latency:+       0 (I)        0 (I) 
           Arrival:=    1600            0     
                                              
             Setup:-      92                  
     Required Time:=    1508                  
      Launch Clock:-       0                  
         Data Path:-     880                  
             Slack:=     628                  

#-------------------------------------------------------------------------------------------------
#     Timing Point       Flags    Arc   Edge    Cell     Fanout Load Trans Delay Arrival Instance 
#                                                               (fF)  (ps)  (ps)   (ps)  Location 
#-------------------------------------------------------------------------------------------------
  shift_reg_reg[5][3]/CK -       -      R     (arrival)     149    -     0     0       0    (-,-) 
  shift_reg_reg[5][3]/Q  -       CK->Q  F     DFFHQX1LVT      2  5.4    93   168     168    (-,-) 
  g5376/Y                -       A->Y   R     INVX2LVT        3  8.0    76    77     245    (-,-) 
  g5374__7410/Y          -       A->Y   F     NAND2X2LVT      2  5.4   111   103     348    (-,-) 
  g5337__1705/CO         -       CI->CO F     ADDFX1LVT       1  3.5    73   164     513    (-,-) 
  g5321__6260/CO         -       CI->CO F     ADDFX1LVT       1  3.5    73   150     663    (-,-) 
  g5305__2883/S          -       CI->S  R     ADDFX1LVT       1  3.1    63   218     880    (-,-) 
  prod_reg_reg[6][7]/D   -       -      R     DFFQX2LVT       1    -     -     0     880    (-,-) 
#-------------------------------------------------------------------------------------------------

