============================================================
  Generated by:           Genus(TM) Synthesis Solution 23.10-p004_1
  Generated on:           Oct 08 2026  09:43:39 pm
  Module:                 fir_serial_pipe
  Operating conditions:   PVT_0P9V_125C 
  Interconnect mode:      global
  Area mode:              physical library
============================================================


Path 1: VIOLATED (-409 ps) Setup Check with Pin data_out_reg_reg[14]/clk->d
          Group: clock
     Startpoint: (R) prod_reg_reg[1][6]/clk
          Clock: (R) clock
       Endpoint: (R) data_out_reg_reg[14]/d
          Clock: (R) clock

                     Capture       Launch     
        Clock Edge:+    1200            0     
       Src Latency:+       0            0     
       Net Latency:+       0 (I)        0 (I) 
           Arrival:=    1200            0     
                                              
             Setup:-      69                  
     Required Time:=    1131                  
      Launch Clock:-       0                  
         Data Path:-    1540                  
             Slack:=    -409                  

#-----------------------------------------------------------------------------------------------------------------------
#            Timing Point              Flags    Arc    Edge       Cell         Fanout Load Trans Delay Arrival Instance 
#                                                                                     (fF)  (ps)  (ps)   (ps)  Location 
#-----------------------------------------------------------------------------------------------------------------------
  prod_reg_reg[1][6]/clk               -       -       R     (arrival)            149    -     0     0       0    (-,-) 
  prod_reg_reg[1][6]/q                 (u)     clk->q  F     unmapped_d_flop        4  2.0     0   212     212    (-,-) 
  csa_tree_ADD_TC_OP_12_groupi/g1241/z (u)     in_1->z F     unmapped_or2           1  0.5     0    52     264    (-,-) 
  csa_tree_ADD_TC_OP_12_groupi/g2216/z (u)     in_0->z R     unmapped_nand2         1  0.5     0    52     316    (-,-) 
  csa_tree_ADD_TC_OP_12_groupi/g2123/z (u)     in_0->z F     unmapped_nand2         4  2.0     0    68     384    (-,-) 
  csa_tree_ADD_TC_OP_12_groupi/g238/z  (u)     in_1->z R     unmapped_nand2         1  0.5     0    52     436    (-,-) 
  csa_tree_ADD_TC_OP_12_groupi/g1968/z (u)     in_1->z F     unmapped_nand3         4  2.0     0    97     533    (-,-) 
  csa_tree_ADD_TC_OP_12_groupi/g1961/z (u)     in_0->z R     unmapped_complex2      1  0.5     0    52     585    (-,-) 
  csa_tree_ADD_TC_OP_12_groupi/g1962/z (u)     in_1->z F     unmapped_nand2         2  1.0     0    58     644    (-,-) 
  csa_tree_ADD_TC_OP_12_groupi/g1900/z (u)     in_0->z F     unmapped_complex2      1  0.5     0    52     696    (-,-) 
  csa_tree_ADD_TC_OP_12_groupi/g1901/z (u)     in_1->z R     unmapped_nand2         3  1.5     0    63     759    (-,-) 
  csa_tree_ADD_TC_OP_12_groupi/g1856/z (u)     in_0->z F     unmapped_complex2      1  0.5     0    52     811    (-,-) 
  csa_tree_ADD_TC_OP_12_groupi/g1857/z (u)     in_1->z R     unmapped_nand2         2  1.0     0    58     869    (-,-) 
  csa_tree_ADD_TC_OP_12_groupi/g1839/z (u)     in_0->z R     unmapped_complex2      1  0.5     0    52     921    (-,-) 
  csa_tree_ADD_TC_OP_12_groupi/g1840/z (u)     in_1->z F     unmapped_nand2         2  1.0     0    58     980    (-,-) 
  csa_tree_ADD_TC_OP_12_groupi/g1664/z (u)     in_1->z R     unmapped_nand2         3  1.5     0    63    1042    (-,-) 
  csa_tree_ADD_TC_OP_12_groupi/g1756/z (u)     in_1->z F     unmapped_nand2         1  0.5     0    52    1095    (-,-) 
  csa_tree_ADD_TC_OP_12_groupi/g1745/z (u)     in_1->z R     unmapped_nand2         3  1.5     0    63    1158    (-,-) 
  csa_tree_ADD_TC_OP_12_groupi/g1730/z (u)     in_1->z R     unmapped_or2           1  0.5     0    52    1210    (-,-) 
  csa_tree_ADD_TC_OP_12_groupi/g1722/z (u)     in_0->z F     unmapped_complex2      3  1.5     0    63    1273    (-,-) 
  csa_tree_ADD_TC_OP_12_groupi/g1718/z (u)     in_0->z R     unmapped_complex2      1  0.5     0    52    1325    (-,-) 
  csa_tree_ADD_TC_OP_12_groupi/g1702/z (u)     in_0->z F     unmapped_complex2      1  0.5     0    52    1377    (-,-) 
  csa_tree_ADD_TC_OP_12_groupi/g1699/z (u)     in_0->z F     unmapped_complex2      2  1.0     0    58    1436    (-,-) 
  csa_tree_ADD_TC_OP_12_groupi/g1694/z (u)     in_0->z F     unmapped_or2           1  0.5     0    52    1488    (-,-) 
  csa_tree_ADD_TC_OP_12_groupi/g1695/z (u)     in_1->z R     unmapped_nand2         1  0.5     0    52    1540    (-,-) 
  data_out_reg_reg[14]/d               -       -       R     unmapped_d_flop        1    -     -     0    1540    (-,-) 
#-----------------------------------------------------------------------------------------------------------------------

(u) : Net has unmapped pin(s).



Path 2: VIOLATED (-357 ps) Setup Check with Pin data_out_reg_reg[13]/clk->d
          Group: clock
     Startpoint: (R) prod_reg_reg[1][6]/clk
          Clock: (R) clock
       Endpoint: (R) data_out_reg_reg[13]/d
          Clock: (R) clock

                     Capture       Launch     
        Clock Edge:+    1200            0     
       Src Latency:+       0            0     
       Net Latency:+       0 (I)        0 (I) 
           Arrival:=    1200            0     
                                              
             Setup:-      69                  
     Required Time:=    1131                  
      Launch Clock:-       0                  
         Data Path:-    1488                  
             Slack:=    -357                  

#-----------------------------------------------------------------------------------------------------------------------
#            Timing Point              Flags    Arc    Edge       Cell         Fanout Load Trans Delay Arrival Instance 
#                                                                                     (fF)  (ps)  (ps)   (ps)  Location 
#-----------------------------------------------------------------------------------------------------------------------
  prod_reg_reg[1][6]/clk               -       -       R     (arrival)            149    -     0     0       0    (-,-) 
  prod_reg_reg[1][6]/q                 (u)     clk->q  F     unmapped_d_flop        4  2.0     0   212     212    (-,-) 
  csa_tree_ADD_TC_OP_12_groupi/g1241/z (u)     in_1->z F     unmapped_or2           1  0.5     0    52     264    (-,-) 
  csa_tree_ADD_TC_OP_12_groupi/g2216/z (u)     in_0->z R     unmapped_nand2         1  0.5     0    52     316    (-,-) 
  csa_tree_ADD_TC_OP_12_groupi/g2123/z (u)     in_0->z F     unmapped_nand2         4  2.0     0    68     384    (-,-) 
  csa_tree_ADD_TC_OP_12_groupi/g238/z  (u)     in_1->z R     unmapped_nand2         1  0.5     0    52     436    (-,-) 
  csa_tree_ADD_TC_OP_12_groupi/g1968/z (u)     in_1->z F     unmapped_nand3         4  2.0     0    97     533    (-,-) 
  csa_tree_ADD_TC_OP_12_groupi/g1961/z (u)     in_0->z R     unmapped_complex2      1  0.5     0    52     585    (-,-) 
  csa_tree_ADD_TC_OP_12_groupi/g1962/z (u)     in_1->z F     unmapped_nand2         2  1.0     0    58     644    (-,-) 
  csa_tree_ADD_TC_OP_12_groupi/g1900/z (u)     in_0->z F     unmapped_complex2      1  0.5     0    52     696    (-,-) 
  csa_tree_ADD_TC_OP_12_groupi/g1901/z (u)     in_1->z R     unmapped_nand2         3  1.5     0    63     759    (-,-) 
  csa_tree_ADD_TC_OP_12_groupi/g1856/z (u)     in_0->z F     unmapped_complex2      1  0.5     0    52     811    (-,-) 
  csa_tree_ADD_TC_OP_12_groupi/g1857/z (u)     in_1->z R     unmapped_nand2         2  1.0     0    58     869    (-,-) 
  csa_tree_ADD_TC_OP_12_groupi/g1839/z (u)     in_0->z R     unmapped_complex2      1  0.5     0    52     921    (-,-) 
  csa_tree_ADD_TC_OP_12_groupi/g1840/z (u)     in_1->z F     unmapped_nand2         2  1.0     0    58     980    (-,-) 
  csa_tree_ADD_TC_OP_12_groupi/g1664/z (u)     in_1->z R     unmapped_nand2         3  1.5     0    63    1042    (-,-) 
  csa_tree_ADD_TC_OP_12_groupi/g1756/z (u)     in_1->z F     unmapped_nand2         1  0.5     0    52    1095    (-,-) 
  csa_tree_ADD_TC_OP_12_groupi/g1745/z (u)     in_1->z R     unmapped_nand2         3  1.5     0    63    1158    (-,-) 
  csa_tree_ADD_TC_OP_12_groupi/g1730/z (u)     in_1->z R     unmapped_or2           1  0.5     0    52    1210    (-,-) 
  csa_tree_ADD_TC_OP_12_groupi/g1722/z (u)     in_0->z F     unmapped_complex2      3  1.5     0    63    1273    (-,-) 
  csa_tree_ADD_TC_OP_12_groupi/g1709/z (u)     in_1->z R     unmapped_nand2         1  0.5     0    52    1325    (-,-) 
  csa_tree_ADD_TC_OP_12_groupi/g1686/z (u)     in_0->z F     unmapped_complex2      2  1.0     0    58    1383    (-,-) 
  csa_tree_ADD_TC_OP_12_groupi/g1697/z (u)     in_0->z F     unmapped_or2           1  0.5     0    52    1436    (-,-) 
  csa_tree_ADD_TC_OP_12_groupi/g1698/z (u)     in_1->z R     unmapped_nand2         1  0.5     0    52    1488    (-,-) 
  data_out_reg_reg[13]/d               -       -       R     unmapped_d_flop        1    -     -     0    1488    (-,-) 
#-----------------------------------------------------------------------------------------------------------------------

(u) : Net has unmapped pin(s).



Path 3: VIOLATED (-310 ps) Setup Check with Pin data_out_reg_reg[15]/clk->d
          Group: clock
     Startpoint: (R) prod_reg_reg[1][6]/clk
          Clock: (R) clock
       Endpoint: (R) data_out_reg_reg[15]/d
          Clock: (R) clock

                     Capture       Launch     
        Clock Edge:+    1200            0     
       Src Latency:+       0            0     
       Net Latency:+       0 (I)        0 (I) 
           Arrival:=    1200            0     
                                              
             Setup:-      69                  
     Required Time:=    1131                  
      Launch Clock:-       0                  
         Data Path:-    1440                  
             Slack:=    -310                  

#-----------------------------------------------------------------------------------------------------------------------
#            Timing Point              Flags    Arc    Edge       Cell         Fanout Load Trans Delay Arrival Instance 
#                                                                                     (fF)  (ps)  (ps)   (ps)  Location 
#-----------------------------------------------------------------------------------------------------------------------
  prod_reg_reg[1][6]/clk               -       -       R     (arrival)            149    -     0     0       0    (-,-) 
  prod_reg_reg[1][6]/q                 (u)     clk->q  F     unmapped_d_flop        4  2.0     0   212     212    (-,-) 
  csa_tree_ADD_TC_OP_12_groupi/g1241/z (u)     in_1->z F     unmapped_or2           1  0.5     0    52     264    (-,-) 
  csa_tree_ADD_TC_OP_12_groupi/g2216/z (u)     in_0->z R     unmapped_nand2         1  0.5     0    52     316    (-,-) 
  csa_tree_ADD_TC_OP_12_groupi/g2123/z (u)     in_0->z F     unmapped_nand2         4  2.0     0    68     384    (-,-) 
  csa_tree_ADD_TC_OP_12_groupi/g238/z  (u)     in_1->z R     unmapped_nand2         1  0.5     0    52     436    (-,-) 
  csa_tree_ADD_TC_OP_12_groupi/g1968/z (u)     in_1->z F     unmapped_nand3         4  2.0     0    97     533    (-,-) 
  csa_tree_ADD_TC_OP_12_groupi/g1961/z (u)     in_0->z R     unmapped_complex2      1  0.5     0    52     585    (-,-) 
  csa_tree_ADD_TC_OP_12_groupi/g1962/z (u)     in_1->z F     unmapped_nand2         2  1.0     0    58     644    (-,-) 
  csa_tree_ADD_TC_OP_12_groupi/g1900/z (u)     in_0->z F     unmapped_complex2      1  0.5     0    52     696    (-,-) 
  csa_tree_ADD_TC_OP_12_groupi/g1901/z (u)     in_1->z R     unmapped_nand2         3  1.5     0    63     759    (-,-) 
  csa_tree_ADD_TC_OP_12_groupi/g1856/z (u)     in_0->z F     unmapped_complex2      1  0.5     0    52     811    (-,-) 
  csa_tree_ADD_TC_OP_12_groupi/g1857/z (u)     in_1->z R     unmapped_nand2         2  1.0     0    58     869    (-,-) 
  csa_tree_ADD_TC_OP_12_groupi/g1839/z (u)     in_0->z R     unmapped_complex2      1  0.5     0    52     921    (-,-) 
  csa_tree_ADD_TC_OP_12_groupi/g1840/z (u)     in_1->z F     unmapped_nand2         2  1.0     0    58     980    (-,-) 
  csa_tree_ADD_TC_OP_12_groupi/g1664/z (u)     in_1->z R     unmapped_nand2         3  1.5     0    63    1042    (-,-) 
  csa_tree_ADD_TC_OP_12_groupi/g1756/z (u)     in_1->z F     unmapped_nand2         1  0.5     0    52    1095    (-,-) 
  csa_tree_ADD_TC_OP_12_groupi/g1745/z (u)     in_1->z R     unmapped_nand2         3  1.5     0    63    1158    (-,-) 
  csa_tree_ADD_TC_OP_12_groupi/g1730/z (u)     in_1->z R     unmapped_or2           1  0.5     0    52    1210    (-,-) 
  csa_tree_ADD_TC_OP_12_groupi/g1722/z (u)     in_0->z F     unmapped_complex2      3  1.5     0    63    1273    (-,-) 
  csa_tree_ADD_TC_OP_12_groupi/g1716/z (u)     in_0->z F     unmapped_complex2      3  1.5     0    63    1336    (-,-) 
  csa_tree_ADD_TC_OP_12_groupi/g1253/z (u)     in_0->z R     unmapped_complex2      1  0.5     0    52    1388    (-,-) 
  csa_tree_ADD_TC_OP_12_groupi/g2370/z (u)     in_0->z R     unmapped_complex2      1  0.5     0    52    1440    (-,-) 
  data_out_reg_reg[15]/d               -       -       R     unmapped_d_flop        1    -     -     0    1440    (-,-) 
#-----------------------------------------------------------------------------------------------------------------------

(u) : Net has unmapped pin(s).



Path 4: VIOLATED (-310 ps) Setup Check with Pin data_out_reg_reg[12]/clk->d
          Group: clock
     Startpoint: (R) prod_reg_reg[1][6]/clk
          Clock: (R) clock
       Endpoint: (R) data_out_reg_reg[12]/d
          Clock: (R) clock

                     Capture       Launch     
        Clock Edge:+    1200            0     
       Src Latency:+       0            0     
       Net Latency:+       0 (I)        0 (I) 
           Arrival:=    1200            0     
                                              
             Setup:-      69                  
     Required Time:=    1131                  
      Launch Clock:-       0                  
         Data Path:-    1440                  
             Slack:=    -310                  

#-----------------------------------------------------------------------------------------------------------------------
#            Timing Point              Flags    Arc    Edge       Cell         Fanout Load Trans Delay Arrival Instance 
#                                                                                     (fF)  (ps)  (ps)   (ps)  Location 
#-----------------------------------------------------------------------------------------------------------------------
  prod_reg_reg[1][6]/clk               -       -       R     (arrival)            149    -     0     0       0    (-,-) 
  prod_reg_reg[1][6]/q                 (u)     clk->q  F     unmapped_d_flop        4  2.0     0   212     212    (-,-) 
  csa_tree_ADD_TC_OP_12_groupi/g1241/z (u)     in_1->z F     unmapped_or2           1  0.5     0    52     264    (-,-) 
  csa_tree_ADD_TC_OP_12_groupi/g2216/z (u)     in_0->z R     unmapped_nand2         1  0.5     0    52     316    (-,-) 
  csa_tree_ADD_TC_OP_12_groupi/g2123/z (u)     in_0->z F     unmapped_nand2         4  2.0     0    68     384    (-,-) 
  csa_tree_ADD_TC_OP_12_groupi/g238/z  (u)     in_1->z R     unmapped_nand2         1  0.5     0    52     436    (-,-) 
  csa_tree_ADD_TC_OP_12_groupi/g1968/z (u)     in_1->z F     unmapped_nand3         4  2.0     0    97     533    (-,-) 
  csa_tree_ADD_TC_OP_12_groupi/g1961/z (u)     in_0->z R     unmapped_complex2      1  0.5     0    52     585    (-,-) 
  csa_tree_ADD_TC_OP_12_groupi/g1962/z (u)     in_1->z F     unmapped_nand2         2  1.0     0    58     644    (-,-) 
  csa_tree_ADD_TC_OP_12_groupi/g1900/z (u)     in_0->z F     unmapped_complex2      1  0.5     0    52     696    (-,-) 
  csa_tree_ADD_TC_OP_12_groupi/g1901/z (u)     in_1->z R     unmapped_nand2         3  1.5     0    63     759    (-,-) 
  csa_tree_ADD_TC_OP_12_groupi/g1856/z (u)     in_0->z F     unmapped_complex2      1  0.5     0    52     811    (-,-) 
  csa_tree_ADD_TC_OP_12_groupi/g1857/z (u)     in_1->z R     unmapped_nand2         2  1.0     0    58     869    (-,-) 
  csa_tree_ADD_TC_OP_12_groupi/g1839/z (u)     in_0->z R     unmapped_complex2      1  0.5     0    52     921    (-,-) 
  csa_tree_ADD_TC_OP_12_groupi/g1840/z (u)     in_1->z F     unmapped_nand2         2  1.0     0    58     980    (-,-) 
  csa_tree_ADD_TC_OP_12_groupi/g1664/z (u)     in_1->z R     unmapped_nand2         3  1.5     0    63    1042    (-,-) 
  csa_tree_ADD_TC_OP_12_groupi/g1756/z (u)     in_1->z F     unmapped_nand2         1  0.5     0    52    1095    (-,-) 
  csa_tree_ADD_TC_OP_12_groupi/g1745/z (u)     in_1->z R     unmapped_nand2         3  1.5     0    63    1158    (-,-) 
  csa_tree_ADD_TC_OP_12_groupi/g1730/z (u)     in_1->z R     unmapped_or2           1  0.5     0    52    1210    (-,-) 
  csa_tree_ADD_TC_OP_12_groupi/g1722/z (u)     in_0->z F     unmapped_complex2      3  1.5     0    63    1273    (-,-) 
  csa_tree_ADD_TC_OP_12_groupi/g1716/z (u)     in_0->z F     unmapped_complex2      3  1.5     0    63    1336    (-,-) 
  csa_tree_ADD_TC_OP_12_groupi/g1704/z (u)     in_0->z F     unmapped_or2           1  0.5     0    52    1388    (-,-) 
  csa_tree_ADD_TC_OP_12_groupi/g1705/z (u)     in_1->z R     unmapped_nand2         1  0.5     0    52    1440    (-,-) 
  data_out_reg_reg[12]/d               -       -       R     unmapped_d_flop        1    -     -     0    1440    (-,-) 
#-----------------------------------------------------------------------------------------------------------------------

(u) : Net has unmapped pin(s).



Path 5: VIOLATED (-294 ps) Setup Check with Pin data_out_reg_reg[11]/clk->d
          Group: clock
     Startpoint: (R) prod_reg_reg[1][6]/clk
          Clock: (R) clock
       Endpoint: (R) data_out_reg_reg[11]/d
          Clock: (R) clock

                     Capture       Launch     
        Clock Edge:+    1200            0     
       Src Latency:+       0            0     
       Net Latency:+       0 (I)        0 (I) 
           Arrival:=    1200            0     
                                              
             Setup:-      69                  
     Required Time:=    1131                  
      Launch Clock:-       0                  
         Data Path:-    1425                  
             Slack:=    -294                  

#-----------------------------------------------------------------------------------------------------------------------
#            Timing Point              Flags    Arc    Edge       Cell         Fanout Load Trans Delay Arrival Instance 
#                                                                                     (fF)  (ps)  (ps)   (ps)  Location 
#-----------------------------------------------------------------------------------------------------------------------
  prod_reg_reg[1][6]/clk               -       -       R     (arrival)            149    -     0     0       0    (-,-) 
  prod_reg_reg[1][6]/q                 (u)     clk->q  F     unmapped_d_flop        4  2.0     0   212     212    (-,-) 
  csa_tree_ADD_TC_OP_12_groupi/g1241/z (u)     in_1->z F     unmapped_or2           1  0.5     0    52     264    (-,-) 
  csa_tree_ADD_TC_OP_12_groupi/g2216/z (u)     in_0->z R     unmapped_nand2         1  0.5     0    52     316    (-,-) 
  csa_tree_ADD_TC_OP_12_groupi/g2123/z (u)     in_0->z F     unmapped_nand2         4  2.0     0    68     384    (-,-) 
  csa_tree_ADD_TC_OP_12_groupi/g238/z  (u)     in_1->z R     unmapped_nand2         1  0.5     0    52     436    (-,-) 
  csa_tree_ADD_TC_OP_12_groupi/g1968/z (u)     in_1->z F     unmapped_nand3         4  2.0     0    97     533    (-,-) 
  csa_tree_ADD_TC_OP_12_groupi/g1961/z (u)     in_0->z R     unmapped_complex2      1  0.5     0    52     585    (-,-) 
  csa_tree_ADD_TC_OP_12_groupi/g1962/z (u)     in_1->z F     unmapped_nand2         2  1.0     0    58     644    (-,-) 
  csa_tree_ADD_TC_OP_12_groupi/g1900/z (u)     in_0->z F     unmapped_complex2      1  0.5     0    52     696    (-,-) 
  csa_tree_ADD_TC_OP_12_groupi/g1901/z (u)     in_1->z R     unmapped_nand2         3  1.5     0    63     759    (-,-) 
  csa_tree_ADD_TC_OP_12_groupi/g1856/z (u)     in_0->z F     unmapped_complex2      1  0.5     0    52     811    (-,-) 
  csa_tree_ADD_TC_OP_12_groupi/g1857/z (u)     in_1->z R     unmapped_nand2         2  1.0     0    58     869    (-,-) 
  csa_tree_ADD_TC_OP_12_groupi/g1839/z (u)     in_0->z R     unmapped_complex2      1  0.5     0    52     921    (-,-) 
  csa_tree_ADD_TC_OP_12_groupi/g1840/z (u)     in_1->z F     unmapped_nand2         2  1.0     0    58     980    (-,-) 
  csa_tree_ADD_TC_OP_12_groupi/g1664/z (u)     in_1->z R     unmapped_nand2         3  1.5     0    63    1042    (-,-) 
  csa_tree_ADD_TC_OP_12_groupi/g1756/z (u)     in_1->z F     unmapped_nand2         1  0.5     0    52    1095    (-,-) 
  csa_tree_ADD_TC_OP_12_groupi/g1745/z (u)     in_1->z R     unmapped_nand2         3  1.5     0    63    1158    (-,-) 
  csa_tree_ADD_TC_OP_12_groupi/g1736/z (u)     in_0->z R     unmapped_complex2      1  0.5     0    52    1210    (-,-) 
  csa_tree_ADD_TC_OP_12_groupi/g1724/z (u)     in_0->z F     unmapped_nand2         1  0.5     0    52    1262    (-,-) 
  csa_tree_ADD_TC_OP_12_groupi/g1717/z (u)     in_0->z F     unmapped_complex2      2  1.0     0    58    1320    (-,-) 
  csa_tree_ADD_TC_OP_12_groupi/g1707/z (u)     in_0->z F     unmapped_or2           1  0.5     0    52    1372    (-,-) 
  csa_tree_ADD_TC_OP_12_groupi/g1708/z (u)     in_1->z R     unmapped_nand2         1  0.5     0    52    1425    (-,-) 
  data_out_reg_reg[11]/d               -       -       R     unmapped_d_flop        1    -     -     0    1425    (-,-) 
#-----------------------------------------------------------------------------------------------------------------------

(u) : Net has unmapped pin(s).



Path 6: VIOLATED (-286 ps) Setup Check with Pin data_out_reg_reg[10]/clk->d
          Group: clock
     Startpoint: (R) prod_reg_reg[1][4]/clk
          Clock: (R) clock
       Endpoint: (R) data_out_reg_reg[10]/d
          Clock: (R) clock

                     Capture       Launch     
        Clock Edge:+    1200            0     
       Src Latency:+       0            0     
       Net Latency:+       0 (I)        0 (I) 
           Arrival:=    1200            0     
                                              
             Setup:-      69                  
     Required Time:=    1131                  
      Launch Clock:-       0                  
         Data Path:-    1417                  
             Slack:=    -286                  

#-----------------------------------------------------------------------------------------------------------------------
#            Timing Point              Flags    Arc    Edge       Cell         Fanout Load Trans Delay Arrival Instance 
#                                                                                     (fF)  (ps)  (ps)   (ps)  Location 
#-----------------------------------------------------------------------------------------------------------------------
  prod_reg_reg[1][4]/clk               -       -       R     (arrival)            149    -     0     0       0    (-,-) 
  prod_reg_reg[1][4]/q                 (u)     clk->q  R     unmapped_d_flop        4  2.0     0   212     212    (-,-) 
  csa_tree_ADD_TC_OP_12_groupi/g1255/z (u)     in_1->z R     unmapped_or2           1  0.5     0    52     264    (-,-) 
  csa_tree_ADD_TC_OP_12_groupi/g2199/z (u)     in_0->z F     unmapped_nand2         1  0.5     0    52     316    (-,-) 
  csa_tree_ADD_TC_OP_12_groupi/g2104/z (u)     in_0->z R     unmapped_nand2         4  2.0     0    68     384    (-,-) 
  csa_tree_ADD_TC_OP_12_groupi/g2088/z (u)     in_0->z R     unmapped_complex2      1  0.5     0    52     436    (-,-) 
  csa_tree_ADD_TC_OP_12_groupi/g2089/z (u)     in_1->z F     unmapped_nand2         2  1.0     0    58     494    (-,-) 
  csa_tree_ADD_TC_OP_12_groupi/g2023/z (u)     in_0->z F     unmapped_complex2      1  0.5     0    52     546    (-,-) 
  csa_tree_ADD_TC_OP_12_groupi/g2024/z (u)     in_1->z R     unmapped_nand2         4  2.0     0    68     614    (-,-) 
  csa_tree_ADD_TC_OP_12_groupi/g1917/z (u)     in_1->z F     unmapped_complex2      1  0.5     0    52     666    (-,-) 
  csa_tree_ADD_TC_OP_12_groupi/g1918/z (u)     in_1->z R     unmapped_nand2         2  1.0     0    58     724    (-,-) 
  csa_tree_ADD_TC_OP_12_groupi/g1859/z (u)     in_0->z R     unmapped_complex2      1  0.5     0    52     776    (-,-) 
  csa_tree_ADD_TC_OP_12_groupi/g1860/z (u)     in_1->z F     unmapped_nand2         2  1.0     0    58     835    (-,-) 
  csa_tree_ADD_TC_OP_12_groupi/g1827/z (u)     in_1->z F     unmapped_or2           3  1.5     0    63     898    (-,-) 
  csa_tree_ADD_TC_OP_12_groupi/g1792/z (u)     in_1->z R     unmapped_complex2      1  0.5     0    52     950    (-,-) 
  csa_tree_ADD_TC_OP_12_groupi/g1786/z (u)     in_0->z F     unmapped_nand2         1  0.5     0    52    1002    (-,-) 
  csa_tree_ADD_TC_OP_12_groupi/g1774/z (u)     in_1->z F     unmapped_complex2      4  2.0     0    68    1070    (-,-) 
  csa_tree_ADD_TC_OP_12_groupi/g1760/z (u)     in_0->z R     unmapped_complex2      1  0.5     0    52    1122    (-,-) 
  csa_tree_ADD_TC_OP_12_groupi/g1748/z (u)     in_0->z F     unmapped_complex2      7  3.5     0    80    1202    (-,-) 
  csa_tree_ADD_TC_OP_12_groupi/g1740/z (u)     in_0->z R     unmapped_complex2      1  0.5     0    52    1254    (-,-) 
  csa_tree_ADD_TC_OP_12_groupi/g1721/z (u)     in_0->z F     unmapped_nand2         2  1.0     0    58    1312    (-,-) 
  csa_tree_ADD_TC_OP_12_groupi/g1711/z (u)     in_0->z F     unmapped_or2           1  0.5     0    52    1365    (-,-) 
  csa_tree_ADD_TC_OP_12_groupi/g1712/z (u)     in_1->z R     unmapped_nand2         1  0.5     0    52    1417    (-,-) 
  data_out_reg_reg[10]/d               -       -       R     unmapped_d_flop        1    -     -     0    1417    (-,-) 
#-----------------------------------------------------------------------------------------------------------------------

(u) : Net has unmapped pin(s).



Path 7: VIOLATED (-286 ps) Setup Check with Pin data_out_reg_reg[9]/clk->d
          Group: clock
     Startpoint: (R) prod_reg_reg[1][4]/clk
          Clock: (R) clock
       Endpoint: (R) data_out_reg_reg[9]/d
          Clock: (R) clock

                     Capture       Launch     
        Clock Edge:+    1200            0     
       Src Latency:+       0            0     
       Net Latency:+       0 (I)        0 (I) 
           Arrival:=    1200            0     
                                              
             Setup:-      69                  
     Required Time:=    1131                  
      Launch Clock:-       0                  
         Data Path:-    1417                  
             Slack:=    -286                  

#-----------------------------------------------------------------------------------------------------------------------
#            Timing Point              Flags    Arc    Edge       Cell         Fanout Load Trans Delay Arrival Instance 
#                                                                                     (fF)  (ps)  (ps)   (ps)  Location 
#-----------------------------------------------------------------------------------------------------------------------
  prod_reg_reg[1][4]/clk               -       -       R     (arrival)            149    -     0     0       0    (-,-) 
  prod_reg_reg[1][4]/q                 (u)     clk->q  R     unmapped_d_flop        4  2.0     0   212     212    (-,-) 
  csa_tree_ADD_TC_OP_12_groupi/g1255/z (u)     in_1->z R     unmapped_or2           1  0.5     0    52     264    (-,-) 
  csa_tree_ADD_TC_OP_12_groupi/g2199/z (u)     in_0->z F     unmapped_nand2         1  0.5     0    52     316    (-,-) 
  csa_tree_ADD_TC_OP_12_groupi/g2104/z (u)     in_0->z R     unmapped_nand2         4  2.0     0    68     384    (-,-) 
  csa_tree_ADD_TC_OP_12_groupi/g2088/z (u)     in_0->z R     unmapped_complex2      1  0.5     0    52     436    (-,-) 
  csa_tree_ADD_TC_OP_12_groupi/g2089/z (u)     in_1->z F     unmapped_nand2         2  1.0     0    58     494    (-,-) 
  csa_tree_ADD_TC_OP_12_groupi/g2023/z (u)     in_0->z F     unmapped_complex2      1  0.5     0    52     546    (-,-) 
  csa_tree_ADD_TC_OP_12_groupi/g2024/z (u)     in_1->z R     unmapped_nand2         4  2.0     0    68     614    (-,-) 
  csa_tree_ADD_TC_OP_12_groupi/g1917/z (u)     in_1->z F     unmapped_complex2      1  0.5     0    52     666    (-,-) 
  csa_tree_ADD_TC_OP_12_groupi/g1918/z (u)     in_1->z R     unmapped_nand2         2  1.0     0    58     724    (-,-) 
  csa_tree_ADD_TC_OP_12_groupi/g1859/z (u)     in_0->z R     unmapped_complex2      1  0.5     0    52     776    (-,-) 
  csa_tree_ADD_TC_OP_12_groupi/g1860/z (u)     in_1->z F     unmapped_nand2         2  1.0     0    58     835    (-,-) 
  csa_tree_ADD_TC_OP_12_groupi/g1827/z (u)     in_1->z F     unmapped_or2           3  1.5     0    63     898    (-,-) 
  csa_tree_ADD_TC_OP_12_groupi/g1792/z (u)     in_1->z R     unmapped_complex2      1  0.5     0    52     950    (-,-) 
  csa_tree_ADD_TC_OP_12_groupi/g1786/z (u)     in_0->z F     unmapped_nand2         1  0.5     0    52    1002    (-,-) 
  csa_tree_ADD_TC_OP_12_groupi/g1774/z (u)     in_1->z F     unmapped_complex2      4  2.0     0    68    1070    (-,-) 
  csa_tree_ADD_TC_OP_12_groupi/g1760/z (u)     in_0->z R     unmapped_complex2      1  0.5     0    52    1122    (-,-) 
  csa_tree_ADD_TC_OP_12_groupi/g1748/z (u)     in_0->z F     unmapped_complex2      7  3.5     0    80    1202    (-,-) 
  csa_tree_ADD_TC_OP_12_groupi/g1727/z (u)     in_1->z R     unmapped_nand2         1  0.5     0    52    1254    (-,-) 
  csa_tree_ADD_TC_OP_12_groupi/g1720/z (u)     in_1->z F     unmapped_nand2         2  1.0     0    58    1312    (-,-) 
  csa_tree_ADD_TC_OP_12_groupi/g1714/z (u)     in_0->z F     unmapped_or2           1  0.5     0    52    1365    (-,-) 
  csa_tree_ADD_TC_OP_12_groupi/g1715/z (u)     in_1->z R     unmapped_nand2         1  0.5     0    52    1417    (-,-) 
  data_out_reg_reg[9]/d                -       -       R     unmapped_d_flop        1    -     -     0    1417    (-,-) 
#-----------------------------------------------------------------------------------------------------------------------

(u) : Net has unmapped pin(s).



Path 8: VIOLATED (-176 ps) Setup Check with Pin data_out_reg_reg[8]/clk->d
          Group: clock
     Startpoint: (R) prod_reg_reg[1][4]/clk
          Clock: (R) clock
       Endpoint: (R) data_out_reg_reg[8]/d
          Clock: (R) clock

                     Capture       Launch     
        Clock Edge:+    1200            0     
       Src Latency:+       0            0     
       Net Latency:+       0 (I)        0 (I) 
           Arrival:=    1200            0     
                                              
             Setup:-      69                  
     Required Time:=    1131                  
      Launch Clock:-       0                  
         Data Path:-    1306                  
             Slack:=    -176                  

#-----------------------------------------------------------------------------------------------------------------------
#            Timing Point              Flags    Arc    Edge       Cell         Fanout Load Trans Delay Arrival Instance 
#                                                                                     (fF)  (ps)  (ps)   (ps)  Location 
#-----------------------------------------------------------------------------------------------------------------------
  prod_reg_reg[1][4]/clk               -       -       R     (arrival)            149    -     0     0       0    (-,-) 
  prod_reg_reg[1][4]/q                 (u)     clk->q  R     unmapped_d_flop        4  2.0     0   212     212    (-,-) 
  csa_tree_ADD_TC_OP_12_groupi/g1255/z (u)     in_1->z R     unmapped_or2           1  0.5     0    52     264    (-,-) 
  csa_tree_ADD_TC_OP_12_groupi/g2199/z (u)     in_0->z F     unmapped_nand2         1  0.5     0    52     316    (-,-) 
  csa_tree_ADD_TC_OP_12_groupi/g2104/z (u)     in_0->z R     unmapped_nand2         4  2.0     0    68     384    (-,-) 
  csa_tree_ADD_TC_OP_12_groupi/g2088/z (u)     in_0->z R     unmapped_complex2      1  0.5     0    52     436    (-,-) 
  csa_tree_ADD_TC_OP_12_groupi/g2089/z (u)     in_1->z F     unmapped_nand2         2  1.0     0    58     494    (-,-) 
  csa_tree_ADD_TC_OP_12_groupi/g2023/z (u)     in_0->z F     unmapped_complex2      1  0.5     0    52     546    (-,-) 
  csa_tree_ADD_TC_OP_12_groupi/g2024/z (u)     in_1->z R     unmapped_nand2         4  2.0     0    68     614    (-,-) 
  csa_tree_ADD_TC_OP_12_groupi/g1917/z (u)     in_1->z F     unmapped_complex2      1  0.5     0    52     666    (-,-) 
  csa_tree_ADD_TC_OP_12_groupi/g1918/z (u)     in_1->z R     unmapped_nand2         2  1.0     0    58     724    (-,-) 
  csa_tree_ADD_TC_OP_12_groupi/g1859/z (u)     in_0->z R     unmapped_complex2      1  0.5     0    52     776    (-,-) 
  csa_tree_ADD_TC_OP_12_groupi/g1860/z (u)     in_1->z F     unmapped_nand2         2  1.0     0    58     835    (-,-) 
  csa_tree_ADD_TC_OP_12_groupi/g1827/z (u)     in_1->z F     unmapped_or2           3  1.5     0    63     898    (-,-) 
  csa_tree_ADD_TC_OP_12_groupi/g1792/z (u)     in_1->z R     unmapped_complex2      1  0.5     0    52     950    (-,-) 
  csa_tree_ADD_TC_OP_12_groupi/g1786/z (u)     in_0->z F     unmapped_nand2         1  0.5     0    52    1002    (-,-) 
  csa_tree_ADD_TC_OP_12_groupi/g1774/z (u)     in_1->z F     unmapped_complex2      4  2.0     0    68    1070    (-,-) 
  csa_tree_ADD_TC_OP_12_groupi/g1760/z (u)     in_0->z R     unmapped_complex2      1  0.5     0    52    1122    (-,-) 
  csa_tree_ADD_TC_OP_12_groupi/g1748/z (u)     in_0->z F     unmapped_complex2      7  3.5     0    80    1202    (-,-) 
  csa_tree_ADD_TC_OP_12_groupi/g1738/z (u)     in_0->z F     unmapped_or2           1  0.5     0    52    1254    (-,-) 
  csa_tree_ADD_TC_OP_12_groupi/g1739/z (u)     in_1->z R     unmapped_nand2         1  0.5     0    52    1306    (-,-) 
  data_out_reg_reg[8]/d                -       -       R     unmapped_d_flop        1    -     -     0    1306    (-,-) 
#-----------------------------------------------------------------------------------------------------------------------

(u) : Net has unmapped pin(s).



Path 9: VIOLATED (-154 ps) Setup Check with Pin data_out_reg_reg[7]/clk->d
          Group: clock
     Startpoint: (R) prod_reg_reg[1][4]/clk
          Clock: (R) clock
       Endpoint: (R) data_out_reg_reg[7]/d
          Clock: (R) clock

                     Capture       Launch     
        Clock Edge:+    1200            0     
       Src Latency:+       0            0     
       Net Latency:+       0 (I)        0 (I) 
           Arrival:=    1200            0     
                                              
             Setup:-      69                  
     Required Time:=    1131                  
      Launch Clock:-       0                  
         Data Path:-    1284                  
             Slack:=    -154                  

#-----------------------------------------------------------------------------------------------------------------------
#            Timing Point              Flags    Arc    Edge       Cell         Fanout Load Trans Delay Arrival Instance 
#                                                                                     (fF)  (ps)  (ps)   (ps)  Location 
#-----------------------------------------------------------------------------------------------------------------------
  prod_reg_reg[1][4]/clk               -       -       R     (arrival)            149    -     0     0       0    (-,-) 
  prod_reg_reg[1][4]/q                 (u)     clk->q  R     unmapped_d_flop        4  2.0     0   212     212    (-,-) 
  csa_tree_ADD_TC_OP_12_groupi/g1255/z (u)     in_1->z R     unmapped_or2           1  0.5     0    52     264    (-,-) 
  csa_tree_ADD_TC_OP_12_groupi/g2199/z (u)     in_0->z F     unmapped_nand2         1  0.5     0    52     316    (-,-) 
  csa_tree_ADD_TC_OP_12_groupi/g2104/z (u)     in_0->z R     unmapped_nand2         4  2.0     0    68     384    (-,-) 
  csa_tree_ADD_TC_OP_12_groupi/g2088/z (u)     in_0->z R     unmapped_complex2      1  0.5     0    52     436    (-,-) 
  csa_tree_ADD_TC_OP_12_groupi/g2089/z (u)     in_1->z F     unmapped_nand2         2  1.0     0    58     494    (-,-) 
  csa_tree_ADD_TC_OP_12_groupi/g2023/z (u)     in_0->z F     unmapped_complex2      1  0.5     0    52     546    (-,-) 
  csa_tree_ADD_TC_OP_12_groupi/g2024/z (u)     in_1->z R     unmapped_nand2         4  2.0     0    68     614    (-,-) 
  csa_tree_ADD_TC_OP_12_groupi/g1917/z (u)     in_1->z F     unmapped_complex2      1  0.5     0    52     666    (-,-) 
  csa_tree_ADD_TC_OP_12_groupi/g1918/z (u)     in_1->z R     unmapped_nand2         2  1.0     0    58     724    (-,-) 
  csa_tree_ADD_TC_OP_12_groupi/g1859/z (u)     in_0->z R     unmapped_complex2      1  0.5     0    52     776    (-,-) 
  csa_tree_ADD_TC_OP_12_groupi/g1860/z (u)     in_1->z F     unmapped_nand2         2  1.0     0    58     835    (-,-) 
  csa_tree_ADD_TC_OP_12_groupi/g1827/z (u)     in_1->z F     unmapped_or2           3  1.5     0    63     898    (-,-) 
  csa_tree_ADD_TC_OP_12_groupi/g1792/z (u)     in_1->z R     unmapped_complex2      1  0.5     0    52     950    (-,-) 
  csa_tree_ADD_TC_OP_12_groupi/g1786/z (u)     in_0->z F     unmapped_nand2         1  0.5     0    52    1002    (-,-) 
  csa_tree_ADD_TC_OP_12_groupi/g1774/z (u)     in_1->z F     unmapped_complex2      4  2.0     0    68    1070    (-,-) 
  csa_tree_ADD_TC_OP_12_groupi/g1755/z (u)     in_1->z R     unmapped_nand2         1  0.5     0    52    1122    (-,-) 
  csa_tree_ADD_TC_OP_12_groupi/g1743/z (u)     in_1->z F     unmapped_nand2         2  1.0     0    58    1180    (-,-) 
  csa_tree_ADD_TC_OP_12_groupi/g1732/z (u)     in_0->z F     unmapped_or2           1  0.5     0    52    1232    (-,-) 
  csa_tree_ADD_TC_OP_12_groupi/g1733/z (u)     in_1->z R     unmapped_nand2         1  0.5     0    52    1284    (-,-) 
  data_out_reg_reg[7]/d                -       -       R     unmapped_d_flop        1    -     -     0    1284    (-,-) 
#-----------------------------------------------------------------------------------------------------------------------

(u) : Net has unmapped pin(s).



Path 10: VIOLATED (-44 ps) Setup Check with Pin data_out_reg_reg[6]/clk->d
          Group: clock
     Startpoint: (R) prod_reg_reg[1][4]/clk
          Clock: (R) clock
       Endpoint: (R) data_out_reg_reg[6]/d
          Clock: (R) clock

                     Capture       Launch     
        Clock Edge:+    1200            0     
       Src Latency:+       0            0     
       Net Latency:+       0 (I)        0 (I) 
           Arrival:=    1200            0     
                                              
             Setup:-      69                  
     Required Time:=    1131                  
      Launch Clock:-       0                  
         Data Path:-    1174                  
             Slack:=     -44                  

#-----------------------------------------------------------------------------------------------------------------------
#            Timing Point              Flags    Arc    Edge       Cell         Fanout Load Trans Delay Arrival Instance 
#                                                                                     (fF)  (ps)  (ps)   (ps)  Location 
#-----------------------------------------------------------------------------------------------------------------------
  prod_reg_reg[1][4]/clk               -       -       R     (arrival)            149    -     0     0       0    (-,-) 
  prod_reg_reg[1][4]/q                 (u)     clk->q  R     unmapped_d_flop        4  2.0     0   212     212    (-,-) 
  csa_tree_ADD_TC_OP_12_groupi/g1255/z (u)     in_1->z R     unmapped_or2           1  0.5     0    52     264    (-,-) 
  csa_tree_ADD_TC_OP_12_groupi/g2199/z (u)     in_0->z F     unmapped_nand2         1  0.5     0    52     316    (-,-) 
  csa_tree_ADD_TC_OP_12_groupi/g2104/z (u)     in_0->z R     unmapped_nand2         4  2.0     0    68     384    (-,-) 
  csa_tree_ADD_TC_OP_12_groupi/g2088/z (u)     in_0->z R     unmapped_complex2      1  0.5     0    52     436    (-,-) 
  csa_tree_ADD_TC_OP_12_groupi/g2089/z (u)     in_1->z F     unmapped_nand2         2  1.0     0    58     494    (-,-) 
  csa_tree_ADD_TC_OP_12_groupi/g2023/z (u)     in_0->z F     unmapped_complex2      1  0.5     0    52     546    (-,-) 
  csa_tree_ADD_TC_OP_12_groupi/g2024/z (u)     in_1->z R     unmapped_nand2         4  2.0     0    68     614    (-,-) 
  csa_tree_ADD_TC_OP_12_groupi/g1917/z (u)     in_1->z F     unmapped_complex2      1  0.5     0    52     666    (-,-) 
  csa_tree_ADD_TC_OP_12_groupi/g1918/z (u)     in_1->z R     unmapped_nand2         2  1.0     0    58     724    (-,-) 
  csa_tree_ADD_TC_OP_12_groupi/g1859/z (u)     in_0->z R     unmapped_complex2      1  0.5     0    52     776    (-,-) 
  csa_tree_ADD_TC_OP_12_groupi/g1860/z (u)     in_1->z F     unmapped_nand2         2  1.0     0    58     835    (-,-) 
  csa_tree_ADD_TC_OP_12_groupi/g1827/z (u)     in_1->z F     unmapped_or2           3  1.5     0    63     898    (-,-) 
  csa_tree_ADD_TC_OP_12_groupi/g1792/z (u)     in_1->z R     unmapped_complex2      1  0.5     0    52     950    (-,-) 
  csa_tree_ADD_TC_OP_12_groupi/g1786/z (u)     in_0->z F     unmapped_nand2         1  0.5     0    52    1002    (-,-) 
  csa_tree_ADD_TC_OP_12_groupi/g1774/z (u)     in_1->z F     unmapped_complex2      4  2.0     0    68    1070    (-,-) 
  csa_tree_ADD_TC_OP_12_groupi/g1750/z (u)     in_0->z F     unmapped_or2           1  0.5     0    52    1122    (-,-) 
  csa_tree_ADD_TC_OP_12_groupi/g1751/z (u)     in_1->z R     unmapped_nand2         1  0.5     0    52    1174    (-,-) 
  data_out_reg_reg[6]/d                -       -       R     unmapped_d_flop        1    -     -     0    1174    (-,-) 
#-----------------------------------------------------------------------------------------------------------------------

(u) : Net has unmapped pin(s).



Path 11: VIOLATED (-20 ps) Setup Check with Pin prod_reg_reg[3][12]/clk->d
          Group: clock
     Startpoint: (R) prod_reg_reg[2][3]/clk
          Clock: (R) clock
       Endpoint: (R) prod_reg_reg[3][12]/d
          Clock: (R) clock

                     Capture       Launch     
        Clock Edge:+    1200            0     
       Src Latency:+       0            0     
       Net Latency:+       0 (I)        0 (I) 
           Arrival:=    1200            0     
                                              
             Setup:-      69                  
     Required Time:=    1131                  
      Launch Clock:-       0                  
         Data Path:-    1151                  
             Slack:=     -20                  

#---------------------------------------------------------------------------------------------------------
#     Timing Point       Flags    Arc    Edge       Cell         Fanout Load Trans Delay Arrival Instance 
#                                                                       (fF)  (ps)  (ps)   (ps)  Location 
#---------------------------------------------------------------------------------------------------------
  prod_reg_reg[2][3]/clk -       -       R     (arrival)            149    -     0     0       0    (-,-) 
  prod_reg_reg[2][3]/q   (u)     clk->q  R     unmapped_d_flop       10  5.0     0   234     234    (-,-) 
  g658/z                 (u)     in_1->z R     unmapped_or2           3  1.5     0    63     297    (-,-) 
  g812/z                 (u)     in_1->z R     unmapped_or2           3  1.5     0    63     360    (-,-) 
  g2457/z                (u)     in_0->z R     unmapped_complex2      1  0.5     0    52     412    (-,-) 
  g2430/z                (u)     in_0->z F     unmapped_nand2         3  1.5     0    63     475    (-,-) 
  g2414/z                (u)     in_1->z R     unmapped_nand2         1  0.5     0    52     527    (-,-) 
  g2401/z                (u)     in_0->z F     unmapped_nand2         3  1.5     0    63     590    (-,-) 
  g2378/z                (u)     in_1->z R     unmapped_nand2         1  0.5     0    52     643    (-,-) 
  g2349/z                (u)     in_0->z F     unmapped_nand2         3  1.5     0    63     706    (-,-) 
  g2328/z                (u)     in_1->z R     unmapped_nand2         1  0.5     0    52     758    (-,-) 
  g2315/z                (u)     in_0->z F     unmapped_nand2         3  1.5     0    63     821    (-,-) 
  g2287/z                (u)     in_1->z R     unmapped_nand2         1  0.5     0    52     873    (-,-) 
  g2261/z                (u)     in_0->z F     unmapped_nand2         3  1.5     0    63     936    (-,-) 
  g2254/z                (u)     in_1->z R     unmapped_nand2         1  0.5     0    52     988    (-,-) 
  g2245/z                (u)     in_0->z F     unmapped_nand2         2  1.0     0    58    1046    (-,-) 
  g2240/z                (u)     in_0->z F     unmapped_or2           1  0.5     0    52    1099    (-,-) 
  g2241/z                (u)     in_1->z R     unmapped_nand2         1  0.5     0    52    1151    (-,-) 
  prod_reg_reg[3][12]/d  -       -       R     unmapped_d_flop        1    -     -     0    1151    (-,-) 
#---------------------------------------------------------------------------------------------------------

(u) : Net has unmapped pin(s).



Path 12: VIOLATED (-17 ps) Setup Check with Pin prod_reg_reg[4][12]/clk->d
          Group: clock
     Startpoint: (R) prod_reg_reg[3][3]/clk
          Clock: (R) clock
       Endpoint: (R) prod_reg_reg[4][12]/d
          Clock: (R) clock

                     Capture       Launch     
        Clock Edge:+    1200            0     
       Src Latency:+       0            0     
       Net Latency:+       0 (I)        0 (I) 
           Arrival:=    1200            0     
                                              
             Setup:-      69                  
     Required Time:=    1131                  
      Launch Clock:-       0                  
         Data Path:-    1148                  
             Slack:=     -17                  

#---------------------------------------------------------------------------------------------------------
#     Timing Point       Flags    Arc    Edge       Cell         Fanout Load Trans Delay Arrival Instance 
#                                                                       (fF)  (ps)  (ps)   (ps)  Location 
#---------------------------------------------------------------------------------------------------------
  prod_reg_reg[3][3]/clk -       -       R     (arrival)            149    -     0     0       0    (-,-) 
  prod_reg_reg[3][3]/q   (u)     clk->q  R     unmapped_d_flop        9  4.5     0   231     231    (-,-) 
  g725/z                 (u)     in_0->z R     unmapped_or2           3  1.5     0    63     294    (-,-) 
  g820/z                 (u)     in_1->z R     unmapped_or2           3  1.5     0    63     357    (-,-) 
  g2478/z                (u)     in_0->z R     unmapped_complex2      1  0.5     0    52     409    (-,-) 
  g2428/z                (u)     in_0->z F     unmapped_nand2         3  1.5     0    63     472    (-,-) 
  g2413/z                (u)     in_1->z R     unmapped_nand2         1  0.5     0    52     524    (-,-) 
  g2394/z                (u)     in_0->z F     unmapped_nand2         3  1.5     0    63     588    (-,-) 
  g2380/z                (u)     in_1->z R     unmapped_nand2         1  0.5     0    52     640    (-,-) 
  g2355/z                (u)     in_0->z F     unmapped_nand2         3  1.5     0    63     703    (-,-) 
  g2339/z                (u)     in_1->z R     unmapped_nand2         1  0.5     0    52     755    (-,-) 
  g2322/z                (u)     in_0->z F     unmapped_nand2         3  1.5     0    63     818    (-,-) 
  g2295/z                (u)     in_1->z R     unmapped_nand2         1  0.5     0    52     870    (-,-) 
  g2285/z                (u)     in_0->z F     unmapped_nand2         3  1.5     0    63     933    (-,-) 
  g2250/z                (u)     in_1->z R     unmapped_nand2         1  0.5     0    52     985    (-,-) 
  g2246/z                (u)     in_0->z F     unmapped_nand2         2  1.0     0    58    1044    (-,-) 
  g2243/z                (u)     in_0->z F     unmapped_or2           1  0.5     0    52    1096    (-,-) 
  g2244/z                (u)     in_1->z R     unmapped_nand2         1  0.5     0    52    1148    (-,-) 
  prod_reg_reg[4][12]/d  -       -       R     unmapped_d_flop        1    -     -     0    1148    (-,-) 
#---------------------------------------------------------------------------------------------------------

(u) : Net has unmapped pin(s).



Path 13: MET (53 ps) Setup Check with Pin data_out_reg_reg[5]/clk->d
          Group: clock
     Startpoint: (R) prod_reg_reg[2][3]/clk
          Clock: (R) clock
       Endpoint: (R) data_out_reg_reg[5]/d
          Clock: (R) clock

                     Capture       Launch     
        Clock Edge:+    1200            0     
       Src Latency:+       0            0     
       Net Latency:+       0 (I)        0 (I) 
           Arrival:=    1200            0     
                                              
             Setup:-      69                  
     Required Time:=    1131                  
      Launch Clock:-       0                  
         Data Path:-    1078                  
             Slack:=      53                  

#-----------------------------------------------------------------------------------------------------------------------
#            Timing Point              Flags    Arc    Edge       Cell         Fanout Load Trans Delay Arrival Instance 
#                                                                                     (fF)  (ps)  (ps)   (ps)  Location 
#-----------------------------------------------------------------------------------------------------------------------
  prod_reg_reg[2][3]/clk               -       -       R     (arrival)            149    -     0     0       0    (-,-) 
  prod_reg_reg[2][3]/q                 (u)     clk->q  R     unmapped_d_flop       10  5.0     0   234     234    (-,-) 
  csa_tree_ADD_TC_OP_12_groupi/g2362/z (u)     in_0->z F     unmapped_complex2      1  0.5     0    52     286    (-,-) 
  csa_tree_ADD_TC_OP_12_groupi/g2363/z (u)     in_1->z R     unmapped_nand2         2  1.0     0    58     344    (-,-) 
  csa_tree_ADD_TC_OP_12_groupi/g2144/z (u)     in_0->z R     unmapped_complex2      1  0.5     0    52     397    (-,-) 
  csa_tree_ADD_TC_OP_12_groupi/g2145/z (u)     in_1->z F     unmapped_nand2         4  2.0     0    68     464    (-,-) 
  csa_tree_ADD_TC_OP_12_groupi/g2111/z (u)     in_0->z F     unmapped_complex2      1  0.5     0    52     516    (-,-) 
  csa_tree_ADD_TC_OP_12_groupi/g2112/z (u)     in_1->z R     unmapped_nand2         2  1.0     0    58     575    (-,-) 
  csa_tree_ADD_TC_OP_12_groupi/g1921/z (u)     in_1->z R     unmapped_complex2      1  0.5     0    52     627    (-,-) 
  csa_tree_ADD_TC_OP_12_groupi/g1922/z (u)     in_1->z F     unmapped_nand2         2  1.0     0    58     685    (-,-) 
  csa_tree_ADD_TC_OP_12_groupi/g1902/z (u)     in_1->z F     unmapped_or2           2  1.0     0    58     743    (-,-) 
  csa_tree_ADD_TC_OP_12_groupi/g1874/z (u)     in_0->z R     unmapped_nand2         1  0.5     0    52     795    (-,-) 
  csa_tree_ADD_TC_OP_12_groupi/g1808/z (u)     in_0->z F     unmapped_nand2         4  2.0     0    68     863    (-,-) 
  csa_tree_ADD_TC_OP_12_groupi/g1789/z (u)     in_1->z R     unmapped_nand2         1  0.5     0    52     915    (-,-) 
  csa_tree_ADD_TC_OP_12_groupi/g1787/z (u)     in_1->z F     unmapped_nand2         2  1.0     0    58     973    (-,-) 
  csa_tree_ADD_TC_OP_12_groupi/g1771/z (u)     in_0->z F     unmapped_or2           1  0.5     0    52    1026    (-,-) 
  csa_tree_ADD_TC_OP_12_groupi/g1772/z (u)     in_1->z R     unmapped_nand2         1  0.5     0    52    1078    (-,-) 
  data_out_reg_reg[5]/d                -       -       R     unmapped_d_flop        1    -     -     0    1078    (-,-) 
#-----------------------------------------------------------------------------------------------------------------------

(u) : Net has unmapped pin(s).



Path 14: MET (90 ps) Setup Check with Pin prod_reg_reg[3][11]/clk->d
          Group: clock
     Startpoint: (R) prod_reg_reg[2][3]/clk
          Clock: (R) clock
       Endpoint: (R) prod_reg_reg[3][11]/d
          Clock: (R) clock

                     Capture       Launch     
        Clock Edge:+    1200            0     
       Src Latency:+       0            0     
       Net Latency:+       0 (I)        0 (I) 
           Arrival:=    1200            0     
                                              
             Setup:-      69                  
     Required Time:=    1131                  
      Launch Clock:-       0                  
         Data Path:-    1040                  
             Slack:=      90                  

#---------------------------------------------------------------------------------------------------------
#     Timing Point       Flags    Arc    Edge       Cell         Fanout Load Trans Delay Arrival Instance 
#                                                                       (fF)  (ps)  (ps)   (ps)  Location 
#---------------------------------------------------------------------------------------------------------
  prod_reg_reg[2][3]/clk -       -       R     (arrival)            149    -     0     0       0    (-,-) 
  prod_reg_reg[2][3]/q   (u)     clk->q  R     unmapped_d_flop       10  5.0     0   234     234    (-,-) 
  g658/z                 (u)     in_1->z R     unmapped_or2           3  1.5     0    63     297    (-,-) 
  g812/z                 (u)     in_1->z R     unmapped_or2           3  1.5     0    63     360    (-,-) 
  g2457/z                (u)     in_0->z R     unmapped_complex2      1  0.5     0    52     412    (-,-) 
  g2430/z                (u)     in_0->z F     unmapped_nand2         3  1.5     0    63     475    (-,-) 
  g2414/z                (u)     in_1->z R     unmapped_nand2         1  0.5     0    52     527    (-,-) 
  g2401/z                (u)     in_0->z F     unmapped_nand2         3  1.5     0    63     590    (-,-) 
  g2378/z                (u)     in_1->z R     unmapped_nand2         1  0.5     0    52     643    (-,-) 
  g2349/z                (u)     in_0->z F     unmapped_nand2         3  1.5     0    63     706    (-,-) 
  g2328/z                (u)     in_1->z R     unmapped_nand2         1  0.5     0    52     758    (-,-) 
  g2315/z                (u)     in_0->z F     unmapped_nand2         3  1.5     0    63     821    (-,-) 
  g2287/z                (u)     in_1->z R     unmapped_nand2         1  0.5     0    52     873    (-,-) 
  g2261/z                (u)     in_0->z F     unmapped_nand2         3  1.5     0    63     936    (-,-) 
  g2248/z                (u)     in_0->z F     unmapped_or2           1  0.5     0    52     988    (-,-) 
  g2249/z                (u)     in_1->z R     unmapped_nand2         1  0.5     0    52    1040    (-,-) 
  prod_reg_reg[3][11]/d  -       -       R     unmapped_d_flop        1    -     -     0    1040    (-,-) 
#---------------------------------------------------------------------------------------------------------

(u) : Net has unmapped pin(s).



Path 15: MET (93 ps) Setup Check with Pin prod_reg_reg[4][11]/clk->d
          Group: clock
     Startpoint: (R) prod_reg_reg[3][3]/clk
          Clock: (R) clock
       Endpoint: (R) prod_reg_reg[4][11]/d
          Clock: (R) clock

                     Capture       Launch     
        Clock Edge:+    1200            0     
       Src Latency:+       0            0     
       Net Latency:+       0 (I)        0 (I) 
           Arrival:=    1200            0     
                                              
             Setup:-      69                  
     Required Time:=    1131                  
      Launch Clock:-       0                  
         Data Path:-    1038                  
             Slack:=      93                  

#---------------------------------------------------------------------------------------------------------
#     Timing Point       Flags    Arc    Edge       Cell         Fanout Load Trans Delay Arrival Instance 
#                                                                       (fF)  (ps)  (ps)   (ps)  Location 
#---------------------------------------------------------------------------------------------------------
  prod_reg_reg[3][3]/clk -       -       R     (arrival)            149    -     0     0       0    (-,-) 
  prod_reg_reg[3][3]/q   (u)     clk->q  R     unmapped_d_flop        9  4.5     0   231     231    (-,-) 
  g725/z                 (u)     in_0->z R     unmapped_or2           3  1.5     0    63     294    (-,-) 
  g820/z                 (u)     in_1->z R     unmapped_or2           3  1.5     0    63     357    (-,-) 
  g2478/z                (u)     in_0->z R     unmapped_complex2      1  0.5     0    52     409    (-,-) 
  g2428/z                (u)     in_0->z F     unmapped_nand2         3  1.5     0    63     472    (-,-) 
  g2413/z                (u)     in_1->z R     unmapped_nand2         1  0.5     0    52     524    (-,-) 
  g2394/z                (u)     in_0->z F     unmapped_nand2         3  1.5     0    63     588    (-,-) 
  g2380/z                (u)     in_1->z R     unmapped_nand2         1  0.5     0    52     640    (-,-) 
  g2355/z                (u)     in_0->z F     unmapped_nand2         3  1.5     0    63     703    (-,-) 
  g2339/z                (u)     in_1->z R     unmapped_nand2         1  0.5     0    52     755    (-,-) 
  g2322/z                (u)     in_0->z F     unmapped_nand2         3  1.5     0    63     818    (-,-) 
  g2295/z                (u)     in_1->z R     unmapped_nand2         1  0.5     0    52     870    (-,-) 
  g2285/z                (u)     in_0->z F     unmapped_nand2         3  1.5     0    63     933    (-,-) 
  g2252/z                (u)     in_0->z F     unmapped_or2           1  0.5     0    52     985    (-,-) 
  g2253/z                (u)     in_1->z R     unmapped_nand2         1  0.5     0    52    1038    (-,-) 
  prod_reg_reg[4][11]/d  -       -       R     unmapped_d_flop        1    -     -     0    1038    (-,-) 
#---------------------------------------------------------------------------------------------------------

(u) : Net has unmapped pin(s).



Path 16: MET (127 ps) Setup Check with Pin data_out_reg_reg[4]/clk->d
          Group: clock
     Startpoint: (R) prod_reg_reg[7][4]/clk
          Clock: (R) clock
       Endpoint: (R) data_out_reg_reg[4]/d
          Clock: (R) clock

                     Capture       Launch     
        Clock Edge:+    1200            0     
       Src Latency:+       0            0     
       Net Latency:+       0 (I)        0 (I) 
           Arrival:=    1200            0     
                                              
             Setup:-      69                  
     Required Time:=    1131                  
      Launch Clock:-       0                  
         Data Path:-    1004                  
             Slack:=     127                  

#-----------------------------------------------------------------------------------------------------------------------
#            Timing Point              Flags    Arc    Edge       Cell         Fanout Load Trans Delay Arrival Instance 
#                                                                                     (fF)  (ps)  (ps)   (ps)  Location 
#-----------------------------------------------------------------------------------------------------------------------
  prod_reg_reg[7][4]/clk               -       -       R     (arrival)            149    -     0     0       0    (-,-) 
  prod_reg_reg[7][4]/q                 (u)     clk->q  R     unmapped_d_flop        4  2.0     0   212     212    (-,-) 
  csa_tree_ADD_TC_OP_12_groupi/g2323/z (u)     in_0->z F     unmapped_complex2      1  0.5     0    52     264    (-,-) 
  csa_tree_ADD_TC_OP_12_groupi/g2324/z (u)     in_1->z R     unmapped_nand2         2  1.0     0    58     322    (-,-) 
  csa_tree_ADD_TC_OP_12_groupi/g2173/z (u)     in_0->z R     unmapped_complex2      1  0.5     0    52     374    (-,-) 
  csa_tree_ADD_TC_OP_12_groupi/g2174/z (u)     in_1->z F     unmapped_nand2         3  1.5     0    63     437    (-,-) 
  csa_tree_ADD_TC_OP_12_groupi/g2101/z (u)     in_1->z R     unmapped_complex2      1  0.5     0    52     490    (-,-) 
  csa_tree_ADD_TC_OP_12_groupi/g2102/z (u)     in_1->z F     unmapped_nand2         4  2.0     0    68     557    (-,-) 
  csa_tree_ADD_TC_OP_12_groupi/g1950/z (u)     in_1->z R     unmapped_complex2      1  0.5     0    52     609    (-,-) 
  csa_tree_ADD_TC_OP_12_groupi/g1951/z (u)     in_1->z F     unmapped_nand2         2  1.0     0    58     668    (-,-) 
  csa_tree_ADD_TC_OP_12_groupi/g1879/z (u)     in_0->z F     unmapped_complex2      1  0.5     0    52     720    (-,-) 
  csa_tree_ADD_TC_OP_12_groupi/g1880/z (u)     in_1->z R     unmapped_nand2         2  1.0     0    58     778    (-,-) 
  csa_tree_ADD_TC_OP_12_groupi/g1381/z (u)     in_0->z R     unmapped_or2           3  1.5     0    63     841    (-,-) 
  csa_tree_ADD_TC_OP_12_groupi/g1635/z (u)     in_1->z F     unmapped_nand2         2  1.0     0    58     899    (-,-) 
  csa_tree_ADD_TC_OP_12_groupi/g1796/z (u)     in_1->z F     unmapped_or2           1  0.5     0    52     951    (-,-) 
  csa_tree_ADD_TC_OP_12_groupi/g1797/z (u)     in_1->z R     unmapped_nand2         1  0.5     0    52    1004    (-,-) 
  data_out_reg_reg[4]/d                -       -       R     unmapped_d_flop        1    -     -     0    1004    (-,-) 
#-----------------------------------------------------------------------------------------------------------------------

(u) : Net has unmapped pin(s).



Path 17: MET (154 ps) Setup Check with Pin prod_reg_reg[2][11]/clk->d
          Group: clock
     Startpoint: (R) prod_reg_reg[1][3]/clk
          Clock: (R) clock
       Endpoint: (R) prod_reg_reg[2][11]/d
          Clock: (R) clock

                     Capture       Launch     
        Clock Edge:+    1200            0     
       Src Latency:+       0            0     
       Net Latency:+       0 (I)        0 (I) 
           Arrival:=    1200            0     
                                              
             Setup:-      69                  
     Required Time:=    1131                  
      Launch Clock:-       0                  
         Data Path:-     976                  
             Slack:=     154                  

#---------------------------------------------------------------------------------------------------------
#     Timing Point       Flags    Arc    Edge       Cell         Fanout Load Trans Delay Arrival Instance 
#                                                                       (fF)  (ps)  (ps)   (ps)  Location 
#---------------------------------------------------------------------------------------------------------
  prod_reg_reg[1][3]/clk -       -       R     (arrival)            149    -     0     0       0    (-,-) 
  prod_reg_reg[1][3]/q   (u)     clk->q  R     unmapped_d_flop        8  4.0     0   228     228    (-,-) 
  g12/z                  (u)     in_0->z F     unmapped_nand2         4  2.0     0    68     296    (-,-) 
  g2539/z                (u)     in_0->z R     unmapped_nand2         1  0.5     0    52     348    (-,-) 
  g2458/z                (u)     in_1->z F     unmapped_nand2         3  1.5     0    63     411    (-,-) 
  g2438/z                (u)     in_1->z F     unmapped_complex2      1  0.5     0    52     463    (-,-) 
  g2420/z                (u)     in_1->z R     unmapped_nand2         3  1.5     0    63     526    (-,-) 
  g2402/z                (u)     in_1->z F     unmapped_nand2         1  0.5     0    52     578    (-,-) 
  g2372/z                (u)     in_1->z R     unmapped_nand2         3  1.5     0    63     641    (-,-) 
  g2345/z                (u)     in_1->z F     unmapped_nand2         1  0.5     0    52     694    (-,-) 
  g2336/z                (u)     in_1->z R     unmapped_nand2         3  1.5     0    63     757    (-,-) 
  g2308/z                (u)     in_1->z F     unmapped_nand2         1  0.5     0    52     809    (-,-) 
  g2297/z                (u)     in_1->z R     unmapped_nand2         3  1.5     0    63     872    (-,-) 
  g2263/z                (u)     in_1->z F     unmapped_nand2         1  0.5     0    52     924    (-,-) 
  g2259/z                (u)     in_1->z R     unmapped_nand2         1  0.5     0    52     976    (-,-) 
  prod_reg_reg[2][11]/d  -       -       R     unmapped_d_flop        1    -     -     0     976    (-,-) 
#---------------------------------------------------------------------------------------------------------

(u) : Net has unmapped pin(s).



Path 18: MET (154 ps) Setup Check with Pin prod_reg_reg[2][10]/clk->d
          Group: clock
     Startpoint: (R) prod_reg_reg[1][3]/clk
          Clock: (R) clock
       Endpoint: (R) prod_reg_reg[2][10]/d
          Clock: (R) clock

                     Capture       Launch     
        Clock Edge:+    1200            0     
       Src Latency:+       0            0     
       Net Latency:+       0 (I)        0 (I) 
           Arrival:=    1200            0     
                                              
             Setup:-      69                  
     Required Time:=    1131                  
      Launch Clock:-       0                  
         Data Path:-     976                  
             Slack:=     154                  

#---------------------------------------------------------------------------------------------------------
#     Timing Point       Flags    Arc    Edge       Cell         Fanout Load Trans Delay Arrival Instance 
#                                                                       (fF)  (ps)  (ps)   (ps)  Location 
#---------------------------------------------------------------------------------------------------------
  prod_reg_reg[1][3]/clk -       -       R     (arrival)            149    -     0     0       0    (-,-) 
  prod_reg_reg[1][3]/q   (u)     clk->q  F     unmapped_d_flop        8  4.0     0   228     228    (-,-) 
  g12/z                  (u)     in_0->z R     unmapped_nand2         4  2.0     0    68     296    (-,-) 
  g2539/z                (u)     in_0->z F     unmapped_nand2         1  0.5     0    52     348    (-,-) 
  g2458/z                (u)     in_1->z R     unmapped_nand2         3  1.5     0    63     411    (-,-) 
  g2438/z                (u)     in_1->z R     unmapped_complex2      1  0.5     0    52     463    (-,-) 
  g2420/z                (u)     in_1->z F     unmapped_nand2         3  1.5     0    63     526    (-,-) 
  g2402/z                (u)     in_1->z R     unmapped_nand2         1  0.5     0    52     578    (-,-) 
  g2372/z                (u)     in_1->z F     unmapped_nand2         3  1.5     0    63     641    (-,-) 
  g2345/z                (u)     in_1->z R     unmapped_nand2         1  0.5     0    52     694    (-,-) 
  g2336/z                (u)     in_1->z F     unmapped_nand2         3  1.5     0    63     757    (-,-) 
  g2308/z                (u)     in_1->z R     unmapped_nand2         1  0.5     0    52     809    (-,-) 
  g2297/z                (u)     in_1->z F     unmapped_nand2         3  1.5     0    63     872    (-,-) 
  g2271/z                (u)     in_0->z F     unmapped_or2           1  0.5     0    52     924    (-,-) 
  g2272/z                (u)     in_1->z R     unmapped_nand2         1  0.5     0    52     976    (-,-) 
  prod_reg_reg[2][10]/d  -       -       R     unmapped_d_flop        1    -     -     0     976    (-,-) 
#---------------------------------------------------------------------------------------------------------

(u) : Net has unmapped pin(s).



Path 19: MET (158 ps) Setup Check with Pin prod_reg_reg[7][10]/clk->d
          Group: clock
     Startpoint: (R) prod_reg_reg[6][1]/clk
          Clock: (R) clock
       Endpoint: (R) prod_reg_reg[7][10]/d
          Clock: (R) clock

                     Capture       Launch     
        Clock Edge:+    1200            0     
       Src Latency:+       0            0     
       Net Latency:+       0 (I)        0 (I) 
           Arrival:=    1200            0     
                                              
             Setup:-      69                  
     Required Time:=    1131                  
      Launch Clock:-       0                  
         Data Path:-     972                  
             Slack:=     158                  

#---------------------------------------------------------------------------------------------------------
#     Timing Point       Flags    Arc    Edge       Cell         Fanout Load Trans Delay Arrival Instance 
#                                                                       (fF)  (ps)  (ps)   (ps)  Location 
#---------------------------------------------------------------------------------------------------------
  prod_reg_reg[6][1]/clk -       -       R     (arrival)            149    -     0     0       0    (-,-) 
  prod_reg_reg[6][1]/q   (u)     clk->q  R     unmapped_d_flop        7  3.5     0   224     224    (-,-) 
  g2557/z                (u)     in_0->z F     unmapped_complex2      4  2.0     0    68     292    (-,-) 
  g2497/z                (u)     in_0->z R     unmapped_nand2         1  0.5     0    52     344    (-,-) 
  g2448/z                (u)     in_1->z F     unmapped_nand2         3  1.5     0    63     407    (-,-) 
  g2429/z                (u)     in_1->z R     unmapped_nand2         1  0.5     0    52     459    (-,-) 
  g2408/z                (u)     in_1->z F     unmapped_nand2         3  1.5     0    63     522    (-,-) 
  g2386/z                (u)     in_1->z R     unmapped_nand2         1  0.5     0    52     574    (-,-) 
  g2367/z                (u)     in_1->z F     unmapped_nand2         3  1.5     0    63     638    (-,-) 
  g2341/z                (u)     in_1->z R     unmapped_nand2         1  0.5     0    52     690    (-,-) 
  g2337/z                (u)     in_1->z F     unmapped_nand2         3  1.5     0    63     753    (-,-) 
  g2309/z                (u)     in_1->z R     unmapped_nand2         1  0.5     0    52     805    (-,-) 
  g2299/z                (u)     in_1->z F     unmapped_nand2         3  1.5     0    63     868    (-,-) 
  g2262/z                (u)     in_1->z F     unmapped_complex2      1  0.5     0    52     920    (-,-) 
  g2260/z                (u)     in_1->z R     unmapped_nand2         1  0.5     0    52     972    (-,-) 
  prod_reg_reg[7][10]/d  -       -       R     unmapped_d_flop        1    -     -     0     972    (-,-) 
#---------------------------------------------------------------------------------------------------------

(u) : Net has unmapped pin(s).



Path 20: MET (158 ps) Setup Check with Pin prod_reg_reg[7][9]/clk->d
          Group: clock
     Startpoint: (R) prod_reg_reg[6][1]/clk
          Clock: (R) clock
       Endpoint: (R) prod_reg_reg[7][9]/d
          Clock: (R) clock

                     Capture       Launch     
        Clock Edge:+    1200            0     
       Src Latency:+       0            0     
       Net Latency:+       0 (I)        0 (I) 
           Arrival:=    1200            0     
                                              
             Setup:-      69                  
     Required Time:=    1131                  
      Launch Clock:-       0                  
         Data Path:-     972                  
             Slack:=     158                  

#---------------------------------------------------------------------------------------------------------
#     Timing Point       Flags    Arc    Edge       Cell         Fanout Load Trans Delay Arrival Instance 
#                                                                       (fF)  (ps)  (ps)   (ps)  Location 
#---------------------------------------------------------------------------------------------------------
  prod_reg_reg[6][1]/clk -       -       R     (arrival)            149    -     0     0       0    (-,-) 
  prod_reg_reg[6][1]/q   (u)     clk->q  R     unmapped_d_flop        7  3.5     0   224     224    (-,-) 
  g2557/z                (u)     in_0->z F     unmapped_complex2      4  2.0     0    68     292    (-,-) 
  g2497/z                (u)     in_0->z R     unmapped_nand2         1  0.5     0    52     344    (-,-) 
  g2448/z                (u)     in_1->z F     unmapped_nand2         3  1.5     0    63     407    (-,-) 
  g2429/z                (u)     in_1->z R     unmapped_nand2         1  0.5     0    52     459    (-,-) 
  g2408/z                (u)     in_1->z F     unmapped_nand2         3  1.5     0    63     522    (-,-) 
  g2386/z                (u)     in_1->z R     unmapped_nand2         1  0.5     0    52     574    (-,-) 
  g2367/z                (u)     in_1->z F     unmapped_nand2         3  1.5     0    63     638    (-,-) 
  g2341/z                (u)     in_1->z R     unmapped_nand2         1  0.5     0    52     690    (-,-) 
  g2337/z                (u)     in_1->z F     unmapped_nand2         3  1.5     0    63     753    (-,-) 
  g2309/z                (u)     in_1->z R     unmapped_nand2         1  0.5     0    52     805    (-,-) 
  g2299/z                (u)     in_1->z F     unmapped_nand2         3  1.5     0    63     868    (-,-) 
  g2282/z                (u)     in_0->z F     unmapped_or2           1  0.5     0    52     920    (-,-) 
  g2283/z                (u)     in_1->z R     unmapped_nand2         1  0.5     0    52     972    (-,-) 
  prod_reg_reg[7][9]/d   -       -       R     unmapped_d_flop        1    -     -     0     972    (-,-) 
#---------------------------------------------------------------------------------------------------------

(u) : Net has unmapped pin(s).



Path 21: MET (158 ps) Setup Check with Pin prod_reg_reg[6][11]/clk->d
          Group: clock
     Startpoint: (R) prod_reg_reg[5][2]/clk
          Clock: (R) clock
       Endpoint: (R) prod_reg_reg[6][11]/d
          Clock: (R) clock

                     Capture       Launch     
        Clock Edge:+    1200            0     
       Src Latency:+       0            0     
       Net Latency:+       0 (I)        0 (I) 
           Arrival:=    1200            0     
                                              
             Setup:-      69                  
     Required Time:=    1131                  
      Launch Clock:-       0                  
         Data Path:-     972                  
             Slack:=     158                  

#---------------------------------------------------------------------------------------------------------
#     Timing Point       Flags    Arc    Edge       Cell         Fanout Load Trans Delay Arrival Instance 
#                                                                       (fF)  (ps)  (ps)   (ps)  Location 
#---------------------------------------------------------------------------------------------------------
  prod_reg_reg[5][2]/clk -       -       R     (arrival)            149    -     0     0       0    (-,-) 
  prod_reg_reg[5][2]/q   (u)     clk->q  R     unmapped_d_flop        7  3.5     0   224     224    (-,-) 
  g2552/z                (u)     in_0->z F     unmapped_complex2      4  2.0     0    68     292    (-,-) 
  g2512/z                (u)     in_0->z R     unmapped_nand2         1  0.5     0    52     344    (-,-) 
  g2456/z                (u)     in_1->z F     unmapped_nand2         3  1.5     0    63     407    (-,-) 
  g2424/z                (u)     in_1->z R     unmapped_nand2         1  0.5     0    52     459    (-,-) 
  g2409/z                (u)     in_1->z F     unmapped_nand2         3  1.5     0    63     522    (-,-) 
  g2381/z                (u)     in_1->z R     unmapped_nand2         1  0.5     0    52     574    (-,-) 
  g2374/z                (u)     in_1->z F     unmapped_nand2         3  1.5     0    63     638    (-,-) 
  g2354/z                (u)     in_1->z R     unmapped_nand2         1  0.5     0    52     690    (-,-) 
  g2338/z                (u)     in_1->z F     unmapped_nand2         3  1.5     0    63     753    (-,-) 
  g2326/z                (u)     in_1->z R     unmapped_nand2         1  0.5     0    52     805    (-,-) 
  g2296/z                (u)     in_1->z F     unmapped_nand2         3  1.5     0    63     868    (-,-) 
  g2277/z                (u)     in_1->z F     unmapped_complex2      1  0.5     0    52     920    (-,-) 
  g2257/z                (u)     in_1->z R     unmapped_nand2         1  0.5     0    52     972    (-,-) 
  prod_reg_reg[6][11]/d  -       -       R     unmapped_d_flop        1    -     -     0     972    (-,-) 
#---------------------------------------------------------------------------------------------------------

(u) : Net has unmapped pin(s).



Path 22: MET (158 ps) Setup Check with Pin prod_reg_reg[6][10]/clk->d
          Group: clock
     Startpoint: (R) prod_reg_reg[5][2]/clk
          Clock: (R) clock
       Endpoint: (R) prod_reg_reg[6][10]/d
          Clock: (R) clock

                     Capture       Launch     
        Clock Edge:+    1200            0     
       Src Latency:+       0            0     
       Net Latency:+       0 (I)        0 (I) 
           Arrival:=    1200            0     
                                              
             Setup:-      69                  
     Required Time:=    1131                  
      Launch Clock:-       0                  
         Data Path:-     972                  
             Slack:=     158                  

#---------------------------------------------------------------------------------------------------------
#     Timing Point       Flags    Arc    Edge       Cell         Fanout Load Trans Delay Arrival Instance 
#                                                                       (fF)  (ps)  (ps)   (ps)  Location 
#---------------------------------------------------------------------------------------------------------
  prod_reg_reg[5][2]/clk -       -       R     (arrival)            149    -     0     0       0    (-,-) 
  prod_reg_reg[5][2]/q   (u)     clk->q  R     unmapped_d_flop        7  3.5     0   224     224    (-,-) 
  g2552/z                (u)     in_0->z F     unmapped_complex2      4  2.0     0    68     292    (-,-) 
  g2512/z                (u)     in_0->z R     unmapped_nand2         1  0.5     0    52     344    (-,-) 
  g2456/z                (u)     in_1->z F     unmapped_nand2         3  1.5     0    63     407    (-,-) 
  g2424/z                (u)     in_1->z R     unmapped_nand2         1  0.5     0    52     459    (-,-) 
  g2409/z                (u)     in_1->z F     unmapped_nand2         3  1.5     0    63     522    (-,-) 
  g2381/z                (u)     in_1->z R     unmapped_nand2         1  0.5     0    52     574    (-,-) 
  g2374/z                (u)     in_1->z F     unmapped_nand2         3  1.5     0    63     638    (-,-) 
  g2354/z                (u)     in_1->z R     unmapped_nand2         1  0.5     0    52     690    (-,-) 
  g2338/z                (u)     in_1->z F     unmapped_nand2         3  1.5     0    63     753    (-,-) 
  g2326/z                (u)     in_1->z R     unmapped_nand2         1  0.5     0    52     805    (-,-) 
  g2296/z                (u)     in_1->z F     unmapped_nand2         3  1.5     0    63     868    (-,-) 
  g2275/z                (u)     in_0->z F     unmapped_or2           1  0.5     0    52     920    (-,-) 
  g2276/z                (u)     in_1->z R     unmapped_nand2         1  0.5     0    52     972    (-,-) 
  prod_reg_reg[6][10]/d  -       -       R     unmapped_d_flop        1    -     -     0     972    (-,-) 
#---------------------------------------------------------------------------------------------------------

(u) : Net has unmapped pin(s).



Path 23: MET (158 ps) Setup Check with Pin prod_reg_reg[5][11]/clk->d
          Group: clock
     Startpoint: (R) prod_reg_reg[4][3]/clk
          Clock: (R) clock
       Endpoint: (R) prod_reg_reg[5][11]/d
          Clock: (R) clock

                     Capture       Launch     
        Clock Edge:+    1200            0     
       Src Latency:+       0            0     
       Net Latency:+       0 (I)        0 (I) 
           Arrival:=    1200            0     
                                              
             Setup:-      69                  
     Required Time:=    1131                  
      Launch Clock:-       0                  
         Data Path:-     972                  
             Slack:=     158                  

#---------------------------------------------------------------------------------------------------------
#     Timing Point       Flags    Arc    Edge       Cell         Fanout Load Trans Delay Arrival Instance 
#                                                                       (fF)  (ps)  (ps)   (ps)  Location 
#---------------------------------------------------------------------------------------------------------
  prod_reg_reg[4][3]/clk -       -       R     (arrival)            149    -     0     0       0    (-,-) 
  prod_reg_reg[4][3]/q   (u)     clk->q  R     unmapped_d_flop        7  3.5     0   224     224    (-,-) 
  g414/z                 (u)     in_1->z F     unmapped_nand2         4  2.0     0    68     292    (-,-) 
  g2479/z                (u)     in_0->z R     unmapped_nand2         1  0.5     0    52     344    (-,-) 
  g2455/z                (u)     in_1->z F     unmapped_nand2         3  1.5     0    63     407    (-,-) 
  g2446/z                (u)     in_1->z F     unmapped_complex2      1  0.5     0    52     459    (-,-) 
  g2419/z                (u)     in_1->z R     unmapped_nand2         3  1.5     0    63     522    (-,-) 
  g2382/z                (u)     in_1->z F     unmapped_nand2         1  0.5     0    52     574    (-,-) 
  g2371/z                (u)     in_1->z R     unmapped_nand2         3  1.5     0    63     638    (-,-) 
  g2353/z                (u)     in_1->z F     unmapped_nand2         1  0.5     0    52     690    (-,-) 
  g2329/z                (u)     in_1->z R     unmapped_nand2         3  1.5     0    63     753    (-,-) 
  g2304/z                (u)     in_1->z F     unmapped_nand2         1  0.5     0    52     805    (-,-) 
  g2291/z                (u)     in_1->z R     unmapped_nand2         3  1.5     0    63     868    (-,-) 
  g2284/z                (u)     in_1->z F     unmapped_nand2         1  0.5     0    52     920    (-,-) 
  g2255/z                (u)     in_1->z R     unmapped_nand2         1  0.5     0    52     972    (-,-) 
  prod_reg_reg[5][11]/d  -       -       R     unmapped_d_flop        1    -     -     0     972    (-,-) 
#---------------------------------------------------------------------------------------------------------

(u) : Net has unmapped pin(s).



Path 24: MET (158 ps) Setup Check with Pin prod_reg_reg[5][10]/clk->d
          Group: clock
     Startpoint: (R) prod_reg_reg[4][3]/clk
          Clock: (R) clock
       Endpoint: (R) prod_reg_reg[5][10]/d
          Clock: (R) clock

                     Capture       Launch     
        Clock Edge:+    1200            0     
       Src Latency:+       0            0     
       Net Latency:+       0 (I)        0 (I) 
           Arrival:=    1200            0     
                                              
             Setup:-      69                  
     Required Time:=    1131                  
      Launch Clock:-       0                  
         Data Path:-     972                  
             Slack:=     158                  

#---------------------------------------------------------------------------------------------------------
#     Timing Point       Flags    Arc    Edge       Cell         Fanout Load Trans Delay Arrival Instance 
#                                                                       (fF)  (ps)  (ps)   (ps)  Location 
#---------------------------------------------------------------------------------------------------------
  prod_reg_reg[4][3]/clk -       -       R     (arrival)            149    -     0     0       0    (-,-) 
  prod_reg_reg[4][3]/q   (u)     clk->q  F     unmapped_d_flop        7  3.5     0   224     224    (-,-) 
  g414/z                 (u)     in_1->z R     unmapped_nand2         4  2.0     0    68     292    (-,-) 
  g2479/z                (u)     in_0->z F     unmapped_nand2         1  0.5     0    52     344    (-,-) 
  g2455/z                (u)     in_1->z R     unmapped_nand2         3  1.5     0    63     407    (-,-) 
  g2446/z                (u)     in_1->z R     unmapped_complex2      1  0.5     0    52     459    (-,-) 
  g2419/z                (u)     in_1->z F     unmapped_nand2         3  1.5     0    63     522    (-,-) 
  g2382/z                (u)     in_1->z R     unmapped_nand2         1  0.5     0    52     574    (-,-) 
  g2371/z                (u)     in_1->z F     unmapped_nand2         3  1.5     0    63     638    (-,-) 
  g2353/z                (u)     in_1->z R     unmapped_nand2         1  0.5     0    52     690    (-,-) 
  g2329/z                (u)     in_1->z F     unmapped_nand2         3  1.5     0    63     753    (-,-) 
  g2304/z                (u)     in_1->z R     unmapped_nand2         1  0.5     0    52     805    (-,-) 
  g2291/z                (u)     in_1->z F     unmapped_nand2         3  1.5     0    63     868    (-,-) 
  g2279/z                (u)     in_0->z F     unmapped_or2           1  0.5     0    52     920    (-,-) 
  g2280/z                (u)     in_1->z R     unmapped_nand2         1  0.5     0    52     972    (-,-) 
  prod_reg_reg[5][10]/d  -       -       R     unmapped_d_flop        1    -     -     0     972    (-,-) 
#---------------------------------------------------------------------------------------------------------

(u) : Net has unmapped pin(s).



Path 25: MET (162 ps) Setup Check with Pin prod_reg_reg[1][11]/clk->d
          Group: clock
     Startpoint: (R) prod_reg_reg[0][0]/clk
          Clock: (R) clock
       Endpoint: (R) prod_reg_reg[1][11]/d
          Clock: (R) clock

                     Capture       Launch     
        Clock Edge:+    1200            0     
       Src Latency:+       0            0     
       Net Latency:+       0 (I)        0 (I) 
           Arrival:=    1200            0     
                                              
             Setup:-      69                  
     Required Time:=    1131                  
      Launch Clock:-       0                  
         Data Path:-     968                  
             Slack:=     162                  

#---------------------------------------------------------------------------------------------------------
#     Timing Point       Flags    Arc    Edge       Cell         Fanout Load Trans Delay Arrival Instance 
#                                                                       (fF)  (ps)  (ps)   (ps)  Location 
#---------------------------------------------------------------------------------------------------------
  prod_reg_reg[0][0]/clk -       -       R     (arrival)            149    -     0     0       0    (-,-) 
  prod_reg_reg[0][0]/q   (u)     clk->q  R     unmapped_d_flop        6  3.0     0   220     220    (-,-) 
  g2544/z                (u)     in_0->z F     unmapped_complex2      4  2.0     0    68     288    (-,-) 
  g2482/z                (u)     in_0->z R     unmapped_nand2         1  0.5     0    52     340    (-,-) 
  g2477/z                (u)     in_1->z F     unmapped_nand2         3  1.5     0    63     403    (-,-) 
  g2437/z                (u)     in_1->z R     unmapped_nand2         1  0.5     0    52     455    (-,-) 
  g2418/z                (u)     in_1->z F     unmapped_nand2         3  1.5     0    63     518    (-,-) 
  g2393/z                (u)     in_1->z R     unmapped_nand2         1  0.5     0    52     570    (-,-) 
  g2379/z                (u)     in_1->z F     unmapped_nand2         3  1.5     0    63     634    (-,-) 
  g2360/z                (u)     in_1->z R     unmapped_nand2         1  0.5     0    52     686    (-,-) 
  g2340/z                (u)     in_1->z F     unmapped_nand2         3  1.5     0    63     749    (-,-) 
  g2310/z                (u)     in_1->z R     unmapped_nand2         1  0.5     0    52     801    (-,-) 
  g2298/z                (u)     in_1->z F     unmapped_nand2         3  1.5     0    63     864    (-,-) 
  g2273/z                (u)     in_1->z F     unmapped_complex2      1  0.5     0    52     916    (-,-) 
  g2258/z                (u)     in_1->z R     unmapped_nand2         1  0.5     0    52     968    (-,-) 
  prod_reg_reg[1][11]/d  -       -       R     unmapped_d_flop        1    -     -     0     968    (-,-) 
#---------------------------------------------------------------------------------------------------------

(u) : Net has unmapped pin(s).



Path 26: MET (162 ps) Setup Check with Pin prod_reg_reg[1][10]/clk->d
          Group: clock
     Startpoint: (R) prod_reg_reg[0][0]/clk
          Clock: (R) clock
       Endpoint: (R) prod_reg_reg[1][10]/d
          Clock: (R) clock

                     Capture       Launch     
        Clock Edge:+    1200            0     
       Src Latency:+       0            0     
       Net Latency:+       0 (I)        0 (I) 
           Arrival:=    1200            0     
                                              
             Setup:-      69                  
     Required Time:=    1131                  
      Launch Clock:-       0                  
         Data Path:-     968                  
             Slack:=     162                  

#---------------------------------------------------------------------------------------------------------
#     Timing Point       Flags    Arc    Edge       Cell         Fanout Load Trans Delay Arrival Instance 
#                                                                       (fF)  (ps)  (ps)   (ps)  Location 
#---------------------------------------------------------------------------------------------------------
  prod_reg_reg[0][0]/clk -       -       R     (arrival)            149    -     0     0       0    (-,-) 
  prod_reg_reg[0][0]/q   (u)     clk->q  R     unmapped_d_flop        6  3.0     0   220     220    (-,-) 
  g2544/z                (u)     in_0->z F     unmapped_complex2      4  2.0     0    68     288    (-,-) 
  g2482/z                (u)     in_0->z R     unmapped_nand2         1  0.5     0    52     340    (-,-) 
  g2477/z                (u)     in_1->z F     unmapped_nand2         3  1.5     0    63     403    (-,-) 
  g2437/z                (u)     in_1->z R     unmapped_nand2         1  0.5     0    52     455    (-,-) 
  g2418/z                (u)     in_1->z F     unmapped_nand2         3  1.5     0    63     518    (-,-) 
  g2393/z                (u)     in_1->z R     unmapped_nand2         1  0.5     0    52     570    (-,-) 
  g2379/z                (u)     in_1->z F     unmapped_nand2         3  1.5     0    63     634    (-,-) 
  g2360/z                (u)     in_1->z R     unmapped_nand2         1  0.5     0    52     686    (-,-) 
  g2340/z                (u)     in_1->z F     unmapped_nand2         3  1.5     0    63     749    (-,-) 
  g2310/z                (u)     in_1->z R     unmapped_nand2         1  0.5     0    52     801    (-,-) 
  g2298/z                (u)     in_1->z F     unmapped_nand2         3  1.5     0    63     864    (-,-) 
  g2265/z                (u)     in_0->z F     unmapped_or2           1  0.5     0    52     916    (-,-) 
  g2266/z                (u)     in_1->z R     unmapped_nand2         1  0.5     0    52     968    (-,-) 
  prod_reg_reg[1][10]/d  -       -       R     unmapped_d_flop        1    -     -     0     968    (-,-) 
#---------------------------------------------------------------------------------------------------------

(u) : Net has unmapped pin(s).



Path 27: MET (166 ps) Setup Check with Pin prod_reg_reg[0][10]/clk->d
          Group: clock
     Startpoint: (R) data_in_reg_reg[3]/clk
          Clock: (R) clock
       Endpoint: (R) prod_reg_reg[0][10]/d
          Clock: (R) clock

                     Capture       Launch     
        Clock Edge:+    1200            0     
       Src Latency:+       0            0     
       Net Latency:+       0 (I)        0 (I) 
           Arrival:=    1200            0     
                                              
             Setup:-      69                  
     Required Time:=    1131                  
      Launch Clock:-       0                  
         Data Path:-     964                  
             Slack:=     166                  

#---------------------------------------------------------------------------------------------------------
#     Timing Point       Flags    Arc    Edge       Cell         Fanout Load Trans Delay Arrival Instance 
#                                                                       (fF)  (ps)  (ps)   (ps)  Location 
#---------------------------------------------------------------------------------------------------------
  data_in_reg_reg[3]/clk -       -       R     (arrival)            149    -     0     0       0    (-,-) 
  data_in_reg_reg[3]/q   (u)     clk->q  F     unmapped_d_flop        5  2.5     0   216     216    (-,-) 
  g2572/z                (u)     in_1->z F     unmapped_complex2      4  2.0     0    68     284    (-,-) 
  g2502/z                (u)     in_0->z R     unmapped_nand2         1  0.5     0    52     336    (-,-) 
  g2447/z                (u)     in_1->z F     unmapped_nand2         3  1.5     0    63     399    (-,-) 
  g2442/z                (u)     in_1->z R     unmapped_nand2         1  0.5     0    52     451    (-,-) 
  g2407/z                (u)     in_1->z F     unmapped_nand2         3  1.5     0    63     514    (-,-) 
  g2406/z                (u)     in_1->z R     unmapped_nand2         1  0.5     0    52     566    (-,-) 
  g2373/z                (u)     in_1->z F     unmapped_nand2         3  1.5     0    63     629    (-,-) 
  g2356/z                (u)     in_1->z R     unmapped_nand2         1  0.5     0    52     682    (-,-) 
  g2327/z                (u)     in_1->z F     unmapped_nand2         3  1.5     0    63     744    (-,-) 
  g2314/z                (u)     in_1->z R     unmapped_nand2         1  0.5     0    52     797    (-,-) 
  g2300/z                (u)     in_1->z F     unmapped_nand2         3  1.5     0    63     860    (-,-) 
  g2286/z                (u)     in_1->z F     unmapped_complex2      1  0.5     0    52     912    (-,-) 
  g2256/z                (u)     in_1->z R     unmapped_nand2         1  0.5     0    52     964    (-,-) 
  prod_reg_reg[0][10]/d  -       -       R     unmapped_d_flop        1    -     -     0     964    (-,-) 
#---------------------------------------------------------------------------------------------------------

(u) : Net has unmapped pin(s).



Path 28: MET (166 ps) Setup Check with Pin prod_reg_reg[0][9]/clk->d
          Group: clock
     Startpoint: (R) data_in_reg_reg[3]/clk
          Clock: (R) clock
       Endpoint: (R) prod_reg_reg[0][9]/d
          Clock: (R) clock

                     Capture       Launch     
        Clock Edge:+    1200            0     
       Src Latency:+       0            0     
       Net Latency:+       0 (I)        0 (I) 
           Arrival:=    1200            0     
                                              
             Setup:-      69                  
     Required Time:=    1131                  
      Launch Clock:-       0                  
         Data Path:-     964                  
             Slack:=     166                  

#---------------------------------------------------------------------------------------------------------
#     Timing Point       Flags    Arc    Edge       Cell         Fanout Load Trans Delay Arrival Instance 
#                                                                       (fF)  (ps)  (ps)   (ps)  Location 
#---------------------------------------------------------------------------------------------------------
  data_in_reg_reg[3]/clk -       -       R     (arrival)            149    -     0     0       0    (-,-) 
  data_in_reg_reg[3]/q   (u)     clk->q  F     unmapped_d_flop        5  2.5     0   216     216    (-,-) 
  g2572/z                (u)     in_1->z F     unmapped_complex2      4  2.0     0    68     284    (-,-) 
  g2502/z                (u)     in_0->z R     unmapped_nand2         1  0.5     0    52     336    (-,-) 
  g2447/z                (u)     in_1->z F     unmapped_nand2         3  1.5     0    63     399    (-,-) 
  g2442/z                (u)     in_1->z R     unmapped_nand2         1  0.5     0    52     451    (-,-) 
  g2407/z                (u)     in_1->z F     unmapped_nand2         3  1.5     0    63     514    (-,-) 
  g2406/z                (u)     in_1->z R     unmapped_nand2         1  0.5     0    52     566    (-,-) 
  g2373/z                (u)     in_1->z F     unmapped_nand2         3  1.5     0    63     629    (-,-) 
  g2356/z                (u)     in_1->z R     unmapped_nand2         1  0.5     0    52     682    (-,-) 
  g2327/z                (u)     in_1->z F     unmapped_nand2         3  1.5     0    63     744    (-,-) 
  g2314/z                (u)     in_1->z R     unmapped_nand2         1  0.5     0    52     797    (-,-) 
  g2300/z                (u)     in_1->z F     unmapped_nand2         3  1.5     0    63     860    (-,-) 
  g2268/z                (u)     in_0->z F     unmapped_or2           1  0.5     0    52     912    (-,-) 
  g2269/z                (u)     in_1->z R     unmapped_nand2         1  0.5     0    52     964    (-,-) 
  prod_reg_reg[0][9]/d   -       -       R     unmapped_d_flop        1    -     -     0     964    (-,-) 
#---------------------------------------------------------------------------------------------------------

(u) : Net has unmapped pin(s).



Path 29: MET (205 ps) Setup Check with Pin prod_reg_reg[3][10]/clk->d
          Group: clock
     Startpoint: (R) prod_reg_reg[2][3]/clk
          Clock: (R) clock
       Endpoint: (R) prod_reg_reg[3][10]/d
          Clock: (R) clock

                     Capture       Launch     
        Clock Edge:+    1200            0     
       Src Latency:+       0            0     
       Net Latency:+       0 (I)        0 (I) 
           Arrival:=    1200            0     
                                              
             Setup:-      69                  
     Required Time:=    1131                  
      Launch Clock:-       0                  
         Data Path:-     925                  
             Slack:=     205                  

#---------------------------------------------------------------------------------------------------------
#     Timing Point       Flags    Arc    Edge       Cell         Fanout Load Trans Delay Arrival Instance 
#                                                                       (fF)  (ps)  (ps)   (ps)  Location 
#---------------------------------------------------------------------------------------------------------
  prod_reg_reg[2][3]/clk -       -       R     (arrival)            149    -     0     0       0    (-,-) 
  prod_reg_reg[2][3]/q   (u)     clk->q  R     unmapped_d_flop       10  5.0     0   234     234    (-,-) 
  g658/z                 (u)     in_1->z R     unmapped_or2           3  1.5     0    63     297    (-,-) 
  g812/z                 (u)     in_1->z R     unmapped_or2           3  1.5     0    63     360    (-,-) 
  g2457/z                (u)     in_0->z R     unmapped_complex2      1  0.5     0    52     412    (-,-) 
  g2430/z                (u)     in_0->z F     unmapped_nand2         3  1.5     0    63     475    (-,-) 
  g2414/z                (u)     in_1->z R     unmapped_nand2         1  0.5     0    52     527    (-,-) 
  g2401/z                (u)     in_0->z F     unmapped_nand2         3  1.5     0    63     590    (-,-) 
  g2378/z                (u)     in_1->z R     unmapped_nand2         1  0.5     0    52     643    (-,-) 
  g2349/z                (u)     in_0->z F     unmapped_nand2         3  1.5     0    63     706    (-,-) 
  g2328/z                (u)     in_1->z R     unmapped_nand2         1  0.5     0    52     758    (-,-) 
  g2315/z                (u)     in_0->z F     unmapped_nand2         3  1.5     0    63     821    (-,-) 
  g2289/z                (u)     in_0->z F     unmapped_or2           1  0.5     0    52     873    (-,-) 
  g2290/z                (u)     in_1->z R     unmapped_nand2         1  0.5     0    52     925    (-,-) 
  prod_reg_reg[3][10]/d  -       -       R     unmapped_d_flop        1    -     -     0     925    (-,-) 
#---------------------------------------------------------------------------------------------------------

(u) : Net has unmapped pin(s).



Path 30: MET (208 ps) Setup Check with Pin prod_reg_reg[4][10]/clk->d
          Group: clock
     Startpoint: (R) prod_reg_reg[3][3]/clk
          Clock: (R) clock
       Endpoint: (R) prod_reg_reg[4][10]/d
          Clock: (R) clock

                     Capture       Launch     
        Clock Edge:+    1200            0     
       Src Latency:+       0            0     
       Net Latency:+       0 (I)        0 (I) 
           Arrival:=    1200            0     
                                              
             Setup:-      69                  
     Required Time:=    1131                  
      Launch Clock:-       0                  
         Data Path:-     922                  
             Slack:=     208                  

#---------------------------------------------------------------------------------------------------------
#     Timing Point       Flags    Arc    Edge       Cell         Fanout Load Trans Delay Arrival Instance 
#                                                                       (fF)  (ps)  (ps)   (ps)  Location 
#---------------------------------------------------------------------------------------------------------
  prod_reg_reg[3][3]/clk -       -       R     (arrival)            149    -     0     0       0    (-,-) 
  prod_reg_reg[3][3]/q   (u)     clk->q  R     unmapped_d_flop        9  4.5     0   231     231    (-,-) 
  g725/z                 (u)     in_0->z R     unmapped_or2           3  1.5     0    63     294    (-,-) 
  g820/z                 (u)     in_1->z R     unmapped_or2           3  1.5     0    63     357    (-,-) 
  g2478/z                (u)     in_0->z R     unmapped_complex2      1  0.5     0    52     409    (-,-) 
  g2428/z                (u)     in_0->z F     unmapped_nand2         3  1.5     0    63     472    (-,-) 
  g2413/z                (u)     in_1->z R     unmapped_nand2         1  0.5     0    52     524    (-,-) 
  g2394/z                (u)     in_0->z F     unmapped_nand2         3  1.5     0    63     588    (-,-) 
  g2380/z                (u)     in_1->z R     unmapped_nand2         1  0.5     0    52     640    (-,-) 
  g2355/z                (u)     in_0->z F     unmapped_nand2         3  1.5     0    63     703    (-,-) 
  g2339/z                (u)     in_1->z R     unmapped_nand2         1  0.5     0    52     755    (-,-) 
  g2322/z                (u)     in_0->z F     unmapped_nand2         3  1.5     0    63     818    (-,-) 
  g2293/z                (u)     in_0->z F     unmapped_or2           1  0.5     0    52     870    (-,-) 
  g2294/z                (u)     in_1->z R     unmapped_nand2         1  0.5     0    52     922    (-,-) 
  prod_reg_reg[4][10]/d  -       -       R     unmapped_d_flop        1    -     -     0     922    (-,-) 
#---------------------------------------------------------------------------------------------------------

(u) : Net has unmapped pin(s).



Path 31: MET (225 ps) Setup Check with Pin data_out_reg_reg[3]/clk->d
          Group: clock
     Startpoint: (R) prod_reg_reg[2][3]/clk
          Clock: (R) clock
       Endpoint: (R) data_out_reg_reg[3]/d
          Clock: (R) clock

                     Capture       Launch     
        Clock Edge:+    1200            0     
       Src Latency:+       0            0     
       Net Latency:+       0 (I)        0 (I) 
           Arrival:=    1200            0     
                                              
             Setup:-      69                  
     Required Time:=    1131                  
      Launch Clock:-       0                  
         Data Path:-     906                  
             Slack:=     225                  

#-----------------------------------------------------------------------------------------------------------------------
#            Timing Point              Flags    Arc    Edge       Cell         Fanout Load Trans Delay Arrival Instance 
#                                                                                     (fF)  (ps)  (ps)   (ps)  Location 
#-----------------------------------------------------------------------------------------------------------------------
  prod_reg_reg[2][3]/clk               -       -       R     (arrival)            149    -     0     0       0    (-,-) 
  prod_reg_reg[2][3]/q                 (u)     clk->q  F     unmapped_d_flop       10  5.0     0   234     234    (-,-) 
  csa_tree_ADD_TC_OP_12_groupi/g2362/z (u)     in_0->z R     unmapped_complex2      1  0.5     0    52     286    (-,-) 
  csa_tree_ADD_TC_OP_12_groupi/g2363/z (u)     in_1->z F     unmapped_nand2         2  1.0     0    58     344    (-,-) 
  csa_tree_ADD_TC_OP_12_groupi/g2144/z (u)     in_0->z F     unmapped_complex2      1  0.5     0    52     397    (-,-) 
  csa_tree_ADD_TC_OP_12_groupi/g2145/z (u)     in_1->z R     unmapped_nand2         4  2.0     0    68     464    (-,-) 
  csa_tree_ADD_TC_OP_12_groupi/g2111/z (u)     in_0->z R     unmapped_complex2      1  0.5     0    52     516    (-,-) 
  csa_tree_ADD_TC_OP_12_groupi/g2112/z (u)     in_1->z F     unmapped_nand2         2  1.0     0    58     575    (-,-) 
  csa_tree_ADD_TC_OP_12_groupi/g1921/z (u)     in_1->z F     unmapped_complex2      1  0.5     0    52     627    (-,-) 
  csa_tree_ADD_TC_OP_12_groupi/g1922/z (u)     in_1->z R     unmapped_nand2         2  1.0     0    58     685    (-,-) 
  csa_tree_ADD_TC_OP_12_groupi/g1902/z (u)     in_1->z R     unmapped_or2           2  1.0     0    58     743    (-,-) 
  csa_tree_ADD_TC_OP_12_groupi/g1873/z (u)     in_1->z F     unmapped_nand2         2  1.0     0    58     801    (-,-) 
  csa_tree_ADD_TC_OP_12_groupi/g1813/z (u)     in_1->z F     unmapped_or2           1  0.5     0    52     854    (-,-) 
  csa_tree_ADD_TC_OP_12_groupi/g1814/z (u)     in_1->z R     unmapped_nand2         1  0.5     0    52     906    (-,-) 
  data_out_reg_reg[3]/d                -       -       R     unmapped_d_flop        1    -     -     0     906    (-,-) 
#-----------------------------------------------------------------------------------------------------------------------

(u) : Net has unmapped pin(s).



Path 32: MET (270 ps) Setup Check with Pin prod_reg_reg[2][9]/clk->d
          Group: clock
     Startpoint: (R) prod_reg_reg[1][3]/clk
          Clock: (R) clock
       Endpoint: (R) prod_reg_reg[2][9]/d
          Clock: (R) clock

                     Capture       Launch     
        Clock Edge:+    1200            0     
       Src Latency:+       0            0     
       Net Latency:+       0 (I)        0 (I) 
           Arrival:=    1200            0     
                                              
             Setup:-      69                  
     Required Time:=    1131                  
      Launch Clock:-       0                  
         Data Path:-     861                  
             Slack:=     270                  

#---------------------------------------------------------------------------------------------------------
#     Timing Point       Flags    Arc    Edge       Cell         Fanout Load Trans Delay Arrival Instance 
#                                                                       (fF)  (ps)  (ps)   (ps)  Location 
#---------------------------------------------------------------------------------------------------------
  prod_reg_reg[1][3]/clk -       -       R     (arrival)            149    -     0     0       0    (-,-) 
  prod_reg_reg[1][3]/q   (u)     clk->q  F     unmapped_d_flop        8  4.0     0   228     228    (-,-) 
  g12/z                  (u)     in_0->z R     unmapped_nand2         4  2.0     0    68     296    (-,-) 
  g2539/z                (u)     in_0->z F     unmapped_nand2         1  0.5     0    52     348    (-,-) 
  g2458/z                (u)     in_1->z R     unmapped_nand2         3  1.5     0    63     411    (-,-) 
  g2438/z                (u)     in_1->z R     unmapped_complex2      1  0.5     0    52     463    (-,-) 
  g2420/z                (u)     in_1->z F     unmapped_nand2         3  1.5     0    63     526    (-,-) 
  g2402/z                (u)     in_1->z R     unmapped_nand2         1  0.5     0    52     578    (-,-) 
  g2372/z                (u)     in_1->z F     unmapped_nand2         3  1.5     0    63     641    (-,-) 
  g2345/z                (u)     in_1->z R     unmapped_nand2         1  0.5     0    52     694    (-,-) 
  g2336/z                (u)     in_1->z F     unmapped_nand2         3  1.5     0    63     757    (-,-) 
  g2324/z                (u)     in_0->z F     unmapped_or2           1  0.5     0    52     809    (-,-) 
  g2325/z                (u)     in_1->z R     unmapped_nand2         1  0.5     0    52     861    (-,-) 
  prod_reg_reg[2][9]/d   -       -       R     unmapped_d_flop        1    -     -     0     861    (-,-) 
#---------------------------------------------------------------------------------------------------------

(u) : Net has unmapped pin(s).



Path 33: MET (274 ps) Setup Check with Pin prod_reg_reg[7][8]/clk->d
          Group: clock
     Startpoint: (R) prod_reg_reg[6][1]/clk
          Clock: (R) clock
       Endpoint: (R) prod_reg_reg[7][8]/d
          Clock: (R) clock

                     Capture       Launch     
        Clock Edge:+    1200            0     
       Src Latency:+       0            0     
       Net Latency:+       0 (I)        0 (I) 
           Arrival:=    1200            0     
                                              
             Setup:-      69                  
     Required Time:=    1131                  
      Launch Clock:-       0                  
         Data Path:-     857                  
             Slack:=     274                  

#---------------------------------------------------------------------------------------------------------
#     Timing Point       Flags    Arc    Edge       Cell         Fanout Load Trans Delay Arrival Instance 
#                                                                       (fF)  (ps)  (ps)   (ps)  Location 
#---------------------------------------------------------------------------------------------------------
  prod_reg_reg[6][1]/clk -       -       R     (arrival)            149    -     0     0       0    (-,-) 
  prod_reg_reg[6][1]/q   (u)     clk->q  R     unmapped_d_flop        7  3.5     0   224     224    (-,-) 
  g2557/z                (u)     in_0->z F     unmapped_complex2      4  2.0     0    68     292    (-,-) 
  g2497/z                (u)     in_0->z R     unmapped_nand2         1  0.5     0    52     344    (-,-) 
  g2448/z                (u)     in_1->z F     unmapped_nand2         3  1.5     0    63     407    (-,-) 
  g2429/z                (u)     in_1->z R     unmapped_nand2         1  0.5     0    52     459    (-,-) 
  g2408/z                (u)     in_1->z F     unmapped_nand2         3  1.5     0    63     522    (-,-) 
  g2386/z                (u)     in_1->z R     unmapped_nand2         1  0.5     0    52     574    (-,-) 
  g2367/z                (u)     in_1->z F     unmapped_nand2         3  1.5     0    63     638    (-,-) 
  g2341/z                (u)     in_1->z R     unmapped_nand2         1  0.5     0    52     690    (-,-) 
  g2337/z                (u)     in_1->z F     unmapped_nand2         3  1.5     0    63     753    (-,-) 
  g2320/z                (u)     in_0->z F     unmapped_or2           1  0.5     0    52     805    (-,-) 
  g2321/z                (u)     in_1->z R     unmapped_nand2         1  0.5     0    52     857    (-,-) 
  prod_reg_reg[7][8]/d   -       -       R     unmapped_d_flop        1    -     -     0     857    (-,-) 
#---------------------------------------------------------------------------------------------------------

(u) : Net has unmapped pin(s).



Path 34: MET (274 ps) Setup Check with Pin prod_reg_reg[6][9]/clk->d
          Group: clock
     Startpoint: (R) prod_reg_reg[5][2]/clk
          Clock: (R) clock
       Endpoint: (R) prod_reg_reg[6][9]/d
          Clock: (R) clock

                     Capture       Launch     
        Clock Edge:+    1200            0     
       Src Latency:+       0            0     
       Net Latency:+       0 (I)        0 (I) 
           Arrival:=    1200            0     
                                              
             Setup:-      69                  
     Required Time:=    1131                  
      Launch Clock:-       0                  
         Data Path:-     857                  
             Slack:=     274                  

#---------------------------------------------------------------------------------------------------------
#     Timing Point       Flags    Arc    Edge       Cell         Fanout Load Trans Delay Arrival Instance 
#                                                                       (fF)  (ps)  (ps)   (ps)  Location 
#---------------------------------------------------------------------------------------------------------
  prod_reg_reg[5][2]/clk -       -       R     (arrival)            149    -     0     0       0    (-,-) 
  prod_reg_reg[5][2]/q   (u)     clk->q  R     unmapped_d_flop        7  3.5     0   224     224    (-,-) 
  g2552/z                (u)     in_0->z F     unmapped_complex2      4  2.0     0    68     292    (-,-) 
  g2512/z                (u)     in_0->z R     unmapped_nand2         1  0.5     0    52     344    (-,-) 
  g2456/z                (u)     in_1->z F     unmapped_nand2         3  1.5     0    63     407    (-,-) 
  g2424/z                (u)     in_1->z R     unmapped_nand2         1  0.5     0    52     459    (-,-) 
  g2409/z                (u)     in_1->z F     unmapped_nand2         3  1.5     0    63     522    (-,-) 
  g2381/z                (u)     in_1->z R     unmapped_nand2         1  0.5     0    52     574    (-,-) 
  g2374/z                (u)     in_1->z F     unmapped_nand2         3  1.5     0    63     638    (-,-) 
  g2354/z                (u)     in_1->z R     unmapped_nand2         1  0.5     0    52     690    (-,-) 
  g2338/z                (u)     in_1->z F     unmapped_nand2         3  1.5     0    63     753    (-,-) 
  g2302/z                (u)     in_0->z F     unmapped_or2           1  0.5     0    52     805    (-,-) 
  g2303/z                (u)     in_1->z R     unmapped_nand2         1  0.5     0    52     857    (-,-) 
  prod_reg_reg[6][9]/d   -       -       R     unmapped_d_flop        1    -     -     0     857    (-,-) 
#---------------------------------------------------------------------------------------------------------

(u) : Net has unmapped pin(s).



Path 35: MET (274 ps) Setup Check with Pin prod_reg_reg[5][9]/clk->d
          Group: clock
     Startpoint: (R) prod_reg_reg[4][3]/clk
          Clock: (R) clock
       Endpoint: (R) prod_reg_reg[5][9]/d
          Clock: (R) clock

                     Capture       Launch     
        Clock Edge:+    1200            0     
       Src Latency:+       0            0     
       Net Latency:+       0 (I)        0 (I) 
           Arrival:=    1200            0     
                                              
             Setup:-      69                  
     Required Time:=    1131                  
      Launch Clock:-       0                  
         Data Path:-     857                  
             Slack:=     274                  

#---------------------------------------------------------------------------------------------------------
#     Timing Point       Flags    Arc    Edge       Cell         Fanout Load Trans Delay Arrival Instance 
#                                                                       (fF)  (ps)  (ps)   (ps)  Location 
#---------------------------------------------------------------------------------------------------------
  prod_reg_reg[4][3]/clk -       -       R     (arrival)            149    -     0     0       0    (-,-) 
  prod_reg_reg[4][3]/q   (u)     clk->q  F     unmapped_d_flop        7  3.5     0   224     224    (-,-) 
  g414/z                 (u)     in_1->z R     unmapped_nand2         4  2.0     0    68     292    (-,-) 
  g2479/z                (u)     in_0->z F     unmapped_nand2         1  0.5     0    52     344    (-,-) 
  g2455/z                (u)     in_1->z R     unmapped_nand2         3  1.5     0    63     407    (-,-) 
  g2446/z                (u)     in_1->z R     unmapped_complex2      1  0.5     0    52     459    (-,-) 
  g2419/z                (u)     in_1->z F     unmapped_nand2         3  1.5     0    63     522    (-,-) 
  g2382/z                (u)     in_1->z R     unmapped_nand2         1  0.5     0    52     574    (-,-) 
  g2371/z                (u)     in_1->z F     unmapped_nand2         3  1.5     0    63     638    (-,-) 
  g2353/z                (u)     in_1->z R     unmapped_nand2         1  0.5     0    52     690    (-,-) 
  g2329/z                (u)     in_1->z F     unmapped_nand2         3  1.5     0    63     753    (-,-) 
  g2306/z                (u)     in_0->z F     unmapped_or2           1  0.5     0    52     805    (-,-) 
  g2307/z                (u)     in_1->z R     unmapped_nand2         1  0.5     0    52     857    (-,-) 
  prod_reg_reg[5][9]/d   -       -       R     unmapped_d_flop        1    -     -     0     857    (-,-) 
#---------------------------------------------------------------------------------------------------------

(u) : Net has unmapped pin(s).



Path 36: MET (278 ps) Setup Check with Pin prod_reg_reg[1][9]/clk->d
          Group: clock
     Startpoint: (R) prod_reg_reg[0][0]/clk
          Clock: (R) clock
       Endpoint: (R) prod_reg_reg[1][9]/d
          Clock: (R) clock

                     Capture       Launch     
        Clock Edge:+    1200            0     
       Src Latency:+       0            0     
       Net Latency:+       0 (I)        0 (I) 
           Arrival:=    1200            0     
                                              
             Setup:-      69                  
     Required Time:=    1131                  
      Launch Clock:-       0                  
         Data Path:-     853                  
             Slack:=     278                  

#---------------------------------------------------------------------------------------------------------
#     Timing Point       Flags    Arc    Edge       Cell         Fanout Load Trans Delay Arrival Instance 
#                                                                       (fF)  (ps)  (ps)   (ps)  Location 
#---------------------------------------------------------------------------------------------------------
  prod_reg_reg[0][0]/clk -       -       R     (arrival)            149    -     0     0       0    (-,-) 
  prod_reg_reg[0][0]/q   (u)     clk->q  R     unmapped_d_flop        6  3.0     0   220     220    (-,-) 
  g2544/z                (u)     in_0->z F     unmapped_complex2      4  2.0     0    68     288    (-,-) 
  g2482/z                (u)     in_0->z R     unmapped_nand2         1  0.5     0    52     340    (-,-) 
  g2477/z                (u)     in_1->z F     unmapped_nand2         3  1.5     0    63     403    (-,-) 
  g2437/z                (u)     in_1->z R     unmapped_nand2         1  0.5     0    52     455    (-,-) 
  g2418/z                (u)     in_1->z F     unmapped_nand2         3  1.5     0    63     518    (-,-) 
  g2393/z                (u)     in_1->z R     unmapped_nand2         1  0.5     0    52     570    (-,-) 
  g2379/z                (u)     in_1->z F     unmapped_nand2         3  1.5     0    63     634    (-,-) 
  g2360/z                (u)     in_1->z R     unmapped_nand2         1  0.5     0    52     686    (-,-) 
  g2340/z                (u)     in_1->z F     unmapped_nand2         3  1.5     0    63     749    (-,-) 
  g2312/z                (u)     in_0->z F     unmapped_or2           1  0.5     0    52     801    (-,-) 
  g2313/z                (u)     in_1->z R     unmapped_nand2         1  0.5     0    52     853    (-,-) 
  prod_reg_reg[1][9]/d   -       -       R     unmapped_d_flop        1    -     -     0     853    (-,-) 
#---------------------------------------------------------------------------------------------------------

(u) : Net has unmapped pin(s).



Path 37: MET (282 ps) Setup Check with Pin prod_reg_reg[0][8]/clk->d
          Group: clock
     Startpoint: (R) data_in_reg_reg[3]/clk
          Clock: (R) clock
       Endpoint: (R) prod_reg_reg[0][8]/d
          Clock: (R) clock

                     Capture       Launch     
        Clock Edge:+    1200            0     
       Src Latency:+       0            0     
       Net Latency:+       0 (I)        0 (I) 
           Arrival:=    1200            0     
                                              
             Setup:-      69                  
     Required Time:=    1131                  
      Launch Clock:-       0                  
         Data Path:-     849                  
             Slack:=     282                  

#---------------------------------------------------------------------------------------------------------
#     Timing Point       Flags    Arc    Edge       Cell         Fanout Load Trans Delay Arrival Instance 
#                                                                       (fF)  (ps)  (ps)   (ps)  Location 
#---------------------------------------------------------------------------------------------------------
  data_in_reg_reg[3]/clk -       -       R     (arrival)            149    -     0     0       0    (-,-) 
  data_in_reg_reg[3]/q   (u)     clk->q  F     unmapped_d_flop        5  2.5     0   216     216    (-,-) 
  g2572/z                (u)     in_1->z F     unmapped_complex2      4  2.0     0    68     284    (-,-) 
  g2502/z                (u)     in_0->z R     unmapped_nand2         1  0.5     0    52     336    (-,-) 
  g2447/z                (u)     in_1->z F     unmapped_nand2         3  1.5     0    63     399    (-,-) 
  g2442/z                (u)     in_1->z R     unmapped_nand2         1  0.5     0    52     451    (-,-) 
  g2407/z                (u)     in_1->z F     unmapped_nand2         3  1.5     0    63     514    (-,-) 
  g2406/z                (u)     in_1->z R     unmapped_nand2         1  0.5     0    52     566    (-,-) 
  g2373/z                (u)     in_1->z F     unmapped_nand2         3  1.5     0    63     629    (-,-) 
  g2356/z                (u)     in_1->z R     unmapped_nand2         1  0.5     0    52     682    (-,-) 
  g2327/z                (u)     in_1->z F     unmapped_nand2         3  1.5     0    63     744    (-,-) 
  g2317/z                (u)     in_0->z F     unmapped_or2           1  0.5     0    52     797    (-,-) 
  g2318/z                (u)     in_1->z R     unmapped_nand2         1  0.5     0    52     849    (-,-) 
  prod_reg_reg[0][8]/d   -       -       R     unmapped_d_flop        1    -     -     0     849    (-,-) 
#---------------------------------------------------------------------------------------------------------

(u) : Net has unmapped pin(s).



Path 38: MET (321 ps) Setup Check with Pin prod_reg_reg[3][9]/clk->d
          Group: clock
     Startpoint: (R) prod_reg_reg[2][3]/clk
          Clock: (R) clock
       Endpoint: (R) prod_reg_reg[3][9]/d
          Clock: (R) clock

                     Capture       Launch     
        Clock Edge:+    1200            0     
       Src Latency:+       0            0     
       Net Latency:+       0 (I)        0 (I) 
           Arrival:=    1200            0     
                                              
             Setup:-      69                  
     Required Time:=    1131                  
      Launch Clock:-       0                  
         Data Path:-     810                  
             Slack:=     321                  

#---------------------------------------------------------------------------------------------------------
#     Timing Point       Flags    Arc    Edge       Cell         Fanout Load Trans Delay Arrival Instance 
#                                                                       (fF)  (ps)  (ps)   (ps)  Location 
#---------------------------------------------------------------------------------------------------------
  prod_reg_reg[2][3]/clk -       -       R     (arrival)            149    -     0     0       0    (-,-) 
  prod_reg_reg[2][3]/q   (u)     clk->q  R     unmapped_d_flop       10  5.0     0   234     234    (-,-) 
  g658/z                 (u)     in_1->z R     unmapped_or2           3  1.5     0    63     297    (-,-) 
  g812/z                 (u)     in_1->z R     unmapped_or2           3  1.5     0    63     360    (-,-) 
  g2457/z                (u)     in_0->z R     unmapped_complex2      1  0.5     0    52     412    (-,-) 
  g2430/z                (u)     in_0->z F     unmapped_nand2         3  1.5     0    63     475    (-,-) 
  g2414/z                (u)     in_1->z R     unmapped_nand2         1  0.5     0    52     527    (-,-) 
  g2401/z                (u)     in_0->z F     unmapped_nand2         3  1.5     0    63     590    (-,-) 
  g2378/z                (u)     in_1->z R     unmapped_nand2         1  0.5     0    52     643    (-,-) 
  g2349/z                (u)     in_0->z F     unmapped_nand2         3  1.5     0    63     706    (-,-) 
  g2334/z                (u)     in_0->z F     unmapped_or2           1  0.5     0    52     758    (-,-) 
  g2335/z                (u)     in_1->z R     unmapped_nand2         1  0.5     0    52     810    (-,-) 
  prod_reg_reg[3][9]/d   -       -       R     unmapped_d_flop        1    -     -     0     810    (-,-) 
#---------------------------------------------------------------------------------------------------------

(u) : Net has unmapped pin(s).



Path 39: MET (324 ps) Setup Check with Pin prod_reg_reg[4][9]/clk->d
          Group: clock
     Startpoint: (R) prod_reg_reg[3][3]/clk
          Clock: (R) clock
       Endpoint: (R) prod_reg_reg[4][9]/d
          Clock: (R) clock

                     Capture       Launch     
        Clock Edge:+    1200            0     
       Src Latency:+       0            0     
       Net Latency:+       0 (I)        0 (I) 
           Arrival:=    1200            0     
                                              
             Setup:-      69                  
     Required Time:=    1131                  
      Launch Clock:-       0                  
         Data Path:-     807                  
             Slack:=     324                  

#---------------------------------------------------------------------------------------------------------
#     Timing Point       Flags    Arc    Edge       Cell         Fanout Load Trans Delay Arrival Instance 
#                                                                       (fF)  (ps)  (ps)   (ps)  Location 
#---------------------------------------------------------------------------------------------------------
  prod_reg_reg[3][3]/clk -       -       R     (arrival)            149    -     0     0       0    (-,-) 
  prod_reg_reg[3][3]/q   (u)     clk->q  R     unmapped_d_flop        9  4.5     0   231     231    (-,-) 
  g725/z                 (u)     in_0->z R     unmapped_or2           3  1.5     0    63     294    (-,-) 
  g820/z                 (u)     in_1->z R     unmapped_or2           3  1.5     0    63     357    (-,-) 
  g2478/z                (u)     in_0->z R     unmapped_complex2      1  0.5     0    52     409    (-,-) 
  g2428/z                (u)     in_0->z F     unmapped_nand2         3  1.5     0    63     472    (-,-) 
  g2413/z                (u)     in_1->z R     unmapped_nand2         1  0.5     0    52     524    (-,-) 
  g2394/z                (u)     in_0->z F     unmapped_nand2         3  1.5     0    63     588    (-,-) 
  g2380/z                (u)     in_1->z R     unmapped_nand2         1  0.5     0    52     640    (-,-) 
  g2355/z                (u)     in_0->z F     unmapped_nand2         3  1.5     0    63     703    (-,-) 
  g2331/z                (u)     in_0->z F     unmapped_or2           1  0.5     0    52     755    (-,-) 
  g2332/z                (u)     in_1->z R     unmapped_nand2         1  0.5     0    52     807    (-,-) 
  prod_reg_reg[4][9]/d   -       -       R     unmapped_d_flop        1    -     -     0     807    (-,-) 
#---------------------------------------------------------------------------------------------------------

(u) : Net has unmapped pin(s).



Path 40: MET (349 ps) Setup Check with Pin data_out_reg_reg[2]/clk->d
          Group: clock
     Startpoint: (R) prod_reg_reg[0][2]/clk
          Clock: (R) clock
       Endpoint: (R) data_out_reg_reg[2]/d
          Clock: (R) clock

                     Capture       Launch     
        Clock Edge:+    1200            0     
       Src Latency:+       0            0     
       Net Latency:+       0 (I)        0 (I) 
           Arrival:=    1200            0     
                                              
             Setup:-      69                  
     Required Time:=    1131                  
      Launch Clock:-       0                  
         Data Path:-     782                  
             Slack:=     349                  

#-----------------------------------------------------------------------------------------------------------------------
#            Timing Point              Flags    Arc    Edge       Cell         Fanout Load Trans Delay Arrival Instance 
#                                                                                     (fF)  (ps)  (ps)   (ps)  Location 
#-----------------------------------------------------------------------------------------------------------------------
  prod_reg_reg[0][2]/clk               -       -       R     (arrival)            149    -     0     0       0    (-,-) 
  prod_reg_reg[0][2]/q                 (u)     clk->q  F     unmapped_d_flop        6  3.0     0   220     220    (-,-) 
  csa_tree_ADD_TC_OP_12_groupi/g2352/z (u)     in_1->z R     unmapped_complex2      1  0.5     0    52     272    (-,-) 
  csa_tree_ADD_TC_OP_12_groupi/g2353/z (u)     in_1->z F     unmapped_nand2         4  2.0     0    68     340    (-,-) 
  csa_tree_ADD_TC_OP_12_groupi/g2190/z (u)     in_0->z R     unmapped_complex2      1  0.5     0    52     392    (-,-) 
  csa_tree_ADD_TC_OP_12_groupi/g2191/z (u)     in_1->z F     unmapped_nand2         2  1.0     0    58     450    (-,-) 
  csa_tree_ADD_TC_OP_12_groupi/g2055/z (u)     in_1->z F     unmapped_complex2      1  0.5     0    52     503    (-,-) 
  csa_tree_ADD_TC_OP_12_groupi/g2056/z (u)     in_1->z R     unmapped_nand2         2  1.0     0    58     561    (-,-) 
  csa_tree_ADD_TC_OP_12_groupi/g1263/z (u)     in_1->z R     unmapped_or2           2  1.0     0    58     619    (-,-) 
  csa_tree_ADD_TC_OP_12_groupi/g2019/z (u)     in_1->z F     unmapped_nand2         2  1.0     0    58     677    (-,-) 
  csa_tree_ADD_TC_OP_12_groupi/g1956/z (u)     in_1->z F     unmapped_or2           1  0.5     0    52     730    (-,-) 
  csa_tree_ADD_TC_OP_12_groupi/g1957/z (u)     in_1->z R     unmapped_nand2         1  0.5     0    52     782    (-,-) 
  data_out_reg_reg[2]/d                -       -       R     unmapped_d_flop        1    -     -     0     782    (-,-) 
#-----------------------------------------------------------------------------------------------------------------------

(u) : Net has unmapped pin(s).



Path 41: MET (385 ps) Setup Check with Pin prod_reg_reg[2][8]/clk->d
          Group: clock
     Startpoint: (R) prod_reg_reg[1][3]/clk
          Clock: (R) clock
       Endpoint: (R) prod_reg_reg[2][8]/d
          Clock: (R) clock

                     Capture       Launch     
        Clock Edge:+    1200            0     
       Src Latency:+       0            0     
       Net Latency:+       0 (I)        0 (I) 
           Arrival:=    1200            0     
                                              
             Setup:-      69                  
     Required Time:=    1131                  
      Launch Clock:-       0                  
         Data Path:-     746                  
             Slack:=     385                  

#---------------------------------------------------------------------------------------------------------
#     Timing Point       Flags    Arc    Edge       Cell         Fanout Load Trans Delay Arrival Instance 
#                                                                       (fF)  (ps)  (ps)   (ps)  Location 
#---------------------------------------------------------------------------------------------------------
  prod_reg_reg[1][3]/clk -       -       R     (arrival)            149    -     0     0       0    (-,-) 
  prod_reg_reg[1][3]/q   (u)     clk->q  F     unmapped_d_flop        8  4.0     0   228     228    (-,-) 
  g12/z                  (u)     in_0->z R     unmapped_nand2         4  2.0     0    68     296    (-,-) 
  g2539/z                (u)     in_0->z F     unmapped_nand2         1  0.5     0    52     348    (-,-) 
  g2458/z                (u)     in_1->z R     unmapped_nand2         3  1.5     0    63     411    (-,-) 
  g2438/z                (u)     in_1->z R     unmapped_complex2      1  0.5     0    52     463    (-,-) 
  g2420/z                (u)     in_1->z F     unmapped_nand2         3  1.5     0    63     526    (-,-) 
  g2402/z                (u)     in_1->z R     unmapped_nand2         1  0.5     0    52     578    (-,-) 
  g2372/z                (u)     in_1->z F     unmapped_nand2         3  1.5     0    63     641    (-,-) 
  g2343/z                (u)     in_0->z F     unmapped_or2           1  0.5     0    52     694    (-,-) 
  g2344/z                (u)     in_1->z R     unmapped_nand2         1  0.5     0    52     746    (-,-) 
  prod_reg_reg[2][8]/d   -       -       R     unmapped_d_flop        1    -     -     0     746    (-,-) 
#---------------------------------------------------------------------------------------------------------

(u) : Net has unmapped pin(s).



Path 42: MET (389 ps) Setup Check with Pin prod_reg_reg[7][7]/clk->d
          Group: clock
     Startpoint: (R) prod_reg_reg[6][1]/clk
          Clock: (R) clock
       Endpoint: (R) prod_reg_reg[7][7]/d
          Clock: (R) clock

                     Capture       Launch     
        Clock Edge:+    1200            0     
       Src Latency:+       0            0     
       Net Latency:+       0 (I)        0 (I) 
           Arrival:=    1200            0     
                                              
             Setup:-      69                  
     Required Time:=    1131                  
      Launch Clock:-       0                  
         Data Path:-     742                  
             Slack:=     389                  

#---------------------------------------------------------------------------------------------------------
#     Timing Point       Flags    Arc    Edge       Cell         Fanout Load Trans Delay Arrival Instance 
#                                                                       (fF)  (ps)  (ps)   (ps)  Location 
#---------------------------------------------------------------------------------------------------------
  prod_reg_reg[6][1]/clk -       -       R     (arrival)            149    -     0     0       0    (-,-) 
  prod_reg_reg[6][1]/q   (u)     clk->q  R     unmapped_d_flop        7  3.5     0   224     224    (-,-) 
  g2557/z                (u)     in_0->z F     unmapped_complex2      4  2.0     0    68     292    (-,-) 
  g2497/z                (u)     in_0->z R     unmapped_nand2         1  0.5     0    52     344    (-,-) 
  g2448/z                (u)     in_1->z F     unmapped_nand2         3  1.5     0    63     407    (-,-) 
  g2429/z                (u)     in_1->z R     unmapped_nand2         1  0.5     0    52     459    (-,-) 
  g2408/z                (u)     in_1->z F     unmapped_nand2         3  1.5     0    63     522    (-,-) 
  g2386/z                (u)     in_1->z R     unmapped_nand2         1  0.5     0    52     574    (-,-) 
  g2367/z                (u)     in_1->z F     unmapped_nand2         3  1.5     0    63     638    (-,-) 
  g2362/z                (u)     in_0->z F     unmapped_or2           1  0.5     0    52     690    (-,-) 
  g2363/z                (u)     in_1->z R     unmapped_nand2         1  0.5     0    52     742    (-,-) 
  prod_reg_reg[7][7]/d   -       -       R     unmapped_d_flop        1    -     -     0     742    (-,-) 
#---------------------------------------------------------------------------------------------------------

(u) : Net has unmapped pin(s).



Path 43: MET (389 ps) Setup Check with Pin prod_reg_reg[6][8]/clk->d
          Group: clock
     Startpoint: (R) prod_reg_reg[5][2]/clk
          Clock: (R) clock
       Endpoint: (R) prod_reg_reg[6][8]/d
          Clock: (R) clock

                     Capture       Launch     
        Clock Edge:+    1200            0     
       Src Latency:+       0            0     
       Net Latency:+       0 (I)        0 (I) 
           Arrival:=    1200            0     
                                              
             Setup:-      69                  
     Required Time:=    1131                  
      Launch Clock:-       0                  
         Data Path:-     742                  
             Slack:=     389                  

#---------------------------------------------------------------------------------------------------------
#     Timing Point       Flags    Arc    Edge       Cell         Fanout Load Trans Delay Arrival Instance 
#                                                                       (fF)  (ps)  (ps)   (ps)  Location 
#---------------------------------------------------------------------------------------------------------
  prod_reg_reg[5][2]/clk -       -       R     (arrival)            149    -     0     0       0    (-,-) 
  prod_reg_reg[5][2]/q   (u)     clk->q  R     unmapped_d_flop        7  3.5     0   224     224    (-,-) 
  g2552/z                (u)     in_0->z F     unmapped_complex2      4  2.0     0    68     292    (-,-) 
  g2512/z                (u)     in_0->z R     unmapped_nand2         1  0.5     0    52     344    (-,-) 
  g2456/z                (u)     in_1->z F     unmapped_nand2         3  1.5     0    63     407    (-,-) 
  g2424/z                (u)     in_1->z R     unmapped_nand2         1  0.5     0    52     459    (-,-) 
  g2409/z                (u)     in_1->z F     unmapped_nand2         3  1.5     0    63     522    (-,-) 
  g2381/z                (u)     in_1->z R     unmapped_nand2         1  0.5     0    52     574    (-,-) 
  g2374/z                (u)     in_1->z F     unmapped_nand2         3  1.5     0    63     638    (-,-) 
  g2347/z                (u)     in_0->z F     unmapped_or2           1  0.5     0    52     690    (-,-) 
  g2348/z                (u)     in_1->z R     unmapped_nand2         1  0.5     0    52     742    (-,-) 
  prod_reg_reg[6][8]/d   -       -       R     unmapped_d_flop        1    -     -     0     742    (-,-) 
#---------------------------------------------------------------------------------------------------------

(u) : Net has unmapped pin(s).



Path 44: MET (389 ps) Setup Check with Pin prod_reg_reg[5][8]/clk->d
          Group: clock
     Startpoint: (R) prod_reg_reg[4][3]/clk
          Clock: (R) clock
       Endpoint: (R) prod_reg_reg[5][8]/d
          Clock: (R) clock

                     Capture       Launch     
        Clock Edge:+    1200            0     
       Src Latency:+       0            0     
       Net Latency:+       0 (I)        0 (I) 
           Arrival:=    1200            0     
                                              
             Setup:-      69                  
     Required Time:=    1131                  
      Launch Clock:-       0                  
         Data Path:-     742                  
             Slack:=     389                  

#---------------------------------------------------------------------------------------------------------
#     Timing Point       Flags    Arc    Edge       Cell         Fanout Load Trans Delay Arrival Instance 
#                                                                       (fF)  (ps)  (ps)   (ps)  Location 
#---------------------------------------------------------------------------------------------------------
  prod_reg_reg[4][3]/clk -       -       R     (arrival)            149    -     0     0       0    (-,-) 
  prod_reg_reg[4][3]/q   (u)     clk->q  F     unmapped_d_flop        7  3.5     0   224     224    (-,-) 
  g414/z                 (u)     in_1->z R     unmapped_nand2         4  2.0     0    68     292    (-,-) 
  g2479/z                (u)     in_0->z F     unmapped_nand2         1  0.5     0    52     344    (-,-) 
  g2455/z                (u)     in_1->z R     unmapped_nand2         3  1.5     0    63     407    (-,-) 
  g2446/z                (u)     in_1->z R     unmapped_complex2      1  0.5     0    52     459    (-,-) 
  g2419/z                (u)     in_1->z F     unmapped_nand2         3  1.5     0    63     522    (-,-) 
  g2382/z                (u)     in_1->z R     unmapped_nand2         1  0.5     0    52     574    (-,-) 
  g2371/z                (u)     in_1->z F     unmapped_nand2         3  1.5     0    63     638    (-,-) 
  g2365/z                (u)     in_0->z F     unmapped_or2           1  0.5     0    52     690    (-,-) 
  g2366/z                (u)     in_1->z R     unmapped_nand2         1  0.5     0    52     742    (-,-) 
  prod_reg_reg[5][8]/d   -       -       R     unmapped_d_flop        1    -     -     0     742    (-,-) 
#---------------------------------------------------------------------------------------------------------

(u) : Net has unmapped pin(s).



Path 45: MET (393 ps) Setup Check with Pin prod_reg_reg[1][8]/clk->d
          Group: clock
     Startpoint: (R) prod_reg_reg[0][0]/clk
          Clock: (R) clock
       Endpoint: (R) prod_reg_reg[1][8]/d
          Clock: (R) clock

                     Capture       Launch     
        Clock Edge:+    1200            0     
       Src Latency:+       0            0     
       Net Latency:+       0 (I)        0 (I) 
           Arrival:=    1200            0     
                                              
             Setup:-      69                  
     Required Time:=    1131                  
      Launch Clock:-       0                  
         Data Path:-     738                  
             Slack:=     393                  

#---------------------------------------------------------------------------------------------------------
#     Timing Point       Flags    Arc    Edge       Cell         Fanout Load Trans Delay Arrival Instance 
#                                                                       (fF)  (ps)  (ps)   (ps)  Location 
#---------------------------------------------------------------------------------------------------------
  prod_reg_reg[0][0]/clk -       -       R     (arrival)            149    -     0     0       0    (-,-) 
  prod_reg_reg[0][0]/q   (u)     clk->q  R     unmapped_d_flop        6  3.0     0   220     220    (-,-) 
  g2544/z                (u)     in_0->z F     unmapped_complex2      4  2.0     0    68     288    (-,-) 
  g2482/z                (u)     in_0->z R     unmapped_nand2         1  0.5     0    52     340    (-,-) 
  g2477/z                (u)     in_1->z F     unmapped_nand2         3  1.5     0    63     403    (-,-) 
  g2437/z                (u)     in_1->z R     unmapped_nand2         1  0.5     0    52     455    (-,-) 
  g2418/z                (u)     in_1->z F     unmapped_nand2         3  1.5     0    63     518    (-,-) 
  g2393/z                (u)     in_1->z R     unmapped_nand2         1  0.5     0    52     570    (-,-) 
  g2379/z                (u)     in_1->z F     unmapped_nand2         3  1.5     0    63     634    (-,-) 
  g2358/z                (u)     in_0->z F     unmapped_or2           1  0.5     0    52     686    (-,-) 
  g2359/z                (u)     in_1->z R     unmapped_nand2         1  0.5     0    52     738    (-,-) 
  prod_reg_reg[1][8]/d   -       -       R     unmapped_d_flop        1    -     -     0     738    (-,-) 
#---------------------------------------------------------------------------------------------------------

(u) : Net has unmapped pin(s).



Path 46: MET (397 ps) Setup Check with Pin prod_reg_reg[0][7]/clk->d
          Group: clock
     Startpoint: (R) data_in_reg_reg[3]/clk
          Clock: (R) clock
       Endpoint: (R) prod_reg_reg[0][7]/d
          Clock: (R) clock

                     Capture       Launch     
        Clock Edge:+    1200            0     
       Src Latency:+       0            0     
       Net Latency:+       0 (I)        0 (I) 
           Arrival:=    1200            0     
                                              
             Setup:-      69                  
     Required Time:=    1131                  
      Launch Clock:-       0                  
         Data Path:-     734                  
             Slack:=     397                  

#---------------------------------------------------------------------------------------------------------
#     Timing Point       Flags    Arc    Edge       Cell         Fanout Load Trans Delay Arrival Instance 
#                                                                       (fF)  (ps)  (ps)   (ps)  Location 
#---------------------------------------------------------------------------------------------------------
  data_in_reg_reg[3]/clk -       -       R     (arrival)            149    -     0     0       0    (-,-) 
  data_in_reg_reg[3]/q   (u)     clk->q  F     unmapped_d_flop        5  2.5     0   216     216    (-,-) 
  g2572/z                (u)     in_1->z F     unmapped_complex2      4  2.0     0    68     284    (-,-) 
  g2502/z                (u)     in_0->z R     unmapped_nand2         1  0.5     0    52     336    (-,-) 
  g2447/z                (u)     in_1->z F     unmapped_nand2         3  1.5     0    63     399    (-,-) 
  g2442/z                (u)     in_1->z R     unmapped_nand2         1  0.5     0    52     451    (-,-) 
  g2407/z                (u)     in_1->z F     unmapped_nand2         3  1.5     0    63     514    (-,-) 
  g2406/z                (u)     in_1->z R     unmapped_nand2         1  0.5     0    52     566    (-,-) 
  g2373/z                (u)     in_1->z F     unmapped_nand2         3  1.5     0    63     629    (-,-) 
  g2351/z                (u)     in_0->z F     unmapped_or2           1  0.5     0    52     682    (-,-) 
  g2352/z                (u)     in_1->z R     unmapped_nand2         1  0.5     0    52     734    (-,-) 
  prod_reg_reg[0][7]/d   -       -       R     unmapped_d_flop        1    -     -     0     734    (-,-) 
#---------------------------------------------------------------------------------------------------------

(u) : Net has unmapped pin(s).



Path 47: MET (436 ps) Setup Check with Pin prod_reg_reg[3][8]/clk->d
          Group: clock
     Startpoint: (R) prod_reg_reg[2][3]/clk
          Clock: (R) clock
       Endpoint: (R) prod_reg_reg[3][8]/d
          Clock: (R) clock

                     Capture       Launch     
        Clock Edge:+    1200            0     
       Src Latency:+       0            0     
       Net Latency:+       0 (I)        0 (I) 
           Arrival:=    1200            0     
                                              
             Setup:-      69                  
     Required Time:=    1131                  
      Launch Clock:-       0                  
         Data Path:-     695                  
             Slack:=     436                  

#---------------------------------------------------------------------------------------------------------
#     Timing Point       Flags    Arc    Edge       Cell         Fanout Load Trans Delay Arrival Instance 
#                                                                       (fF)  (ps)  (ps)   (ps)  Location 
#---------------------------------------------------------------------------------------------------------
  prod_reg_reg[2][3]/clk -       -       R     (arrival)            149    -     0     0       0    (-,-) 
  prod_reg_reg[2][3]/q   (u)     clk->q  R     unmapped_d_flop       10  5.0     0   234     234    (-,-) 
  g658/z                 (u)     in_1->z R     unmapped_or2           3  1.5     0    63     297    (-,-) 
  g812/z                 (u)     in_1->z R     unmapped_or2           3  1.5     0    63     360    (-,-) 
  g2457/z                (u)     in_0->z R     unmapped_complex2      1  0.5     0    52     412    (-,-) 
  g2430/z                (u)     in_0->z F     unmapped_nand2         3  1.5     0    63     475    (-,-) 
  g2414/z                (u)     in_1->z R     unmapped_nand2         1  0.5     0    52     527    (-,-) 
  g2401/z                (u)     in_0->z F     unmapped_nand2         3  1.5     0    63     590    (-,-) 
  g2376/z                (u)     in_0->z F     unmapped_or2           1  0.5     0    52     643    (-,-) 
  g2377/z                (u)     in_1->z R     unmapped_nand2         1  0.5     0    52     695    (-,-) 
  prod_reg_reg[3][8]/d   -       -       R     unmapped_d_flop        1    -     -     0     695    (-,-) 
#---------------------------------------------------------------------------------------------------------

(u) : Net has unmapped pin(s).



Path 48: MET (439 ps) Setup Check with Pin prod_reg_reg[4][8]/clk->d
          Group: clock
     Startpoint: (R) prod_reg_reg[3][3]/clk
          Clock: (R) clock
       Endpoint: (R) prod_reg_reg[4][8]/d
          Clock: (R) clock

                     Capture       Launch     
        Clock Edge:+    1200            0     
       Src Latency:+       0            0     
       Net Latency:+       0 (I)        0 (I) 
           Arrival:=    1200            0     
                                              
             Setup:-      69                  
     Required Time:=    1131                  
      Launch Clock:-       0                  
         Data Path:-     692                  
             Slack:=     439                  

#---------------------------------------------------------------------------------------------------------
#     Timing Point       Flags    Arc    Edge       Cell         Fanout Load Trans Delay Arrival Instance 
#                                                                       (fF)  (ps)  (ps)   (ps)  Location 
#---------------------------------------------------------------------------------------------------------
  prod_reg_reg[3][3]/clk -       -       R     (arrival)            149    -     0     0       0    (-,-) 
  prod_reg_reg[3][3]/q   (u)     clk->q  R     unmapped_d_flop        9  4.5     0   231     231    (-,-) 
  g725/z                 (u)     in_0->z R     unmapped_or2           3  1.5     0    63     294    (-,-) 
  g820/z                 (u)     in_1->z R     unmapped_or2           3  1.5     0    63     357    (-,-) 
  g2478/z                (u)     in_0->z R     unmapped_complex2      1  0.5     0    52     409    (-,-) 
  g2428/z                (u)     in_0->z F     unmapped_nand2         3  1.5     0    63     472    (-,-) 
  g2413/z                (u)     in_1->z R     unmapped_nand2         1  0.5     0    52     524    (-,-) 
  g2394/z                (u)     in_0->z F     unmapped_nand2         3  1.5     0    63     588    (-,-) 
  g2369/z                (u)     in_0->z F     unmapped_or2           1  0.5     0    52     640    (-,-) 
  g2370/z                (u)     in_1->z R     unmapped_nand2         1  0.5     0    52     692    (-,-) 
  prod_reg_reg[4][8]/d   -       -       R     unmapped_d_flop        1    -     -     0     692    (-,-) 
#---------------------------------------------------------------------------------------------------------

(u) : Net has unmapped pin(s).



Path 49: MET (466 ps) Setup Check with Pin data_out_reg_reg[1]/clk->d
          Group: clock
     Startpoint: (R) prod_reg_reg[1][1]/clk
          Clock: (R) clock
       Endpoint: (R) data_out_reg_reg[1]/d
          Clock: (R) clock

                     Capture       Launch     
        Clock Edge:+    1200            0     
       Src Latency:+       0            0     
       Net Latency:+       0 (I)        0 (I) 
           Arrival:=    1200            0     
                                              
             Setup:-      69                  
     Required Time:=    1131                  
      Launch Clock:-       0                  
         Data Path:-     665                  
             Slack:=     466                  

#-----------------------------------------------------------------------------------------------------------------------
#            Timing Point              Flags    Arc    Edge       Cell         Fanout Load Trans Delay Arrival Instance 
#                                                                                     (fF)  (ps)  (ps)   (ps)  Location 
#-----------------------------------------------------------------------------------------------------------------------
  prod_reg_reg[1][1]/clk               -       -       R     (arrival)            149    -     0     0       0    (-,-) 
  prod_reg_reg[1][1]/q                 (u)     clk->q  F     unmapped_d_flop        7  3.5     0   224     224    (-,-) 
  csa_tree_ADD_TC_OP_12_groupi/g2296/z (u)     in_0->z F     unmapped_complex2      1  0.5     0    52     276    (-,-) 
  csa_tree_ADD_TC_OP_12_groupi/g2297/z (u)     in_1->z R     unmapped_nand2         2  1.0     0    58     335    (-,-) 
  csa_tree_ADD_TC_OP_12_groupi/g2197/z (u)     in_0->z R     unmapped_complex2      1  0.5     0    52     387    (-,-) 
  csa_tree_ADD_TC_OP_12_groupi/g2198/z (u)     in_1->z F     unmapped_nand2         3  1.5     0    63     450    (-,-) 
  csa_tree_ADD_TC_OP_12_groupi/g2120/z (u)     in_0->z F     unmapped_or2           1  0.5     0    52     502    (-,-) 
  csa_tree_ADD_TC_OP_12_groupi/g2121/z (u)     in_1->z R     unmapped_nand2         2  1.0     0    58     560    (-,-) 
  csa_tree_ADD_TC_OP_12_groupi/g2052/z (u)     in_1->z F     unmapped_complex2      1  0.5     0    52     612    (-,-) 
  csa_tree_ADD_TC_OP_12_groupi/g2053/z (u)     in_1->z R     unmapped_nand2         1  0.5     0    52     665    (-,-) 
  data_out_reg_reg[1]/d                -       -       R     unmapped_d_flop        1    -     -     0     665    (-,-) 
#-----------------------------------------------------------------------------------------------------------------------

(u) : Net has unmapped pin(s).



Path 50: MET (500 ps) Setup Check with Pin prod_reg_reg[2][7]/clk->d
          Group: clock
     Startpoint: (R) prod_reg_reg[1][3]/clk
          Clock: (R) clock
       Endpoint: (R) prod_reg_reg[2][7]/d
          Clock: (R) clock

                     Capture       Launch     
        Clock Edge:+    1200            0     
       Src Latency:+       0            0     
       Net Latency:+       0 (I)        0 (I) 
           Arrival:=    1200            0     
                                              
             Setup:-      69                  
     Required Time:=    1131                  
      Launch Clock:-       0                  
         Data Path:-     631                  
             Slack:=     500                  

#---------------------------------------------------------------------------------------------------------
#     Timing Point       Flags    Arc    Edge       Cell         Fanout Load Trans Delay Arrival Instance 
#                                                                       (fF)  (ps)  (ps)   (ps)  Location 
#---------------------------------------------------------------------------------------------------------
  prod_reg_reg[1][3]/clk -       -       R     (arrival)            149    -     0     0       0    (-,-) 
  prod_reg_reg[1][3]/q   (u)     clk->q  F     unmapped_d_flop        8  4.0     0   228     228    (-,-) 
  g12/z                  (u)     in_0->z R     unmapped_nand2         4  2.0     0    68     296    (-,-) 
  g2539/z                (u)     in_0->z F     unmapped_nand2         1  0.5     0    52     348    (-,-) 
  g2458/z                (u)     in_1->z R     unmapped_nand2         3  1.5     0    63     411    (-,-) 
  g2438/z                (u)     in_1->z R     unmapped_complex2      1  0.5     0    52     463    (-,-) 
  g2420/z                (u)     in_1->z F     unmapped_nand2         3  1.5     0    63     526    (-,-) 
  g2404/z                (u)     in_0->z F     unmapped_or2           1  0.5     0    52     578    (-,-) 
  g2405/z                (u)     in_1->z R     unmapped_nand2         1  0.5     0    52     631    (-,-) 
  prod_reg_reg[2][7]/d   -       -       R     unmapped_d_flop        1    -     -     0     631    (-,-) 
#---------------------------------------------------------------------------------------------------------

(u) : Net has unmapped pin(s).

