============================================================
  Generated by:           Genus(TM) Synthesis Solution 23.10-p004_1
  Generated on:           Oct 08 2026  09:43:58 pm
  Module:                 fir_serial_pipe
  Operating conditions:   PVT_0P9V_125C 
  Interconnect mode:      global
  Area mode:              physical library
============================================================


Path 1: VIOLATED (-276 ps) Setup Check with Pin data_out_reg_reg[14]/CK->D
          Group: clock
     Startpoint: (R) prod_reg_reg[4][8]/CK
          Clock: (R) clock
       Endpoint: (F) data_out_reg_reg[14]/D
          Clock: (R) clock

                     Capture       Launch     
        Clock Edge:+    1200            0     
       Src Latency:+       0            0     
       Net Latency:+       0 (I)        0 (I) 
           Arrival:=    1200            0     
                                              
             Setup:-      60                  
     Required Time:=    1140                  
      Launch Clock:-       0                  
         Data Path:-    1416                  
             Slack:=    -276                  

#--------------------------------------------------------------------------------------------------------------------------------
#                    Timing Point                     Flags    Arc   Edge     Cell      Fanout Load Trans Delay Arrival Instance 
#                                                                                              (fF)  (ps)  (ps)   (ps)  Location 
#--------------------------------------------------------------------------------------------------------------------------------
  prod_reg_reg[4][8]/CK                               -       -      R     (arrival)       149    -     0     0       0    (-,-) 
  prod_reg_reg[4][8]/Q                                -       CK->Q  R     DFFHQX4LVT        1  4.3    26   134     134    (-,-) 
  csa_tree_ADD_TC_OP_12_groupi_cdnfadd_008_0__2398/S  -       A->S   F     ADDFHX2LVT        1  3.8    56   214     348    (-,-) 
  csa_tree_ADD_TC_OP_12_groupi_cdnfadd_008_3__4319/CO -       CI->CO F     ADDFHX2LVT        1  3.8    55   136     484    (-,-) 
  csa_tree_ADD_TC_OP_12_groupi_cdnfadd_009_4__1705/S  -       CI->S  R     ADDFHX1LVT        1  3.8    69   196     680    (-,-) 
  csa_tree_ADD_TC_OP_12_groupi_cdnfadd_009_5__5122/S  -       CI->S  F     ADDFHX2LVT        2  8.7    95   236     916    (-,-) 
  csa_tree_ADD_TC_OP_12_groupi_g6962__5526/Y          -       B->Y   F     CLKAND2X6LVT      2  7.7    35    90    1006    (-,-) 
  csa_tree_ADD_TC_OP_12_groupi_g6935__2883/Y          -       A->Y   R     NOR2X8LVT         2  8.2    49    49    1055    (-,-) 
  csa_tree_ADD_TC_OP_12_groupi_g6915__2802/Y          -       B->Y   F     NOR2X8LVT         3 11.7    52    40    1094    (-,-) 
  csa_tree_ADD_TC_OP_12_groupi_g6896__1666/Y          -       B->Y   R     NAND2X8LVT        1  6.5    30    32    1126    (-,-) 
  csa_tree_ADD_TC_OP_12_groupi_g6895__2346/Y          -       B->Y   F     NAND2X8LVT        3 10.5    72    55    1181    (-,-) 
  csa_tree_ADD_TC_OP_12_groupi_g7032__2346/Y          -       B->Y   F     CLKAND2X6LVT      1  4.5    26    76    1258    (-,-) 
  csa_tree_ADD_TC_OP_12_groupi_g7031__2883/Y          -       B->Y   R     NOR3BX4LVT        1  4.7    81    71    1329    (-,-) 
  csa_tree_ADD_TC_OP_12_groupi_g6866__4319/Y          -       B1->Y  F     OAI32X4LVT        1  3.2    89    87    1416    (-,-) 
  data_out_reg_reg[14]/D                              -       -      F     DFFHQX1LVT        1    -     -     0    1416    (-,-) 
#--------------------------------------------------------------------------------------------------------------------------------



Path 2: VIOLATED (-275 ps) Setup Check with Pin data_out_reg_reg[12]/CK->D
          Group: clock
     Startpoint: (R) prod_reg_reg[1][3]/CK
          Clock: (R) clock
       Endpoint: (R) data_out_reg_reg[12]/D
          Clock: (R) clock

                     Capture       Launch     
        Clock Edge:+    1200            0     
       Src Latency:+       0            0     
       Net Latency:+       0 (I)        0 (I) 
           Arrival:=    1200            0     
                                              
             Setup:-      85                  
     Required Time:=    1115                  
      Launch Clock:-       0                  
         Data Path:-    1390                  
             Slack:=    -275                  

#--------------------------------------------------------------------------------------------------------------------------------
#                    Timing Point                     Flags    Arc   Edge     Cell      Fanout Load Trans Delay Arrival Instance 
#                                                                                              (fF)  (ps)  (ps)   (ps)  Location 
#--------------------------------------------------------------------------------------------------------------------------------
  prod_reg_reg[1][3]/CK                               -       -      R     (arrival)       149    -     0     0       0    (-,-) 
  prod_reg_reg[1][3]/Q                                -       CK->Q  F     DFFHQX8LVT        5 12.3    39   174     174    (-,-) 
  csa_tree_ADD_TC_OP_12_groupi_cdnfadd_003_0__5107/CO -       CI->CO F     ADDFHX2LVT        1  3.8    54   129     304    (-,-) 
  csa_tree_ADD_TC_OP_12_groupi_cdnfadd_004_2__3680/CO -       CI->CO F     ADDFHX2LVT        1  3.8    55   135     439    (-,-) 
  csa_tree_ADD_TC_OP_12_groupi_cdnfadd_005_4__6131/S  -       CI->S  R     ADDFHX1LVT        1  3.8    69   196     635    (-,-) 
  csa_tree_ADD_TC_OP_12_groupi_cdnfadd_005_5__1881/S  -       CI->S  F     ADDFHX2LVT        3 10.9   113   246     880    (-,-) 
  csa_tree_ADD_TC_OP_12_groupi_g6929__7482/Y          -       A1->Y  R     AOI21X4LVT        1  6.5    72    89     969    (-,-) 
  csa_tree_ADD_TC_OP_12_groupi_g6923__6131/Y          -       B->Y   F     NOR2X8LVT         1  6.0    39    40    1010    (-,-) 
  csa_tree_ADD_TC_OP_12_groupi_g6904__5107/Y          -       B->Y   R     NOR2X8LVT         2 11.6    61    50    1060    (-,-) 
  csa_tree_ADD_TC_OP_12_groupi_g6903/Y                -       A->Y   F     CLKINVX12LVT      2  9.9    32    35    1095    (-,-) 
  csa_tree_ADD_TC_OP_12_groupi_g6893__2883/Y          -       B->Y   R     NAND2X8LVT        2 10.7    38    30    1125    (-,-) 
  csa_tree_ADD_TC_OP_12_groupi_g6884__5115/Y          -       B->Y   F     NAND2X8LVT        3 12.2    79    62    1187    (-,-) 
  fopt3/Y                                             -       A->Y   R     CLKINVX6LVT       1  6.5    35    40    1227    (-,-) 
  csa_tree_ADD_TC_OP_12_groupi_g6877__8246/Y          -       B->Y   F     NOR2X8LVT         1  6.0    30    28    1256    (-,-) 
  csa_tree_ADD_TC_OP_12_groupi_g6870__6783/Y          -       B->Y   R     NOR2X8LVT         3  8.4    51    41    1296    (-,-) 
  csa_tree_ADD_TC_OP_12_groupi_g6868__8428/Y          -       A1N->Y R     OAI2BB2X4LVT      1  3.2    62    94    1390    (-,-) 
  data_out_reg_reg[12]/D                              -       -      R     DFFHQX1LVT        1    -     -     0    1390    (-,-) 
#--------------------------------------------------------------------------------------------------------------------------------



Path 3: VIOLATED (-274 ps) Setup Check with Pin data_out_reg_reg[11]/CK->D
          Group: clock
     Startpoint: (R) prod_reg_reg[4][8]/CK
          Clock: (R) clock
       Endpoint: (R) data_out_reg_reg[11]/D
          Clock: (R) clock

                     Capture       Launch     
        Clock Edge:+    1200            0     
       Src Latency:+       0            0     
       Net Latency:+       0 (I)        0 (I) 
           Arrival:=    1200            0     
                                              
             Setup:-      83                  
     Required Time:=    1117                  
      Launch Clock:-       0                  
         Data Path:-    1392                  
             Slack:=    -274                  

#--------------------------------------------------------------------------------------------------------------------------------
#                    Timing Point                     Flags    Arc   Edge     Cell      Fanout Load Trans Delay Arrival Instance 
#                                                                                              (fF)  (ps)  (ps)   (ps)  Location 
#--------------------------------------------------------------------------------------------------------------------------------
  prod_reg_reg[4][8]/CK                               -       -      R     (arrival)       149    -     0     0       0    (-,-) 
  prod_reg_reg[4][8]/Q                                -       CK->Q  R     DFFHQX4LVT        1  4.3    26   134     134    (-,-) 
  csa_tree_ADD_TC_OP_12_groupi_cdnfadd_008_0__2398/S  -       A->S   F     ADDFHX2LVT        1  3.8    56   214     348    (-,-) 
  csa_tree_ADD_TC_OP_12_groupi_cdnfadd_008_3__4319/CO -       CI->CO F     ADDFHX2LVT        1  3.8    55   136     484    (-,-) 
  csa_tree_ADD_TC_OP_12_groupi_cdnfadd_009_4__1705/S  -       CI->S  R     ADDFHX1LVT        1  3.8    69   196     680    (-,-) 
  csa_tree_ADD_TC_OP_12_groupi_cdnfadd_009_5__5122/S  -       CI->S  F     ADDFHX2LVT        2  8.7    95   236     916    (-,-) 
  csa_tree_ADD_TC_OP_12_groupi_g6962__5526/Y          -       B->Y   F     CLKAND2X6LVT      2  7.7    35    90    1006    (-,-) 
  csa_tree_ADD_TC_OP_12_groupi_g6935__2883/Y          -       A->Y   R     NOR2X8LVT         2  8.2    49    49    1055    (-,-) 
  fopt7054/Y                                          -       A->Y   R     BUFX2LVT          1  4.7    44    83    1138    (-,-) 
  csa_tree_ADD_TC_OP_12_groupi_g6906__6260/Y          -       A2->Y  F     OAI31X4LVT        1  5.3    86    69    1207    (-,-) 
  csa_tree_ADD_TC_OP_12_groupi_g6881__6131/Y          -       C->Y   R     NOR3X6LVT         1  3.4    62    62    1268    (-,-) 
  csa_tree_ADD_TC_OP_12_groupi_g6869__5526/Y          -       B->Y   R     CLKXOR2X1LVT      1  3.2    57   123    1392    (-,-) 
  data_out_reg_reg[11]/D                              -       -      R     DFFHQX1LVT        1    -     -     0    1392    (-,-) 
#--------------------------------------------------------------------------------------------------------------------------------



Path 4: VIOLATED (-270 ps) Setup Check with Pin data_out_reg_reg[13]/CK->D
          Group: clock
     Startpoint: (R) prod_reg_reg[3][7]/CK
          Clock: (R) clock
       Endpoint: (R) data_out_reg_reg[13]/D
          Clock: (R) clock

                     Capture       Launch     
        Clock Edge:+    1200            0     
       Src Latency:+       0            0     
       Net Latency:+       0 (I)        0 (I) 
           Arrival:=    1200            0     
                                              
             Setup:-      83                  
     Required Time:=    1117                  
      Launch Clock:-       0                  
         Data Path:-    1387                  
             Slack:=    -270                  

#-------------------------------------------------------------------------------------------------------------------------------
#                    Timing Point                     Flags   Arc   Edge     Cell      Fanout Load Trans Delay Arrival Instance 
#                                                                                             (fF)  (ps)  (ps)   (ps)  Location 
#-------------------------------------------------------------------------------------------------------------------------------
  prod_reg_reg[3][7]/CK                               -       -     R     (arrival)       149    -     0     0       0    (-,-) 
  prod_reg_reg[3][7]/Q                                -       CK->Q F     DFFHQX4LVT        1  4.1    27   149     149    (-,-) 
  csa_tree_ADD_TC_OP_12_groupi_cdnfadd_007_0__2883/CO -       B->CO F     ADDFHX1LVT        1  3.8    76   130     279    (-,-) 
  csa_tree_ADD_TC_OP_12_groupi_cdnfadd_008_2__6260/S  -       CI->S R     ADDFHX1LVT        1  4.3    76   207     486    (-,-) 
  csa_tree_ADD_TC_OP_12_groupi_cdnfadd_008_4__8428/S  -       A->S  F     ADDFHX1LVT        1  3.8    76   216     702    (-,-) 
  csa_tree_ADD_TC_OP_12_groupi_cdnfadd_008_5__5526/S  -       CI->S R     ADDFHX2LVT        2  9.1    92   247     949    (-,-) 
  csa_tree_ADD_TC_OP_12_groupi_g6964__3680/Y          -       B->Y  R     CLKAND2X6LVT      2  8.9    35    88    1037    (-,-) 
  csa_tree_ADD_TC_OP_12_groupi_g6935__2883/Y          -       B->Y  F     NOR2X8LVT         2  7.7    34    30    1067    (-,-) 
  csa_tree_ADD_TC_OP_12_groupi_g6915__2802/Y          -       B->Y  R     NOR2X8LVT         3 12.5    64    50    1117    (-,-) 
  csa_tree_ADD_TC_OP_12_groupi_g6899__5477/Y          -       B->Y  F     NAND2X6LVT        1  4.5    55    56    1173    (-,-) 
  csa_tree_ADD_TC_OP_12_groupi_g7038__7410/Y          -       A1->Y R     AOI21X4LVT        1  4.7    60    61    1234    (-,-) 
  csa_tree_ADD_TC_OP_12_groupi_g6871__3680/Y          -       B0->Y F     AOI21X4LVT        1  3.3    60    39    1273    (-,-) 
  csa_tree_ADD_TC_OP_12_groupi_g2__9315/Y             -       B->Y  R     CLKXOR2X1LVT      1  3.2    57   114    1387    (-,-) 
  data_out_reg_reg[13]/D                              -       -     R     DFFHQX1LVT        1    -     -     0    1387    (-,-) 
#-------------------------------------------------------------------------------------------------------------------------------



Path 5: VIOLATED (-258 ps) Setup Check with Pin data_out_reg_reg[15]/CK->D
          Group: clock
     Startpoint: (R) prod_reg_reg[1][3]/CK
          Clock: (R) clock
       Endpoint: (R) data_out_reg_reg[15]/D
          Clock: (R) clock

                     Capture       Launch     
        Clock Edge:+    1200            0     
       Src Latency:+       0            0     
       Net Latency:+       0 (I)        0 (I) 
           Arrival:=    1200            0     
                                              
             Setup:-      80                  
     Required Time:=    1120                  
      Launch Clock:-       0                  
         Data Path:-    1379                  
             Slack:=    -258                  

#--------------------------------------------------------------------------------------------------------------------------------
#                    Timing Point                     Flags    Arc   Edge     Cell      Fanout Load Trans Delay Arrival Instance 
#                                                                                              (fF)  (ps)  (ps)   (ps)  Location 
#--------------------------------------------------------------------------------------------------------------------------------
  prod_reg_reg[1][3]/CK                               -       -      R     (arrival)       149    -     0     0       0    (-,-) 
  prod_reg_reg[1][3]/Q                                -       CK->Q  F     DFFHQX8LVT        5 12.3    39   174     174    (-,-) 
  csa_tree_ADD_TC_OP_12_groupi_cdnfadd_003_0__5107/CO -       CI->CO F     ADDFHX2LVT        1  3.8    54   129     304    (-,-) 
  csa_tree_ADD_TC_OP_12_groupi_cdnfadd_004_2__3680/CO -       CI->CO F     ADDFHX2LVT        1  3.8    55   135     439    (-,-) 
  csa_tree_ADD_TC_OP_12_groupi_cdnfadd_005_4__6131/S  -       CI->S  R     ADDFHX1LVT        1  3.8    69   196     635    (-,-) 
  csa_tree_ADD_TC_OP_12_groupi_cdnfadd_005_5__1881/S  -       CI->S  F     ADDFHX2LVT        3 10.9   113   246     880    (-,-) 
  csa_tree_ADD_TC_OP_12_groupi_g6929__7482/Y          -       A1->Y  R     AOI21X4LVT        1  6.5    72    89     969    (-,-) 
  csa_tree_ADD_TC_OP_12_groupi_g6923__6131/Y          -       B->Y   F     NOR2X8LVT         1  6.0    39    40    1010    (-,-) 
  csa_tree_ADD_TC_OP_12_groupi_g6904__5107/Y          -       B->Y   R     NOR2X8LVT         2 11.6    61    50    1060    (-,-) 
  csa_tree_ADD_TC_OP_12_groupi_g6903/Y                -       A->Y   F     CLKINVX12LVT      2  9.9    32    35    1095    (-,-) 
  csa_tree_ADD_TC_OP_12_groupi_g6893__2883/Y          -       B->Y   R     NAND2X8LVT        2 10.7    38    30    1125    (-,-) 
  csa_tree_ADD_TC_OP_12_groupi_g6884__5115/Y          -       B->Y   F     NAND2X8LVT        3 12.2    79    62    1187    (-,-) 
  fopt3/Y                                             -       A->Y   R     CLKINVX6LVT       1  6.5    35    40    1227    (-,-) 
  csa_tree_ADD_TC_OP_12_groupi_g6877__8246/Y          -       B->Y   F     NOR2X8LVT         1  6.0    30    28    1256    (-,-) 
  csa_tree_ADD_TC_OP_12_groupi_g6870__6783/Y          -       B->Y   R     NOR2X8LVT         3  8.4    51    41    1296    (-,-) 
  csa_tree_ADD_TC_OP_12_groupi_g6864__5107/Y          -       A1N->Y R     AOI2BB1X4LVT      1  3.2    48    82    1379    (-,-) 
  data_out_reg_reg[15]/D                              -       -      R     DFFHQX1LVT        1    -     -     0    1379    (-,-) 
#--------------------------------------------------------------------------------------------------------------------------------



Path 6: VIOLATED (-254 ps) Setup Check with Pin data_out_reg_reg[8]/CK->D
          Group: clock
     Startpoint: (R) prod_reg_reg[1][3]/CK
          Clock: (R) clock
       Endpoint: (R) data_out_reg_reg[8]/D
          Clock: (R) clock

                     Capture       Launch     
        Clock Edge:+    1200            0     
       Src Latency:+       0            0     
       Net Latency:+       0 (I)        0 (I) 
           Arrival:=    1200            0     
                                              
             Setup:-      84                  
     Required Time:=    1116                  
      Launch Clock:-       0                  
         Data Path:-    1369                  
             Slack:=    -254                  

#--------------------------------------------------------------------------------------------------------------------------------
#                    Timing Point                     Flags    Arc   Edge     Cell      Fanout Load Trans Delay Arrival Instance 
#                                                                                              (fF)  (ps)  (ps)   (ps)  Location 
#--------------------------------------------------------------------------------------------------------------------------------
  prod_reg_reg[1][3]/CK                               -       -      R     (arrival)       149    -     0     0       0    (-,-) 
  prod_reg_reg[1][3]/Q                                -       CK->Q  F     DFFHQX8LVT        5 12.3    39   174     174    (-,-) 
  csa_tree_ADD_TC_OP_12_groupi_cdnfadd_003_0__5107/CO -       CI->CO F     ADDFHX2LVT        1  3.8    54   129     304    (-,-) 
  csa_tree_ADD_TC_OP_12_groupi_cdnfadd_004_2__3680/CO -       CI->CO F     ADDFHX2LVT        1  3.8    55   135     439    (-,-) 
  csa_tree_ADD_TC_OP_12_groupi_cdnfadd_005_4__6131/S  -       CI->S  R     ADDFHX1LVT        1  3.8    69   196     635    (-,-) 
  csa_tree_ADD_TC_OP_12_groupi_cdnfadd_005_5__1881/S  -       CI->S  F     ADDFHX2LVT        3 10.9   113   246     880    (-,-) 
  csa_tree_ADD_TC_OP_12_groupi_g6929__7482/Y          -       A1->Y  R     AOI21X4LVT        1  6.5    72    89     969    (-,-) 
  csa_tree_ADD_TC_OP_12_groupi_g6923__6131/Y          -       B->Y   F     NOR2X8LVT         1  6.0    39    40    1010    (-,-) 
  csa_tree_ADD_TC_OP_12_groupi_g6904__5107/Y          -       B->Y   R     NOR2X8LVT         2 11.6    61    50    1060    (-,-) 
  csa_tree_ADD_TC_OP_12_groupi_g6903/Y                -       A->Y   F     CLKINVX12LVT      2  9.9    32    35    1095    (-,-) 
  csa_tree_ADD_TC_OP_12_groupi_g6893__2883/Y          -       B->Y   R     NAND2X8LVT        2 10.7    38    30    1125    (-,-) 
  csa_tree_ADD_TC_OP_12_groupi_g6884__5115/Y          -       B->Y   F     NAND2X8LVT        3 12.2    79    62    1187    (-,-) 
  fopt2/Y                                             -       A->Y   R     CLKINVX6LVT       2  8.9    41    44    1231    (-,-) 
  fopt1/Y                                             -       A->Y   F     CLKINVX4LVT       2  5.2    34    35    1265    (-,-) 
  fopt7052/Y                                          -       A->Y   F     BUFX3LVT          1  4.5    34    62    1328    (-,-) 
  csa_tree_ADD_TC_OP_12_groupi_g6875__1705/Y          -       B1->Y  R     OAI2BB2X4LVT      1  3.2    62    42    1369    (-,-) 
  data_out_reg_reg[8]/D                               -       -      R     DFFHQX1LVT        1    -     -     0    1369    (-,-) 
#--------------------------------------------------------------------------------------------------------------------------------



Path 7: VIOLATED (-243 ps) Setup Check with Pin data_out_reg_reg[9]/CK->D
          Group: clock
     Startpoint: (R) prod_reg_reg[3][7]/CK
          Clock: (R) clock
       Endpoint: (R) data_out_reg_reg[9]/D
          Clock: (R) clock

                     Capture       Launch     
        Clock Edge:+    1200            0     
       Src Latency:+       0            0     
       Net Latency:+       0 (I)        0 (I) 
           Arrival:=    1200            0     
                                              
             Setup:-      83                  
     Required Time:=    1117                  
      Launch Clock:-       0                  
         Data Path:-    1360                  
             Slack:=    -243                  

#-------------------------------------------------------------------------------------------------------------------------------
#                    Timing Point                     Flags   Arc   Edge     Cell      Fanout Load Trans Delay Arrival Instance 
#                                                                                             (fF)  (ps)  (ps)   (ps)  Location 
#-------------------------------------------------------------------------------------------------------------------------------
  prod_reg_reg[3][7]/CK                               -       -     R     (arrival)       149    -     0     0       0    (-,-) 
  prod_reg_reg[3][7]/Q                                -       CK->Q F     DFFHQX4LVT        1  4.1    27   149     149    (-,-) 
  csa_tree_ADD_TC_OP_12_groupi_cdnfadd_007_0__2883/CO -       B->CO F     ADDFHX1LVT        1  3.8    76   130     279    (-,-) 
  csa_tree_ADD_TC_OP_12_groupi_cdnfadd_008_2__6260/S  -       CI->S R     ADDFHX1LVT        1  4.3    76   207     486    (-,-) 
  csa_tree_ADD_TC_OP_12_groupi_cdnfadd_008_4__8428/S  -       A->S  F     ADDFHX1LVT        1  3.8    76   216     702    (-,-) 
  csa_tree_ADD_TC_OP_12_groupi_cdnfadd_008_5__5526/S  -       CI->S R     ADDFHX2LVT        2  9.1    92   247     949    (-,-) 
  csa_tree_ADD_TC_OP_12_groupi_g6966__2802/Y          -       B->Y  F     NOR2X8LVT         2  8.3    45    50     999    (-,-) 
  fopt7060/Y                                          -       A->Y  F     BUFX6LVT          4 13.6    49    74    1072    (-,-) 
  fopt7059/Y                                          -       A->Y  R     CLKINVX4LVT       1  6.5    37    37    1109    (-,-) 
  csa_tree_ADD_TC_OP_12_groupi_g6934__9945/Y          -       A->Y  F     NAND2X8LVT        1  6.0    50    52    1161    (-,-) 
  csa_tree_ADD_TC_OP_12_groupi_g6892__9945/Y          -       C->Y  R     NOR3X8LVT         1  4.7    59    51    1211    (-,-) 
  csa_tree_ADD_TC_OP_12_groupi_g6886__7482/Y          -       C->Y  F     NOR3X4LVT         1  3.3    41    40    1252    (-,-) 
  csa_tree_ADD_TC_OP_12_groupi_g6874__2802/Y          -       B->Y  R     CLKXOR2X1LVT      1  3.2    57   109    1360    (-,-) 
  data_out_reg_reg[9]/D                               -       -     R     DFFHQX1LVT        1    -     -     0    1360    (-,-) 
#-------------------------------------------------------------------------------------------------------------------------------



Path 8: VIOLATED (-237 ps) Setup Check with Pin data_out_reg_reg[10]/CK->D
          Group: clock
     Startpoint: (R) prod_reg_reg[5][3]/CK
          Clock: (R) clock
       Endpoint: (F) data_out_reg_reg[10]/D
          Clock: (R) clock

                     Capture       Launch     
        Clock Edge:+    1200            0     
       Src Latency:+       0            0     
       Net Latency:+       0 (I)        0 (I) 
           Arrival:=    1200            0     
                                              
             Setup:-      58                  
     Required Time:=    1142                  
      Launch Clock:-       0                  
         Data Path:-    1379                  
             Slack:=    -237                  

#------------------------------------------------------------------------------------------------------------------------------
#                    Timing Point                     Flags    Arc   Edge    Cell     Fanout Load Trans Delay Arrival Instance 
#                                                                                            (fF)  (ps)  (ps)   (ps)  Location 
#------------------------------------------------------------------------------------------------------------------------------
  prod_reg_reg[5][3]/CK                               -       -      R     (arrival)     149    -     0     0       0    (-,-) 
  prod_reg_reg[5][3]/Q                                -       CK->Q  R     DFFHQX4LVT      4 11.5    51   148     148    (-,-) 
  csa_tree_ADD_TC_OP_12_groupi_cdnfadd_003_0__5107/CO -       B->CO  R     ADDFHX2LVT      1  3.8    51   149     297    (-,-) 
  csa_tree_ADD_TC_OP_12_groupi_cdnfadd_004_2__3680/CO -       CI->CO R     ADDFHX2LVT      1  3.8    51   140     437    (-,-) 
  csa_tree_ADD_TC_OP_12_groupi_cdnfadd_005_4__6131/S  -       CI->S  F     ADDFHX1LVT      1  3.8    76   188     624    (-,-) 
  csa_tree_ADD_TC_OP_12_groupi_cdnfadd_005_5__1881/S  -       CI->S  R     ADDFHX2LVT      3 11.6   110   257     881    (-,-) 
  csa_tree_ADD_TC_OP_12_groupi_g6929__7482/Y          -       A1->Y  F     AOI21X4LVT      1  6.0    91   101     982    (-,-) 
  csa_tree_ADD_TC_OP_12_groupi_g6923__6131/Y          -       B->Y   R     NOR2X8LVT       1  6.5    53    55    1038    (-,-) 
  csa_tree_ADD_TC_OP_12_groupi_g6904__5107/Y          -       B->Y   F     NOR2X8LVT       2 10.7    47    40    1077    (-,-) 
  csa_tree_ADD_TC_OP_12_groupi_g6888__4733/Y          -       A1->Y  R     OAI21X4LVT      3  8.5    87    72    1149    (-,-) 
  csa_tree_ADD_TC_OP_12_groupi_g7042__5477/Y          -       AN->Y  R     NOR3BX4LVT      1  4.7    81   140    1290    (-,-) 
  csa_tree_ADD_TC_OP_12_groupi_g6865__6260/Y          -       A2->Y  F     OAI32X4LVT      1  3.2    83    89    1379    (-,-) 
  data_out_reg_reg[10]/D                              -       -      F     DFFHQX1LVT      1    -     -     0    1379    (-,-) 
#------------------------------------------------------------------------------------------------------------------------------



Path 9: VIOLATED (-166 ps) Setup Check with Pin data_out_reg_reg[6]/CK->D
          Group: clock
     Startpoint: (R) prod_reg_reg[3][5]/CK
          Clock: (R) clock
       Endpoint: (R) data_out_reg_reg[6]/D
          Clock: (R) clock

                     Capture       Launch     
        Clock Edge:+    1200            0     
       Src Latency:+       0            0     
       Net Latency:+       0 (I)        0 (I) 
           Arrival:=    1200            0     
                                              
             Setup:-      85                  
     Required Time:=    1115                  
      Launch Clock:-       0                  
         Data Path:-    1281                  
             Slack:=    -166                  

#--------------------------------------------------------------------------------------------------------------------------------
#                    Timing Point                     Flags    Arc   Edge     Cell      Fanout Load Trans Delay Arrival Instance 
#                                                                                              (fF)  (ps)  (ps)   (ps)  Location 
#--------------------------------------------------------------------------------------------------------------------------------
  prod_reg_reg[3][5]/CK                               -       -      R     (arrival)       149    -     0     0       0    (-,-) 
  prod_reg_reg[3][5]/Q                                -       CK->Q  F     DFFHQX4LVT        1  4.1    27   149     149    (-,-) 
  csa_tree_ADD_TC_OP_12_groupi_cdnfadd_005_0__1705/S  -       B->S   R     ADDFHX2LVT        1  3.8    55   212     360    (-,-) 
  csa_tree_ADD_TC_OP_12_groupi_cdnfadd_005_3__7098/CO -       CI->CO R     ADDFHX2LVT        1  3.8    51   142     502    (-,-) 
  csa_tree_ADD_TC_OP_12_groupi_cdnfadd_006_4__9315/S  -       CI->S  F     ADDFHX1LVT        1  3.8    76   188     690    (-,-) 
  csa_tree_ADD_TC_OP_12_groupi_cdnfadd_006_5__9945/S  -       CI->S  R     ADDFHX2LVT        2  9.8    98   250     940    (-,-) 
  csa_tree_ADD_TC_OP_12_groupi_g6988__9315/Y          -       B->Y   F     NOR2X4LVT         3  9.8    68    68    1008    (-,-) 
  csa_tree_ADD_TC_OP_12_groupi_g6976/Y                -       A->Y   F     BUFX6LVT          2  8.4    35    74    1082    (-,-) 
  csa_tree_ADD_TC_OP_12_groupi_g7045__6260/Y          -       B->Y   R     NOR2BX2LVT        2  6.6   113    81    1163    (-,-) 
  csa_tree_ADD_TC_OP_12_groupi_g6890__6161/Y          -       A1N->Y R     OAI2BB2X4LVT      1  3.2    62   118    1281    (-,-) 
  data_out_reg_reg[6]/D                               -       -      R     DFFHQX1LVT        1    -     -     0    1281    (-,-) 
#--------------------------------------------------------------------------------------------------------------------------------



Path 10: VIOLATED (-165 ps) Setup Check with Pin data_out_reg_reg[7]/CK->D
          Group: clock
     Startpoint: (R) prod_reg_reg[5][3]/CK
          Clock: (R) clock
       Endpoint: (R) data_out_reg_reg[7]/D
          Clock: (R) clock

                     Capture       Launch     
        Clock Edge:+    1200            0     
       Src Latency:+       0            0     
       Net Latency:+       0 (I)        0 (I) 
           Arrival:=    1200            0     
                                              
             Setup:-      83                  
     Required Time:=    1117                  
      Launch Clock:-       0                  
         Data Path:-    1282                  
             Slack:=    -165                  

#--------------------------------------------------------------------------------------------------------------------------------
#                    Timing Point                     Flags    Arc   Edge     Cell      Fanout Load Trans Delay Arrival Instance 
#                                                                                              (fF)  (ps)  (ps)   (ps)  Location 
#--------------------------------------------------------------------------------------------------------------------------------
  prod_reg_reg[5][3]/CK                               -       -      R     (arrival)       149    -     0     0       0    (-,-) 
  prod_reg_reg[5][3]/Q                                -       CK->Q  R     DFFHQX4LVT        4 11.5    51   148     148    (-,-) 
  csa_tree_ADD_TC_OP_12_groupi_cdnfadd_003_0__5107/CO -       B->CO  R     ADDFHX2LVT        1  3.8    51   149     297    (-,-) 
  csa_tree_ADD_TC_OP_12_groupi_cdnfadd_004_2__3680/CO -       CI->CO R     ADDFHX2LVT        1  3.8    51   140     437    (-,-) 
  csa_tree_ADD_TC_OP_12_groupi_cdnfadd_005_4__6131/S  -       CI->S  F     ADDFHX1LVT        1  3.8    76   188     624    (-,-) 
  csa_tree_ADD_TC_OP_12_groupi_cdnfadd_005_5__1881/S  -       CI->S  R     ADDFHX2LVT        3 11.6   110   257     881    (-,-) 
  csa_tree_ADD_TC_OP_12_groupi_g6929__7482/Y          -       A1->Y  F     AOI21X4LVT        1  6.0    91   101     982    (-,-) 
  csa_tree_ADD_TC_OP_12_groupi_g6923__6131/Y          -       B->Y   R     NOR2X8LVT         1  6.5    53    55    1038    (-,-) 
  csa_tree_ADD_TC_OP_12_groupi_g6904__5107/Y          -       B->Y   F     NOR2X8LVT         2 10.7    47    40    1077    (-,-) 
  csa_tree_ADD_TC_OP_12_groupi_g6888__4733/Y          -       A1->Y  R     OAI21X4LVT        3  8.5    87    72    1149    (-,-) 
  csa_tree_ADD_TC_OP_12_groupi_g6876__5122/Y          -       B->Y   R     CLKXOR2X1LVT      1  3.2    57   133    1282    (-,-) 
  data_out_reg_reg[7]/D                               -       -      R     DFFHQX1LVT        1    -     -     0    1282    (-,-) 
#--------------------------------------------------------------------------------------------------------------------------------



Path 11: VIOLATED (-84 ps) Setup Check with Pin data_out_reg_reg[5]/CK->D
          Group: clock
     Startpoint: (R) prod_reg_reg[6][3]/CK
          Clock: (R) clock
       Endpoint: (R) data_out_reg_reg[5]/D
          Clock: (R) clock

                     Capture       Launch     
        Clock Edge:+    1200            0     
       Src Latency:+       0            0     
       Net Latency:+       0 (I)        0 (I) 
           Arrival:=    1200            0     
                                              
             Setup:-      83                  
     Required Time:=    1117                  
      Launch Clock:-       0                  
         Data Path:-    1202                  
             Slack:=     -84                  

#-------------------------------------------------------------------------------------------------------------------------------
#                   Timing Point                     Flags    Arc   Edge     Cell      Fanout Load Trans Delay Arrival Instance 
#                                                                                             (fF)  (ps)  (ps)   (ps)  Location 
#-------------------------------------------------------------------------------------------------------------------------------
  prod_reg_reg[6][3]/CK                              -       -      R     (arrival)       149    -     0     0       0    (-,-) 
  prod_reg_reg[6][3]/Q                               -       CK->Q  F     DFFQX4LVT         4  9.2    48   163     163    (-,-) 
  csa_tree_ADD_TC_OP_12_groupi_cdnfadd_003_1__6260/S -       A->S   R     ADDFHX1LVT        1  3.8    69   191     355    (-,-) 
  csa_tree_ADD_TC_OP_12_groupi_cdnfadd_003_2__4319/S -       CI->S  F     ADDFHX1LVT        1  3.8    76   195     550    (-,-) 
  csa_tree_ADD_TC_OP_12_groupi_cdnfadd_003_3__8428/S -       CI->S  R     ADDFHX2LVT        2  8.2    86   244     793    (-,-) 
  csa_tree_ADD_TC_OP_12_groupi_g7003__4319/Y         -       B->Y   F     NOR2X6LVT         2  6.4    53    49     842    (-,-) 
  csa_tree_ADD_TC_OP_12_groupi_g6996__7410/Y         -       B->Y   R     NOR2X4LVT         1  6.5    67    58     900    (-,-) 
  csa_tree_ADD_TC_OP_12_groupi_g6995__1666/Y         -       B->Y   F     NOR2X8LVT         3  9.4    41    43     943    (-,-) 
  csa_tree_ADD_TC_OP_12_groupi_g7046__4319/Y         -       A1N->Y F     AOI2BB1X2LVT      1  3.1    44   109    1052    (-,-) 
  csa_tree_ADD_TC_OP_12_groupi_g6907__4319/Y         -       A->Y   R     XNOR2X1LVT        1  3.2    57   150    1202    (-,-) 
  data_out_reg_reg[5]/D                              -       -      R     DFFHQX1LVT        1    -     -     0    1202    (-,-) 
#-------------------------------------------------------------------------------------------------------------------------------



Path 12: VIOLATED (-6 ps) Setup Check with Pin prod_reg_reg[3][12]/CK->D
          Group: clock
     Startpoint: (R) prod_reg_reg[2][3]/CK
          Clock: (R) clock
       Endpoint: (R) prod_reg_reg[3][12]/D
          Clock: (R) clock

                     Capture       Launch     
        Clock Edge:+    1200            0     
       Src Latency:+       0            0     
       Net Latency:+       0 (I)        0 (I) 
           Arrival:=    1200            0     
                                              
             Setup:-      88                  
     Required Time:=    1112                  
      Launch Clock:-       0                  
         Data Path:-    1118                  
             Slack:=      -6                  

#--------------------------------------------------------------------------------------------------
#     Timing Point      Flags    Arc   Edge     Cell      Fanout Load Trans Delay Arrival Instance 
#                                                                (fF)  (ps)  (ps)   (ps)  Location 
#--------------------------------------------------------------------------------------------------
  prod_reg_reg[2][3]/CK -       -      R     (arrival)       149    -     0     0       0    (-,-) 
  prod_reg_reg[2][3]/Q  -       CK->Q  F     DFFX4LVT          2  6.5    38   163     163    (-,-) 
  fopt7057/Y            -       A->Y   F     BUFX12LVT         3  9.8    29    65     228    (-,-) 
  g5588__7098/Y         -       B->Y   R     NOR2X8LVT         3  7.4    45    38     266    (-,-) 
  g5509__1666/Y         -       B->Y   R     CLKAND2X6LVT      3  8.0    32    72     337    (-,-) 
  g5434__9945/Y         -       A1->Y  F     OAI21X4LVT        2  6.2    89    67     404    (-,-) 
  g5394__7410/Y         -       A1->Y  R     OAI21X4LVT        2  7.3    85    83     487    (-,-) 
  g5377/Y               -       A->Y   F     CLKINVX6LVT       1  4.5    35    44     531    (-,-) 
  g5366__6131/Y         -       A1->Y  R     OAI21X4LVT        1  3.8    58    49     579    (-,-) 
  g5335__2398/CO        -       CI->CO R     ADDFHX2LVT        1  3.8    51   143     722    (-,-) 
  g5315__6161/CO        -       CI->CO R     ADDFHX2LVT        1  3.8    51   140     862    (-,-) 
  g5293__2802/CO        -       CI->CO R     ADDFHX2LVT        1  3.4    48   138    1001    (-,-) 
  g5285__6783/Y         -       B->Y   R     CLKXOR2X1LVT      1  3.1    56   117    1118    (-,-) 
  prod_reg_reg[3][12]/D -       -      R     DFFQX2LVT         1    -     -     0    1118    (-,-) 
#--------------------------------------------------------------------------------------------------



Path 13: MET (1 ps) Setup Check with Pin prod_reg_reg[4][12]/CK->D
          Group: clock
     Startpoint: (R) shift_reg_reg[3][1]/CK
          Clock: (R) clock
       Endpoint: (R) prod_reg_reg[4][12]/D
          Clock: (R) clock

                     Capture       Launch     
        Clock Edge:+    1200            0     
       Src Latency:+       0            0     
       Net Latency:+       0 (I)        0 (I) 
           Arrival:=    1200            0     
                                              
             Setup:-      85                  
     Required Time:=    1115                  
      Launch Clock:-       0                  
         Data Path:-    1114                  
             Slack:=       1                  

#---------------------------------------------------------------------------------------------------
#     Timing Point       Flags    Arc   Edge     Cell      Fanout Load Trans Delay Arrival Instance 
#                                                                 (fF)  (ps)  (ps)   (ps)  Location 
#---------------------------------------------------------------------------------------------------
  shift_reg_reg[3][1]/CK -       -      R     (arrival)       149    -     0     0       0    (-,-) 
  shift_reg_reg[3][1]/Q  -       CK->Q  F     DFFX2LVT          4 10.8    96   180     180    (-,-) 
  g5549__5122/Y          -       B->Y   R     NOR2X6LVT         3  7.6    66    65     244    (-,-) 
  g5490__4733/Y          -       B->Y   R     CLKAND2X6LVT      3  8.5    34    79     323    (-,-) 
  g5412__2802/Y          -       A1->Y  F     OAI21X4LVT        2  6.2    89    68     390    (-,-) 
  g5383__9315/Y          -       A1->Y  R     OAI21X4LVT        2  6.4    78    79     470    (-,-) 
  g5367/Y                -       A->Y   F     CLKINVX4LVT       1  4.5    39    47     517    (-,-) 
  g5360__1705/Y          -       A1->Y  R     OAI21X4LVT        1  3.8    55    50     567    (-,-) 
  g5324__1666/CO         -       CI->CO R     ADDFHX2LVT        1  3.8    51   142     709    (-,-) 
  g5307__5115/CO         -       CI->CO R     ADDFHX1LVT        1  3.8    68   139     848    (-,-) 
  g5286__3680/CO         -       CI->CO R     ADDFHX1LVT        1  3.4    63   143     991    (-,-) 
  g5281__8428/Y          -       B->Y   R     CLKXOR2X1LVT      1  3.2    57   123    1114    (-,-) 
  prod_reg_reg[4][12]/D  -       -      R     DFFHQX4LVT        1    -     -     0    1114    (-,-) 
#---------------------------------------------------------------------------------------------------



Path 14: MET (2 ps) Setup Check with Pin prod_reg_reg[7][9]/CK->D
          Group: clock
     Startpoint: (R) shift_reg_reg[6][4]/CK
          Clock: (R) clock
       Endpoint: (F) prod_reg_reg[7][9]/D
          Clock: (R) clock

                     Capture       Launch     
        Clock Edge:+    1200            0     
       Src Latency:+       0            0     
       Net Latency:+       0 (I)        0 (I) 
           Arrival:=    1200            0     
                                              
             Setup:-      43                  
     Required Time:=    1157                  
      Launch Clock:-       0                  
         Data Path:-    1155                  
             Slack:=       2                  

#--------------------------------------------------------------------------------------------------
#     Timing Point       Flags    Arc   Edge    Cell      Fanout Load Trans Delay Arrival Instance 
#                                                                (fF)  (ps)  (ps)   (ps)  Location 
#--------------------------------------------------------------------------------------------------
  shift_reg_reg[6][4]/CK -       -      R     (arrival)      149    -     0     0       0    (-,-) 
  shift_reg_reg[6][4]/QN -       CK->QN F     DFFX4LVT         3  9.8    52   196     196    (-,-) 
  g5399__5477/Y          -       B->Y   R     NOR2X2LVT        2  6.4   111    87     283    (-,-) 
  g5363__5122/Y          -       B0->Y  F     AOI21X4LVT       2  6.2    84    66     349    (-,-) 
  g5345__8428/Y          -       A1->Y  R     OAI21X4LVT       2  7.3    84    81     430    (-,-) 
  g5333/Y                -       A->Y   F     CLKINVX6LVT      1  4.5    35    44     473    (-,-) 
  g5323__2346/Y          -       A1->Y  R     OAI21X4LVT       1  3.5    53    47     521    (-,-) 
  g5294__1705/CO         -       CI->CO R     ADDFX1LVT        1  3.5    67   149     670    (-,-) 
  g5278__4319/CO         -       CI->CO R     ADDFX1LVT        1  4.1    76   160     830    (-,-) 
  g5276/Y                -       A->Y   F     CLKINVX3         1  3.8    52    66     896    (-,-) 
  g5267__2398/S          -       CI->S  R     ADDFHX2LVT       1  4.7    62   221    1117    (-,-) 
  g5266/Y                -       A->Y   F     CLKINVX4LVT      1  3.2    30    38    1155    (-,-) 
  prod_reg_reg[7][9]/D   -       -      F     DFFHQX4LVT       1    -     -     0    1155    (-,-) 
#--------------------------------------------------------------------------------------------------



Path 15: MET (3 ps) Setup Check with Pin prod_reg_reg[1][10]/CK->D
          Group: clock
     Startpoint: (R) shift_reg_reg[0][3]/CK
          Clock: (R) clock
       Endpoint: (R) prod_reg_reg[1][10]/D
          Clock: (R) clock

                     Capture       Launch     
        Clock Edge:+    1200            0     
       Src Latency:+       0            0     
       Net Latency:+       0 (I)        0 (I) 
           Arrival:=    1200            0     
                                              
             Setup:-      85                  
     Required Time:=    1115                  
      Launch Clock:-       0                  
         Data Path:-    1112                  
             Slack:=       3                  

#---------------------------------------------------------------------------------------------------
#     Timing Point       Flags    Arc   Edge     Cell      Fanout Load Trans Delay Arrival Instance 
#                                                                 (fF)  (ps)  (ps)   (ps)  Location 
#---------------------------------------------------------------------------------------------------
  shift_reg_reg[0][3]/CK -       -      R     (arrival)       149    -     0     0       0    (-,-) 
  shift_reg_reg[0][3]/QN -       CK->QN F     DFFX4LVT          3  9.9    53   197     197    (-,-) 
  g5524__6260/Y          -       B->Y   R     NAND2X8LVT        2  5.7    30    32     228    (-,-) 
  g5417__8246/CO         -       CI->CO R     ADDFHX4LVT        1  3.8    46   137     366    (-,-) 
  g5378__4733/CO         -       CI->CO R     ADDFHX2LVT        1  3.5    49   137     503    (-,-) 
  g5354__6783/CO         -       CI->CO R     ADDFX1LVT         1  3.5    67   148     650    (-,-) 
  g5334__5477/CO         -       CI->CO R     ADDFX2LVT         1  3.5    55   166     816    (-,-) 
  g5313__7482/CO         -       CI->CO R     ADDFX2LVT         2  5.8    71   170     986    (-,-) 
  g5306__1881/Y          -       B->Y   R     CLKXOR2X1LVT      1  3.2    57   127    1112    (-,-) 
  prod_reg_reg[1][10]/D  -       -      R     DFFHQX4LVT        1    -     -     0    1112    (-,-) 
#---------------------------------------------------------------------------------------------------



Path 16: MET (4 ps) Setup Check with Pin prod_reg_reg[2][10]/CK->D
          Group: clock
     Startpoint: (R) shift_reg_reg[1][3]/CK
          Clock: (R) clock
       Endpoint: (R) prod_reg_reg[2][10]/D
          Clock: (R) clock

                     Capture       Launch     
        Clock Edge:+    1200            0     
       Src Latency:+       0            0     
       Net Latency:+       0 (I)        0 (I) 
           Arrival:=    1200            0     
                                              
             Setup:-      88                  
     Required Time:=    1112                  
      Launch Clock:-       0                  
         Data Path:-    1108                  
             Slack:=       4                  

#-------------------------------------------------------------------------------------------------
#     Timing Point       Flags    Arc   Edge    Cell     Fanout Load Trans Delay Arrival Instance 
#                                                               (fF)  (ps)  (ps)   (ps)  Location 
#-------------------------------------------------------------------------------------------------
  shift_reg_reg[1][3]/CK -       -      R     (arrival)     149    -     0     0       0    (-,-) 
  shift_reg_reg[1][3]/Q  -       CK->Q  F     DFFHQX4LVT      4 12.0    60   167     167    (-,-) 
  g5505__9315/Y          -       A->Y   R     NOR2X6          2  6.4    75    83     250    (-,-) 
  g5471__5122/Y          -       B0->Y  F     AOI21X4LVT      1  3.5    62    45     295    (-,-) 
  g5379__6161/CO         -       CI->CO F     ADDFX1LVT       1  3.5    73   146     440    (-,-) 
  g5356__1617/CO         -       CI->CO F     ADDFX1LVT       1  3.5    73   150     590    (-,-) 
  g5336__5107/CO         -       CI->CO F     ADDFX1LVT       1  3.5    73   150     740    (-,-) 
  g5314__4733/CO         -       CI->CO F     ADDFX1LVT       1  3.5    73   150     890    (-,-) 
  g5295__5122/S          -       CI->S  R     ADDFX1LVT       1  3.2    65   218    1108    (-,-) 
  prod_reg_reg[2][10]/D  -       -      R     DFFHQX4LVT      1    -     -     0    1108    (-,-) 
#-------------------------------------------------------------------------------------------------



Path 17: MET (4 ps) Setup Check with Pin prod_reg_reg[5][10]/CK->D
          Group: clock
     Startpoint: (R) prod_reg_reg[4][3]/CK
          Clock: (R) clock
       Endpoint: (R) prod_reg_reg[5][10]/D
          Clock: (R) clock

                     Capture       Launch     
        Clock Edge:+    1200            0     
       Src Latency:+       0            0     
       Net Latency:+       0 (I)        0 (I) 
           Arrival:=    1200            0     
                                              
             Setup:-      88                  
     Required Time:=    1112                  
      Launch Clock:-       0                  
         Data Path:-    1108                  
             Slack:=       4                  

#------------------------------------------------------------------------------------------------
#     Timing Point      Flags    Arc   Edge    Cell     Fanout Load Trans Delay Arrival Instance 
#                                                              (fF)  (ps)  (ps)   (ps)  Location 
#------------------------------------------------------------------------------------------------
  prod_reg_reg[4][3]/CK -       -      R     (arrival)     149    -     0     0       0    (-,-) 
  prod_reg_reg[4][3]/Q  -       CK->Q  R     DFFHQX8LVT      5 12.4    36   162     162    (-,-) 
  g5508__2346/Y         -       B->Y   F     NAND2X4LVT      3  7.8    89    69     230    (-,-) 
  g5413__1705/Y         -       A1->Y  R     AOI21X4LVT      1  3.5    50    68     298    (-,-) 
  g5355__3680/CO        -       CI->CO R     ADDFX1LVT       1  3.5    67   148     447    (-,-) 
  g5337__6260/CO        -       CI->CO R     ADDFX1LVT       1  3.5    67   155     602    (-,-) 
  g5316__9315/CO        -       CI->CO R     ADDFX1LVT       1  3.5    67   155     757    (-,-) 
  g5292__1617/CO        -       CI->CO R     ADDFX1LVT       1  3.5    67   155     912    (-,-) 
  g5277__6260/S         -       CI->S  R     ADDFX1LVT       1  3.2    65   196    1108    (-,-) 
  prod_reg_reg[5][10]/D -       -      R     DFFHQX4LVT      1    -     -     0    1108    (-,-) 
#------------------------------------------------------------------------------------------------



Path 18: MET (8 ps) Setup Check with Pin prod_reg_reg[6][10]/CK->D
          Group: clock
     Startpoint: (R) shift_reg_reg[5][3]/CK
          Clock: (R) clock
       Endpoint: (R) prod_reg_reg[6][10]/D
          Clock: (R) clock

                     Capture       Launch     
        Clock Edge:+    1200            0     
       Src Latency:+       0            0     
       Net Latency:+       0 (I)        0 (I) 
           Arrival:=    1200            0     
                                              
             Setup:-      78                  
     Required Time:=    1122                  
      Launch Clock:-       0                  
         Data Path:-    1114                  
             Slack:=       8                  

#--------------------------------------------------------------------------------------------------
#     Timing Point       Flags    Arc   Edge    Cell      Fanout Load Trans Delay Arrival Instance 
#                                                                (fF)  (ps)  (ps)   (ps)  Location 
#--------------------------------------------------------------------------------------------------
  shift_reg_reg[5][3]/CK -       -      R     (arrival)      149    -     0     0       0    (-,-) 
  shift_reg_reg[5][3]/Q  -       CK->Q  F     DFFQX4LVT        2  7.0    39   158     158    (-,-) 
  g5439/Y                -       A->Y   R     CLKINVX6LVT      4 11.6    39    35     193    (-,-) 
  g5424__6131/Y          -       B->Y   F     NAND2X6LVT       3  8.0    70    58     252    (-,-) 
  g5375__5115/Y          -       A0->Y  R     AOI21X4LVT       2  6.4    72    78     330    (-,-) 
  g5352__5526/Y          -       A1->Y  F     OAI21X4LVT       2  7.0    94    86     417    (-,-) 
  g5341/Y                -       A->Y   R     CLKINVX6LVT      1  4.7    34    42     459    (-,-) 
  g5331__6417/Y          -       A1->Y  F     OAI21X4LVT       1  3.5    73    55     514    (-,-) 
  g5302__8246/CO         -       CI->CO F     ADDFX1LVT        1  3.5    73   150     663    (-,-) 
  g5283__5526/CO         -       CI->CO F     ADDFX2LVT        1  4.0    60   157     821    (-,-) 
  g5282/Y                -       A->Y   R     CLKINVX3         1  3.8    41    52     872    (-,-) 
  g5271__5107/S          -       CI->S  F     ADDFHX2LVT       1  4.5    62   206    1079    (-,-) 
  g5270/Y                -       A->Y   R     CLKINVX4LVT      1  3.1    27    35    1114    (-,-) 
  prod_reg_reg[6][10]/D  -       -      R     DFFQX4LVT        1    -     -     0    1114    (-,-) 
#--------------------------------------------------------------------------------------------------



Path 19: MET (9 ps) Setup Check with Pin prod_reg_reg[0][9]/CK->D
          Group: clock
     Startpoint: (R) data_in_reg_reg[4]/CK
          Clock: (R) clock
       Endpoint: (F) prod_reg_reg[0][9]/D
          Clock: (R) clock

                     Capture       Launch     
        Clock Edge:+    1200            0     
       Src Latency:+       0            0     
       Net Latency:+       0 (I)        0 (I) 
           Arrival:=    1200            0     
                                              
             Setup:-      43                  
     Required Time:=    1157                  
      Launch Clock:-       0                  
         Data Path:-    1149                  
             Slack:=       9                  

#-------------------------------------------------------------------------------------------------
#     Timing Point      Flags    Arc   Edge    Cell      Fanout Load Trans Delay Arrival Instance 
#                                                               (fF)  (ps)  (ps)   (ps)  Location 
#-------------------------------------------------------------------------------------------------
  data_in_reg_reg[4]/CK -       -      R     (arrival)      149    -     0     0       0    (-,-) 
  data_in_reg_reg[4]/QN -       CK->QN F     DFFX4LVT         3 10.2    54   197     197    (-,-) 
  g5548__1705/Y         -       B->Y   R     NOR2X2LVT        2  6.6   114    89     286    (-,-) 
  g5470__1705/Y         -       B0->Y  F     AOI21X4LVT       2  6.2    84    67     353    (-,-) 
  g5411__1617/Y         -       A1->Y  R     OAI21X4LVT       2  6.4    78    77     430    (-,-) 
  g5386/Y               -       A->Y   F     CLKINVX4LVT      1  4.5    39    47     477    (-,-) 
  g5376__7482/Y         -       A1->Y  R     OAI21X4LVT       1  3.8    55    50     527    (-,-) 
  g5342__4319/CO        -       CI->CO R     ADDFHX1LVT       1  3.5    64   138     666    (-,-) 
  g5320__9945/CO        -       CI->CO R     ADDFX2LVT        1  4.1    59   167     833    (-,-) 
  g5319/Y               -       A->Y   F     CLKINVX3         1  3.8    50    58     890    (-,-) 
  g5303__7098/S         -       CI->S  R     ADDFHX2LVT       1  4.7    62   220    1110    (-,-) 
  g5301/Y               -       A->Y   F     CLKINVX4LVT      1  3.2    30    38    1149    (-,-) 
  prod_reg_reg[0][9]/D  -       -      F     DFFHQX4LVT       1    -     -     0    1149    (-,-) 
#-------------------------------------------------------------------------------------------------



Path 20: MET (15 ps) Setup Check with Pin data_out_reg_reg[4]/CK->D
          Group: clock
     Startpoint: (R) prod_reg_reg[7][4]/CK
          Clock: (R) clock
       Endpoint: (R) data_out_reg_reg[4]/D
          Clock: (R) clock

                     Capture       Launch     
        Clock Edge:+    1200            0     
       Src Latency:+       0            0     
       Net Latency:+       0 (I)        0 (I) 
           Arrival:=    1200            0     
                                              
             Setup:-      83                  
     Required Time:=    1117                  
      Launch Clock:-       0                  
         Data Path:-    1102                  
             Slack:=      15                  

#----------------------------------------------------------------------------------------------------------------------------
#                   Timing Point                     Flags   Arc   Edge    Cell     Fanout Load Trans Delay Arrival Instance 
#                                                                                          (fF)  (ps)  (ps)   (ps)  Location 
#----------------------------------------------------------------------------------------------------------------------------
  prod_reg_reg[7][4]/CK                              -       -     R     (arrival)     149    -     0     0       0    (-,-) 
  prod_reg_reg[7][4]/Q                               -       CK->Q F     DFFHQX4LVT      1  3.7    25   148     148    (-,-) 
  csa_tree_ADD_TC_OP_12_groupi_cdnfadd_004_0__5526/S -       B->S  R     ADDFX1LVT       1  4.2    79   212     360    (-,-) 
  csa_tree_ADD_TC_OP_12_groupi_cdnfadd_004_3__1617/S -       B->S  F     ADDFHX1LVT      1  3.8    76   214     574    (-,-) 
  csa_tree_ADD_TC_OP_12_groupi_cdnfadd_004_4__2802/S -       CI->S R     ADDFHX2LVT      2  8.2    86   244     818    (-,-) 
  csa_tree_ADD_TC_OP_12_groupi_g7001__5107/Y         -       B->Y  F     NOR2X6LVT       3  9.5    53    54     872    (-,-) 
  csa_tree_ADD_TC_OP_12_groupi_g6997__6417/Y         -       A->Y  R     NOR2X1LVT       1  3.4   116    97     969    (-,-) 
  csa_tree_ADD_TC_OP_12_groupi_g6992__2346/Y         -       B->Y  R     XNOR2X1LVT      1  3.2    57   133    1102    (-,-) 
  data_out_reg_reg[4]/D                              -       -     R     DFFHQX1LVT      1    -     -     0    1102    (-,-) 
#----------------------------------------------------------------------------------------------------------------------------



Path 21: MET (23 ps) Setup Check with Pin data_out_reg_reg[3]/CK->D
          Group: clock
     Startpoint: (R) prod_reg_reg[6][3]/CK
          Clock: (R) clock
       Endpoint: (R) data_out_reg_reg[3]/D
          Clock: (R) clock

                     Capture       Launch     
        Clock Edge:+    1200            0     
       Src Latency:+       0            0     
       Net Latency:+       0 (I)        0 (I) 
           Arrival:=    1200            0     
                                              
             Setup:-      83                  
     Required Time:=    1117                  
      Launch Clock:-       0                  
         Data Path:-    1094                  
             Slack:=      23                  

#------------------------------------------------------------------------------------------------------------------------------
#                   Timing Point                     Flags   Arc   Edge     Cell      Fanout Load Trans Delay Arrival Instance 
#                                                                                            (fF)  (ps)  (ps)   (ps)  Location 
#------------------------------------------------------------------------------------------------------------------------------
  prod_reg_reg[6][3]/CK                              -       -     R     (arrival)       149    -     0     0       0    (-,-) 
  prod_reg_reg[6][3]/Q                               -       CK->Q R     DFFQX4LVT         4  9.4    44   150     150    (-,-) 
  csa_tree_ADD_TC_OP_12_groupi_cdnfadd_003_1__6260/S -       A->S  F     ADDFHX1LVT        1  3.8    75   202     352    (-,-) 
  csa_tree_ADD_TC_OP_12_groupi_cdnfadd_003_2__4319/S -       CI->S R     ADDFHX1LVT        1  3.8    69   203     555    (-,-) 
  csa_tree_ADD_TC_OP_12_groupi_cdnfadd_003_3__8428/S -       CI->S F     ADDFHX2LVT        2  8.0    90   233     788    (-,-) 
  csa_tree_ADD_TC_OP_12_groupi_g7002__6260/Y         -       B->Y  F     CLKAND2X6LVT      2  7.9    36    88     877    (-,-) 
  csa_tree_ADD_TC_OP_12_groupi_g6998__5477/Y         -       B->Y  R     NOR2X1LVT         1  3.4   116    85     961    (-,-) 
  csa_tree_ADD_TC_OP_12_groupi_g7047__8428/Y         -       B->Y  R     XNOR2X1LVT        1  3.2    57   133    1094    (-,-) 
  data_out_reg_reg[3]/D                              -       -     R     DFFHQX1LVT        1    -     -     0    1094    (-,-) 
#------------------------------------------------------------------------------------------------------------------------------



Path 22: MET (34 ps) Setup Check with Pin prod_reg_reg[1][9]/CK->D
          Group: clock
     Startpoint: (R) shift_reg_reg[0][3]/CK
          Clock: (R) clock
       Endpoint: (R) prod_reg_reg[1][9]/D
          Clock: (R) clock

                     Capture       Launch     
        Clock Edge:+    1200            0     
       Src Latency:+       0            0     
       Net Latency:+       0 (I)        0 (I) 
           Arrival:=    1200            0     
                                              
             Setup:-      86                  
     Required Time:=    1114                  
      Launch Clock:-       0                  
         Data Path:-    1080                  
             Slack:=      34                  

#-------------------------------------------------------------------------------------------------
#     Timing Point       Flags    Arc   Edge    Cell     Fanout Load Trans Delay Arrival Instance 
#                                                               (fF)  (ps)  (ps)   (ps)  Location 
#-------------------------------------------------------------------------------------------------
  shift_reg_reg[0][3]/CK -       -      R     (arrival)     149    -     0     0       0    (-,-) 
  shift_reg_reg[0][3]/QN -       CK->QN R     DFFX4LVT        3 10.5    49   206     206    (-,-) 
  g5524__6260/Y          -       B->Y   F     NAND2X8LVT      2  5.7    52    50     256    (-,-) 
  g5417__8246/CO         -       CI->CO F     ADDFHX4LVT      1  3.8    50   141     397    (-,-) 
  g5378__4733/CO         -       CI->CO F     ADDFHX2LVT      1  3.5    52   132     529    (-,-) 
  g5354__6783/CO         -       CI->CO F     ADDFX1LVT       1  3.5    73   142     671    (-,-) 
  g5334__5477/CO         -       CI->CO F     ADDFX2LVT       1  3.5    56   155     826    (-,-) 
  g5313__7482/S          -       CI->S  R     ADDFX2LVT       1  3.2    61   253    1080    (-,-) 
  prod_reg_reg[1][9]/D   -       -      R     DFFHQX4LVT      1    -     -     0    1080    (-,-) 
#-------------------------------------------------------------------------------------------------



Path 23: MET (39 ps) Setup Check with Pin prod_reg_reg[1][11]/CK->D
          Group: clock
     Startpoint: (R) shift_reg_reg[0][3]/CK
          Clock: (R) clock
       Endpoint: (R) prod_reg_reg[1][11]/D
          Clock: (R) clock

                     Capture       Launch     
        Clock Edge:+    1200            0     
       Src Latency:+       0            0     
       Net Latency:+       0 (I)        0 (I) 
           Arrival:=    1200            0     
                                              
             Setup:-     100                  
     Required Time:=    1100                  
      Launch Clock:-       0                  
         Data Path:-    1060                  
             Slack:=      39                  

#-------------------------------------------------------------------------------------------------
#     Timing Point       Flags    Arc   Edge    Cell     Fanout Load Trans Delay Arrival Instance 
#                                                               (fF)  (ps)  (ps)   (ps)  Location 
#-------------------------------------------------------------------------------------------------
  shift_reg_reg[0][3]/CK -       -      R     (arrival)     149    -     0     0       0    (-,-) 
  shift_reg_reg[0][3]/QN -       CK->QN R     DFFX4LVT        3 10.5    49   206     206    (-,-) 
  g5524__6260/Y          -       B->Y   F     NAND2X8LVT      2  5.7    52    50     256    (-,-) 
  g5417__8246/CO         -       CI->CO F     ADDFHX4LVT      1  3.8    50   141     397    (-,-) 
  g5378__4733/CO         -       CI->CO F     ADDFHX2LVT      1  3.5    52   132     529    (-,-) 
  g5354__6783/CO         -       CI->CO F     ADDFX1LVT       1  3.5    73   142     671    (-,-) 
  g5334__5477/CO         -       CI->CO F     ADDFX2LVT       1  3.5    56   155     826    (-,-) 
  g5313__7482/CO         -       CI->CO F     ADDFX2LVT       2  5.6    72   158     984    (-,-) 
  g5305__6131/Y          -       A1->Y  R     AOI21X2LVT      1  3.1    86    76    1060    (-,-) 
  prod_reg_reg[1][11]/D  -       -      R     DFFQX2LVT       1    -     -     0    1060    (-,-) 
#-------------------------------------------------------------------------------------------------



Path 24: MET (41 ps) Setup Check with Pin prod_reg_reg[3][11]/CK->D
          Group: clock
     Startpoint: (R) prod_reg_reg[2][3]/CK
          Clock: (R) clock
       Endpoint: (R) prod_reg_reg[3][11]/D
          Clock: (R) clock

                     Capture       Launch     
        Clock Edge:+    1200            0     
       Src Latency:+       0            0     
       Net Latency:+       0 (I)        0 (I) 
           Arrival:=    1200            0     
                                              
             Setup:-      86                  
     Required Time:=    1114                  
      Launch Clock:-       0                  
         Data Path:-    1072                  
             Slack:=      41                  

#-------------------------------------------------------------------------------------------------
#     Timing Point      Flags    Arc   Edge    Cell      Fanout Load Trans Delay Arrival Instance 
#                                                               (fF)  (ps)  (ps)   (ps)  Location 
#-------------------------------------------------------------------------------------------------
  prod_reg_reg[2][3]/CK -       -      R     (arrival)      149    -     0     0       0    (-,-) 
  prod_reg_reg[2][3]/Q  -       CK->Q  F     DFFX4LVT         2  6.5    38   163     163    (-,-) 
  fopt7057/Y            -       A->Y   F     BUFX12LVT        3  9.8    29    65     228    (-,-) 
  g5489__7482/Y         -       B->Y   R     NOR2X2           2  6.4   167   115     343    (-,-) 
  g5394__7410/Y         -       A0->Y  F     OAI21X4LVT       2  7.0    99   135     478    (-,-) 
  g5377/Y               -       A->Y   R     CLKINVX6LVT      1  4.7    35    44     522    (-,-) 
  g5366__6131/Y         -       A1->Y  F     OAI21X4LVT       1  3.8    75    56     578    (-,-) 
  g5335__2398/CO        -       CI->CO F     ADDFHX2LVT       1  3.8    55   143     721    (-,-) 
  g5315__6161/CO        -       CI->CO F     ADDFHX2LVT       1  3.8    55   136     857    (-,-) 
  g5293__2802/S         -       CI->S  R     ADDFHX2LVT       1  3.1    50   216    1072    (-,-) 
  prod_reg_reg[3][11]/D -       -      R     DFFQX2LVT        1    -     -     0    1072    (-,-) 
#-------------------------------------------------------------------------------------------------



Path 25: MET (45 ps) Setup Check with Pin prod_reg_reg[5][11]/CK->D
          Group: clock
     Startpoint: (R) prod_reg_reg[4][3]/CK
          Clock: (R) clock
       Endpoint: (R) prod_reg_reg[5][11]/D
          Clock: (R) clock

                     Capture       Launch     
        Clock Edge:+    1200            0     
       Src Latency:+       0            0     
       Net Latency:+       0 (I)        0 (I) 
           Arrival:=    1200            0     
                                              
             Setup:-      91                  
     Required Time:=    1109                  
      Launch Clock:-       0                  
         Data Path:-    1064                  
             Slack:=      45                  

#------------------------------------------------------------------------------------------------
#     Timing Point      Flags    Arc   Edge    Cell     Fanout Load Trans Delay Arrival Instance 
#                                                              (fF)  (ps)  (ps)   (ps)  Location 
#------------------------------------------------------------------------------------------------
  prod_reg_reg[4][3]/CK -       -      R     (arrival)     149    -     0     0       0    (-,-) 
  prod_reg_reg[4][3]/Q  -       CK->Q  R     DFFHQX8LVT      5 12.4    36   162     162    (-,-) 
  g5508__2346/Y         -       B->Y   F     NAND2X4LVT      3  7.8    89    69     230    (-,-) 
  g5413__1705/Y         -       A1->Y  R     AOI21X4LVT      1  3.5    50    68     298    (-,-) 
  g5355__3680/CO        -       CI->CO R     ADDFX1LVT       1  3.5    67   148     447    (-,-) 
  g5337__6260/CO        -       CI->CO R     ADDFX1LVT       1  3.5    67   155     602    (-,-) 
  g5316__9315/CO        -       CI->CO R     ADDFX1LVT       1  3.5    67   155     757    (-,-) 
  g5292__1617/CO        -       CI->CO R     ADDFX1LVT       1  3.5    67   155     912    (-,-) 
  g5277__6260/CO        -       CI->CO R     ADDFX1LVT       1  3.1    61   152    1064    (-,-) 
  prod_reg_reg[5][11]/D -       -      R     DFFQX2LVT       1    -     -     0    1064    (-,-) 
#------------------------------------------------------------------------------------------------



Path 26: MET (46 ps) Setup Check with Pin prod_reg_reg[2][11]/CK->D
          Group: clock
     Startpoint: (R) prod_reg_reg[1][2]/CK
          Clock: (R) clock
       Endpoint: (R) prod_reg_reg[2][11]/D
          Clock: (R) clock

                     Capture       Launch     
        Clock Edge:+    1200            0     
       Src Latency:+       0            0     
       Net Latency:+       0 (I)        0 (I) 
           Arrival:=    1200            0     
                                              
             Setup:-      91                  
     Required Time:=    1109                  
      Launch Clock:-       0                  
         Data Path:-    1063                  
             Slack:=      46                  

#------------------------------------------------------------------------------------------------
#     Timing Point      Flags    Arc   Edge    Cell     Fanout Load Trans Delay Arrival Instance 
#                                                              (fF)  (ps)  (ps)   (ps)  Location 
#------------------------------------------------------------------------------------------------
  prod_reg_reg[1][2]/CK -       -      R     (arrival)     149    -     0     0       0    (-,-) 
  prod_reg_reg[1][2]/Q  -       CK->Q  R     DFFQX4LVT       4 13.0    56   157     157    (-,-) 
  g5507__2883/Y         -       B->Y   F     NAND2X4LVT      2  6.4    80    70     227    (-,-) 
  g5471__5122/Y         -       A0->Y  R     AOI21X4LVT      1  3.5    50    70     297    (-,-) 
  g5379__6161/CO        -       CI->CO R     ADDFX1LVT       1  3.5    67   148     445    (-,-) 
  g5356__1617/CO        -       CI->CO R     ADDFX1LVT       1  3.5    67   155     600    (-,-) 
  g5336__5107/CO        -       CI->CO R     ADDFX1LVT       1  3.5    67   155     756    (-,-) 
  g5314__4733/CO        -       CI->CO R     ADDFX1LVT       1  3.5    67   155     911    (-,-) 
  g5295__5122/CO        -       CI->CO R     ADDFX1LVT       1  3.1    61   152    1063    (-,-) 
  prod_reg_reg[2][11]/D -       -      R     DFFQX2LVT       1    -     -     0    1063    (-,-) 
#------------------------------------------------------------------------------------------------



Path 27: MET (65 ps) Setup Check with Pin prod_reg_reg[4][11]/CK->D
          Group: clock
     Startpoint: (R) shift_reg_reg[3][5]/CK
          Clock: (R) clock
       Endpoint: (R) prod_reg_reg[4][11]/D
          Clock: (R) clock

                     Capture       Launch     
        Clock Edge:+    1200            0     
       Src Latency:+       0            0     
       Net Latency:+       0 (I)        0 (I) 
           Arrival:=    1200            0     
                                              
             Setup:-      86                  
     Required Time:=    1114                  
      Launch Clock:-       0                  
         Data Path:-    1049                  
             Slack:=      65                  

#-------------------------------------------------------------------------------------------------
#     Timing Point       Flags    Arc   Edge    Cell     Fanout Load Trans Delay Arrival Instance 
#                                                               (fF)  (ps)  (ps)   (ps)  Location 
#-------------------------------------------------------------------------------------------------
  shift_reg_reg[3][5]/CK -       -      R     (arrival)     149    -     0     0       0    (-,-) 
  shift_reg_reg[3][5]/Q  -       CK->Q  R     DFFHQX1LVT      3  7.9   119   168     168    (-,-) 
  g5472/Y                -       A->Y   F     INVX1           2  6.0   178   162     330    (-,-) 
  g5458__4319/Y          -       B->Y   R     NOR2X2LVT       2  6.4   126   138     467    (-,-) 
  g5360__1705/Y          -       A0->Y  F     OAI21X4LVT      1  3.8    70   103     570    (-,-) 
  g5324__1666/CO         -       CI->CO F     ADDFHX2LVT      1  3.8    55   141     712    (-,-) 
  g5307__5115/CO         -       CI->CO F     ADDFHX1LVT      1  3.8    76   138     850    (-,-) 
  g5286__3680/S          -       CI->S  R     ADDFHX1LVT      1  3.2    61   199    1049    (-,-) 
  prod_reg_reg[4][11]/D  -       -      R     DFFHQX4LVT      1    -     -     0    1049    (-,-) 
#-------------------------------------------------------------------------------------------------



Path 28: MET (104 ps) Setup Check with Pin prod_reg_reg[7][10]/CK->D
          Group: clock
     Startpoint: (R) shift_reg_reg[6][4]/CK
          Clock: (R) clock
       Endpoint: (R) prod_reg_reg[7][10]/D
          Clock: (R) clock

                     Capture       Launch     
        Clock Edge:+    1200            0     
       Src Latency:+       0            0     
       Net Latency:+       0 (I)        0 (I) 
           Arrival:=    1200            0     
                                              
             Setup:-      81                  
     Required Time:=    1119                  
      Launch Clock:-       0                  
         Data Path:-    1015                  
             Slack:=     104                  

#--------------------------------------------------------------------------------------------------
#     Timing Point       Flags    Arc   Edge    Cell      Fanout Load Trans Delay Arrival Instance 
#                                                                (fF)  (ps)  (ps)   (ps)  Location 
#--------------------------------------------------------------------------------------------------
  shift_reg_reg[6][4]/CK -       -      R     (arrival)      149    -     0     0       0    (-,-) 
  shift_reg_reg[6][4]/QN -       CK->QN R     DFFX4LVT         3 10.3    49   206     206    (-,-) 
  g5400__2398/Y          -       B->Y   F     NAND2X6LVT       2  6.4    63    56     262    (-,-) 
  g5363__5122/Y          -       A1->Y  R     AOI21X4LVT       2  6.4    72    70     333    (-,-) 
  g5345__8428/Y          -       A1->Y  F     OAI21X4LVT       2  7.0    94    86     419    (-,-) 
  g5333/Y                -       A->Y   R     CLKINVX6LVT      1  4.7    34    42     462    (-,-) 
  g5323__2346/Y          -       A1->Y  F     OAI21X4LVT       1  3.5    67    55     516    (-,-) 
  g5294__1705/CO         -       CI->CO F     ADDFX1LVT        1  3.5    73   148     664    (-,-) 
  g5278__4319/CO         -       CI->CO F     ADDFX1LVT        1  4.0    81   154     818    (-,-) 
  g5276/Y                -       A->Y   R     CLKINVX3         1  3.8    44    62     880    (-,-) 
  g5267__2398/CO         -       CI->CO R     ADDFHX2LVT       1  3.2    47   135    1015    (-,-) 
  prod_reg_reg[7][10]/D  -       -      R     DFFHQX4LVT       1    -     -     0    1015    (-,-) 
#--------------------------------------------------------------------------------------------------



Path 29: MET (113 ps) Setup Check with Pin prod_reg_reg[6][11]/CK->D
          Group: clock
     Startpoint: (R) shift_reg_reg[5][3]/CK
          Clock: (R) clock
       Endpoint: (R) prod_reg_reg[6][11]/D
          Clock: (R) clock

                     Capture       Launch     
        Clock Edge:+    1200            0     
       Src Latency:+       0            0     
       Net Latency:+       0 (I)        0 (I) 
           Arrival:=    1200            0     
                                              
             Setup:-      81                  
     Required Time:=    1119                  
      Launch Clock:-       0                  
         Data Path:-    1006                  
             Slack:=     113                  

#--------------------------------------------------------------------------------------------------
#     Timing Point       Flags    Arc   Edge    Cell      Fanout Load Trans Delay Arrival Instance 
#                                                                (fF)  (ps)  (ps)   (ps)  Location 
#--------------------------------------------------------------------------------------------------
  shift_reg_reg[5][3]/CK -       -      R     (arrival)      149    -     0     0       0    (-,-) 
  shift_reg_reg[5][3]/Q  -       CK->Q  F     DFFQX4LVT        2  7.0    39   158     158    (-,-) 
  g5439/Y                -       A->Y   R     CLKINVX6LVT      4 11.6    39    35     193    (-,-) 
  g5424__6131/Y          -       B->Y   F     NAND2X6LVT       3  8.0    70    58     252    (-,-) 
  g5375__5115/Y          -       A0->Y  R     AOI21X4LVT       2  6.4    72    78     330    (-,-) 
  g5352__5526/Y          -       A1->Y  F     OAI21X4LVT       2  7.0    94    86     417    (-,-) 
  g5341/Y                -       A->Y   R     CLKINVX6LVT      1  4.7    34    42     459    (-,-) 
  g5331__6417/Y          -       A1->Y  F     OAI21X4LVT       1  3.5    73    55     514    (-,-) 
  g5302__8246/CO         -       CI->CO F     ADDFX1LVT        1  3.5    73   150     663    (-,-) 
  g5283__5526/CO         -       CI->CO F     ADDFX2LVT        1  4.0    60   157     821    (-,-) 
  g5282/Y                -       A->Y   R     CLKINVX3         1  3.8    41    52     872    (-,-) 
  g5271__5107/CO         -       CI->CO R     ADDFHX2LVT       1  3.2    47   134    1006    (-,-) 
  prod_reg_reg[6][11]/D  -       -      R     DFFHQX8LVT       1    -     -     0    1006    (-,-) 
#--------------------------------------------------------------------------------------------------



Path 30: MET (116 ps) Setup Check with Pin prod_reg_reg[0][10]/CK->D
          Group: clock
     Startpoint: (R) data_in_reg_reg[4]/CK
          Clock: (R) clock
       Endpoint: (R) prod_reg_reg[0][10]/D
          Clock: (R) clock

                     Capture       Launch     
        Clock Edge:+    1200            0     
       Src Latency:+       0            0     
       Net Latency:+       0 (I)        0 (I) 
           Arrival:=    1200            0     
                                              
             Setup:-      81                  
     Required Time:=    1119                  
      Launch Clock:-       0                  
         Data Path:-    1003                  
             Slack:=     116                  

#-------------------------------------------------------------------------------------------------
#     Timing Point      Flags    Arc   Edge    Cell      Fanout Load Trans Delay Arrival Instance 
#                                                               (fF)  (ps)  (ps)   (ps)  Location 
#-------------------------------------------------------------------------------------------------
  data_in_reg_reg[4]/CK -       -      R     (arrival)      149    -     0     0       0    (-,-) 
  data_in_reg_reg[4]/QN -       CK->QN R     DFFX4LVT         3 10.7    50   207     207    (-,-) 
  g5546__1617/Y         -       B->Y   F     NAND2X6LVT       2  6.2    62    56     263    (-,-) 
  g5470__1705/Y         -       A1->Y  R     AOI21X4LVT       2  6.4    72    70     333    (-,-) 
  g5411__1617/Y         -       A1->Y  F     OAI21X4LVT       2  6.2    87    82     416    (-,-) 
  g5386/Y               -       A->Y   R     CLKINVX4LVT      1  4.7    38    46     462    (-,-) 
  g5376__7482/Y         -       A1->Y  F     OAI21X4LVT       1  3.8    70    58     520    (-,-) 
  g5342__4319/CO        -       CI->CO F     ADDFHX1LVT       1  3.5    71   141     661    (-,-) 
  g5320__9945/CO        -       CI->CO F     ADDFX2LVT        1  4.0    60   157     818    (-,-) 
  g5319/Y               -       A->Y   R     CLKINVX3         1  3.8    41    52     869    (-,-) 
  g5303__7098/CO        -       CI->CO R     ADDFHX2LVT       1  3.2    47   134    1003    (-,-) 
  prod_reg_reg[0][10]/D -       -      R     DFFHQX4LVT       1    -     -     0    1003    (-,-) 
#-------------------------------------------------------------------------------------------------



Path 31: MET (154 ps) Setup Check with Pin prod_reg_reg[2][9]/CK->D
          Group: clock
     Startpoint: (R) shift_reg_reg[1][3]/CK
          Clock: (R) clock
       Endpoint: (R) prod_reg_reg[2][9]/D
          Clock: (R) clock

                     Capture       Launch     
        Clock Edge:+    1200            0     
       Src Latency:+       0            0     
       Net Latency:+       0 (I)        0 (I) 
           Arrival:=    1200            0     
                                              
             Setup:-      88                  
     Required Time:=    1112                  
      Launch Clock:-       0                  
         Data Path:-     959                  
             Slack:=     154                  

#-------------------------------------------------------------------------------------------------
#     Timing Point       Flags    Arc   Edge    Cell     Fanout Load Trans Delay Arrival Instance 
#                                                               (fF)  (ps)  (ps)   (ps)  Location 
#-------------------------------------------------------------------------------------------------
  shift_reg_reg[1][3]/CK -       -      R     (arrival)     149    -     0     0       0    (-,-) 
  shift_reg_reg[1][3]/Q  -       CK->Q  F     DFFHQX4LVT      4 12.0    60   167     167    (-,-) 
  g5505__9315/Y          -       A->Y   R     NOR2X6          2  6.4    75    83     250    (-,-) 
  g5471__5122/Y          -       B0->Y  F     AOI21X4LVT      1  3.5    62    45     295    (-,-) 
  g5379__6161/CO         -       CI->CO F     ADDFX1LVT       1  3.5    73   146     440    (-,-) 
  g5356__1617/CO         -       CI->CO F     ADDFX1LVT       1  3.5    73   150     590    (-,-) 
  g5336__5107/CO         -       CI->CO F     ADDFX1LVT       1  3.5    73   150     740    (-,-) 
  g5314__4733/S          -       CI->S  R     ADDFX1LVT       1  3.2    65   218     959    (-,-) 
  prod_reg_reg[2][9]/D   -       -      R     DFFHQX4LVT      1    -     -     0     959    (-,-) 
#-------------------------------------------------------------------------------------------------



Path 32: MET (159 ps) Setup Check with Pin prod_reg_reg[5][9]/CK->D
          Group: clock
     Startpoint: (R) shift_reg_reg[4][1]/CK
          Clock: (R) clock
       Endpoint: (R) prod_reg_reg[5][9]/D
          Clock: (R) clock

                     Capture       Launch     
        Clock Edge:+    1200            0     
       Src Latency:+       0            0     
       Net Latency:+       0 (I)        0 (I) 
           Arrival:=    1200            0     
                                              
             Setup:-      88                  
     Required Time:=    1112                  
      Launch Clock:-       0                  
         Data Path:-     953                  
             Slack:=     159                  

#-------------------------------------------------------------------------------------------------
#     Timing Point       Flags    Arc   Edge    Cell     Fanout Load Trans Delay Arrival Instance 
#                                                               (fF)  (ps)  (ps)   (ps)  Location 
#-------------------------------------------------------------------------------------------------
  shift_reg_reg[4][1]/CK -       -      R     (arrival)     149    -     0     0       0    (-,-) 
  shift_reg_reg[4][1]/Q  -       CK->Q  F     DFFQX4LVT       3  9.9    51   165     165    (-,-) 
  g5452__2398/Y          -       A->Y   R     NOR2X6          2  6.4    74    79     244    (-,-) 
  g5413__1705/Y          -       B0->Y  F     AOI21X4LVT      1  3.5    62    45     289    (-,-) 
  g5355__3680/CO         -       CI->CO F     ADDFX1LVT       1  3.5    73   146     435    (-,-) 
  g5337__6260/CO         -       CI->CO F     ADDFX1LVT       1  3.5    73   150     585    (-,-) 
  g5316__9315/CO         -       CI->CO F     ADDFX1LVT       1  3.5    73   150     735    (-,-) 
  g5292__1617/S          -       CI->S  R     ADDFX1LVT       1  3.2    65   218     953    (-,-) 
  prod_reg_reg[5][9]/D   -       -      R     DFFHQX4LVT      1    -     -     0     953    (-,-) 
#-------------------------------------------------------------------------------------------------



Path 33: MET (172 ps) Setup Check with Pin data_out_reg_reg[2]/CK->D
          Group: clock
     Startpoint: (R) prod_reg_reg[2][2]/CK
          Clock: (R) clock
       Endpoint: (R) data_out_reg_reg[2]/D
          Clock: (R) clock

                     Capture       Launch     
        Clock Edge:+    1200            0     
       Src Latency:+       0            0     
       Net Latency:+       0 (I)        0 (I) 
           Arrival:=    1200            0     
                                              
             Setup:-      83                  
     Required Time:=    1117                  
      Launch Clock:-       0                  
         Data Path:-     945                  
             Slack:=     172                  

#------------------------------------------------------------------------------------------------------------------------------
#                   Timing Point                     Flags   Arc   Edge     Cell      Fanout Load Trans Delay Arrival Instance 
#                                                                                            (fF)  (ps)  (ps)   (ps)  Location 
#------------------------------------------------------------------------------------------------------------------------------
  prod_reg_reg[2][2]/CK                              -       -     R     (arrival)       149    -     0     0       0    (-,-) 
  prod_reg_reg[2][2]/Q                               -       CK->Q F     DFFHQX8LVT        6 16.5    48   179     179    (-,-) 
  csa_tree_ADD_TC_OP_12_groupi_cdnfadd_002_0__5477/S -       B->S  R     ADDFX1LVT         1  3.8    73   217     396    (-,-) 
  csa_tree_ADD_TC_OP_12_groupi_cdnfadd_002_1__2398/S -       CI->S F     ADDFHX1LVT        2  5.8   107   214     610    (-,-) 
  csa_tree_ADD_TC_OP_12_groupi_g7009__1617/Y         -       B->Y  F     CLKAND2X3LVT      2  6.2    45   102     712    (-,-) 
  csa_tree_ADD_TC_OP_12_groupi_g7008__3680/Y         -       B->Y  F     OR2X1LVT          1  3.3    62    99     811    (-,-) 
  csa_tree_ADD_TC_OP_12_groupi_g7005__8428/Y         -       B->Y  R     XNOR2X1LVT        1  3.2    57   134     945    (-,-) 
  data_out_reg_reg[2]/D                              -       -     R     DFFHQX1LVT        1    -     -     0     945    (-,-) 
#------------------------------------------------------------------------------------------------------------------------------



Path 34: MET (175 ps) Setup Check with Pin prod_reg_reg[4][8]/CK->D
          Group: clock
     Startpoint: (R) shift_reg_reg[3][5]/CK
          Clock: (R) clock
       Endpoint: (R) prod_reg_reg[4][8]/D
          Clock: (R) clock

                     Capture       Launch     
        Clock Edge:+    1200            0     
       Src Latency:+       0            0     
       Net Latency:+       0 (I)        0 (I) 
           Arrival:=    1200            0     
                                              
             Setup:-     108                  
     Required Time:=    1092                  
      Launch Clock:-       0                  
         Data Path:-     917                  
             Slack:=     175                  

#-------------------------------------------------------------------------------------------------
#     Timing Point       Flags   Arc   Edge    Cell      Fanout Load Trans Delay Arrival Instance 
#                                                               (fF)  (ps)  (ps)   (ps)  Location 
#-------------------------------------------------------------------------------------------------
  shift_reg_reg[3][5]/CK -       -     R     (arrival)      149    -     0     0       0    (-,-) 
  shift_reg_reg[3][5]/Q  -       CK->Q F     DFFHQX1LVT       3  7.6   128   187     187    (-,-) 
  g5472/Y                -       A->Y  R     INVX1            2  6.2   156   152     339    (-,-) 
  g5458__4319/Y          -       B->Y  F     NOR2X2LVT        2  6.2    82   104     443    (-,-) 
  g5448__1666/Y          -       AN->Y F     NAND2BX1LVT      1  3.2   133   128     571    (-,-) 
  g5359__2802/Y          -       B->Y  R     XNOR2X1HVT       1  3.2   118   346     917    (-,-) 
  prod_reg_reg[4][8]/D   -       -     R     DFFHQX4LVT       1    -     -     0     917    (-,-) 
#-------------------------------------------------------------------------------------------------



Path 35: MET (180 ps) Setup Check with Pin prod_reg_reg[3][10]/CK->D
          Group: clock
     Startpoint: (R) prod_reg_reg[2][3]/CK
          Clock: (R) clock
       Endpoint: (R) prod_reg_reg[3][10]/D
          Clock: (R) clock

                     Capture       Launch     
        Clock Edge:+    1200            0     
       Src Latency:+       0            0     
       Net Latency:+       0 (I)        0 (I) 
           Arrival:=    1200            0     
                                              
             Setup:-      83                  
     Required Time:=    1117                  
      Launch Clock:-       0                  
         Data Path:-     937                  
             Slack:=     180                  

#-------------------------------------------------------------------------------------------------
#     Timing Point      Flags    Arc   Edge    Cell      Fanout Load Trans Delay Arrival Instance 
#                                                               (fF)  (ps)  (ps)   (ps)  Location 
#-------------------------------------------------------------------------------------------------
  prod_reg_reg[2][3]/CK -       -      R     (arrival)      149    -     0     0       0    (-,-) 
  prod_reg_reg[2][3]/Q  -       CK->Q  F     DFFX4LVT         2  6.5    38   163     163    (-,-) 
  fopt7057/Y            -       A->Y   F     BUFX12LVT        3  9.8    29    65     228    (-,-) 
  g5489__7482/Y         -       B->Y   R     NOR2X2           2  6.4   167   115     343    (-,-) 
  g5394__7410/Y         -       A0->Y  F     OAI21X4LVT       2  7.0    99   135     478    (-,-) 
  g5377/Y               -       A->Y   R     CLKINVX6LVT      1  4.7    35    44     522    (-,-) 
  g5366__6131/Y         -       A1->Y  F     OAI21X4LVT       1  3.8    75    56     578    (-,-) 
  g5335__2398/CO        -       CI->CO F     ADDFHX2LVT       1  3.8    55   143     721    (-,-) 
  g5315__6161/S         -       CI->S  R     ADDFHX2LVT       1  3.2    51   216     937    (-,-) 
  prod_reg_reg[3][10]/D -       -      R     DFFHQX4LVT       1    -     -     0     937    (-,-) 
#-------------------------------------------------------------------------------------------------



Path 36: MET (182 ps) Setup Check with Pin prod_reg_reg[1][8]/CK->D
          Group: clock
     Startpoint: (R) shift_reg_reg[0][3]/CK
          Clock: (R) clock
       Endpoint: (R) prod_reg_reg[1][8]/D
          Clock: (R) clock

                     Capture       Launch     
        Clock Edge:+    1200            0     
       Src Latency:+       0            0     
       Net Latency:+       0 (I)        0 (I) 
           Arrival:=    1200            0     
                                              
             Setup:-      86                  
     Required Time:=    1114                  
      Launch Clock:-       0                  
         Data Path:-     931                  
             Slack:=     182                  

#-------------------------------------------------------------------------------------------------
#     Timing Point       Flags    Arc   Edge    Cell     Fanout Load Trans Delay Arrival Instance 
#                                                               (fF)  (ps)  (ps)   (ps)  Location 
#-------------------------------------------------------------------------------------------------
  shift_reg_reg[0][3]/CK -       -      R     (arrival)     149    -     0     0       0    (-,-) 
  shift_reg_reg[0][3]/QN -       CK->QN R     DFFX4LVT        3 10.5    49   206     206    (-,-) 
  g5524__6260/Y          -       B->Y   F     NAND2X8LVT      2  5.7    52    50     256    (-,-) 
  g5417__8246/CO         -       CI->CO F     ADDFHX4LVT      1  3.8    50   141     397    (-,-) 
  g5378__4733/CO         -       CI->CO F     ADDFHX2LVT      1  3.5    52   132     529    (-,-) 
  g5354__6783/CO         -       CI->CO F     ADDFX1LVT       1  3.5    73   142     671    (-,-) 
  g5334__5477/S          -       CI->S  R     ADDFX2LVT       1  3.2    61   260     931    (-,-) 
  prod_reg_reg[1][8]/D   -       -      R     DFFHQX4LVT      1    -     -     0     931    (-,-) 
#-------------------------------------------------------------------------------------------------



Path 37: MET (190 ps) Setup Check with Pin prod_reg_reg[6][9]/CK->D
          Group: clock
     Startpoint: (R) shift_reg_reg[5][3]/CK
          Clock: (R) clock
       Endpoint: (R) prod_reg_reg[6][9]/D
          Clock: (R) clock

                     Capture       Launch     
        Clock Edge:+    1200            0     
       Src Latency:+       0            0     
       Net Latency:+       0 (I)        0 (I) 
           Arrival:=    1200            0     
                                              
             Setup:-      86                  
     Required Time:=    1114                  
      Launch Clock:-       0                  
         Data Path:-     923                  
             Slack:=     190                  

#--------------------------------------------------------------------------------------------------
#     Timing Point       Flags    Arc   Edge    Cell      Fanout Load Trans Delay Arrival Instance 
#                                                                (fF)  (ps)  (ps)   (ps)  Location 
#--------------------------------------------------------------------------------------------------
  shift_reg_reg[5][3]/CK -       -      R     (arrival)      149    -     0     0       0    (-,-) 
  shift_reg_reg[5][3]/Q  -       CK->Q  F     DFFQX4LVT        2  7.0    39   158     158    (-,-) 
  g5439/Y                -       A->Y   R     CLKINVX6LVT      4 11.6    39    35     193    (-,-) 
  g5424__6131/Y          -       B->Y   F     NAND2X6LVT       3  8.0    70    58     252    (-,-) 
  g5375__5115/Y          -       A0->Y  R     AOI21X4LVT       2  6.4    72    78     330    (-,-) 
  g5352__5526/Y          -       A1->Y  F     OAI21X4LVT       2  7.0    94    86     417    (-,-) 
  g5341/Y                -       A->Y   R     CLKINVX6LVT      1  4.7    34    42     459    (-,-) 
  g5331__6417/Y          -       A1->Y  F     OAI21X4LVT       1  3.5    73    55     514    (-,-) 
  g5302__8246/CO         -       CI->CO F     ADDFX1LVT        1  3.5    73   150     663    (-,-) 
  g5283__5526/S          -       CI->S  R     ADDFX2LVT        1  3.2    60   260     923    (-,-) 
  prod_reg_reg[6][9]/D   -       -      R     DFFHQX4LVT       1    -     -     0     923    (-,-) 
#--------------------------------------------------------------------------------------------------



Path 38: MET (194 ps) Setup Check with Pin prod_reg_reg[0][8]/CK->D
          Group: clock
     Startpoint: (R) data_in_reg_reg[4]/CK
          Clock: (R) clock
       Endpoint: (R) prod_reg_reg[0][8]/D
          Clock: (R) clock

                     Capture       Launch     
        Clock Edge:+    1200            0     
       Src Latency:+       0            0     
       Net Latency:+       0 (I)        0 (I) 
           Arrival:=    1200            0     
                                              
             Setup:-      86                  
     Required Time:=    1114                  
      Launch Clock:-       0                  
         Data Path:-     920                  
             Slack:=     194                  

#-------------------------------------------------------------------------------------------------
#     Timing Point      Flags    Arc   Edge    Cell      Fanout Load Trans Delay Arrival Instance 
#                                                               (fF)  (ps)  (ps)   (ps)  Location 
#-------------------------------------------------------------------------------------------------
  data_in_reg_reg[4]/CK -       -      R     (arrival)      149    -     0     0       0    (-,-) 
  data_in_reg_reg[4]/QN -       CK->QN R     DFFX4LVT         3 10.7    50   207     207    (-,-) 
  g5546__1617/Y         -       B->Y   F     NAND2X6LVT       2  6.2    62    56     263    (-,-) 
  g5470__1705/Y         -       A1->Y  R     AOI21X4LVT       2  6.4    72    70     333    (-,-) 
  g5411__1617/Y         -       A1->Y  F     OAI21X4LVT       2  6.2    87    82     416    (-,-) 
  g5386/Y               -       A->Y   R     CLKINVX4LVT      1  4.7    38    46     462    (-,-) 
  g5376__7482/Y         -       A1->Y  F     OAI21X4LVT       1  3.8    70    58     520    (-,-) 
  g5342__4319/CO        -       CI->CO F     ADDFHX1LVT       1  3.5    71   141     661    (-,-) 
  g5320__9945/S         -       CI->S  R     ADDFX2LVT        1  3.2    60   259     920    (-,-) 
  prod_reg_reg[0][8]/D  -       -      R     DFFHQX4LVT       1    -     -     0     920    (-,-) 
#-------------------------------------------------------------------------------------------------



Path 39: MET (208 ps) Setup Check with Pin prod_reg_reg[6][7]/CK->D
          Group: clock
     Startpoint: (R) shift_reg_reg[5][6]/CK
          Clock: (R) clock
       Endpoint: (F) prod_reg_reg[6][7]/D
          Clock: (R) clock

                     Capture       Launch     
        Clock Edge:+    1200            0     
       Src Latency:+       0            0     
       Net Latency:+       0 (I)        0 (I) 
           Arrival:=    1200            0     
                                              
             Setup:-     134                  
     Required Time:=    1066                  
      Launch Clock:-       0                  
         Data Path:-     858                  
             Slack:=     208                  

#-------------------------------------------------------------------------------------------------
#     Timing Point       Flags   Arc   Edge    Cell      Fanout Load Trans Delay Arrival Instance 
#                                                               (fF)  (ps)  (ps)   (ps)  Location 
#-------------------------------------------------------------------------------------------------
  shift_reg_reg[5][6]/CK -       -     R     (arrival)      149    -     0     0       0    (-,-) 
  shift_reg_reg[5][6]/Q  -       CK->Q R     DFFHQX1LVT       4 10.2   151   186     186    (-,-) 
  g5432__6161/Y          -       A->Y  F     NAND2X1LVT       2  6.4   237   208     394    (-,-) 
  g5408__5526/Y          -       B->Y  R     NAND2BX1LVT      1  3.2    86   143     538    (-,-) 
  g5330__7410/Y          -       B->Y  F     XNOR2XLHVT       1  3.2   290   320     858    (-,-) 
  prod_reg_reg[6][7]/D   -       -     F     DFFHQX4LVT       1    -     -     0     858    (-,-) 
#-------------------------------------------------------------------------------------------------



Path 40: MET (211 ps) Setup Check with Pin prod_reg_reg[4][10]/CK->D
          Group: clock
     Startpoint: (R) shift_reg_reg[3][5]/CK
          Clock: (R) clock
       Endpoint: (R) prod_reg_reg[4][10]/D
          Clock: (R) clock

                     Capture       Launch     
        Clock Edge:+    1200            0     
       Src Latency:+       0            0     
       Net Latency:+       0 (I)        0 (I) 
           Arrival:=    1200            0     
                                              
             Setup:-      86                  
     Required Time:=    1114                  
      Launch Clock:-       0                  
         Data Path:-     903                  
             Slack:=     211                  

#-------------------------------------------------------------------------------------------------
#     Timing Point       Flags    Arc   Edge    Cell     Fanout Load Trans Delay Arrival Instance 
#                                                               (fF)  (ps)  (ps)   (ps)  Location 
#-------------------------------------------------------------------------------------------------
  shift_reg_reg[3][5]/CK -       -      R     (arrival)     149    -     0     0       0    (-,-) 
  shift_reg_reg[3][5]/Q  -       CK->Q  R     DFFHQX1LVT      3  7.9   119   168     168    (-,-) 
  g5472/Y                -       A->Y   F     INVX1           2  6.0   178   162     330    (-,-) 
  g5458__4319/Y          -       B->Y   R     NOR2X2LVT       2  6.4   126   138     467    (-,-) 
  g5360__1705/Y          -       A0->Y  F     OAI21X4LVT      1  3.8    70   103     570    (-,-) 
  g5324__1666/CO         -       CI->CO F     ADDFHX2LVT      1  3.8    55   141     712    (-,-) 
  g5307__5115/S          -       CI->S  R     ADDFHX1LVT      1  3.2    61   191     903    (-,-) 
  prod_reg_reg[4][10]/D  -       -      R     DFFHQX4LVT      1    -     -     0     903    (-,-) 
#-------------------------------------------------------------------------------------------------



Path 41: MET (230 ps) Setup Check with Pin prod_reg_reg[7][8]/CK->D
          Group: clock
     Startpoint: (R) shift_reg_reg[6][4]/CK
          Clock: (R) clock
       Endpoint: (R) prod_reg_reg[7][8]/D
          Clock: (R) clock

                     Capture       Launch     
        Clock Edge:+    1200            0     
       Src Latency:+       0            0     
       Net Latency:+       0 (I)        0 (I) 
           Arrival:=    1200            0     
                                              
             Setup:-      88                  
     Required Time:=    1112                  
      Launch Clock:-       0                  
         Data Path:-     882                  
             Slack:=     230                  

#--------------------------------------------------------------------------------------------------
#     Timing Point       Flags    Arc   Edge    Cell      Fanout Load Trans Delay Arrival Instance 
#                                                                (fF)  (ps)  (ps)   (ps)  Location 
#--------------------------------------------------------------------------------------------------
  shift_reg_reg[6][4]/CK -       -      R     (arrival)      149    -     0     0       0    (-,-) 
  shift_reg_reg[6][4]/QN -       CK->QN R     DFFX4LVT         3 10.3    49   206     206    (-,-) 
  g5400__2398/Y          -       B->Y   F     NAND2X6LVT       2  6.4    63    56     262    (-,-) 
  g5363__5122/Y          -       A1->Y  R     AOI21X4LVT       2  6.4    72    70     333    (-,-) 
  g5345__8428/Y          -       A1->Y  F     OAI21X4LVT       2  7.0    94    86     419    (-,-) 
  g5333/Y                -       A->Y   R     CLKINVX6LVT      1  4.7    34    42     462    (-,-) 
  g5323__2346/Y          -       A1->Y  F     OAI21X4LVT       1  3.5    67    55     516    (-,-) 
  g5294__1705/CO         -       CI->CO F     ADDFX1LVT        1  3.5    73   148     664    (-,-) 
  g5278__4319/S          -       CI->S  R     ADDFX1LVT        1  3.2    65   218     882    (-,-) 
  prod_reg_reg[7][8]/D   -       -      R     DFFHQX4LVT       1    -     -     0     882    (-,-) 
#--------------------------------------------------------------------------------------------------



Path 42: MET (237 ps) Setup Check with Pin prod_reg_reg[3][8]/CK->D
          Group: clock
     Startpoint: (R) prod_reg_reg[2][3]/CK
          Clock: (R) clock
       Endpoint: (R) prod_reg_reg[3][8]/D
          Clock: (R) clock

                     Capture       Launch     
        Clock Edge:+    1200            0     
       Src Latency:+       0            0     
       Net Latency:+       0 (I)        0 (I) 
           Arrival:=    1200            0     
                                              
             Setup:-     108                  
     Required Time:=    1092                  
      Launch Clock:-       0                  
         Data Path:-     855                  
             Slack:=     237                  

#-----------------------------------------------------------------------------------------------
#     Timing Point      Flags   Arc   Edge    Cell     Fanout Load Trans Delay Arrival Instance 
#                                                             (fF)  (ps)  (ps)   (ps)  Location 
#-----------------------------------------------------------------------------------------------
  prod_reg_reg[2][3]/CK -       -     R     (arrival)     149    -     0     0       0    (-,-) 
  prod_reg_reg[2][3]/Q  -       CK->Q F     DFFX4LVT        2  6.5    38   163     163    (-,-) 
  fopt7057/Y            -       A->Y  F     BUFX12LVT       3  9.8    29    65     228    (-,-) 
  g5489__7482/Y         -       B->Y  R     NOR2X2          2  6.4   167   115     343    (-,-) 
  g5394__7410/Y         -       A0->Y F     OAI21X4LVT      2  7.0    99   135     478    (-,-) 
  g5365__7098/Y         -       A->Y  R     XNOR2X1HVT      1  3.2   118   378     855    (-,-) 
  prod_reg_reg[3][8]/D  -       -     R     DFFHQX4LVT      1    -     -     0     855    (-,-) 
#-----------------------------------------------------------------------------------------------



Path 43: MET (253 ps) Setup Check with Pin prod_reg_reg[7][6]/CK->D
          Group: clock
     Startpoint: (R) shift_reg_reg[6][4]/CK
          Clock: (R) clock
       Endpoint: (F) prod_reg_reg[7][6]/D
          Clock: (R) clock

                     Capture       Launch     
        Clock Edge:+    1200            0     
       Src Latency:+       0            0     
       Net Latency:+       0 (I)        0 (I) 
           Arrival:=    1200            0     
                                              
             Setup:-     134                  
     Required Time:=    1066                  
      Launch Clock:-       0                  
         Data Path:-     813                  
             Slack:=     253                  

#-------------------------------------------------------------------------------------------------
#     Timing Point       Flags    Arc   Edge    Cell     Fanout Load Trans Delay Arrival Instance 
#                                                               (fF)  (ps)  (ps)   (ps)  Location 
#-------------------------------------------------------------------------------------------------
  shift_reg_reg[6][4]/CK -       -      R     (arrival)     149    -     0     0       0    (-,-) 
  shift_reg_reg[6][4]/QN -       CK->QN F     DFFX4LVT        3  9.8    52   196     196    (-,-) 
  g5399__5477/Y          -       B->Y   R     NOR2X2LVT       2  6.4   111    87     283    (-,-) 
  g5363__5122/Y          -       B0->Y  F     AOI21X4LVT      2  6.2    84    66     349    (-,-) 
  g5345__8428/Y          -       A1->Y  R     OAI21X4LVT      2  7.3    84    81     430    (-,-) 
  g5322__2883/Y          -       A->Y   F     XNOR2XLHVT      1  3.2   290   383     813    (-,-) 
  prod_reg_reg[7][6]/D   -       -      F     DFFHQX4LVT      1    -     -     0     813    (-,-) 
#-------------------------------------------------------------------------------------------------



Path 44: MET (256 ps) Setup Check with Pin prod_reg_reg[0][6]/CK->D
          Group: clock
     Startpoint: (R) data_in_reg_reg[4]/CK
          Clock: (R) clock
       Endpoint: (F) prod_reg_reg[0][6]/D
          Clock: (R) clock

                     Capture       Launch     
        Clock Edge:+    1200            0     
       Src Latency:+       0            0     
       Net Latency:+       0 (I)        0 (I) 
           Arrival:=    1200            0     
                                              
             Setup:-     134                  
     Required Time:=    1066                  
      Launch Clock:-       0                  
         Data Path:-     810                  
             Slack:=     256                  

#------------------------------------------------------------------------------------------------
#     Timing Point      Flags    Arc   Edge    Cell     Fanout Load Trans Delay Arrival Instance 
#                                                              (fF)  (ps)  (ps)   (ps)  Location 
#------------------------------------------------------------------------------------------------
  data_in_reg_reg[4]/CK -       -      R     (arrival)     149    -     0     0       0    (-,-) 
  data_in_reg_reg[4]/QN -       CK->QN F     DFFX4LVT        3 10.2    54   197     197    (-,-) 
  g5548__1705/Y         -       B->Y   R     NOR2X2LVT       2  6.6   114    89     286    (-,-) 
  g5470__1705/Y         -       B0->Y  F     AOI21X4LVT      2  6.2    84    67     353    (-,-) 
  g5411__1617/Y         -       A1->Y  R     OAI21X4LVT      2  6.4    78    77     430    (-,-) 
  g5374__1881/Y         -       A->Y   F     XNOR2XLHVT      1  3.2   290   380     810    (-,-) 
  prod_reg_reg[0][6]/D  -       -      F     DFFHQX4LVT      1    -     -     0     810    (-,-) 
#------------------------------------------------------------------------------------------------



Path 45: MET (271 ps) Setup Check with Pin prod_reg_reg[3][7]/CK->D
          Group: clock
     Startpoint: (R) prod_reg_reg[2][3]/CK
          Clock: (R) clock
       Endpoint: (F) prod_reg_reg[3][7]/D
          Clock: (R) clock

                     Capture       Launch     
        Clock Edge:+    1200            0     
       Src Latency:+       0            0     
       Net Latency:+       0 (I)        0 (I) 
           Arrival:=    1200            0     
                                              
             Setup:-     134                  
     Required Time:=    1066                  
      Launch Clock:-       0                  
         Data Path:-     795                  
             Slack:=     271                  

#------------------------------------------------------------------------------------------------
#     Timing Point      Flags   Arc   Edge    Cell      Fanout Load Trans Delay Arrival Instance 
#                                                              (fF)  (ps)  (ps)   (ps)  Location 
#------------------------------------------------------------------------------------------------
  prod_reg_reg[2][3]/CK -       -     R     (arrival)      149    -     0     0       0    (-,-) 
  prod_reg_reg[2][3]/Q  -       CK->Q F     DFFX4LVT         2  6.5    38   163     163    (-,-) 
  fopt7057/Y            -       A->Y  F     BUFX12LVT        3  9.8    29    65     228    (-,-) 
  g5489__7482/Y         -       B->Y  R     NOR2X2           2  6.4   167   115     343    (-,-) 
  g5465__5526/Y         -       AN->Y R     NAND2BX1LVT      1  3.2    69   120     463    (-,-) 
  g5649__6161/Y         -       B->Y  F     XOR2XLHVT        1  3.2   290   332     795    (-,-) 
  prod_reg_reg[3][7]/D  -       -     F     DFFHQX4LVT       1    -     -     0     795    (-,-) 
#------------------------------------------------------------------------------------------------



Path 46: MET (283 ps) Setup Check with Pin prod_reg_reg[4][7]/CK->D
          Group: clock
     Startpoint: (R) shift_reg_reg[3][1]/CK
          Clock: (R) clock
       Endpoint: (F) prod_reg_reg[4][7]/D
          Clock: (R) clock

                     Capture       Launch     
        Clock Edge:+    1200            0     
       Src Latency:+       0            0     
       Net Latency:+       0 (I)        0 (I) 
           Arrival:=    1200            0     
                                              
             Setup:-     134                  
     Required Time:=    1066                  
      Launch Clock:-       0                  
         Data Path:-     783                  
             Slack:=     283                  

#-------------------------------------------------------------------------------------------------
#     Timing Point       Flags   Arc   Edge    Cell      Fanout Load Trans Delay Arrival Instance 
#                                                               (fF)  (ps)  (ps)   (ps)  Location 
#-------------------------------------------------------------------------------------------------
  shift_reg_reg[3][1]/CK -       -     R     (arrival)      149    -     0     0       0    (-,-) 
  shift_reg_reg[3][1]/Q  -       CK->Q F     DFFX2LVT         4 10.8    96   180     180    (-,-) 
  g5457__6260/Y          -       B->Y  R     NOR2X2           2  6.4   174   149     328    (-,-) 
  g5447__2346/Y          -       AN->Y R     NAND2BX1LVT      1  3.2    69   123     451    (-,-) 
  g5648__4733/Y          -       B->Y  F     XOR2XLHVT        1  3.2   290   332     783    (-,-) 
  prod_reg_reg[4][7]/D   -       -     F     DFFHQX4LVT       1    -     -     0     783    (-,-) 
#-------------------------------------------------------------------------------------------------



Path 47: MET (303 ps) Setup Check with Pin prod_reg_reg[2][8]/CK->D
          Group: clock
     Startpoint: (R) shift_reg_reg[1][3]/CK
          Clock: (R) clock
       Endpoint: (R) prod_reg_reg[2][8]/D
          Clock: (R) clock

                     Capture       Launch     
        Clock Edge:+    1200            0     
       Src Latency:+       0            0     
       Net Latency:+       0 (I)        0 (I) 
           Arrival:=    1200            0     
                                              
             Setup:-      88                  
     Required Time:=    1112                  
      Launch Clock:-       0                  
         Data Path:-     809                  
             Slack:=     303                  

#-------------------------------------------------------------------------------------------------
#     Timing Point       Flags    Arc   Edge    Cell     Fanout Load Trans Delay Arrival Instance 
#                                                               (fF)  (ps)  (ps)   (ps)  Location 
#-------------------------------------------------------------------------------------------------
  shift_reg_reg[1][3]/CK -       -      R     (arrival)     149    -     0     0       0    (-,-) 
  shift_reg_reg[1][3]/Q  -       CK->Q  F     DFFHQX4LVT      4 12.0    60   167     167    (-,-) 
  g5505__9315/Y          -       A->Y   R     NOR2X6          2  6.4    75    83     250    (-,-) 
  g5471__5122/Y          -       B0->Y  F     AOI21X4LVT      1  3.5    62    45     295    (-,-) 
  g5379__6161/CO         -       CI->CO F     ADDFX1LVT       1  3.5    73   146     440    (-,-) 
  g5356__1617/CO         -       CI->CO F     ADDFX1LVT       1  3.5    73   150     590    (-,-) 
  g5336__5107/S          -       CI->S  R     ADDFX1LVT       1  3.2    65   218     809    (-,-) 
  prod_reg_reg[2][8]/D   -       -      R     DFFHQX4LVT      1    -     -     0     809    (-,-) 
#-------------------------------------------------------------------------------------------------



Path 48: MET (309 ps) Setup Check with Pin prod_reg_reg[5][8]/CK->D
          Group: clock
     Startpoint: (R) shift_reg_reg[4][1]/CK
          Clock: (R) clock
       Endpoint: (R) prod_reg_reg[5][8]/D
          Clock: (R) clock

                     Capture       Launch     
        Clock Edge:+    1200            0     
       Src Latency:+       0            0     
       Net Latency:+       0 (I)        0 (I) 
           Arrival:=    1200            0     
                                              
             Setup:-      88                  
     Required Time:=    1112                  
      Launch Clock:-       0                  
         Data Path:-     803                  
             Slack:=     309                  

#-------------------------------------------------------------------------------------------------
#     Timing Point       Flags    Arc   Edge    Cell     Fanout Load Trans Delay Arrival Instance 
#                                                               (fF)  (ps)  (ps)   (ps)  Location 
#-------------------------------------------------------------------------------------------------
  shift_reg_reg[4][1]/CK -       -      R     (arrival)     149    -     0     0       0    (-,-) 
  shift_reg_reg[4][1]/Q  -       CK->Q  F     DFFQX4LVT       3  9.9    51   165     165    (-,-) 
  g5452__2398/Y          -       A->Y   R     NOR2X6          2  6.4    74    79     244    (-,-) 
  g5413__1705/Y          -       B0->Y  F     AOI21X4LVT      1  3.5    62    45     289    (-,-) 
  g5355__3680/CO         -       CI->CO F     ADDFX1LVT       1  3.5    73   146     435    (-,-) 
  g5337__6260/CO         -       CI->CO F     ADDFX1LVT       1  3.5    73   150     585    (-,-) 
  g5316__9315/S          -       CI->S  R     ADDFX1LVT       1  3.2    65   218     803    (-,-) 
  prod_reg_reg[5][8]/D   -       -      R     DFFHQX4LVT      1    -     -     0     803    (-,-) 
#-------------------------------------------------------------------------------------------------



Path 49: MET (316 ps) Setup Check with Pin prod_reg_reg[3][9]/CK->D
          Group: clock
     Startpoint: (R) prod_reg_reg[2][3]/CK
          Clock: (R) clock
       Endpoint: (R) prod_reg_reg[3][9]/D
          Clock: (R) clock

                     Capture       Launch     
        Clock Edge:+    1200            0     
       Src Latency:+       0            0     
       Net Latency:+       0 (I)        0 (I) 
           Arrival:=    1200            0     
                                              
             Setup:-      83                  
     Required Time:=    1117                  
      Launch Clock:-       0                  
         Data Path:-     802                  
             Slack:=     316                  

#------------------------------------------------------------------------------------------------
#     Timing Point      Flags   Arc   Edge    Cell      Fanout Load Trans Delay Arrival Instance 
#                                                              (fF)  (ps)  (ps)   (ps)  Location 
#------------------------------------------------------------------------------------------------
  prod_reg_reg[2][3]/CK -       -     R     (arrival)      149    -     0     0       0    (-,-) 
  prod_reg_reg[2][3]/Q  -       CK->Q F     DFFX4LVT         2  6.5    38   163     163    (-,-) 
  fopt7057/Y            -       A->Y  F     BUFX12LVT        3  9.8    29    65     228    (-,-) 
  g5489__7482/Y         -       B->Y  R     NOR2X2           2  6.4   167   115     343    (-,-) 
  g5394__7410/Y         -       A0->Y F     OAI21X4LVT       2  7.0    99   135     478    (-,-) 
  g5377/Y               -       A->Y  R     CLKINVX6LVT      1  4.7    35    44     522    (-,-) 
  g5366__6131/Y         -       A1->Y F     OAI21X4LVT       1  3.8    75    56     578    (-,-) 
  g5335__2398/S         -       CI->S R     ADDFHX2LVT       1  3.2    51   224     802    (-,-) 
  prod_reg_reg[3][9]/D  -       -     R     DFFHQX4LVT       1    -     -     0     802    (-,-) 
#------------------------------------------------------------------------------------------------



Path 50: MET (324 ps) Setup Check with Pin prod_reg_reg[6][6]/CK->D
          Group: clock
     Startpoint: (R) shift_reg_reg[5][5]/CK
          Clock: (R) clock
       Endpoint: (F) prod_reg_reg[6][6]/D
          Clock: (R) clock

                     Capture       Launch     
        Clock Edge:+    1200            0     
       Src Latency:+       0            0     
       Net Latency:+       0 (I)        0 (I) 
           Arrival:=    1200            0     
                                              
             Setup:-     134                  
     Required Time:=    1066                  
      Launch Clock:-       0                  
         Data Path:-     742                  
             Slack:=     324                  

#---------------------------------------------------------------------------------------------------
#     Timing Point       Flags    Arc   Edge     Cell      Fanout Load Trans Delay Arrival Instance 
#                                                                 (fF)  (ps)  (ps)   (ps)  Location 
#---------------------------------------------------------------------------------------------------
  shift_reg_reg[5][5]/CK -       -      R     (arrival)       149    -     0     0       0    (-,-) 
  shift_reg_reg[5][5]/QN -       CK->QN F     DFFX1LVT          3  7.1   121   196     196    (-,-) 
  g5430__7482/Y          -       B->Y   F     CLKAND2X2LVT      2  6.2    61   121     317    (-,-) 
  g5409__6783/Y          -       AN->Y  F     NAND2BX1LVT       1  3.2   130   122     439    (-,-) 
  g5646__5115/Y          -       B->Y   F     XOR2XLHVT         1  3.2   290   302     742    (-,-) 
  prod_reg_reg[6][6]/D   -       -      F     DFFHQX4LVT        1    -     -     0     742    (-,-) 
#---------------------------------------------------------------------------------------------------

