============================================================
  Generated by:           Genus(TM) Synthesis Solution 23.10-p004_1
  Generated on:           Oct 08 2026  09:47:52 pm
  Module:                 fir_serial_pipe
  Operating conditions:   PVT_0P9V_125C 
  Interconnect mode:      global
  Area mode:              physical library
============================================================


Path 1: VIOLATED (-183 ps) Setup Check with Pin data_out_reg_reg[14]/CK->D
          Group: clock
     Startpoint: (R) prod_reg_reg[0][9]/CK
          Clock: (R) clock
       Endpoint: (R) data_out_reg_reg[14]/D
          Clock: (R) clock

                     Capture       Launch     
        Clock Edge:+    1200            0     
       Src Latency:+       0            0     
       Net Latency:+       0 (I)        0 (I) 
           Arrival:=    1200            0     
                                              
             Setup:-      80                  
     Required Time:=    1120                  
      Launch Clock:-       0                  
         Data Path:-    1303                  
             Slack:=    -183                  

#------------------------------------------------------------------------------------------------------------------------------
#                    Timing Point                     Flags   Arc   Edge    Cell      Fanout Load Trans Delay Arrival Instance 
#                                                                                            (fF)  (ps)  (ps)   (ps)  Location 
#------------------------------------------------------------------------------------------------------------------------------
  prod_reg_reg[0][9]/CK                               -       -     R     (arrival)      149    -     0     0       0    (-,-) 
  prod_reg_reg[0][9]/Q                                -       CK->Q F     DFFHQX4LVT       1  4.1    27   149     149    (-,-) 
  csa_tree_ADD_TC_OP_12_groupi_cdnfadd_009_0__7616/S  -       B->S  R     ADDFHX1LVT       1  4.2    75   193     342    (-,-) 
  csa_tree_ADD_TC_OP_12_groupi_cdnfadd_009_3__7173/CO -       B->CO R     ADDFHX2LVT       3  8.7    86   178     520    (-,-) 
  g7796/Y                                             -       C->Y  F     XOR3X1LVT        2  5.8   132   175     695    (-,-) 
  g7795/Y                                             -       A->Y  F     BUFX6LVT         1  6.0    30    93     788    (-,-) 
  g49/Y                                               -       B->Y  R     NAND2X8LVT       2  8.4    39    27     815    (-,-) 
  g7389/Y                                             -       B->Y  F     NAND2X8LVT       1  6.1    52    47     862    (-,-) 
  g7624/Y                                             -       A->Y  R     NOR3X8LVT        4 14.1   106   102     964    (-,-) 
  g7368/Y                                             -       B->Y  F     NOR2X6LVT        1  6.0    46    56    1020    (-,-) 
  g15/Y                                               -       B->Y  R     NOR2X8LVT        1  6.5    44    41    1061    (-,-) 
  g7834/Y                                             -       A->Y  F     CLKINVX8LVT      1  6.0    27    30    1091    (-,-) 
  g7833/Y                                             -       A->Y  R     NOR2X8LVT        2 10.7    56    52    1143    (-,-) 
  g7832/Y                                             -       B->Y  F     NOR2X8LVT        2  9.8    39    40    1183    (-,-) 
  g46/Y                                               -       B->Y  R     NOR2X8LVT        1  6.5    43    39    1222    (-,-) 
  g7360/Y                                             -       A->Y  F     NAND2X8LVT       1  4.5    46    50    1272    (-,-) 
  g7356/Y                                             -       B0->Y R     OAI21X4LVT       1  3.2    49    31    1303    (-,-) 
  data_out_reg_reg[14]/D                              -       -     R     DFFHQX1LVT       1    -     -     0    1303    (-,-) 
#------------------------------------------------------------------------------------------------------------------------------



Path 2: VIOLATED (-182 ps) Setup Check with Pin data_out_reg_reg[12]/CK->D
          Group: clock
     Startpoint: (R) prod_reg_reg[4][7]/CK
          Clock: (R) clock
       Endpoint: (R) data_out_reg_reg[12]/D
          Clock: (R) clock

                     Capture       Launch     
        Clock Edge:+    1200            0     
       Src Latency:+       0            0     
       Net Latency:+       0 (I)        0 (I) 
           Arrival:=    1200            0     
                                              
             Setup:-      99                  
     Required Time:=    1101                  
      Launch Clock:-       0                  
         Data Path:-    1282                  
             Slack:=    -182                  

#-------------------------------------------------------------------------------------------------------------------------------
#                   Timing Point                     Flags    Arc   Edge     Cell      Fanout Load Trans Delay Arrival Instance 
#                                                                                             (fF)  (ps)  (ps)   (ps)  Location 
#-------------------------------------------------------------------------------------------------------------------------------
  prod_reg_reg[4][7]/CK                              -       -      R     (arrival)       149    -     0     0       0    (-,-) 
  prod_reg_reg[4][7]/Q                               -       CK->Q  F     DFFHQX4LVT        3  9.1    48   160     160    (-,-) 
  g7393/S                                            -       CI->S  R     ADDFHX1LVT        1  3.8    69   194     354    (-,-) 
  g7603/CO                                           -       CI->CO R     ADDFHX2LVT        2  6.0    67   156     510    (-,-) 
  g7416/Y                                            -       C->Y   F     XNOR3X1LVT        1  3.8    91   146     656    (-,-) 
  csa_tree_ADD_TC_OP_12_groupi_cdnfadd_008_5__8023/S -       CI->S  R     ADDFHX2LVT        2  8.2    86   249     906    (-,-) 
  g8025/Y                                            -       B->Y   F     NOR2X6LVT         2  8.7    49    53     958    (-,-) 
  csa_tree_ADD_TC_OP_12_groupi_g6949__8024/Y         -       A->Y   R     NOR2X8LVT         3 16.5    80    71    1029    (-,-) 
  g7837/Y                                            -       A->Y   F     CLKINVX16LVT      5 19.7    44    45    1075    (-,-) 
  csa_tree_ADD_TC_OP_12_groupi_g6916__7840/Y         -       B->Y   R     NOR2X8LVT         1  5.6    41    39    1113    (-,-) 
  g28/Y                                              -       A->Y   F     CLKINVX6LVT       1  6.0    30    31    1145    (-,-) 
  g7920/Y                                            -       A->Y   R     NOR2X8LVT         3 13.0    65    58    1202    (-,-) 
  g7889/Y                                            -       B->Y   F     NOR2X6LVT         1  4.5    33    39    1241    (-,-) 
  g7886/Y                                            -       B1->Y  R     OAI32X4LVT        1  3.2   101    41    1282    (-,-) 
  data_out_reg_reg[12]/D                             -       -      R     DFFHQX1LVT        1    -     -     0    1282    (-,-) 
#-------------------------------------------------------------------------------------------------------------------------------



Path 3: VIOLATED (-181 ps) Setup Check with Pin data_out_reg_reg[13]/CK->D
          Group: clock
     Startpoint: (R) prod_reg_reg[4][8]/CK
          Clock: (R) clock
       Endpoint: (R) data_out_reg_reg[13]/D
          Clock: (R) clock

                     Capture       Launch     
        Clock Edge:+    1200            0     
       Src Latency:+       0            0     
       Net Latency:+       0 (I)        0 (I) 
           Arrival:=    1200            0     
                                              
             Setup:-      86                  
     Required Time:=    1114                  
      Launch Clock:-       0                  
         Data Path:-    1295                  
             Slack:=    -181                  

#-------------------------------------------------------------------------------------------------------------------------------
#                    Timing Point                     Flags    Arc   Edge    Cell      Fanout Load Trans Delay Arrival Instance 
#                                                                                             (fF)  (ps)  (ps)   (ps)  Location 
#-------------------------------------------------------------------------------------------------------------------------------
  prod_reg_reg[4][8]/CK                               -       -      R     (arrival)      149    -     0     0       0    (-,-) 
  prod_reg_reg[4][8]/Q                                -       CK->Q  R     DFFHQX4LVT       3  9.0    42   143     143    (-,-) 
  g7351/S                                             -       A->S   F     ADDFHX1LVT       1  3.8    75   202     345    (-,-) 
  csa_tree_ADD_TC_OP_12_groupi_cdnfadd_008_3__4319/CO -       CI->CO F     ADDFHX2LVT       1  3.8    55   143     488    (-,-) 
  csa_tree_ADD_TC_OP_12_groupi_cdnfadd_009_4__1705/S  -       CI->S  R     ADDFHX2LVT       3  7.6    82   234     722    (-,-) 
  g7896/Y                                             -       C->Y   F     XNOR3X1LVT       1  3.7    89   150     872    (-,-) 
  g7241/Y                                             -       B->Y   F     AND2X6LVT        4 13.8    51    94     966    (-,-) 
  fopt87/Y                                            -       A->Y   R     CLKINVX8LVT      3 12.5    37    36    1001    (-,-) 
  fopt7240/Y                                          -       A->Y   F     CLKINVX8LVT      1  6.0    25    27    1029    (-,-) 
  g296/Y                                              -       A->Y   R     NOR2X8LVT        1  6.5    43    43    1072    (-,-) 
  g7253/Y                                             -       B->Y   F     NAND2X8LVT       1  6.0    52    48    1120    (-,-) 
  g17/Y                                               -       B->Y   R     NAND2X8LVT       1  6.5    30    32    1152    (-,-) 
  g16/Y                                               -       B->Y   F     NAND2X8LVT       1  6.0    50    44    1196    (-,-) 
  g7898/Y                                             -       B->Y   R     NAND2X8LVT       2  8.9    36    34    1230    (-,-) 
  g290/Y                                              -       A->Y   F     CLKINVX6LVT      1  4.5    24    27    1257    (-,-) 
  g289/Y                                              -       B1->Y  R     OAI22X4LVT       1  3.2    65    38    1295    (-,-) 
  data_out_reg_reg[13]/D                              -       -      R     DFFHQX1LVT       1    -     -     0    1295    (-,-) 
#-------------------------------------------------------------------------------------------------------------------------------



Path 4: VIOLATED (-177 ps) Setup Check with Pin data_out_reg_reg[11]/CK->D
          Group: clock
     Startpoint: (R) prod_reg_reg[0][9]/CK
          Clock: (R) clock
       Endpoint: (R) data_out_reg_reg[11]/D
          Clock: (R) clock

                     Capture       Launch     
        Clock Edge:+    1200            0     
       Src Latency:+       0            0     
       Net Latency:+       0 (I)        0 (I) 
           Arrival:=    1200            0     
                                              
             Setup:-      85                  
     Required Time:=    1115                  
      Launch Clock:-       0                  
         Data Path:-    1292                  
             Slack:=    -177                  

#------------------------------------------------------------------------------------------------------------------------------
#                    Timing Point                     Flags   Arc   Edge    Cell      Fanout Load Trans Delay Arrival Instance 
#                                                                                            (fF)  (ps)  (ps)   (ps)  Location 
#------------------------------------------------------------------------------------------------------------------------------
  prod_reg_reg[0][9]/CK                               -       -     R     (arrival)      149    -     0     0       0    (-,-) 
  prod_reg_reg[0][9]/Q                                -       CK->Q F     DFFHQX4LVT       1  4.1    27   149     149    (-,-) 
  csa_tree_ADD_TC_OP_12_groupi_cdnfadd_009_0__7616/S  -       B->S  R     ADDFHX1LVT       1  4.2    75   193     342    (-,-) 
  csa_tree_ADD_TC_OP_12_groupi_cdnfadd_009_3__7173/CO -       B->CO R     ADDFHX2LVT       3  8.7    86   178     520    (-,-) 
  g7796/Y                                             -       C->Y  F     XOR3X1LVT        2  5.8   132   175     695    (-,-) 
  g7409/Y                                             -       C->Y  F     XOR3X1LVT        1  4.5   105   163     858    (-,-) 
  g7318/Y                                             -       A->Y  R     CLKINVX4LVT      2 10.7    62    65     922    (-,-) 
  g7122/Y                                             -       B->Y  F     NOR2X8LVT        3  9.9    45    42     964    (-,-) 
  fopt8101/Y                                          -       A->Y  F     BUFX6LVT         2  9.9    39    68    1032    (-,-) 
  fopt/Y                                              -       A->Y  R     CLKINVX6LVT      2  8.0    30    30    1062    (-,-) 
  csa_tree_ADD_TC_OP_12_groupi_g6914__1617/Y          -       A->Y  F     NAND2X4LVT       1  4.5    68    56    1118    (-,-) 
  g7564/Y                                             -       B0->Y R     AOI21X4LVT       1  6.5    73    69    1187    (-,-) 
  g7649/Y                                             -       A->Y  F     NOR2X8LVT        2  8.4    43    50    1236    (-,-) 
  g7626/Y                                             -       A1->Y R     OAI22X4LVT       1  3.2    64    56    1292    (-,-) 
  data_out_reg_reg[11]/D                              -       -     R     DFFHQX1LVT       1    -     -     0    1292    (-,-) 
#------------------------------------------------------------------------------------------------------------------------------



Path 5: VIOLATED (-174 ps) Setup Check with Pin data_out_reg_reg[15]/CK->D
          Group: clock
     Startpoint: (R) prod_reg_reg[0][9]/CK
          Clock: (R) clock
       Endpoint: (R) data_out_reg_reg[15]/D
          Clock: (R) clock

                     Capture       Launch     
        Clock Edge:+    1200            0     
       Src Latency:+       0            0     
       Net Latency:+       0 (I)        0 (I) 
           Arrival:=    1200            0     
                                              
             Setup:-      73                  
     Required Time:=    1127                  
      Launch Clock:-       0                  
         Data Path:-    1301                  
             Slack:=    -174                  

#------------------------------------------------------------------------------------------------------------------------------
#                    Timing Point                     Flags   Arc   Edge    Cell      Fanout Load Trans Delay Arrival Instance 
#                                                                                            (fF)  (ps)  (ps)   (ps)  Location 
#------------------------------------------------------------------------------------------------------------------------------
  prod_reg_reg[0][9]/CK                               -       -     R     (arrival)      149    -     0     0       0    (-,-) 
  prod_reg_reg[0][9]/Q                                -       CK->Q F     DFFHQX4LVT       1  4.1    27   149     149    (-,-) 
  csa_tree_ADD_TC_OP_12_groupi_cdnfadd_009_0__7616/S  -       B->S  R     ADDFHX1LVT       1  4.2    75   193     342    (-,-) 
  csa_tree_ADD_TC_OP_12_groupi_cdnfadd_009_3__7173/CO -       B->CO R     ADDFHX2LVT       3  8.7    86   178     520    (-,-) 
  g7796/Y                                             -       C->Y  F     XOR3X1LVT        2  5.8   132   175     695    (-,-) 
  g7795/Y                                             -       A->Y  F     BUFX6LVT         1  6.0    30    93     788    (-,-) 
  g49/Y                                               -       B->Y  R     NAND2X8LVT       2  8.4    39    27     815    (-,-) 
  g7389/Y                                             -       B->Y  F     NAND2X8LVT       1  6.1    52    47     862    (-,-) 
  g7624/Y                                             -       A->Y  R     NOR3X8LVT        4 14.1   106   102     964    (-,-) 
  g7368/Y                                             -       B->Y  F     NOR2X6LVT        1  6.0    46    56    1020    (-,-) 
  g15/Y                                               -       B->Y  R     NOR2X8LVT        1  6.5    44    41    1061    (-,-) 
  g7834/Y                                             -       A->Y  F     CLKINVX8LVT      1  6.0    27    30    1091    (-,-) 
  g7833/Y                                             -       A->Y  R     NOR2X8LVT        2 10.7    56    52    1143    (-,-) 
  fopt7884/Y                                          -       A->Y  F     CLKINVX6LVT      3 12.2    50    46    1189    (-,-) 
  g56/Y                                               -       B->Y  R     NOR2X6LVT        1  5.6    48    44    1234    (-,-) 
  g7226/Y                                             -       B->Y  F     NOR2X6LVT        1  6.0    38    35    1269    (-,-) 
  g52/Y                                               -       B->Y  R     NOR2X8LVT        1  3.2    31    32    1301    (-,-) 
  data_out_reg_reg[15]/D                              -       -     R     DFFHQX1LVT       1    -     -     0    1301    (-,-) 
#------------------------------------------------------------------------------------------------------------------------------



Path 6: VIOLATED (-169 ps) Setup Check with Pin data_out_reg_reg[10]/CK->D
          Group: clock
     Startpoint: (R) prod_reg_reg[4][7]/CK
          Clock: (R) clock
       Endpoint: (R) data_out_reg_reg[10]/D
          Clock: (R) clock

                     Capture       Launch     
        Clock Edge:+    1200            0     
       Src Latency:+       0            0     
       Net Latency:+       0 (I)        0 (I) 
           Arrival:=    1200            0     
                                              
             Setup:-      85                  
     Required Time:=    1115                  
      Launch Clock:-       0                  
         Data Path:-    1284                  
             Slack:=    -169                  

#-----------------------------------------------------------------------------------------------------------------------
#               Timing Point                 Flags    Arc   Edge     Cell      Fanout Load Trans Delay Arrival Instance 
#                                                                                     (fF)  (ps)  (ps)   (ps)  Location 
#-----------------------------------------------------------------------------------------------------------------------
  prod_reg_reg[4][7]/CK                      -       -      R     (arrival)       149    -     0     0       0    (-,-) 
  prod_reg_reg[4][7]/Q                       -       CK->Q  F     DFFHQX4LVT        3  9.1    48   160     160    (-,-) 
  g7393/S                                    -       CI->S  R     ADDFHX1LVT        1  3.8    69   194     354    (-,-) 
  g7603/CO                                   -       CI->CO R     ADDFHX2LVT        2  6.0    67   156     510    (-,-) 
  g7772/Y                                    -       B0->Y  F     OAI2BB1X2LVT      1  6.1   125   109     619    (-,-) 
  g7771/Y                                    -       A->Y   R     NAND2X8LVT        4  9.8    50    61     680    (-,-) 
  g7896/Y                                    -       B->Y   R     XNOR3X1LVT        1  3.8    69   182     863    (-,-) 
  g7241/Y                                    -       B->Y   R     AND2X6LVT         4 14.8    56   119     982    (-,-) 
  csa_tree_ADD_TC_OP_12_groupi_g6949__8024/Y -       B->Y   F     NOR2X8LVT         3 15.3    57    46    1028    (-,-) 
  csa_tree_ADD_TC_OP_12_groupi_g6912__6783/Y -       B->Y   R     NAND2X4LVT        1  4.7    36    38    1065    (-,-) 
  g7744/Y                                    -       B0->Y  F     OAI2BB1X4LVT      2  6.8    82    73    1138    (-,-) 
  g7740/Y                                    -       B->Y   F     OR2X6LVT          1  4.5    33   105    1243    (-,-) 
  g7427/Y                                    -       B1->Y  R     OAI22X4LVT        1  3.2    63    41    1284    (-,-) 
  data_out_reg_reg[10]/D                     -       -      R     DFFHQX1LVT        1    -     -     0    1284    (-,-) 
#-----------------------------------------------------------------------------------------------------------------------



Path 7: VIOLATED (-163 ps) Setup Check with Pin data_out_reg_reg[9]/CK->D
          Group: clock
     Startpoint: (R) prod_reg_reg[4][5]/CK
          Clock: (R) clock
       Endpoint: (F) data_out_reg_reg[9]/D
          Clock: (R) clock

                     Capture       Launch     
        Clock Edge:+    1200            0     
       Src Latency:+       0            0     
       Net Latency:+       0 (I)        0 (I) 
           Arrival:=    1200            0     
                                              
             Setup:-      49                  
     Required Time:=    1151                  
      Launch Clock:-       0                  
         Data Path:-    1313                  
             Slack:=    -163                  

#------------------------------------------------------------------------------------------------------------------------------
#                    Timing Point                     Flags    Arc   Edge    Cell     Fanout Load Trans Delay Arrival Instance 
#                                                                                            (fF)  (ps)  (ps)   (ps)  Location 
#------------------------------------------------------------------------------------------------------------------------------
  prod_reg_reg[4][5]/CK                               -       -      R     (arrival)     149    -     0     0       0    (-,-) 
  prod_reg_reg[4][5]/Q                                -       CK->Q  F     DFFHQX4LVT      1  4.1    27   149     149    (-,-) 
  csa_tree_ADD_TC_OP_12_groupi_cdnfadd_005_0__7957/S  -       B->S   R     ADDFHX1LVT      1  3.8    69   190     339    (-,-) 
  csa_tree_ADD_TC_OP_12_groupi_cdnfadd_005_3__7958/CO -       CI->CO R     ADDFHX2LVT      1  4.2    54   149     488    (-,-) 
  csa_tree_ADD_TC_OP_12_groupi_cdnfadd_006_4__7604/CO -       B->CO  R     ADDFHX2LVT      5 13.3   118   188     676    (-,-) 
  g7610/Y                                             -       A->Y   F     NOR2X4LVT       2  7.6    63    78     754    (-,-) 
  g102/Y                                              -       A->Y   R     NOR2X4LVT       1  5.6    58    64     818    (-,-) 
  g7204/Y                                             -       B->Y   F     NOR2X6LVT       1  4.5    31    37     854    (-,-) 
  g7203/Y                                             -       A->Y   R     NOR2X4LVT       1  6.5    66    57     911    (-,-) 
  g7288/Y                                             -       B->Y   F     NOR2X8LVT       3 11.8    48    46     957    (-,-) 
  fopt7589/Y                                          -       A->Y   F     BUFX12LVT       4 13.9    35    72    1028    (-,-) 
  csa_tree_ADD_TC_OP_12_groupi_g7292/Y                -       A->Y   R     INVX3LVT        1  6.5    41    37    1065    (-,-) 
  csa_tree_ADD_TC_OP_12_groupi_g6934__7894/Y          -       A->Y   F     NAND2X8LVT      1  6.0    50    53    1118    (-,-) 
  g7893/Y                                             -       C->Y   R     NOR3X8LVT       2  8.0    76    61    1179    (-,-) 
  g7895/Y                                             -       B->Y   F     NOR2X4LVT       1  6.0    46    51    1231    (-,-) 
  g43/Y                                               -       B->Y   R     NAND2X8LVT      1  4.7    26    29    1259    (-,-) 
  g7242/Y                                             -       B0->Y  F     OAI21X4LVT      1  3.2    58    54    1313    (-,-) 
  data_out_reg_reg[9]/D                               -       -      F     DFFHQX1LVT      1    -     -     0    1313    (-,-) 
#------------------------------------------------------------------------------------------------------------------------------



Path 8: VIOLATED (-110 ps) Setup Check with Pin data_out_reg_reg[8]/CK->D
          Group: clock
     Startpoint: (R) prod_reg_reg[3][4]/CK
          Clock: (R) clock
       Endpoint: (R) data_out_reg_reg[8]/D
          Clock: (R) clock

                     Capture       Launch     
        Clock Edge:+    1200            0     
       Src Latency:+       0            0     
       Net Latency:+       0 (I)        0 (I) 
           Arrival:=    1200            0     
                                              
             Setup:-      84                  
     Required Time:=    1116                  
      Launch Clock:-       0                  
         Data Path:-    1225                  
             Slack:=    -110                  

#-----------------------------------------------------------------------------------------------------------------------
#               Timing Point                 Flags    Arc   Edge     Cell      Fanout Load Trans Delay Arrival Instance 
#                                                                                     (fF)  (ps)  (ps)   (ps)  Location 
#-----------------------------------------------------------------------------------------------------------------------
  prod_reg_reg[3][4]/CK                      -       -      R     (arrival)       149    -     0     0       0    (-,-) 
  prod_reg_reg[3][4]/QN                      -       CK->QN F     DFFX4LVT          1  6.0    37   188     188    (-,-) 
  g7334/Y                                    -       A->Y   R     NOR2X8LVT         2  8.9    51    51     239    (-,-) 
  g7670/Y                                    -       A->Y   F     NOR2X6LVT         3 10.6    50    49     288    (-,-) 
  g355/Y                                     -       B->Y   R     NOR2X6LVT         1  4.7    44    42     330    (-,-) 
  g349/Y                                     -       A1->Y  F     OAI21X4LVT        1  3.8    64    60     390    (-,-) 
  g7398/S                                    -       CI->S  R     ADDFHX1LVT        2  6.0   101   216     607    (-,-) 
  g136/Y                                     -       C->Y   F     XNOR3X1LVT        1  5.3   122   174     780    (-,-) 
  g7403/Y                                    -       A->Y   R     CLKINVX6LVT       3 10.8    54    59     840    (-,-) 
  g160/Y                                     -       A1->Y  F     AOI21X4LVT        1  5.3    78    76     915    (-,-) 
  g170/Y                                     -       B->Y   R     NOR2X6LVT         1  6.5    57    56     972    (-,-) 
  g169/Y                                     -       B->Y   F     NOR2X8LVT         2 10.7    48    41    1013    (-,-) 
  csa_tree_ADD_TC_OP_12_groupi_g7107/Y       -       A->Y   R     CLKINVX12LVT      4 14.6    32    34    1046    (-,-) 
  g7167/Y                                    -       B->Y   F     NAND2X6LVT        1  6.0    60    49    1096    (-,-) 
  g7165/Y                                    -       B->Y   R     NAND2X8LVT        3 11.6    40    40    1136    (-,-) 
  csa_tree_ADD_TC_OP_12_groupi_g6875__1705/Y -       A1N->Y R     OAI2BB2X4LVT      1  3.2    62    90    1225    (-,-) 
  data_out_reg_reg[8]/D                      -       -      R     DFFHQX1LVT        1    -     -     0    1225    (-,-) 
#-----------------------------------------------------------------------------------------------------------------------



Path 9: VIOLATED (-96 ps) Setup Check with Pin data_out_reg_reg[7]/CK->D
          Group: clock
     Startpoint: (R) prod_reg_reg[3][4]/CK
          Clock: (R) clock
       Endpoint: (R) data_out_reg_reg[7]/D
          Clock: (R) clock

                     Capture       Launch     
        Clock Edge:+    1200            0     
       Src Latency:+       0            0     
       Net Latency:+       0 (I)        0 (I) 
           Arrival:=    1200            0     
                                              
             Setup:-      83                  
     Required Time:=    1117                  
      Launch Clock:-       0                  
         Data Path:-    1214                  
             Slack:=     -96                  

#-----------------------------------------------------------------------------------------------------------------------
#               Timing Point                 Flags    Arc   Edge     Cell      Fanout Load Trans Delay Arrival Instance 
#                                                                                     (fF)  (ps)  (ps)   (ps)  Location 
#-----------------------------------------------------------------------------------------------------------------------
  prod_reg_reg[3][4]/CK                      -       -      R     (arrival)       149    -     0     0       0    (-,-) 
  prod_reg_reg[3][4]/QN                      -       CK->QN F     DFFX4LVT          1  6.0    37   188     188    (-,-) 
  g7334/Y                                    -       A->Y   R     NOR2X8LVT         2  8.9    51    51     239    (-,-) 
  g7670/Y                                    -       A->Y   F     NOR2X6LVT         3 10.6    50    49     288    (-,-) 
  g355/Y                                     -       B->Y   R     NOR2X6LVT         1  4.7    44    42     330    (-,-) 
  g349/Y                                     -       A1->Y  F     OAI21X4LVT        1  3.8    64    60     390    (-,-) 
  g7398/S                                    -       CI->S  R     ADDFHX1LVT        2  6.0   101   216     607    (-,-) 
  g136/Y                                     -       C->Y   F     XNOR3X1LVT        1  5.3   122   174     780    (-,-) 
  g7403/Y                                    -       A->Y   R     CLKINVX6LVT       3 10.8    54    59     840    (-,-) 
  g160/Y                                     -       A1->Y  F     AOI21X4LVT        1  5.3    78    76     915    (-,-) 
  g170/Y                                     -       B->Y   R     NOR2X6LVT         1  6.5    57    56     972    (-,-) 
  g169/Y                                     -       B->Y   F     NOR2X8LVT         2 10.7    48    41    1013    (-,-) 
  csa_tree_ADD_TC_OP_12_groupi_g6888__4733/Y -       A1->Y  R     OAI21X4LVT        3  7.8    82    70    1083    (-,-) 
  csa_tree_ADD_TC_OP_12_groupi_g6876__5122/Y -       B->Y   R     CLKXOR2X1LVT      1  3.2    57   131    1214    (-,-) 
  data_out_reg_reg[7]/D                      -       -      R     DFFHQX1LVT        1    -     -     0    1214    (-,-) 
#-----------------------------------------------------------------------------------------------------------------------



Path 10: VIOLATED (-96 ps) Setup Check with Pin data_out_reg_reg[6]/CK->D
          Group: clock
     Startpoint: (R) prod_reg_reg[0][5]/CK
          Clock: (R) clock
       Endpoint: (R) data_out_reg_reg[6]/D
          Clock: (R) clock

                     Capture       Launch     
        Clock Edge:+    1200            0     
       Src Latency:+       0            0     
       Net Latency:+       0 (I)        0 (I) 
           Arrival:=    1200            0     
                                              
             Setup:-      83                  
     Required Time:=    1117                  
      Launch Clock:-       0                  
         Data Path:-    1213                  
             Slack:=     -96                  

#--------------------------------------------------------------------------------------------------------------------------------
#                    Timing Point                     Flags    Arc   Edge     Cell      Fanout Load Trans Delay Arrival Instance 
#                                                                                              (fF)  (ps)  (ps)   (ps)  Location 
#--------------------------------------------------------------------------------------------------------------------------------
  prod_reg_reg[0][5]/CK                               -       -      R     (arrival)       149    -     0     0       0    (-,-) 
  prod_reg_reg[0][5]/Q                                -       CK->Q  R     DFFHQX4LVT        1  4.3    26   134     134    (-,-) 
  csa_tree_ADD_TC_OP_12_groupi_cdnfadd_005_0__7957/S  -       A->S   F     ADDFHX1LVT        1  3.8    75   195     329    (-,-) 
  csa_tree_ADD_TC_OP_12_groupi_cdnfadd_005_3__7958/CO -       CI->CO F     ADDFHX2LVT        1  4.1    57   145     474    (-,-) 
  csa_tree_ADD_TC_OP_12_groupi_cdnfadd_006_4__7604/S  -       B->S   R     ADDFHX2LVT        2  6.6    75   234     708    (-,-) 
  g7223/Y                                             -       A->Y   F     CLKINVX4LVT       2  6.6    47    51     759    (-,-) 
  g166/Y                                              -       A->Y   F     CLKAND2X3LVT      1  6.0    43    85     844    (-,-) 
  g92/Y                                               -       B->Y   R     NOR2X8LVT         2  8.2    50    44     888    (-,-) 
  g88/Y                                               -       B->Y   R     CLKAND2X6LVT      3 11.2    40    77     965    (-,-) 
  csa_tree_ADD_TC_OP_12_groupi_g7890/Y                -       A->Y   R     BUFX6LVT          2  8.9    32    64    1029    (-,-) 
  csa_tree_ADD_TC_OP_12_groupi_g7045__6260/Y          -       B->Y   F     NOR2BX2LVT        1  3.1    40    36    1065    (-,-) 
  g2/Y                                                -       A->Y   R     XNOR2X1LVT        1  3.2    57   148    1213    (-,-) 
  data_out_reg_reg[6]/D                               -       -      R     DFFHQX1LVT        1    -     -     0    1213    (-,-) 
#--------------------------------------------------------------------------------------------------------------------------------



Path 11: VIOLATED (-2 ps) Setup Check with Pin data_out_reg_reg[5]/CK->D
          Group: clock
     Startpoint: (R) prod_reg_reg[1][3]/CK
          Clock: (R) clock
       Endpoint: (R) data_out_reg_reg[5]/D
          Clock: (R) clock

                     Capture       Launch     
        Clock Edge:+    1200            0     
       Src Latency:+       0            0     
       Net Latency:+       0 (I)        0 (I) 
           Arrival:=    1200            0     
                                              
             Setup:-      83                  
     Required Time:=    1117                  
      Launch Clock:-       0                  
         Data Path:-    1119                  
             Slack:=      -2                  

#--------------------------------------------------------------------------------------------------
#     Timing Point      Flags    Arc   Edge     Cell      Fanout Load Trans Delay Arrival Instance 
#                                                                (fF)  (ps)  (ps)   (ps)  Location 
#--------------------------------------------------------------------------------------------------
  prod_reg_reg[1][3]/CK -       -      R     (arrival)       149    -     0     0       0    (-,-) 
  prod_reg_reg[1][3]/Q  -       CK->Q  F     DFFHQX8LVT        9 21.6    59   185     185    (-,-) 
  g2142/Y               -       A->Y   R     NOR2X2LVT         1  3.8    76    73     258    (-,-) 
  g2134/Y               -       C0->Y  F     AOI211X2LVT       1  3.3   100    57     316    (-,-) 
  g2133/Y               -       B0->Y  F     AO21X4LVT         4 10.4    67   151     467    (-,-) 
  g2115/Y               -       A1N->Y F     AOI2BB2X4LVT      1  3.5    79   116     583    (-,-) 
  g2110/Y               -       S0->Y  R     CLKMX2X3LVT       2  9.1    64   156     739    (-,-) 
  g205/Y                -       B->Y   F     NOR2X8LVT         2  7.7    46    40     779    (-,-) 
  g198/Y                -       A->Y   R     NOR2X8LVT         1  6.5    46    49     828    (-,-) 
  g40/Y                 -       B->Y   F     NOR2X8LVT         2  7.1    33    33     861    (-,-) 
  fopt7238/Y            -       A->Y   F     BUFX3LVT          2  6.4    44    68     929    (-,-) 
  g7971/Y               -       B->Y   R     NOR2X4LVT         1  4.7    53    48     977    (-,-) 
  g39/Y                 -       B->Y   F     NOR2X4LVT         1  3.3    32    36    1013    (-,-) 
  g7969/Y               -       B->Y   R     CLKXOR2X1LVT      1  3.2    57   106    1119    (-,-) 
  data_out_reg_reg[5]/D -       -      R     DFFHQX1LVT        1    -     -     0    1119    (-,-) 
#--------------------------------------------------------------------------------------------------



Path 12: MET (0 ps) Setup Check with Pin prod_reg_reg[4][12]/CK->D
          Group: clock
     Startpoint: (R) prod_reg_reg[3][3]/CK
          Clock: (R) clock
       Endpoint: (R) prod_reg_reg[4][12]/D
          Clock: (R) clock

                     Capture       Launch     
        Clock Edge:+    1200            0     
       Src Latency:+       0            0     
       Net Latency:+       0 (I)        0 (I) 
           Arrival:=    1200            0     
                                              
             Setup:-      86                  
     Required Time:=    1114                  
      Launch Clock:-       0                  
         Data Path:-    1114                  
             Slack:=       0                  

#--------------------------------------------------------------------------------------------------
#     Timing Point      Flags    Arc   Edge     Cell      Fanout Load Trans Delay Arrival Instance 
#                                                                (fF)  (ps)  (ps)   (ps)  Location 
#--------------------------------------------------------------------------------------------------
  prod_reg_reg[3][3]/CK -       -      R     (arrival)       149    -     0     0       0    (-,-) 
  prod_reg_reg[3][3]/Q  -       CK->Q  F     DFFHQX8LVT        8 21.6    59   185     185    (-,-) 
  g5549__5122/Y         -       A->Y   R     NOR2X6LVT         3  7.5    65    60     245    (-,-) 
  g5490__4733/Y         -       B->Y   R     CLKAND2X6LVT      3  8.5    34    79     323    (-,-) 
  g5412__2802/Y         -       A1->Y  F     OAI21X4LVT        2  6.2    89    68     391    (-,-) 
  g5383__9315/Y         -       A1->Y  R     OAI21X4LVT        2  6.4    78    79     470    (-,-) 
  g7929/Y               -       A->Y   F     CLKINVX4LVT       1  4.5    39    47     517    (-,-) 
  g7928/Y               -       A1->Y  R     OAI21X4LVT        1  3.8    55    50     568    (-,-) 
  g5324__1666/CO        -       CI->CO R     ADDFHX2LVT        1  3.8    51   142     709    (-,-) 
  g5307__5115/CO        -       CI->CO R     ADDFHX1LVT        1  3.8    68   139     848    (-,-) 
  g5286__3680/CO        -       CI->CO R     ADDFHX1LVT        1  3.4    63   143     991    (-,-) 
  g5281__8428/Y         -       B->Y   R     CLKXOR2X1LVT      1  3.1    56   123    1114    (-,-) 
  prod_reg_reg[4][12]/D -       -      R     DFFQX1LVT         1    -     -     0    1114    (-,-) 
#--------------------------------------------------------------------------------------------------



Path 13: MET (0 ps) Setup Check with Pin prod_reg_reg[3][12]/CK->D
          Group: clock
     Startpoint: (R) prod_reg_reg[2][2]/CK
          Clock: (R) clock
       Endpoint: (R) prod_reg_reg[3][12]/D
          Clock: (R) clock

                     Capture       Launch     
        Clock Edge:+    1200            0     
       Src Latency:+       0            0     
       Net Latency:+       0 (I)        0 (I) 
           Arrival:=    1200            0     
                                              
             Setup:-      86                  
     Required Time:=    1114                  
      Launch Clock:-       0                  
         Data Path:-    1114                  
             Slack:=       0                  

#--------------------------------------------------------------------------------------------------
#     Timing Point      Flags    Arc   Edge     Cell      Fanout Load Trans Delay Arrival Instance 
#                                                                (fF)  (ps)  (ps)   (ps)  Location 
#--------------------------------------------------------------------------------------------------
  prod_reg_reg[2][2]/CK -       -      R     (arrival)       149    -     0     0       0    (-,-) 
  prod_reg_reg[2][2]/Q  -       CK->Q  F     DFFHQX4LVT        2  6.4    36   154     154    (-,-) 
  fopt7794/Y            -       A->Y   F     BUFX6LVT          5 13.5    49    70     224    (-,-) 
  g5588__7098/Y         -       A->Y   R     NOR2X6LVT         3  7.3    54    56     280    (-,-) 
  g5509__1666/Y         -       B->Y   R     CLKAND2X6LVT      3  8.0    32    74     355    (-,-) 
  g5434__9945/Y         -       A1->Y  F     OAI21X4LVT        2  6.2    89    67     422    (-,-) 
  g5394__7410/Y         -       A1->Y  R     OAI21X4LVT        2  6.4    78    79     501    (-,-) 
  g7774/Y               -       B->Y   F     NAND2BX4LVT       1  3.5    60    65     566    (-,-) 
  g7773/Y               -       A->Y   F     CLKAND2X3LVT      2  6.4    46    92     657    (-,-) 
  g161/Y                -       A1->Y  R     OAI21X4LVT        1  3.8    72    53     710    (-,-) 
  g5315__6161/CO        -       CI->CO R     ADDFHX2LVT        1  3.8    51   148     858    (-,-) 
  g5293__2802/CO        -       CI->CO R     ADDFHX2LVT        1  3.4    48   139     997    (-,-) 
  g5285__6783/Y         -       B->Y   R     CLKXOR2X1LVT      1  3.1    56   117    1114    (-,-) 
  prod_reg_reg[3][12]/D -       -      R     DFFQX1LVT         1    -     -     0    1114    (-,-) 
#--------------------------------------------------------------------------------------------------



Path 14: MET (0 ps) Setup Check with Pin prod_reg_reg[7][9]/CK->D
          Group: clock
     Startpoint: (R) prod_reg_reg[6][3]/CK
          Clock: (R) clock
       Endpoint: (R) prod_reg_reg[7][9]/D
          Clock: (R) clock

                     Capture       Launch     
        Clock Edge:+    1200            0     
       Src Latency:+       0            0     
       Net Latency:+       0 (I)        0 (I) 
           Arrival:=    1200            0     
                                              
             Setup:-      76                  
     Required Time:=    1124                  
      Launch Clock:-       0                  
         Data Path:-    1123                  
             Slack:=       0                  

#--------------------------------------------------------------------------------------------------
#     Timing Point      Flags    Arc   Edge     Cell      Fanout Load Trans Delay Arrival Instance 
#                                                                (fF)  (ps)  (ps)   (ps)  Location 
#--------------------------------------------------------------------------------------------------
  prod_reg_reg[6][3]/CK -       -      R     (arrival)       149    -     0     0       0    (-,-) 
  prod_reg_reg[6][3]/Q  -       CK->Q  R     DFFX4LVT          4 11.9    54   160     160    (-,-) 
  g7307/Y               -       A->Y   R     BUFX2LVT          3  6.8    59    93     253    (-,-) 
  g5402__6260/Y         -       A->Y   R     CLKAND2X2LVT      2  6.4    57   102     355    (-,-) 
  g5345__8428/Y         -       A0->Y  F     OAI21X4LVT        2  6.2    84    87     442    (-,-) 
  g5333/Y               -       A->Y   R     CLKINVX4LVT       1  4.7    37    45     487    (-,-) 
  g5323__2346/Y         -       A1->Y  F     OAI21X4LVT        1  3.5    72    56     543    (-,-) 
  g5294__1705/CO        -       CI->CO F     ADDFX2LVT         1  3.8    58   156     700    (-,-) 
  g5278__4319/CO        -       CI->CO F     ADDFHX1LVT        1  3.7    75   139     838    (-,-) 
  g5276/Y               -       A->Y   R     INVX2LVT          1  3.8    44    52     891    (-,-) 
  g5267__2398/S         -       CI->S  F     ADDFHX1LVT        1  4.1    80   187    1078    (-,-) 
  g5266/Y               -       A->Y   R     INVX3LVT          1  3.2    34    45    1123    (-,-) 
  prod_reg_reg[7][9]/D  -       -      R     DFFHQX4LVT        1    -     -     0    1123    (-,-) 
#--------------------------------------------------------------------------------------------------



Path 15: MET (2 ps) Setup Check with Pin prod_reg_reg[0][9]/CK->D
          Group: clock
     Startpoint: (R) data_in_reg_reg[3]/CK
          Clock: (R) clock
       Endpoint: (R) prod_reg_reg[0][9]/D
          Clock: (R) clock

                     Capture       Launch     
        Clock Edge:+    1200            0     
       Src Latency:+       0            0     
       Net Latency:+       0 (I)        0 (I) 
           Arrival:=    1200            0     
                                              
             Setup:-      76                  
     Required Time:=    1124                  
      Launch Clock:-       0                  
         Data Path:-    1121                  
             Slack:=       2                  

#------------------------------------------------------------------------------------------------
#     Timing Point      Flags    Arc   Edge    Cell     Fanout Load Trans Delay Arrival Instance 
#                                                              (fF)  (ps)  (ps)   (ps)  Location 
#------------------------------------------------------------------------------------------------
  data_in_reg_reg[3]/CK -       -      R     (arrival)     149    -     0     0       0    (-,-) 
  data_in_reg_reg[3]/QN -       CK->QN R     DFFX4LVT        4 11.6    53   209     209    (-,-) 
  g5550__8246/Y         -       B->Y   F     NAND2X6LVT      3  8.0    73    63     272    (-,-) 
  g5470__1705/Y         -       A0->Y  R     AOI21X4LVT      2  6.4    72    79     351    (-,-) 
  g5411__1617/Y         -       A1->Y  F     OAI21X4LVT      2  5.8    84    81     432    (-,-) 
  g5386/Y               -       A->Y   R     INVX3LVT        1  4.7    42    50     482    (-,-) 
  g5376__7482/Y         -       A1->Y  F     OAI21X4LVT      1  3.8    75    59     541    (-,-) 
  g5342__4319/CO        -       CI->CO F     ADDFHX1LVT      1  3.5    71   143     685    (-,-) 
  g5320__9945/CO        -       CI->CO F     ADDFX1LVT       1  3.7    76   151     836    (-,-) 
  g5319/Y               -       A->Y   R     INVX2LVT        1  3.8    44    53     888    (-,-) 
  g5303__7098/S         -       CI->S  F     ADDFHX1LVT      1  4.1    80   188    1076    (-,-) 
  g5301/Y               -       A->Y   R     INVX3LVT        1  3.2    34    45    1121    (-,-) 
  prod_reg_reg[0][9]/D  -       -      R     DFFHQX4LVT      1    -     -     0    1121    (-,-) 
#------------------------------------------------------------------------------------------------



Path 16: MET (3 ps) Setup Check with Pin prod_reg_reg[1][10]/CK->D
          Group: clock
     Startpoint: (R) shift_reg_reg[0][3]/CK
          Clock: (R) clock
       Endpoint: (R) prod_reg_reg[1][10]/D
          Clock: (R) clock

                     Capture       Launch     
        Clock Edge:+    1200            0     
       Src Latency:+       0            0     
       Net Latency:+       0 (I)        0 (I) 
           Arrival:=    1200            0     
                                              
             Setup:-      89                  
     Required Time:=    1111                  
      Launch Clock:-       0                  
         Data Path:-    1108                  
             Slack:=       3                  

#---------------------------------------------------------------------------------------------------
#     Timing Point       Flags    Arc   Edge     Cell      Fanout Load Trans Delay Arrival Instance 
#                                                                 (fF)  (ps)  (ps)   (ps)  Location 
#---------------------------------------------------------------------------------------------------
  shift_reg_reg[0][3]/CK -       -      R     (arrival)       149    -     0     0       0    (-,-) 
  shift_reg_reg[0][3]/QN -       CK->QN F     DFFX4LVT          3  9.9    53   197     197    (-,-) 
  g5524__6260/Y          -       B->Y   R     NAND2X8LVT        2  5.5    30    31     228    (-,-) 
  g5417__8246/CO         -       CI->CO R     ADDFHX1LVT        1  3.8    68   131     359    (-,-) 
  g5378__4733/CO         -       CI->CO R     ADDFHX2LVT        1  3.5    49   146     505    (-,-) 
  g5354__6783/CO         -       CI->CO R     ADDFX1LVT         1  3.5    67   148     653    (-,-) 
  g5334__5477/CO         -       CI->CO R     ADDFX1LVT         1  3.5    67   155     808    (-,-) 
  g5313__7482/CO         -       CI->CO R     ADDFX2LVT         2  5.8    71   175     982    (-,-) 
  g5306__1881/Y          -       B->Y   R     CLKXOR2X1LVT      1  3.1    56   126    1108    (-,-) 
  prod_reg_reg[1][10]/D  -       -      R     DFFX4LVT          1    -     -     0    1108    (-,-) 
#---------------------------------------------------------------------------------------------------



Path 17: MET (5 ps) Setup Check with Pin prod_reg_reg[2][10]/CK->D
          Group: clock
     Startpoint: (R) prod_reg_reg[1][2]/CK
          Clock: (R) clock
       Endpoint: (R) prod_reg_reg[2][10]/D
          Clock: (R) clock

                     Capture       Launch     
        Clock Edge:+    1200            0     
       Src Latency:+       0            0     
       Net Latency:+       0 (I)        0 (I) 
           Arrival:=    1200            0     
                                              
             Setup:-      86                  
     Required Time:=    1114                  
      Launch Clock:-       0                  
         Data Path:-    1108                  
             Slack:=       5                  

#------------------------------------------------------------------------------------------------
#     Timing Point      Flags    Arc   Edge    Cell     Fanout Load Trans Delay Arrival Instance 
#                                                              (fF)  (ps)  (ps)   (ps)  Location 
#------------------------------------------------------------------------------------------------
  prod_reg_reg[1][2]/CK -       -      R     (arrival)     149    -     0     0       0    (-,-) 
  prod_reg_reg[1][2]/Q  -       CK->Q  R     DFFHQX4LVT      6 13.3    57   152     152    (-,-) 
  g5507__2883/Y         -       B->Y   F     NAND2X2LVT      2  6.4   128   101     252    (-,-) 
  g5471__5122/Y         -       A0->Y  R     AOI21X4LVT      1  3.5    53    88     340    (-,-) 
  g5379__6161/CO        -       CI->CO R     ADDFX1LVT       1  3.8    71   152     492    (-,-) 
  g5356__1617/CO        -       CI->CO R     ADDFHX1LVT      1  3.8    68   147     639    (-,-) 
  g5336__5107/CO        -       CI->CO R     ADDFHX1LVT      1  3.8    68   146     785    (-,-) 
  g5314__4733/CO        -       CI->CO R     ADDFHX1LVT      1  3.8    68   146     931    (-,-) 
  g5295__5122/S         -       CI->S  R     ADDFHX1LVT      1  3.2    61   177    1108    (-,-) 
  prod_reg_reg[2][10]/D -       -      R     DFFHQX4LVT      1    -     -     0    1108    (-,-) 
#------------------------------------------------------------------------------------------------



Path 18: MET (8 ps) Setup Check with Pin prod_reg_reg[6][10]/CK->D
          Group: clock
     Startpoint: (R) shift_reg_reg[5][6]/CK
          Clock: (R) clock
       Endpoint: (R) prod_reg_reg[6][10]/D
          Clock: (R) clock

                     Capture       Launch     
        Clock Edge:+    1200            0     
       Src Latency:+       0            0     
       Net Latency:+       0 (I)        0 (I) 
           Arrival:=    1200            0     
                                              
             Setup:-      82                  
     Required Time:=    1118                  
      Launch Clock:-       0                  
         Data Path:-    1110                  
             Slack:=       8                  

#-------------------------------------------------------------------------------------------------
#     Timing Point       Flags    Arc   Edge    Cell     Fanout Load Trans Delay Arrival Instance 
#                                                               (fF)  (ps)  (ps)   (ps)  Location 
#-------------------------------------------------------------------------------------------------
  shift_reg_reg[5][6]/CK -       -      R     (arrival)     149    -     0     0       0    (-,-) 
  shift_reg_reg[5][6]/Q  -       CK->Q  F     DFFHQX1LVT      4  9.5   158   204     204    (-,-) 
  g5433__9315/Y          -       A->Y   R     NOR2X1LVT       2  6.4   208   191     395    (-,-) 
  g5331__6417/Y          -       A0->Y  F     OAI21X4LVT      1  3.8    75   136     530    (-,-) 
  g5302__8246/CO         -       CI->CO F     ADDFHX1LVT      1  3.5    71   143     673    (-,-) 
  g5283__5526/CO         -       CI->CO F     ADDFX1LVT       1  3.7    76   151     824    (-,-) 
  g5282/Y                -       A->Y   R     INVX2LVT        1  3.8    44    53     877    (-,-) 
  g5271__5107/S          -       CI->S  F     ADDFHX1LVT      1  3.7    74   184    1061    (-,-) 
  fopt7601/Y             -       A->Y   R     INVX2LVT        1  3.1    38    49    1110    (-,-) 
  prod_reg_reg[6][10]/D  -       -      R     DFFX4LVT        1    -     -     0    1110    (-,-) 
#-------------------------------------------------------------------------------------------------



Path 19: MET (11 ps) Setup Check with Pin prod_reg_reg[5][10]/CK->D
          Group: clock
     Startpoint: (R) shift_reg_reg[4][3]/CK
          Clock: (R) clock
       Endpoint: (R) prod_reg_reg[5][10]/D
          Clock: (R) clock

                     Capture       Launch     
        Clock Edge:+    1200            0     
       Src Latency:+       0            0     
       Net Latency:+       0 (I)        0 (I) 
           Arrival:=    1200            0     
                                              
             Setup:-      88                  
     Required Time:=    1112                  
      Launch Clock:-       0                  
         Data Path:-    1101                  
             Slack:=      11                  

#-------------------------------------------------------------------------------------------------
#     Timing Point       Flags    Arc   Edge    Cell     Fanout Load Trans Delay Arrival Instance 
#                                                               (fF)  (ps)  (ps)   (ps)  Location 
#-------------------------------------------------------------------------------------------------
  shift_reg_reg[4][3]/CK -       -      R     (arrival)     149    -     0     0       0    (-,-) 
  shift_reg_reg[4][3]/Q  -       CK->Q  R     DFFHQX4LVT      4 11.9    52   149     149    (-,-) 
  g5451__5477/Y          -       A->Y   F     NAND2X4LVT      2  6.4    78    74     222    (-,-) 
  g5413__1705/Y          -       A0->Y  R     AOI21X4LVT      1  3.5    49    70     292    (-,-) 
  g5355__3680/CO         -       CI->CO R     ADDFX1LVT       1  3.5    67   148     440    (-,-) 
  g5337__6260/CO         -       CI->CO R     ADDFX1LVT       1  3.5    67   155     595    (-,-) 
  g5316__9315/CO         -       CI->CO R     ADDFX1LVT       1  3.5    67   155     750    (-,-) 
  g5292__1617/CO         -       CI->CO R     ADDFX1LVT       1  3.5    67   155     905    (-,-) 
  g5277__6260/S          -       CI->S  R     ADDFX1LVT       1  3.2    65   196    1101    (-,-) 
  prod_reg_reg[5][10]/D  -       -      R     DFFHQX4LVT      1    -     -     0    1101    (-,-) 
#-------------------------------------------------------------------------------------------------



Path 20: MET (27 ps) Setup Check with Pin prod_reg_reg[1][9]/CK->D
          Group: clock
     Startpoint: (R) shift_reg_reg[0][3]/CK
          Clock: (R) clock
       Endpoint: (R) prod_reg_reg[1][9]/D
          Clock: (R) clock

                     Capture       Launch     
        Clock Edge:+    1200            0     
       Src Latency:+       0            0     
       Net Latency:+       0 (I)        0 (I) 
           Arrival:=    1200            0     
                                              
             Setup:-      86                  
     Required Time:=    1114                  
      Launch Clock:-       0                  
         Data Path:-    1087                  
             Slack:=      27                  

#-------------------------------------------------------------------------------------------------
#     Timing Point       Flags    Arc   Edge    Cell     Fanout Load Trans Delay Arrival Instance 
#                                                               (fF)  (ps)  (ps)   (ps)  Location 
#-------------------------------------------------------------------------------------------------
  shift_reg_reg[0][3]/CK -       -      R     (arrival)     149    -     0     0       0    (-,-) 
  shift_reg_reg[0][3]/QN -       CK->QN R     DFFX4LVT        3 10.5    49   206     206    (-,-) 
  g5524__6260/Y          -       B->Y   F     NAND2X8LVT      2  5.5    51    49     255    (-,-) 
  g5417__8246/CO         -       CI->CO F     ADDFHX1LVT      1  3.8    76   137     392    (-,-) 
  g5378__4733/CO         -       CI->CO F     ADDFHX2LVT      1  3.5    52   142     535    (-,-) 
  g5354__6783/CO         -       CI->CO F     ADDFX1LVT       1  3.5    73   142     677    (-,-) 
  g5334__5477/CO         -       CI->CO F     ADDFX1LVT       1  3.5    73   150     827    (-,-) 
  g5313__7482/S          -       CI->S  R     ADDFX2LVT       1  3.2    61   260    1087    (-,-) 
  prod_reg_reg[1][9]/D   -       -      R     DFFHQX4LVT      1    -     -     0    1087    (-,-) 
#-------------------------------------------------------------------------------------------------



Path 21: MET (31 ps) Setup Check with Pin data_out_reg_reg[4]/CK->D
          Group: clock
     Startpoint: (R) prod_reg_reg[1][4]/CK
          Clock: (R) clock
       Endpoint: (R) data_out_reg_reg[4]/D
          Clock: (R) clock

                     Capture       Launch     
        Clock Edge:+    1200            0     
       Src Latency:+       0            0     
       Net Latency:+       0 (I)        0 (I) 
           Arrival:=    1200            0     
                                              
             Setup:-      83                  
     Required Time:=    1117                  
      Launch Clock:-       0                  
         Data Path:-    1087                  
             Slack:=      31                  

#-----------------------------------------------------------------------------------------------------------------------------
#                   Timing Point                     Flags   Arc   Edge    Cell      Fanout Load Trans Delay Arrival Instance 
#                                                                                           (fF)  (ps)  (ps)   (ps)  Location 
#-----------------------------------------------------------------------------------------------------------------------------
  prod_reg_reg[1][4]/CK                              -       -     R     (arrival)      149    -     0     0       0    (-,-) 
  prod_reg_reg[1][4]/Q                               -       CK->Q F     DFFHQX4LVT       1  4.1    27   149     149    (-,-) 
  g7955/S                                            -       B->S  R     ADDFHX1LVT       1  4.2    75   193     342    (-,-) 
  csa_tree_ADD_TC_OP_12_groupi_cdnfadd_004_3__7956/S -       B->S  F     ADDFHX1LVT       1  3.7    74   211     554    (-,-) 
  g7812/Y                                            -       A->Y  F     BUFX6LVT         3 10.2    40    79     632    (-,-) 
  g179/Y                                             -       A->Y  R     INVX2LVT         1  4.7    44    42     674    (-,-) 
  g61/Y                                              -       B0->Y F     OAI21X4LVT       1  6.0    83    74     748    (-,-) 
  g59/Y                                              -       B->Y  R     NAND2X8LVT       2  9.8    43    45     793    (-,-) 
  g7816/Y                                            -       A->Y  F     CLKINVX6LVT      1  6.0    30    32     825    (-,-) 
  g7813/Y                                            -       B->Y  R     NOR2X8LVT        3  8.2    50    40     865    (-,-) 
  g159/Y                                             -       A->Y  F     NOR2X1LVT        1  3.1    68    64     929    (-,-) 
  csa_tree_ADD_TC_OP_12_groupi_g6992__2346/Y         -       A->Y  R     XNOR2X1LVT       1  3.2    57   158    1087    (-,-) 
  data_out_reg_reg[4]/D                              -       -     R     DFFHQX1LVT       1    -     -     0    1087    (-,-) 
#-----------------------------------------------------------------------------------------------------------------------------



Path 22: MET (32 ps) Setup Check with Pin prod_reg_reg[1][11]/CK->D
          Group: clock
     Startpoint: (R) shift_reg_reg[0][3]/CK
          Clock: (R) clock
       Endpoint: (R) prod_reg_reg[1][11]/D
          Clock: (R) clock

                     Capture       Launch     
        Clock Edge:+    1200            0     
       Src Latency:+       0            0     
       Net Latency:+       0 (I)        0 (I) 
           Arrival:=    1200            0     
                                              
             Setup:-     100                  
     Required Time:=    1100                  
      Launch Clock:-       0                  
         Data Path:-    1067                  
             Slack:=      32                  

#-------------------------------------------------------------------------------------------------
#     Timing Point       Flags    Arc   Edge    Cell     Fanout Load Trans Delay Arrival Instance 
#                                                               (fF)  (ps)  (ps)   (ps)  Location 
#-------------------------------------------------------------------------------------------------
  shift_reg_reg[0][3]/CK -       -      R     (arrival)     149    -     0     0       0    (-,-) 
  shift_reg_reg[0][3]/QN -       CK->QN R     DFFX4LVT        3 10.5    49   206     206    (-,-) 
  g5524__6260/Y          -       B->Y   F     NAND2X8LVT      2  5.5    51    49     255    (-,-) 
  g5417__8246/CO         -       CI->CO F     ADDFHX1LVT      1  3.8    76   137     392    (-,-) 
  g5378__4733/CO         -       CI->CO F     ADDFHX2LVT      1  3.5    52   142     535    (-,-) 
  g5354__6783/CO         -       CI->CO F     ADDFX1LVT       1  3.5    73   142     677    (-,-) 
  g5334__5477/CO         -       CI->CO F     ADDFX1LVT       1  3.5    73   150     827    (-,-) 
  g5313__7482/CO         -       CI->CO F     ADDFX2LVT       2  5.6    73   164     991    (-,-) 
  g5305__6131/Y          -       A1->Y  R     AOI21X2LVT      1  3.1    86    76    1067    (-,-) 
  prod_reg_reg[1][11]/D  -       -      R     DFFQX2LVT       1    -     -     0    1067    (-,-) 
#-------------------------------------------------------------------------------------------------



Path 23: MET (39 ps) Setup Check with Pin prod_reg_reg[2][11]/CK->D
          Group: clock
     Startpoint: (R) prod_reg_reg[1][2]/CK
          Clock: (R) clock
       Endpoint: (R) prod_reg_reg[2][11]/D
          Clock: (R) clock

                     Capture       Launch     
        Clock Edge:+    1200            0     
       Src Latency:+       0            0     
       Net Latency:+       0 (I)        0 (I) 
           Arrival:=    1200            0     
                                              
             Setup:-      90                  
     Required Time:=    1110                  
      Launch Clock:-       0                  
         Data Path:-    1072                  
             Slack:=      39                  

#------------------------------------------------------------------------------------------------
#     Timing Point      Flags    Arc   Edge    Cell     Fanout Load Trans Delay Arrival Instance 
#                                                              (fF)  (ps)  (ps)   (ps)  Location 
#------------------------------------------------------------------------------------------------
  prod_reg_reg[1][2]/CK -       -      R     (arrival)     149    -     0     0       0    (-,-) 
  prod_reg_reg[1][2]/Q  -       CK->Q  R     DFFHQX4LVT      6 13.3    57   152     152    (-,-) 
  g5507__2883/Y         -       B->Y   F     NAND2X2LVT      2  6.4   128   101     252    (-,-) 
  g5471__5122/Y         -       A0->Y  R     AOI21X4LVT      1  3.5    53    88     340    (-,-) 
  g5379__6161/CO        -       CI->CO R     ADDFX1LVT       1  3.8    71   152     492    (-,-) 
  g5356__1617/CO        -       CI->CO R     ADDFHX1LVT      1  3.8    68   147     639    (-,-) 
  g5336__5107/CO        -       CI->CO R     ADDFHX1LVT      1  3.8    68   146     785    (-,-) 
  g5314__4733/CO        -       CI->CO R     ADDFHX1LVT      1  3.8    68   146     931    (-,-) 
  g5295__5122/CO        -       CI->CO R     ADDFHX1LVT      1  3.1    58   140    1072    (-,-) 
  prod_reg_reg[2][11]/D -       -      R     DFFQX2LVT       1    -     -     0    1072    (-,-) 
#------------------------------------------------------------------------------------------------



Path 24: MET (52 ps) Setup Check with Pin prod_reg_reg[5][11]/CK->D
          Group: clock
     Startpoint: (R) shift_reg_reg[4][3]/CK
          Clock: (R) clock
       Endpoint: (R) prod_reg_reg[5][11]/D
          Clock: (R) clock

                     Capture       Launch     
        Clock Edge:+    1200            0     
       Src Latency:+       0            0     
       Net Latency:+       0 (I)        0 (I) 
           Arrival:=    1200            0     
                                              
             Setup:-      91                  
     Required Time:=    1109                  
      Launch Clock:-       0                  
         Data Path:-    1057                  
             Slack:=      52                  

#-------------------------------------------------------------------------------------------------
#     Timing Point       Flags    Arc   Edge    Cell     Fanout Load Trans Delay Arrival Instance 
#                                                               (fF)  (ps)  (ps)   (ps)  Location 
#-------------------------------------------------------------------------------------------------
  shift_reg_reg[4][3]/CK -       -      R     (arrival)     149    -     0     0       0    (-,-) 
  shift_reg_reg[4][3]/Q  -       CK->Q  R     DFFHQX4LVT      4 11.9    52   149     149    (-,-) 
  g5451__5477/Y          -       A->Y   F     NAND2X4LVT      2  6.4    78    74     222    (-,-) 
  g5413__1705/Y          -       A0->Y  R     AOI21X4LVT      1  3.5    49    70     292    (-,-) 
  g5355__3680/CO         -       CI->CO R     ADDFX1LVT       1  3.5    67   148     440    (-,-) 
  g5337__6260/CO         -       CI->CO R     ADDFX1LVT       1  3.5    67   155     595    (-,-) 
  g5316__9315/CO         -       CI->CO R     ADDFX1LVT       1  3.5    67   155     750    (-,-) 
  g5292__1617/CO         -       CI->CO R     ADDFX1LVT       1  3.5    67   155     905    (-,-) 
  g5277__6260/CO         -       CI->CO R     ADDFX1LVT       1  3.1    61   152    1057    (-,-) 
  prod_reg_reg[5][11]/D  -       -      R     DFFX4LVT        1    -     -     0    1057    (-,-) 
#-------------------------------------------------------------------------------------------------



Path 25: MET (53 ps) Setup Check with Pin prod_reg_reg[3][11]/CK->D
          Group: clock
     Startpoint: (R) prod_reg_reg[2][3]/CK
          Clock: (R) clock
       Endpoint: (R) prod_reg_reg[3][11]/D
          Clock: (R) clock

                     Capture       Launch     
        Clock Edge:+    1200            0     
       Src Latency:+       0            0     
       Net Latency:+       0 (I)        0 (I) 
           Arrival:=    1200            0     
                                              
             Setup:-      86                  
     Required Time:=    1114                  
      Launch Clock:-       0                  
         Data Path:-    1061                  
             Slack:=      53                  

#--------------------------------------------------------------------------------------------------
#     Timing Point      Flags    Arc   Edge     Cell      Fanout Load Trans Delay Arrival Instance 
#                                                                (fF)  (ps)  (ps)   (ps)  Location 
#--------------------------------------------------------------------------------------------------
  prod_reg_reg[2][3]/CK -       -      R     (arrival)       149    -     0     0       0    (-,-) 
  prod_reg_reg[2][3]/Q  -       CK->Q  F     DFFX4LVT          3  7.3    42   164     164    (-,-) 
  fopt7057/Y            -       A->Y   F     CLKBUFX6LVT       4 10.4    40    68     232    (-,-) 
  g5489__7482/Y         -       B->Y   R     NOR2X1LVT         2  6.4   202   136     368    (-,-) 
  g5394__7410/Y         -       A0->Y  F     OAI21X4LVT        2  6.2    94   145     513    (-,-) 
  g7774/Y               -       B->Y   R     NAND2BX4LVT       1  3.5    38    48     561    (-,-) 
  g7773/Y               -       A->Y   R     CLKAND2X3LVT      2  6.7    43    82     642    (-,-) 
  g161/Y                -       A1->Y  F     OAI21X4LVT        1  3.8    75    60     702    (-,-) 
  g5315__6161/CO        -       CI->CO F     ADDFHX2LVT        1  3.8    55   143     845    (-,-) 
  g5293__2802/S         -       CI->S  R     ADDFHX2LVT        1  3.1    50   216    1061    (-,-) 
  prod_reg_reg[3][11]/D -       -      R     DFFQX2LVT         1    -     -     0    1061    (-,-) 
#--------------------------------------------------------------------------------------------------



Path 26: MET (64 ps) Setup Check with Pin prod_reg_reg[4][11]/CK->D
          Group: clock
     Startpoint: (R) shift_reg_reg[3][5]/CK
          Clock: (R) clock
       Endpoint: (R) prod_reg_reg[4][11]/D
          Clock: (R) clock

                     Capture       Launch     
        Clock Edge:+    1200            0     
       Src Latency:+       0            0     
       Net Latency:+       0 (I)        0 (I) 
           Arrival:=    1200            0     
                                              
             Setup:-      86                  
     Required Time:=    1114                  
      Launch Clock:-       0                  
         Data Path:-    1049                  
             Slack:=      64                  

#-------------------------------------------------------------------------------------------------
#     Timing Point       Flags    Arc   Edge    Cell     Fanout Load Trans Delay Arrival Instance 
#                                                               (fF)  (ps)  (ps)   (ps)  Location 
#-------------------------------------------------------------------------------------------------
  shift_reg_reg[3][5]/CK -       -      R     (arrival)     149    -     0     0       0    (-,-) 
  shift_reg_reg[3][5]/Q  -       CK->Q  R     DFFHQX1LVT      3  7.9   119   168     168    (-,-) 
  g5472/Y                -       A->Y   F     INVX1           2  6.0   178   162     330    (-,-) 
  g31/Y                  -       B->Y   R     NOR2X2LVT       2  6.4   126   138     467    (-,-) 
  g7928/Y                -       A0->Y  F     OAI21X4LVT      1  3.8    70   103     570    (-,-) 
  g5324__1666/CO         -       CI->CO F     ADDFHX2LVT      1  3.8    55   141     712    (-,-) 
  g5307__5115/CO         -       CI->CO F     ADDFHX1LVT      1  3.8    77   138     850    (-,-) 
  g5286__3680/S          -       CI->S  R     ADDFHX1LVT      1  3.2    61   199    1049    (-,-) 
  prod_reg_reg[4][11]/D  -       -      R     DFFHQX4LVT      1    -     -     0    1049    (-,-) 
#-------------------------------------------------------------------------------------------------



Path 27: MET (87 ps) Setup Check with Pin data_out_reg_reg[1]/CK->D
          Group: clock
     Startpoint: (R) prod_reg_reg[7][0]/CK
          Clock: (R) clock
       Endpoint: (R) data_out_reg_reg[1]/D
          Clock: (R) clock

                     Capture       Launch     
        Clock Edge:+    1200            0     
       Src Latency:+       0            0     
       Net Latency:+       0 (I)        0 (I) 
           Arrival:=    1200            0     
                                              
             Setup:-     122                  
     Required Time:=    1078                  
      Launch Clock:-       0                  
         Data Path:-     992                  
             Slack:=      87                  

#----------------------------------------------------------------------------------------------------------------------
#                Timing Point                 Flags   Arc   Edge    Cell      Fanout Load Trans Delay Arrival Instance 
#                                                                                    (fF)  (ps)  (ps)   (ps)  Location 
#----------------------------------------------------------------------------------------------------------------------
  prod_reg_reg[7][0]/CK                       -       -     R     (arrival)      149    -     0     0       0    (-,-) 
  prod_reg_reg[7][0]/Q                        -       CK->Q R     DFFQX1           1  3.6    86   210     210    (-,-) 
  csa_tree_ADD_TC_OP_12_groupi_g7012__5122/CO -       B->CO R     ADDHX1LVT        3  6.8   106   150     360    (-,-) 
  g216/Y                                      -       A->Y  F     INVX1            3  7.0   200   168     528    (-,-) 
  g7151/Y                                     -       B->Y  R     NOR3X1LVT        1  3.3   182   199     726    (-,-) 
  g203/Y                                      -       B0->Y F     AOI31X1LVT       1  3.3   224   125     852    (-,-) 
  g200/Y                                      -       C0->Y R     OAI221X1LVT      1  3.2   161   140     992    (-,-) 
  data_out_reg_reg[1]/D                       -       -     R     DFFHQX1LVT       1    -     -     0     992    (-,-) 
#----------------------------------------------------------------------------------------------------------------------



Path 28: MET (88 ps) Setup Check with Pin data_out_reg_reg[3]/CK->D
          Group: clock
     Startpoint: (R) prod_reg_reg[1][3]/CK
          Clock: (R) clock
       Endpoint: (R) data_out_reg_reg[3]/D
          Clock: (R) clock

                     Capture       Launch     
        Clock Edge:+    1200            0     
       Src Latency:+       0            0     
       Net Latency:+       0 (I)        0 (I) 
           Arrival:=    1200            0     
                                              
             Setup:-      83                  
     Required Time:=    1117                  
      Launch Clock:-       0                  
         Data Path:-    1030                  
             Slack:=      88                  

#-----------------------------------------------------------------------------------------------------------------------
#               Timing Point                 Flags    Arc   Edge     Cell      Fanout Load Trans Delay Arrival Instance 
#                                                                                     (fF)  (ps)  (ps)   (ps)  Location 
#-----------------------------------------------------------------------------------------------------------------------
  prod_reg_reg[1][3]/CK                      -       -      R     (arrival)       149    -     0     0       0    (-,-) 
  prod_reg_reg[1][3]/Q                       -       CK->Q  F     DFFHQX8LVT        9 21.6    59   185     185    (-,-) 
  g2142/Y                                    -       A->Y   R     NOR2X2LVT         1  3.8    76    73     258    (-,-) 
  g2134/Y                                    -       C0->Y  F     AOI211X2LVT       1  3.3   100    57     316    (-,-) 
  g2133/Y                                    -       B0->Y  F     AO21X4LVT         4 10.4    67   151     467    (-,-) 
  g2115/Y                                    -       A1N->Y F     AOI2BB2X4LVT      1  3.5    79   116     583    (-,-) 
  g2110/Y                                    -       S0->Y  R     CLKMX2X3LVT       2  9.1    64   156     739    (-,-) 
  g205/Y                                     -       B->Y   F     NOR2X8LVT         2  7.7    46    40     779    (-,-) 
  fopt7443/Y                                 -       A->Y   F     BUFX2LVT          1  3.7    40    74     852    (-,-) 
  csa_tree_ADD_TC_OP_12_groupi_g6998__5477/Y -       A->Y   R     NOR2X2LVT         1  3.4    67    63     915    (-,-) 
  csa_tree_ADD_TC_OP_12_groupi_g7047__8428/Y -       B->Y   R     XNOR2X1LVT        1  3.2    57   114    1030    (-,-) 
  data_out_reg_reg[3]/D                      -       -      R     DFFHQX1LVT        1    -     -     0    1030    (-,-) 
#-----------------------------------------------------------------------------------------------------------------------



Path 29: MET (91 ps) Setup Check with Pin prod_reg_reg[0][10]/CK->D
          Group: clock
     Startpoint: (R) data_in_reg_reg[3]/CK
          Clock: (R) clock
       Endpoint: (R) prod_reg_reg[0][10]/D
          Clock: (R) clock

                     Capture       Launch     
        Clock Edge:+    1200            0     
       Src Latency:+       0            0     
       Net Latency:+       0 (I)        0 (I) 
           Arrival:=    1200            0     
                                              
             Setup:-      89                  
     Required Time:=    1111                  
      Launch Clock:-       0                  
         Data Path:-    1019                  
             Slack:=      91                  

#------------------------------------------------------------------------------------------------
#     Timing Point      Flags    Arc   Edge    Cell     Fanout Load Trans Delay Arrival Instance 
#                                                              (fF)  (ps)  (ps)   (ps)  Location 
#------------------------------------------------------------------------------------------------
  data_in_reg_reg[3]/CK -       -      R     (arrival)     149    -     0     0       0    (-,-) 
  data_in_reg_reg[3]/QN -       CK->QN R     DFFX4LVT        4 11.6    53   209     209    (-,-) 
  g5550__8246/Y         -       B->Y   F     NAND2X6LVT      3  8.0    73    63     272    (-,-) 
  g5470__1705/Y         -       A0->Y  R     AOI21X4LVT      2  6.4    72    79     351    (-,-) 
  g5411__1617/Y         -       A1->Y  F     OAI21X4LVT      2  5.8    84    81     432    (-,-) 
  g5386/Y               -       A->Y   R     INVX3LVT        1  4.7    42    50     482    (-,-) 
  g5376__7482/Y         -       A1->Y  F     OAI21X4LVT      1  3.8    75    59     541    (-,-) 
  g5342__4319/CO        -       CI->CO F     ADDFHX1LVT      1  3.5    71   143     685    (-,-) 
  g5320__9945/CO        -       CI->CO F     ADDFX1LVT       1  3.7    76   151     836    (-,-) 
  g5319/Y               -       A->Y   R     INVX2LVT        1  3.8    44    53     888    (-,-) 
  g5303__7098/CO        -       CI->CO R     ADDFHX1LVT      1  3.1    58   131    1019    (-,-) 
  prod_reg_reg[0][10]/D -       -      R     DFFX2LVT        1    -     -     0    1019    (-,-) 
#------------------------------------------------------------------------------------------------



Path 30: MET (92 ps) Setup Check with Pin prod_reg_reg[7][10]/CK->D
          Group: clock
     Startpoint: (R) prod_reg_reg[6][3]/CK
          Clock: (R) clock
       Endpoint: (R) prod_reg_reg[7][10]/D
          Clock: (R) clock

                     Capture       Launch     
        Clock Edge:+    1200            0     
       Src Latency:+       0            0     
       Net Latency:+       0 (I)        0 (I) 
           Arrival:=    1200            0     
                                              
             Setup:-      86                  
     Required Time:=    1114                  
      Launch Clock:-       0                  
         Data Path:-    1022                  
             Slack:=      92                  

#--------------------------------------------------------------------------------------------------
#     Timing Point      Flags    Arc   Edge     Cell      Fanout Load Trans Delay Arrival Instance 
#                                                                (fF)  (ps)  (ps)   (ps)  Location 
#--------------------------------------------------------------------------------------------------
  prod_reg_reg[6][3]/CK -       -      R     (arrival)       149    -     0     0       0    (-,-) 
  prod_reg_reg[6][3]/Q  -       CK->Q  R     DFFX4LVT          4 11.9    54   160     160    (-,-) 
  g7307/Y               -       A->Y   R     BUFX2LVT          3  6.8    59    93     253    (-,-) 
  g5402__6260/Y         -       A->Y   R     CLKAND2X2LVT      2  6.4    57   102     355    (-,-) 
  g5345__8428/Y         -       A0->Y  F     OAI21X4LVT        2  6.2    84    87     442    (-,-) 
  g5333/Y               -       A->Y   R     CLKINVX4LVT       1  4.7    37    45     487    (-,-) 
  g5323__2346/Y         -       A1->Y  F     OAI21X4LVT        1  3.5    72    56     543    (-,-) 
  g5294__1705/CO        -       CI->CO F     ADDFX2LVT         1  3.8    58   156     700    (-,-) 
  g5278__4319/CO        -       CI->CO F     ADDFHX1LVT        1  3.7    75   139     838    (-,-) 
  g5276/Y               -       A->Y   R     INVX2LVT          1  3.8    44    52     891    (-,-) 
  g5267__2398/CO        -       CI->CO R     ADDFHX1LVT        1  3.2    60   131    1022    (-,-) 
  prod_reg_reg[7][10]/D -       -      R     DFFHQX4LVT        1    -     -     0    1022    (-,-) 
#--------------------------------------------------------------------------------------------------



Path 31: MET (102 ps) Setup Check with Pin prod_reg_reg[6][11]/CK->D
          Group: clock
     Startpoint: (R) shift_reg_reg[5][6]/CK
          Clock: (R) clock
       Endpoint: (R) prod_reg_reg[6][11]/D
          Clock: (R) clock

                     Capture       Launch     
        Clock Edge:+    1200            0     
       Src Latency:+       0            0     
       Net Latency:+       0 (I)        0 (I) 
           Arrival:=    1200            0     
                                              
             Setup:-      90                  
     Required Time:=    1110                  
      Launch Clock:-       0                  
         Data Path:-    1008                  
             Slack:=     102                  

#-------------------------------------------------------------------------------------------------
#     Timing Point       Flags    Arc   Edge    Cell     Fanout Load Trans Delay Arrival Instance 
#                                                               (fF)  (ps)  (ps)   (ps)  Location 
#-------------------------------------------------------------------------------------------------
  shift_reg_reg[5][6]/CK -       -      R     (arrival)     149    -     0     0       0    (-,-) 
  shift_reg_reg[5][6]/Q  -       CK->Q  F     DFFHQX1LVT      4  9.5   158   204     204    (-,-) 
  g5433__9315/Y          -       A->Y   R     NOR2X1LVT       2  6.4   208   191     395    (-,-) 
  g5331__6417/Y          -       A0->Y  F     OAI21X4LVT      1  3.8    75   136     530    (-,-) 
  g5302__8246/CO         -       CI->CO F     ADDFHX1LVT      1  3.5    71   143     673    (-,-) 
  g5283__5526/CO         -       CI->CO F     ADDFX1LVT       1  3.7    76   151     824    (-,-) 
  g5282/Y                -       A->Y   R     INVX2LVT        1  3.8    44    53     877    (-,-) 
  g5271__5107/CO         -       CI->CO R     ADDFHX1LVT      1  3.1    58   131    1008    (-,-) 
  prod_reg_reg[6][11]/D  -       -      R     DFFX4LVT        1    -     -     0    1008    (-,-) 
#-------------------------------------------------------------------------------------------------



Path 32: MET (151 ps) Setup Check with Pin prod_reg_reg[2][9]/CK->D
          Group: clock
     Startpoint: (R) prod_reg_reg[1][2]/CK
          Clock: (R) clock
       Endpoint: (R) prod_reg_reg[2][9]/D
          Clock: (R) clock

                     Capture       Launch     
        Clock Edge:+    1200            0     
       Src Latency:+       0            0     
       Net Latency:+       0 (I)        0 (I) 
           Arrival:=    1200            0     
                                              
             Setup:-      86                  
     Required Time:=    1114                  
      Launch Clock:-       0                  
         Data Path:-     962                  
             Slack:=     151                  

#------------------------------------------------------------------------------------------------
#     Timing Point      Flags    Arc   Edge    Cell     Fanout Load Trans Delay Arrival Instance 
#                                                              (fF)  (ps)  (ps)   (ps)  Location 
#------------------------------------------------------------------------------------------------
  prod_reg_reg[1][2]/CK -       -      R     (arrival)     149    -     0     0       0    (-,-) 
  prod_reg_reg[1][2]/Q  -       CK->Q  R     DFFHQX4LVT      6 13.3    57   152     152    (-,-) 
  g5507__2883/Y         -       B->Y   F     NAND2X2LVT      2  6.4   128   101     252    (-,-) 
  g5471__5122/Y         -       A0->Y  R     AOI21X4LVT      1  3.5    53    88     340    (-,-) 
  g5379__6161/CO        -       CI->CO R     ADDFX1LVT       1  3.8    71   152     492    (-,-) 
  g5356__1617/CO        -       CI->CO R     ADDFHX1LVT      1  3.8    68   147     639    (-,-) 
  g5336__5107/CO        -       CI->CO R     ADDFHX1LVT      1  3.8    68   146     785    (-,-) 
  g5314__4733/S         -       CI->S  R     ADDFHX1LVT      1  3.2    61   177     962    (-,-) 
  prod_reg_reg[2][9]/D  -       -      R     DFFHQX4LVT      1    -     -     0     962    (-,-) 
#------------------------------------------------------------------------------------------------



Path 33: MET (163 ps) Setup Check with Pin prod_reg_reg[5][9]/CK->D
          Group: clock
     Startpoint: (R) shift_reg_reg[4][3]/CK
          Clock: (R) clock
       Endpoint: (R) prod_reg_reg[5][9]/D
          Clock: (R) clock

                     Capture       Launch     
        Clock Edge:+    1200            0     
       Src Latency:+       0            0     
       Net Latency:+       0 (I)        0 (I) 
           Arrival:=    1200            0     
                                              
             Setup:-      92                  
     Required Time:=    1108                  
      Launch Clock:-       0                  
         Data Path:-     945                  
             Slack:=     163                  

#-------------------------------------------------------------------------------------------------
#     Timing Point       Flags    Arc   Edge    Cell     Fanout Load Trans Delay Arrival Instance 
#                                                               (fF)  (ps)  (ps)   (ps)  Location 
#-------------------------------------------------------------------------------------------------
  shift_reg_reg[4][3]/CK -       -      R     (arrival)     149    -     0     0       0    (-,-) 
  shift_reg_reg[4][3]/Q  -       CK->Q  R     DFFHQX4LVT      4 11.9    52   149     149    (-,-) 
  g5451__5477/Y          -       A->Y   F     NAND2X4LVT      2  6.4    78    74     222    (-,-) 
  g5413__1705/Y          -       A0->Y  R     AOI21X4LVT      1  3.5    49    70     292    (-,-) 
  g5355__3680/CO         -       CI->CO R     ADDFX1LVT       1  3.5    67   148     440    (-,-) 
  g5337__6260/CO         -       CI->CO R     ADDFX1LVT       1  3.5    67   155     595    (-,-) 
  g5316__9315/CO         -       CI->CO R     ADDFX1LVT       1  3.5    67   155     750    (-,-) 
  g5292__1617/S          -       CI->S  R     ADDFX1LVT       1  3.1    64   195     945    (-,-) 
  prod_reg_reg[5][9]/D   -       -      R     DFFX4LVT        1    -     -     0     945    (-,-) 
#-------------------------------------------------------------------------------------------------



Path 34: MET (175 ps) Setup Check with Pin prod_reg_reg[4][8]/CK->D
          Group: clock
     Startpoint: (R) shift_reg_reg[3][5]/CK
          Clock: (R) clock
       Endpoint: (R) prod_reg_reg[4][8]/D
          Clock: (R) clock

                     Capture       Launch     
        Clock Edge:+    1200            0     
       Src Latency:+       0            0     
       Net Latency:+       0 (I)        0 (I) 
           Arrival:=    1200            0     
                                              
             Setup:-     108                  
     Required Time:=    1092                  
      Launch Clock:-       0                  
         Data Path:-     917                  
             Slack:=     175                  

#-------------------------------------------------------------------------------------------------
#     Timing Point       Flags   Arc   Edge    Cell      Fanout Load Trans Delay Arrival Instance 
#                                                               (fF)  (ps)  (ps)   (ps)  Location 
#-------------------------------------------------------------------------------------------------
  shift_reg_reg[3][5]/CK -       -     R     (arrival)      149    -     0     0       0    (-,-) 
  shift_reg_reg[3][5]/Q  -       CK->Q F     DFFHQX1LVT       3  7.6   128   187     187    (-,-) 
  g5472/Y                -       A->Y  R     INVX1            2  6.2   156   152     339    (-,-) 
  g31/Y                  -       B->Y  F     NOR2X2LVT        2  6.2    82   104     443    (-,-) 
  g5448__1666/Y          -       AN->Y F     NAND2BX1LVT      1  3.2   133   128     571    (-,-) 
  g5359__2802/Y          -       B->Y  R     XNOR2X1HVT       1  3.2   118   346     917    (-,-) 
  prod_reg_reg[4][8]/D   -       -     R     DFFHQX4LVT       1    -     -     0     917    (-,-) 
#-------------------------------------------------------------------------------------------------



Path 35: MET (186 ps) Setup Check with Pin prod_reg_reg[6][7]/CK->D
          Group: clock
     Startpoint: (R) shift_reg_reg[5][5]/CK
          Clock: (R) clock
       Endpoint: (R) prod_reg_reg[6][7]/D
          Clock: (R) clock

                     Capture       Launch     
        Clock Edge:+    1200            0     
       Src Latency:+       0            0     
       Net Latency:+       0 (I)        0 (I) 
           Arrival:=    1200            0     
                                              
             Setup:-      99                  
     Required Time:=    1101                  
      Launch Clock:-       0                  
         Data Path:-     914                  
             Slack:=     186                  

#--------------------------------------------------------------------------------------------------
#     Timing Point       Flags    Arc   Edge    Cell      Fanout Load Trans Delay Arrival Instance 
#                                                                (fF)  (ps)  (ps)   (ps)  Location 
#--------------------------------------------------------------------------------------------------
  shift_reg_reg[5][5]/CK -       -      R     (arrival)      149    -     0     0       0    (-,-) 
  shift_reg_reg[5][5]/QN -       CK->QN R     DFFX1LVT         3  7.1   108   203     203    (-,-) 
  g5430__7482/Y          -       B->Y   R     AND2X2LVT        3  6.8    69   161     364    (-,-) 
  g7588/Y                -       A0->Y  F     OAI21X1          1  3.1   215   189     553    (-,-) 
  drc/Y                  -       A->Y   F     CLKBUFX2LVT      1  3.1    36   134     687    (-,-) 
  g5330__7410/Y          -       A->Y   R     XNOR2X1          1  3.1    82   228     914    (-,-) 
  prod_reg_reg[6][7]/D   -       -      R     DFFX4LVT         1    -     -     0     914    (-,-) 
#--------------------------------------------------------------------------------------------------



Path 36: MET (192 ps) Setup Check with Pin prod_reg_reg[3][10]/CK->D
          Group: clock
     Startpoint: (R) prod_reg_reg[2][3]/CK
          Clock: (R) clock
       Endpoint: (R) prod_reg_reg[3][10]/D
          Clock: (R) clock

                     Capture       Launch     
        Clock Edge:+    1200            0     
       Src Latency:+       0            0     
       Net Latency:+       0 (I)        0 (I) 
           Arrival:=    1200            0     
                                              
             Setup:-      83                  
     Required Time:=    1117                  
      Launch Clock:-       0                  
         Data Path:-     926                  
             Slack:=     192                  

#-------------------------------------------------------------------------------------------------
#     Timing Point      Flags   Arc   Edge     Cell      Fanout Load Trans Delay Arrival Instance 
#                                                               (fF)  (ps)  (ps)   (ps)  Location 
#-------------------------------------------------------------------------------------------------
  prod_reg_reg[2][3]/CK -       -     R     (arrival)       149    -     0     0       0    (-,-) 
  prod_reg_reg[2][3]/Q  -       CK->Q F     DFFX4LVT          3  7.3    42   164     164    (-,-) 
  fopt7057/Y            -       A->Y  F     CLKBUFX6LVT       4 10.4    40    68     232    (-,-) 
  g5489__7482/Y         -       B->Y  R     NOR2X1LVT         2  6.4   202   136     368    (-,-) 
  g5394__7410/Y         -       A0->Y F     OAI21X4LVT        2  6.2    94   145     513    (-,-) 
  g7774/Y               -       B->Y  R     NAND2BX4LVT       1  3.5    38    48     561    (-,-) 
  g7773/Y               -       A->Y  R     CLKAND2X3LVT      2  6.7    43    82     642    (-,-) 
  g161/Y                -       A1->Y F     OAI21X4LVT        1  3.8    75    60     702    (-,-) 
  g5315__6161/S         -       CI->S R     ADDFHX2LVT        1  3.2    51   224     926    (-,-) 
  prod_reg_reg[3][10]/D -       -     R     DFFHQX4LVT        1    -     -     0     926    (-,-) 
#-------------------------------------------------------------------------------------------------



Path 37: MET (204 ps) Setup Check with Pin prod_reg_reg[3][8]/CK->D
          Group: clock
     Startpoint: (R) prod_reg_reg[2][3]/CK
          Clock: (R) clock
       Endpoint: (R) prod_reg_reg[3][8]/D
          Clock: (R) clock

                     Capture       Launch     
        Clock Edge:+    1200            0     
       Src Latency:+       0            0     
       Net Latency:+       0 (I)        0 (I) 
           Arrival:=    1200            0     
                                              
             Setup:-     108                  
     Required Time:=    1092                  
      Launch Clock:-       0                  
         Data Path:-     888                  
             Slack:=     204                  

#------------------------------------------------------------------------------------------------
#     Timing Point      Flags   Arc   Edge    Cell      Fanout Load Trans Delay Arrival Instance 
#                                                              (fF)  (ps)  (ps)   (ps)  Location 
#------------------------------------------------------------------------------------------------
  prod_reg_reg[2][3]/CK -       -     R     (arrival)      149    -     0     0       0    (-,-) 
  prod_reg_reg[2][3]/Q  -       CK->Q F     DFFX4LVT         3  7.3    42   164     164    (-,-) 
  fopt7057/Y            -       A->Y  F     CLKBUFX6LVT      4 10.4    40    68     232    (-,-) 
  g5489__7482/Y         -       B->Y  R     NOR2X1LVT        2  6.4   202   136     368    (-,-) 
  g5394__7410/Y         -       A0->Y F     OAI21X4LVT       2  6.2    94   145     513    (-,-) 
  g5365__7098/Y         -       A->Y  R     XNOR2X1HVT       1  3.2   118   375     888    (-,-) 
  prod_reg_reg[3][8]/D  -       -     R     DFFHQX4LVT       1    -     -     0     888    (-,-) 
#------------------------------------------------------------------------------------------------



Path 38: MET (210 ps) Setup Check with Pin prod_reg_reg[0][8]/CK->D
          Group: clock
     Startpoint: (R) data_in_reg_reg[3]/CK
          Clock: (R) clock
       Endpoint: (R) prod_reg_reg[0][8]/D
          Clock: (R) clock

                     Capture       Launch     
        Clock Edge:+    1200            0     
       Src Latency:+       0            0     
       Net Latency:+       0 (I)        0 (I) 
           Arrival:=    1200            0     
                                              
             Setup:-      88                  
     Required Time:=    1112                  
      Launch Clock:-       0                  
         Data Path:-     902                  
             Slack:=     210                  

#------------------------------------------------------------------------------------------------
#     Timing Point      Flags    Arc   Edge    Cell     Fanout Load Trans Delay Arrival Instance 
#                                                              (fF)  (ps)  (ps)   (ps)  Location 
#------------------------------------------------------------------------------------------------
  data_in_reg_reg[3]/CK -       -      R     (arrival)     149    -     0     0       0    (-,-) 
  data_in_reg_reg[3]/QN -       CK->QN R     DFFX4LVT        4 11.6    53   209     209    (-,-) 
  g5550__8246/Y         -       B->Y   F     NAND2X6LVT      3  8.0    73    63     272    (-,-) 
  g5470__1705/Y         -       A0->Y  R     AOI21X4LVT      2  6.4    72    79     351    (-,-) 
  g5411__1617/Y         -       A1->Y  F     OAI21X4LVT      2  5.8    84    81     432    (-,-) 
  g5386/Y               -       A->Y   R     INVX3LVT        1  4.7    42    50     482    (-,-) 
  g5376__7482/Y         -       A1->Y  F     OAI21X4LVT      1  3.8    75    59     541    (-,-) 
  g5342__4319/CO        -       CI->CO F     ADDFHX1LVT      1  3.5    71   143     685    (-,-) 
  g5320__9945/S         -       CI->S  R     ADDFX1LVT       1  3.2    65   218     902    (-,-) 
  prod_reg_reg[0][8]/D  -       -      R     DFFHQX4LVT      1    -     -     0     902    (-,-) 
#------------------------------------------------------------------------------------------------



Path 39: MET (211 ps) Setup Check with Pin prod_reg_reg[4][10]/CK->D
          Group: clock
     Startpoint: (R) shift_reg_reg[3][5]/CK
          Clock: (R) clock
       Endpoint: (R) prod_reg_reg[4][10]/D
          Clock: (R) clock

                     Capture       Launch     
        Clock Edge:+    1200            0     
       Src Latency:+       0            0     
       Net Latency:+       0 (I)        0 (I) 
           Arrival:=    1200            0     
                                              
             Setup:-      86                  
     Required Time:=    1114                  
      Launch Clock:-       0                  
         Data Path:-     903                  
             Slack:=     211                  

#-------------------------------------------------------------------------------------------------
#     Timing Point       Flags    Arc   Edge    Cell     Fanout Load Trans Delay Arrival Instance 
#                                                               (fF)  (ps)  (ps)   (ps)  Location 
#-------------------------------------------------------------------------------------------------
  shift_reg_reg[3][5]/CK -       -      R     (arrival)     149    -     0     0       0    (-,-) 
  shift_reg_reg[3][5]/Q  -       CK->Q  R     DFFHQX1LVT      3  7.9   119   168     168    (-,-) 
  g5472/Y                -       A->Y   F     INVX1           2  6.0   178   162     330    (-,-) 
  g31/Y                  -       B->Y   R     NOR2X2LVT       2  6.4   126   138     467    (-,-) 
  g7928/Y                -       A0->Y  F     OAI21X4LVT      1  3.8    70   103     570    (-,-) 
  g5324__1666/CO         -       CI->CO F     ADDFHX2LVT      1  3.8    55   141     712    (-,-) 
  g5307__5115/S          -       CI->S  R     ADDFHX1LVT      1  3.2    61   191     903    (-,-) 
  prod_reg_reg[4][10]/D  -       -      R     DFFHQX4LVT      1    -     -     0     903    (-,-) 
#-------------------------------------------------------------------------------------------------



Path 40: MET (217 ps) Setup Check with Pin prod_reg_reg[1][8]/CK->D
          Group: clock
     Startpoint: (R) shift_reg_reg[0][3]/CK
          Clock: (R) clock
       Endpoint: (R) prod_reg_reg[1][8]/D
          Clock: (R) clock

                     Capture       Launch     
        Clock Edge:+    1200            0     
       Src Latency:+       0            0     
       Net Latency:+       0 (I)        0 (I) 
           Arrival:=    1200            0     
                                              
             Setup:-      88                  
     Required Time:=    1112                  
      Launch Clock:-       0                  
         Data Path:-     895                  
             Slack:=     217                  

#-------------------------------------------------------------------------------------------------
#     Timing Point       Flags    Arc   Edge    Cell     Fanout Load Trans Delay Arrival Instance 
#                                                               (fF)  (ps)  (ps)   (ps)  Location 
#-------------------------------------------------------------------------------------------------
  shift_reg_reg[0][3]/CK -       -      R     (arrival)     149    -     0     0       0    (-,-) 
  shift_reg_reg[0][3]/QN -       CK->QN R     DFFX4LVT        3 10.5    49   206     206    (-,-) 
  g5524__6260/Y          -       B->Y   F     NAND2X8LVT      2  5.5    51    49     255    (-,-) 
  g5417__8246/CO         -       CI->CO F     ADDFHX1LVT      1  3.8    76   137     392    (-,-) 
  g5378__4733/CO         -       CI->CO F     ADDFHX2LVT      1  3.5    52   142     535    (-,-) 
  g5354__6783/CO         -       CI->CO F     ADDFX1LVT       1  3.5    73   142     677    (-,-) 
  g5334__5477/S          -       CI->S  R     ADDFX1LVT       1  3.2    65   218     895    (-,-) 
  prod_reg_reg[1][8]/D   -       -      R     DFFHQX4LVT      1    -     -     0     895    (-,-) 
#-------------------------------------------------------------------------------------------------



Path 41: MET (218 ps) Setup Check with Pin prod_reg_reg[6][9]/CK->D
          Group: clock
     Startpoint: (R) shift_reg_reg[5][6]/CK
          Clock: (R) clock
       Endpoint: (R) prod_reg_reg[6][9]/D
          Clock: (R) clock

                     Capture       Launch     
        Clock Edge:+    1200            0     
       Src Latency:+       0            0     
       Net Latency:+       0 (I)        0 (I) 
           Arrival:=    1200            0     
                                              
             Setup:-      92                  
     Required Time:=    1108                  
      Launch Clock:-       0                  
         Data Path:-     890                  
             Slack:=     218                  

#-------------------------------------------------------------------------------------------------
#     Timing Point       Flags    Arc   Edge    Cell     Fanout Load Trans Delay Arrival Instance 
#                                                               (fF)  (ps)  (ps)   (ps)  Location 
#-------------------------------------------------------------------------------------------------
  shift_reg_reg[5][6]/CK -       -      R     (arrival)     149    -     0     0       0    (-,-) 
  shift_reg_reg[5][6]/Q  -       CK->Q  F     DFFHQX1LVT      4  9.5   158   204     204    (-,-) 
  g5433__9315/Y          -       A->Y   R     NOR2X1LVT       2  6.4   208   191     395    (-,-) 
  g5331__6417/Y          -       A0->Y  F     OAI21X4LVT      1  3.8    75   136     530    (-,-) 
  g5302__8246/CO         -       CI->CO F     ADDFHX1LVT      1  3.5    71   143     673    (-,-) 
  g5283__5526/S          -       CI->S  R     ADDFX1LVT       1  3.1    63   217     890    (-,-) 
  prod_reg_reg[6][9]/D   -       -      R     DFFX4LVT        1    -     -     0     890    (-,-) 
#-------------------------------------------------------------------------------------------------



Path 42: MET (221 ps) Setup Check with Pin prod_reg_reg[7][8]/CK->D
          Group: clock
     Startpoint: (R) prod_reg_reg[6][3]/CK
          Clock: (R) clock
       Endpoint: (R) prod_reg_reg[7][8]/D
          Clock: (R) clock

                     Capture       Launch     
        Clock Edge:+    1200            0     
       Src Latency:+       0            0     
       Net Latency:+       0 (I)        0 (I) 
           Arrival:=    1200            0     
                                              
             Setup:-      86                  
     Required Time:=    1114                  
      Launch Clock:-       0                  
         Data Path:-     892                  
             Slack:=     221                  

#--------------------------------------------------------------------------------------------------
#     Timing Point      Flags    Arc   Edge     Cell      Fanout Load Trans Delay Arrival Instance 
#                                                                (fF)  (ps)  (ps)   (ps)  Location 
#--------------------------------------------------------------------------------------------------
  prod_reg_reg[6][3]/CK -       -      R     (arrival)       149    -     0     0       0    (-,-) 
  prod_reg_reg[6][3]/Q  -       CK->Q  R     DFFX4LVT          4 11.9    54   160     160    (-,-) 
  g7307/Y               -       A->Y   R     BUFX2LVT          3  6.8    59    93     253    (-,-) 
  g5402__6260/Y         -       A->Y   R     CLKAND2X2LVT      2  6.4    57   102     355    (-,-) 
  g5345__8428/Y         -       A0->Y  F     OAI21X4LVT        2  6.2    84    87     442    (-,-) 
  g5333/Y               -       A->Y   R     CLKINVX4LVT       1  4.7    37    45     487    (-,-) 
  g5323__2346/Y         -       A1->Y  F     OAI21X4LVT        1  3.5    72    56     543    (-,-) 
  g5294__1705/CO        -       CI->CO F     ADDFX2LVT         1  3.8    58   156     700    (-,-) 
  g5278__4319/S         -       CI->S  R     ADDFHX1LVT        1  3.2    61   192     892    (-,-) 
  prod_reg_reg[7][8]/D  -       -      R     DFFHQX4LVT        1    -     -     0     892    (-,-) 
#--------------------------------------------------------------------------------------------------



Path 43: MET (229 ps) Setup Check with Pin data_out_reg_reg[2]/CK->D
          Group: clock
     Startpoint: (R) prod_reg_reg[5][2]/CK
          Clock: (R) clock
       Endpoint: (R) data_out_reg_reg[2]/D
          Clock: (R) clock

                     Capture       Launch     
        Clock Edge:+    1200            0     
       Src Latency:+       0            0     
       Net Latency:+       0 (I)        0 (I) 
           Arrival:=    1200            0     
                                              
             Setup:-      83                  
     Required Time:=    1117                  
      Launch Clock:-       0                  
         Data Path:-     888                  
             Slack:=     229                  

#----------------------------------------------------------------------------------------------------------------------
#               Timing Point                 Flags   Arc   Edge     Cell      Fanout Load Trans Delay Arrival Instance 
#                                                                                    (fF)  (ps)  (ps)   (ps)  Location 
#----------------------------------------------------------------------------------------------------------------------
  prod_reg_reg[5][2]/CK                      -       -     R     (arrival)       149    -     0     0       0    (-,-) 
  prod_reg_reg[5][2]/Q                       -       CK->Q F     DFFQX2LVT         2  5.7    54   152     152    (-,-) 
  g7959/S                                    -       CI->S R     ADDFHX2LVT        2  5.3    66   224     376    (-,-) 
  g7960/Y                                    -       C->Y  R     XOR3X1LVT         2  5.8    97   146     522    (-,-) 
  g7917/CO                                   -       A->CO R     ADDHX2LVT         2  6.4    66   161     682    (-,-) 
  csa_tree_ADD_TC_OP_12_groupi_g7008__3680/Y -       B->Y  R     OR2X1LVT          1  3.4    56    85     767    (-,-) 
  g7727/Y                                    -       B->Y  R     CLKXOR2X1LVT      1  3.2    57   121     888    (-,-) 
  data_out_reg_reg[2]/D                      -       -     R     DFFHQX1LVT        1    -     -     0     888    (-,-) 
#----------------------------------------------------------------------------------------------------------------------



Path 44: MET (259 ps) Setup Check with Pin prod_reg_reg[0][6]/CK->D
          Group: clock
     Startpoint: (R) data_in_reg_reg[6]/CK
          Clock: (R) clock
       Endpoint: (R) prod_reg_reg[0][6]/D
          Clock: (R) clock

                     Capture       Launch     
        Clock Edge:+    1200            0     
       Src Latency:+       0            0     
       Net Latency:+       0 (I)        0 (I) 
           Arrival:=    1200            0     
                                              
             Setup:-     112                  
     Required Time:=    1088                  
      Launch Clock:-       0                  
         Data Path:-     829                  
             Slack:=     259                  

#------------------------------------------------------------------------------------------------
#     Timing Point      Flags   Arc   Edge    Cell      Fanout Load Trans Delay Arrival Instance 
#                                                              (fF)  (ps)  (ps)   (ps)  Location 
#------------------------------------------------------------------------------------------------
  data_in_reg_reg[6]/CK -       -     R     (arrival)      149    -     0     0       0    (-,-) 
  data_in_reg_reg[6]/Q  -       CK->Q F     DFFHQX1LVT       4  9.9   165   207     207    (-,-) 
  g5544__6783/Y         -       A->Y  R     NAND2X1LVT       2  6.6   126   140     347    (-,-) 
  g5522__2398/Y         -       B->Y  F     NAND2BX1LVT      1  3.2   138   136     483    (-,-) 
  g5374__1881/Y         -       B->Y  R     XNOR2X1HVT       1  3.1   115   346     829    (-,-) 
  prod_reg_reg[0][6]/D  -       -     R     DFFX4LVT         1    -     -     0     829    (-,-) 
#------------------------------------------------------------------------------------------------



Path 45: MET (280 ps) Setup Check with Pin prod_reg_reg[7][6]/CK->D
          Group: clock
     Startpoint: (R) prod_reg_reg[6][3]/CK
          Clock: (R) clock
       Endpoint: (R) prod_reg_reg[7][6]/D
          Clock: (R) clock

                     Capture       Launch     
        Clock Edge:+    1200            0     
       Src Latency:+       0            0     
       Net Latency:+       0 (I)        0 (I) 
           Arrival:=    1200            0     
                                              
             Setup:-     108                  
     Required Time:=    1092                  
      Launch Clock:-       0                  
         Data Path:-     812                  
             Slack:=     280                  

#-------------------------------------------------------------------------------------------------
#     Timing Point      Flags   Arc   Edge     Cell      Fanout Load Trans Delay Arrival Instance 
#                                                               (fF)  (ps)  (ps)   (ps)  Location 
#-------------------------------------------------------------------------------------------------
  prod_reg_reg[6][3]/CK -       -     R     (arrival)       149    -     0     0       0    (-,-) 
  prod_reg_reg[6][3]/Q  -       CK->Q R     DFFX4LVT          4 11.9    54   160     160    (-,-) 
  g7307/Y               -       A->Y  R     BUFX2LVT          3  6.8    59    93     253    (-,-) 
  g5402__6260/Y         -       A->Y  R     CLKAND2X2LVT      2  6.4    57   102     355    (-,-) 
  g5345__8428/Y         -       A0->Y F     OAI21X4LVT        2  6.2    84    87     442    (-,-) 
  g5322__2883/Y         -       A->Y  R     XNOR2X1HVT        1  3.2   118   370     812    (-,-) 
  prod_reg_reg[7][6]/D  -       -     R     DFFHQX4LVT        1    -     -     0     812    (-,-) 
#-------------------------------------------------------------------------------------------------



Path 46: MET (297 ps) Setup Check with Pin prod_reg_reg[2][8]/CK->D
          Group: clock
     Startpoint: (R) prod_reg_reg[1][2]/CK
          Clock: (R) clock
       Endpoint: (R) prod_reg_reg[2][8]/D
          Clock: (R) clock

                     Capture       Launch     
        Clock Edge:+    1200            0     
       Src Latency:+       0            0     
       Net Latency:+       0 (I)        0 (I) 
           Arrival:=    1200            0     
                                              
             Setup:-      86                  
     Required Time:=    1114                  
      Launch Clock:-       0                  
         Data Path:-     816                  
             Slack:=     297                  

#------------------------------------------------------------------------------------------------
#     Timing Point      Flags    Arc   Edge    Cell     Fanout Load Trans Delay Arrival Instance 
#                                                              (fF)  (ps)  (ps)   (ps)  Location 
#------------------------------------------------------------------------------------------------
  prod_reg_reg[1][2]/CK -       -      R     (arrival)     149    -     0     0       0    (-,-) 
  prod_reg_reg[1][2]/Q  -       CK->Q  R     DFFHQX4LVT      6 13.3    57   152     152    (-,-) 
  g5507__2883/Y         -       B->Y   F     NAND2X2LVT      2  6.4   128   101     252    (-,-) 
  g5471__5122/Y         -       A0->Y  R     AOI21X4LVT      1  3.5    53    88     340    (-,-) 
  g5379__6161/CO        -       CI->CO R     ADDFX1LVT       1  3.8    71   152     492    (-,-) 
  g5356__1617/CO        -       CI->CO R     ADDFHX1LVT      1  3.8    68   147     639    (-,-) 
  g5336__5107/S         -       CI->S  R     ADDFHX1LVT      1  3.2    61   177     816    (-,-) 
  prod_reg_reg[2][8]/D  -       -      R     DFFHQX4LVT      1    -     -     0     816    (-,-) 
#------------------------------------------------------------------------------------------------



Path 47: MET (311 ps) Setup Check with Pin prod_reg_reg[7][7]/CK->D
          Group: clock
     Startpoint: (R) prod_reg_reg[6][3]/CK
          Clock: (R) clock
       Endpoint: (R) prod_reg_reg[7][7]/D
          Clock: (R) clock

                     Capture       Launch     
        Clock Edge:+    1200            0     
       Src Latency:+       0            0     
       Net Latency:+       0 (I)        0 (I) 
           Arrival:=    1200            0     
                                              
             Setup:-      86                  
     Required Time:=    1114                  
      Launch Clock:-       0                  
         Data Path:-     803                  
             Slack:=     311                  

#-------------------------------------------------------------------------------------------------
#     Timing Point      Flags   Arc   Edge     Cell      Fanout Load Trans Delay Arrival Instance 
#                                                               (fF)  (ps)  (ps)   (ps)  Location 
#-------------------------------------------------------------------------------------------------
  prod_reg_reg[6][3]/CK -       -     R     (arrival)       149    -     0     0       0    (-,-) 
  prod_reg_reg[6][3]/Q  -       CK->Q R     DFFX4LVT          4 11.9    54   160     160    (-,-) 
  g7307/Y               -       A->Y  R     BUFX2LVT          3  6.8    59    93     253    (-,-) 
  g5402__6260/Y         -       A->Y  R     CLKAND2X2LVT      2  6.4    57   102     355    (-,-) 
  g5345__8428/Y         -       A0->Y F     OAI21X4LVT        2  6.2    84    87     442    (-,-) 
  g5333/Y               -       A->Y  R     CLKINVX4LVT       1  4.7    37    45     487    (-,-) 
  g5323__2346/Y         -       A1->Y F     OAI21X4LVT        1  3.5    72    56     543    (-,-) 
  g5294__1705/S         -       CI->S R     ADDFX2LVT         1  3.2    60   260     803    (-,-) 
  prod_reg_reg[7][7]/D  -       -     R     DFFHQX4LVT        1    -     -     0     803    (-,-) 
#-------------------------------------------------------------------------------------------------



Path 48: MET (318 ps) Setup Check with Pin prod_reg_reg[5][8]/CK->D
          Group: clock
     Startpoint: (R) shift_reg_reg[4][3]/CK
          Clock: (R) clock
       Endpoint: (R) prod_reg_reg[5][8]/D
          Clock: (R) clock

                     Capture       Launch     
        Clock Edge:+    1200            0     
       Src Latency:+       0            0     
       Net Latency:+       0 (I)        0 (I) 
           Arrival:=    1200            0     
                                              
             Setup:-      92                  
     Required Time:=    1108                  
      Launch Clock:-       0                  
         Data Path:-     790                  
             Slack:=     318                  

#-------------------------------------------------------------------------------------------------
#     Timing Point       Flags    Arc   Edge    Cell     Fanout Load Trans Delay Arrival Instance 
#                                                               (fF)  (ps)  (ps)   (ps)  Location 
#-------------------------------------------------------------------------------------------------
  shift_reg_reg[4][3]/CK -       -      R     (arrival)     149    -     0     0       0    (-,-) 
  shift_reg_reg[4][3]/Q  -       CK->Q  F     DFFHQX4LVT      4 11.4    57   165     165    (-,-) 
  g5451__5477/Y          -       A->Y   R     NAND2X4LVT      2  6.6    43    44     210    (-,-) 
  g5413__1705/Y          -       A0->Y  F     AOI21X4LVT      1  3.5    62    68     277    (-,-) 
  g5355__3680/CO         -       CI->CO F     ADDFX1LVT       1  3.5    73   146     423    (-,-) 
  g5337__6260/CO         -       CI->CO F     ADDFX1LVT       1  3.5    73   150     572    (-,-) 
  g5316__9315/S          -       CI->S  R     ADDFX1LVT       1  3.1    63   218     790    (-,-) 
  prod_reg_reg[5][8]/D   -       -      R     DFFX4LVT        1    -     -     0     790    (-,-) 
#-------------------------------------------------------------------------------------------------



Path 49: MET (325 ps) Setup Check with Pin prod_reg_reg[4][9]/CK->D
          Group: clock
     Startpoint: (R) shift_reg_reg[3][5]/CK
          Clock: (R) clock
       Endpoint: (R) prod_reg_reg[4][9]/D
          Clock: (R) clock

                     Capture       Launch     
        Clock Edge:+    1200            0     
       Src Latency:+       0            0     
       Net Latency:+       0 (I)        0 (I) 
           Arrival:=    1200            0     
                                              
             Setup:-      83                  
     Required Time:=    1117                  
      Launch Clock:-       0                  
         Data Path:-     792                  
             Slack:=     325                  

#------------------------------------------------------------------------------------------------
#     Timing Point       Flags   Arc   Edge    Cell     Fanout Load Trans Delay Arrival Instance 
#                                                              (fF)  (ps)  (ps)   (ps)  Location 
#------------------------------------------------------------------------------------------------
  shift_reg_reg[3][5]/CK -       -     R     (arrival)     149    -     0     0       0    (-,-) 
  shift_reg_reg[3][5]/Q  -       CK->Q R     DFFHQX1LVT      3  7.9   119   168     168    (-,-) 
  g5472/Y                -       A->Y  F     INVX1           2  6.0   178   162     330    (-,-) 
  g31/Y                  -       B->Y  R     NOR2X2LVT       2  6.4   126   138     467    (-,-) 
  g7928/Y                -       A0->Y F     OAI21X4LVT      1  3.8    70   103     570    (-,-) 
  g5324__1666/S          -       CI->S R     ADDFHX2LVT      1  3.2    51   222     792    (-,-) 
  prod_reg_reg[4][9]/D   -       -     R     DFFHQX4LVT      1    -     -     0     792    (-,-) 
#------------------------------------------------------------------------------------------------



Path 50: MET (325 ps) Setup Check with Pin prod_reg_reg[3][9]/CK->D
          Group: clock
     Startpoint: (R) prod_reg_reg[2][2]/CK
          Clock: (R) clock
       Endpoint: (R) prod_reg_reg[3][9]/D
          Clock: (R) clock

                     Capture       Launch     
        Clock Edge:+    1200            0     
       Src Latency:+       0            0     
       Net Latency:+       0 (I)        0 (I) 
           Arrival:=    1200            0     
                                              
             Setup:-      88                  
     Required Time:=    1112                  
      Launch Clock:-       0                  
         Data Path:-     786                  
             Slack:=     325                  

#-------------------------------------------------------------------------------------------------
#     Timing Point      Flags   Arc   Edge     Cell      Fanout Load Trans Delay Arrival Instance 
#                                                               (fF)  (ps)  (ps)   (ps)  Location 
#-------------------------------------------------------------------------------------------------
  prod_reg_reg[2][2]/CK -       -     R     (arrival)       149    -     0     0       0    (-,-) 
  prod_reg_reg[2][2]/Q  -       CK->Q F     DFFHQX4LVT        2  6.4    36   154     154    (-,-) 
  fopt7794/Y            -       A->Y  F     BUFX6LVT          5 13.5    49    70     224    (-,-) 
  g5588__7098/Y         -       A->Y  R     NOR2X6LVT         3  7.3    54    56     280    (-,-) 
  g5509__1666/Y         -       B->Y  R     CLKAND2X6LVT      3  8.0    32    74     355    (-,-) 
  g5434__9945/Y         -       A1->Y F     OAI21X4LVT        2  6.2    89    67     422    (-,-) 
  g5394__7410/Y         -       A1->Y R     OAI21X4LVT        2  6.4    78    79     501    (-,-) 
  g7774/Y               -       B->Y  F     NAND2BX4LVT       1  3.5    60    65     566    (-,-) 
  g7773/Y               -       A->Y  F     CLKAND2X3LVT      2  6.4    46    92     657    (-,-) 
  g162/Y                -       B->Y  R     XNOR2X1LVT        1  3.1    56   129     786    (-,-) 
  prod_reg_reg[3][9]/D  -       -     R     DFFQX2LVT         1    -     -     0     786    (-,-) 
#-------------------------------------------------------------------------------------------------

